AVG_UTIL_RATIO,AVG_PAY_RATIO,default payment next month,cluster
0.8246633333333333,0.0406573057173543,1,3
0.0074,0.7,0,1
0.0134266666666666,1.0,0,1
0.4234258333333333,0.5528001299733121,1,0
0.0057611111111111,1.0013558420383577,0,1
0.3743030303030303,0.0365467944742704,0,0
0.85605,0.2587713946765645,0,3
0.70585,0.0753710260721591,0,3
0.9164666666666668,0.2623057397698893,0,3
0.0162767857142857,0.5110333287296905,0,1
0.2432946428571428,0.2778225012378414,0,0
0.0465888888888888,0.7180346513295403,0,1
0.0566591397849462,1.0000454593669026,1,1
0.0658617647058823,0.7088238356681654,0,1
0.6598895833333333,0.0483392829771239,0,3
0.4798,0.4236698547277727,0,0
0.006601,1.0,0,1
0.0274676666666666,1.0,0,1
0.9234777777777776,0.0314036336956348,1,3
0.8204166666666666,0.0689641967428973,1,3
0.4542083333333333,1.045516736579181,0,1
0.011975,1.000862136531076,0,1
0.5503935897435898,0.0465462642267614,0,3
0.7238416666666667,0.1316388348789461,0,3
0.4481944444444444,0.08851724235782,1,0
0.9037241666666668,0.0377939219155694,1,3
0.8327185185185185,0.0303080791662156,1,3
0.8999916666666666,0.156428373013624,0,3
0.2066619047619047,0.0478002397064305,0,0
0.3993016666666666,0.0832242649119295,0,0
0.761980303030303,0.0493116714400216,0,3
0.9032083333333334,0.0536908450741995,0,3
0.0012126666666666,1.00183038438072,0,1
0.0066133333333333,1.0,0,1
0.0186354166666666,1.0,0,1
0.7430141025641025,0.0606465429561616,0,3
0.810454761904762,0.0423907869615874,1,3
0.3692571428571428,0.0520547773489073,1,0
0.281825,0.0560033107725095,1,0
0.510925,0.0466672465475475,0,0
0.58563,0.0428202982774839,0,3
0.5599715277777777,0.0398514969024867,0,3
0.0663729166666666,0.8213839910670787,1,1
0.0632708333333333,0.0896163983133266,1,0
0.6753583333333333,0.0265214335059386,1,3
0.5906833333333333,1.0000640501014126,0,1
0.8942733333333333,0.0503822303301847,0,3
0.3264214285714286,0.0400762178408326,1,0
0.0020625,1.0,0,1
0.1066196969696969,0.1167576574958512,0,0
0.005104365079365,1.0870343137254903,0,1
0.0227441666666666,0.75,0,1
0.04387,1.0,0,1
0.9111777777777778,0.0454136679150096,0,3
0.0688333333333333,0.766617937691878,0,1
-0.0042133333333333,1.35013501350135,1,1
0.9673166666666668,0.0480451483525496,0,3
0.7817833333333333,0.035752031529366,0,3
0.6472525,0.040337644559702,0,3
0.2601541666666666,0.1295616942930024,0,0
0.20393,0.671734135378741,0,1
0.0765311111111111,1.292312165617202,0,1
0.0213125,1.0047014105934369,0,1
0.0560157407407407,1.0218752938103282,0,1
0.8911791666666667,0.040255554602834,1,3
0.77425,0.1595919698975335,1,3
0.0105851063829787,1.0056761341997658,0,1
0.0248025,1.0057688900380333,0,1
0.0789380208333333,0.0967152504480885,0,0
0.0029166666666666,1.0,1,1
0.9181316666666668,0.0747832851695521,1,3
0.0121012345679012,1.0,0,1
0.5115333333333333,0.0433635015808233,0,0
0.0289185185185185,1.035614992081647,0,1
0.0949572463768116,1.0008799743701198,1,1
0.00367,1.0013137151865474,0,1
0.6734166666666667,0.0952791970763894,1,3
0.2767768518518518,0.0712083514546943,0,0
0.7619533333333333,0.0309498516456051,0,3
0.856979861111111,0.0360294079383021,0,3
0.6984870370370371,0.0468454013643945,0,3
0.8954675,0.0371753320111618,1,3
0.756756862745098,0.0413343363539331,0,3
0.0475201388888888,1.0002512742355596,0,1
0.8275166666666667,0.0889388120236607,0,3
0.8839166666666667,0.0514747609833933,1,3
0.8181538461538461,0.2979165256888416,1,3
0.5941166666666667,0.0669731409625773,0,3
0.0816333333333333,0.9345026444250768,0,1
0.8247729166666666,0.0366114044985361,0,3
0.2243983333333333,0.2740825208126681,0,0
0.0348333333333333,1.0,1,1
0.071325,0.0369412781861384,1,0
0.7066933333333333,0.0366636449736045,1,3
0.1674114583333333,0.9918870601388814,0,1
0.25795,0.0442529412738082,0,0
0.4451849206349206,0.0487960311152169,0,0
0.0086614583333333,1.0,0,1
0.7046033333333332,0.2307547152397976,0,3
0.7611833333333333,0.0415144713414538,0,3
0.0445860215053763,0.1188842346545497,0,0
0.1529307692307692,0.2737428529599746,0,0
0.467825,0.6264908365581561,0,0
0.0376822222222222,1.005047030676948,0,1
0.0661409722222222,0.5638640705700123,0,1
0.0077948717948717,1.002020202020202,0,1
0.379561,0.2492786429309607,0,0
0.1702093333333333,0.0361111595652037,0,0
0.65183125,0.0397173697105058,0,3
0.4833,0.0427622291615757,0,0
0.9500944444444444,0.0573692017542285,0,3
0.3656166666666666,0.1545749599332656,1,0
0.6817647058823529,0.0401054068250299,1,3
0.4194270833333333,0.0404345922355415,0,0
0.634475,0.039278158238908,0,3
0.8619454545454546,0.0419063282382804,1,3
0.6568,0.0762078117434349,1,3
0.67573,0.0679510632701129,0,3
0.665321505376344,0.2169720257617395,0,3
0.7215537878787879,0.037033893801004,0,3
0.1715766666666666,0.2227631571732097,0,0
0.0045561111111111,1.0015628867882571,0,1
0.8821729166666666,0.0368566999217152,1,3
0.1497083333333333,0.0275683444441712,0,0
0.4561388888888888,0.2354738472301308,0,0
0.1729416666666667,0.4395604395604395,0,0
-0.000296875,1.9705882352941175,1,1
0.7013666666666667,0.0422667878831569,0,3
0.0009069444444444,1.0,1,1
0.9699444444444444,0.0729055973284905,0,3
0.0146616666666666,1.0,0,1
0.0170611111111111,1.0016983635559489,0,1
0.7961727272727273,0.0682948999189958,0,3
0.1712016666666666,1.004278523489933,0,1
0.4367285714285714,0.0492776558154648,0,0
0.0096016666666666,0.543373240915774,0,1
0.9927571428571428,0.2381662086645958,1,3
0.3201729166666666,0.5327000959539088,0,0
0.026853,1.0139061185396976,0,1
0.0276,1.0038240917782026,0,1
0.0237018518518518,1.0018126888217522,0,1
0.4735904761904762,0.0493474491061506,0,0
0.0799416666666666,0.5523349436392915,1,1
0.003736,0.5,0,1
0.0683407407407407,0.9211241556313609,0,1
0.4672130434782608,0.0383899625759633,1,0
0.1841470833333333,0.039923910828074,0,0
0.1294268518518518,0.0428146396534937,0,0
0.7425711111111112,0.0543315429630302,0,3
0.2062958333333333,0.0803322702764571,1,0
0.5468666666666666,0.0669198149050347,0,3
0.8748395833333334,0.0370936988933415,1,3
0.0542166666666666,0.3419013168260439,0,0
0.4,0.1302911313913264,0,0
0.0319875,1.0,0,1
0.1569833333333333,0.4665993220767319,0,0
0.1674912698412698,1.0,0,1
0.0938946666666666,0.0578343052168054,0,0
0.0451919354838709,1.0056577288019946,0,1
0.3358218390804597,0.82758915529474,0,1
0.45268,0.1512638904713977,0,0
0.3959142857142857,0.0372273659888192,0,0
0.7805222222222222,0.040273498586858,0,3
0.0138083333333333,0.6706678803049266,0,1
0.5043925170068028,0.0406013788481082,0,0
0.2450115942028985,0.9443896680467188,0,1
0.230486111111111,0.0288798294851642,0,0
0.6241935185185185,0.0435999154129602,0,3
0.5368452380952381,0.0855867773811588,1,3
0.0077583333333333,1.2001615769534102,1,1
0.3341966666666666,0.0742608094770016,0,0
0.3144833333333333,0.1833280464319827,0,0
0.0690791666666666,0.495313535631275,0,1
0.6848305555555556,0.0349462146958021,0,3
0.0016074074074074,1.0,1,1
0.75,0.1097745850418061,0,3
0.0616488095238095,0.8008527625827778,0,1
0.8049333333333333,0.0709743174808536,1,3
0.1619916666666666,1.0,1,1
0.0942364583333333,0.9385728915389586,0,1
0.0116953703703703,1.0015125732652674,0,1
0.007519298245614,1.0069418244925676,1,1
0.0226607843137254,0.7125562236093262,0,1
0.0118166666666666,1.002721088435374,0,1
0.8638966666666666,0.0466855728030084,1,3
0.0503452991452991,0.1774215859301416,0,0
0.88241,0.0548285365068108,0,3
0.5929277777777777,0.7695079994904485,0,3
0.0021666666666666,1.0,0,1
0.4277875,0.0630427072819652,0,0
0.0480225,0.6813743625832135,0,1
0.1275388888888889,0.3164645998385211,0,0
0.568186274509804,0.0489818561304339,0,3
0.0112638095238095,1.0055658627087198,0,1
0.0151333333333333,0.5057471264367817,1,1
0.5820433333333334,0.0772654727844802,0,3
0.0395716666666666,1.003306332048485,0,1
0.0286902777777777,1.0059143513317177,0,1
0.3134027777777777,0.0371263617763209,0,0
0.79116,0.0277006778815479,1,3
0.5506277777777777,0.04570208288958,0,3
0.0326460784313725,0.7140365194709357,0,1
0.01311875,0.6419093336765351,0,1
0.348865,0.0447493961638491,1,0
0.4464283333333333,0.3600187977247935,0,0
1.0308416666666669,0.0599638544644464,0,3
0.0168411111111111,0.668148148148148,0,1
0.3280772727272727,0.052721760358992,0,0
0.0411866666666666,0.1045614558197293,0,0
0.9102666666666668,0.0448992080850414,0,3
1.0057222222222222,0.0502087041723904,1,3
0.2641407407407407,0.1599006213852634,0,0
0.99055,0.0410468583556458,0,3
0.493625,0.5195586121692617,0,0
0.7972033333333333,0.0442388345342999,0,3
0.0287873015873015,0.7847041767275293,0,1
0.0196333333333333,1.0,1,1
0.909675,0.0749053999163584,0,3
0.9175928571428572,0.0470322186336192,1,3
0.022749537037037,0.6871184667293789,0,1
0.8567533333333333,0.0520233222302339,0,3
1.0332217391304348,0.0355826767001807,1,3
0.613228125,0.0424701054965238,0,3
0.0151111111111111,1.0,0,1
0.6985222222222223,0.078601862274015,0,3
0.6372666666666666,0.1013579146778751,1,3
0.084703448275862,0.1201812293301014,0,0
0.4484347619047619,0.3686727286389371,1,0
0.7034520833333333,0.1295281333633644,0,3
0.063753125,1.0043851708158094,0,1
0.9576666666666666,0.0,0,3
0.391075,0.1044157517318522,0,0
0.3805416666666666,0.0501920888587212,0,0
0.026692,1.0005380266277586,0,1
0.373875,0.0847906825166031,1,0
0.959231818181818,0.0374725408025664,0,3
0.1216807017543859,0.0774149421206697,0,0
0.0052483333333333,1.3732093405250203,1,1
0.3299404761904762,0.0633734995066225,1,0
0.07931,0.3333333333333333,0,0
0.0872916666666666,1.1,0,1
0.0345416666666666,1.0,0,1
0.1162111111111111,1.0,1,1
0.8810583333333334,0.0711161090799731,1,3
0.7546814814814814,0.0341675986574506,1,3
0.2011733333333333,0.0531293843576025,1,0
0.7040722222222222,0.0488426817999505,0,3
0.6614256944444444,0.2011397117406018,0,3
0.9781979166666666,0.0408823994202482,0,3
0.0027166666666666,1.0,0,1
0.6968393939393939,0.0442093009060415,0,3
0.0047314814814814,0.8,0,1
0.0806583333333333,0.5407500878984909,0,1
0.95131875,0.0477496980471185,0,3
0.0138491666666666,1.0027028647833651,0,1
0.8974566666666667,0.0377971583822953,1,3
0.554925,0.1082267945337731,1,3
0.957145,0.0549747004500145,1,3
0.7929366666666667,0.0395510389695347,1,3
0.02409375,0.8041091484807655,1,1
0.7238515873015874,0.0324393154571977,1,3
0.6262208333333333,0.0697365296423671,0,3
0.0023679487179487,0.8,1,1
0.0541833333333333,1.0,0,1
0.4980733333333333,0.0716446980044235,1,0
0.5460277777777778,0.4360529685764701,0,0
0.0137289855072463,0.8,0,1
5.8888888888888896e-05,1.0,0,1
0.7383666666666666,0.0677143390356959,0,3
0.0666291666666666,1.0,0,1
0.6547871794871795,0.0357566374581032,0,3
0.6361695652173913,0.0407800184380267,0,3
0.056137356321839,0.5894048961386135,0,1
0.5713083333333333,0.0684797957697142,1,3
0.0236333333333333,1.0018940576542823,0,1
0.0009666666666666,0.1016421192653072,0,0
0.01019,1.000825309491059,1,1
0.1002936666666666,0.4282742238874585,0,0
0.0055346153846153,0.5202702702702703,0,1
0.0095645833333333,1.0,0,1
0.8254583333333334,0.0611907699768392,0,3
0.70145,0.1408783391287686,0,3
0.0114866666666666,0.9480286738351256,0,1
0.3386916666666666,0.1127475062338373,1,0
0.7474666666666666,0.2882456009610654,0,3
0.3192766666666666,0.3864187109020528,1,0
0.0126101449275362,1.0036863690271174,0,1
0.7531966666666667,0.0237472819432424,0,3
0.6334560606060606,0.0410823432064503,0,3
0.902837037037037,0.0389495789915689,0,3
0.0046815476190476,0.6666666666666666,0,1
0.0825195833333333,0.8707945999526963,0,1
0.0022126666666666,0.2966730239457512,1,0
0.4603685185185185,0.0973258099355916,0,0
0.936975,0.0271929824561403,0,3
0.0734151851851852,0.8144144144144144,0,1
0.0287986842105263,1.003772961398549,0,1
0.1692282608695652,0.1301686380980526,0,0
0.0058185185185185,1.4868228854659895,0,1
0.0069703703703703,1.068181818181818,0,1
0.3802833333333333,0.127725075170846,1,0
0.005175,0.6666666666666666,0,1
0.0065659420289855,0.8,0,1
0.6272255555555555,0.0507380565843596,1,3
0.0091849206349206,0.1612903225806451,0,0
0.6142,0.0578667969081698,1,3
0.0263448148148148,0.4005717064879724,0,0
0.7228962962962963,0.0483313208260828,0,3
0.7782566666666667,0.0347503263138622,1,3
0.1443861111111111,0.4058795754603824,0,0
0.1602506666666666,0.0563672315042122,0,0
0.3422471428571428,0.0440100396035434,0,0
0.83589375,0.0476203138952805,0,3
0.1267104166666667,1.013674428570735,0,1
0.2622916666666666,0.1376810584985493,1,0
0.1178333333333333,1.0,0,1
0.6456069444444444,0.0446449072444428,0,3
0.67368,0.0428343764030293,0,3
0.0076699074074074,1.0,0,1
0.0325388888888888,0.6,0,1
0.0048866666666666,0.815379494583589,0,1
0.92418,0.0382242504840818,0,3
0.4330047619047619,0.064601393410325,0,0
0.2192708333333333,0.0432102007033301,0,0
0.0190416666666666,0.0838464146692354,0,0
0.1945641666666666,0.5069579502438165,0,0
0.9845333333333331,0.0470490892636414,1,3
0.3747238095238095,0.1305899517149937,0,0
0.0076355555555555,0.6666666666666666,0,1
0.6828555555555555,0.0446233234554233,1,3
0.01203125,0.8,0,1
0.353175,0.3049812244374027,0,0
0.0031703703703703,1.0017535348085362,1,1
0.5532933333333333,0.0326830487846588,0,3
0.0041907407407407,1.0962020211928252,1,1
0.068393,0.6175729215853776,0,1
0.0073047619047619,1.0,0,1
0.5892974358974359,0.0466254287395944,0,3
0.6877,0.1325680988823168,0,3
0.1296666666666666,0.0548105085075888,0,0
0.2567652777777777,0.0476081490817021,0,0
0.8257861111111111,0.044761490095383,0,3
0.0105194444444444,1.0037252593889665,0,1
0.1647866666666667,0.4112504607621304,0,0
0.5017433333333333,0.0255003590332627,0,0
0.0080807692307692,1.0,0,1
0.0171160714285714,1.0,0,1
0.075315873015873,0.4243826698610007,0,0
0.5011166666666667,0.0416757579940902,0,0
0.3991261904761904,0.0616345897459759,0,0
0.179380303030303,1.0,1,1
0.6960358333333333,0.0309713992666025,0,3
0.0216984848484848,1.0,0,1
0.0047222222222222,0.75,1,1
0.5583152777777778,0.0493966126943457,0,3
0.0997902777777777,0.5137748204061073,0,1
0.0205333333333333,0.7173913043478262,0,1
0.7073910256410256,0.0405508691088446,0,3
1.03521,0.0251029329640357,0,3
0.2222948717948717,0.667628683988087,0,1
1.0155416666666666,0.0635677229866125,0,3
0.7086833333333333,0.1604675651180568,0,3
0.0189653846153846,0.5202137543329882,1,1
0.0046014705882352,1.0,0,1
0.00043,1.0,0,1
1.0076657142857144,0.0375670152749201,0,3
0.7602257575757575,0.0420181150252295,1,3
0.0333337777777777,1.0257089230779473,0,1
0.5585166666666667,0.3675663755163652,0,3
0.0447025,0.5364194091256527,0,1
0.004317,1.0,0,1
0.0131316666666666,0.2127430146094771,0,0
0.0261181818181818,1.0,0,1
0.115,0.1016421192653072,0,0
0.8230194444444444,0.1078389457369217,1,3
0.2964606060606061,0.4213655764673051,0,0
0.0144436507936507,0.8,0,1
0.0613333333333333,0.4636752136752137,0,0
0.786775,0.1994091809363486,1,3
0.7950738095238095,0.0399300872461121,0,3
0.0029148148148148,1.0023923444976075,0,1
0.7600333333333333,0.1819086929076832,0,3
0.7014342592592593,0.0492427072796604,1,3
0.0046076923076923,1.0,1,1
0.7147666666666667,0.0495725487081801,0,3
0.0793468253968253,0.930582397492818,0,1
0.4957574074074073,0.3355139696704353,0,0
0.822925,0.0756944051729814,1,3
0.0864386666666666,1.0,0,1
0.2370041666666666,0.072639225181598,0,0
0.456475,0.0338782269640586,1,0
0.058027536231884,0.4690762932626454,0,0
0.9658722222222222,0.2432358077864472,0,3
0.3482933333333333,0.1282245980143511,1,0
0.367765873015873,0.0398816153808323,0,0
1.0615,0.0546677310294564,1,3
0.0071333333333333,2.928025166066105,0,2
0.3514433333333334,0.1137857859744687,0,0
0.8239416666666667,0.0336573503158906,0,3
0.7056574074074073,0.0593124721487309,0,3
0.045725,1.0,0,1
0.5894777777777778,0.063763810235979,1,3
0.0330051282051282,1.0211156234783882,0,1
0.94795,0.0478736448891968,0,3
0.00881375,0.6855451648850247,0,1
0.0208479166666666,1.0003872966692486,0,1
0.3375888888888889,0.0614886731391585,0,0
0.1239282407407407,0.3809971118738955,0,0
0.0911364583333333,0.5851748037708161,0,1
0.7765527777777778,0.0454996216660118,1,3
0.0029871794871794,1.0,0,1
0.8815209677419354,0.0282975215129194,1,3
0.46531875,0.0576583403128447,1,0
0.0831841666666666,0.6740050464716579,1,1
0.0046326923076923,1.000759493670886,0,1
0.0213588888888888,0.7343578485181119,1,1
0.0020722222222222,0.875,0,1
0.0113075,1.000265158211066,0,1
0.2200766666666666,0.1418852085896785,0,0
0.4846766666666666,0.232523489312959,0,0
0.6973666666666667,0.1320576151058554,1,3
0.5885041666666667,0.1024475530919945,0,3
0.0167531746031746,1.0028984895212707,0,1
0.1491936507936508,0.2548274273954991,0,0
0.4737118279569892,0.1190174400061785,0,0
0.4027592592592592,0.0367451857598049,0,0
0.6857126984126983,0.0526815270228164,0,3
0.1664133333333333,0.0717458480750496,1,0
0.3294452380952381,0.0621522609827859,1,0
0.8648666666666667,0.0423293969685126,0,3
0.7112130434782609,0.0399639038267678,0,3
0.91051875,0.0388008506074551,1,3
0.116125,1.0,0,1
0.482,0.0493650039817399,0,0
0.0021129629629629,0.8,0,1
0.0032344444444444,1.0,0,1
0.3423041666666666,0.0660772539379113,0,0
0.0010555555555555,1.0,0,1
0.8460469696969697,0.1756448799320557,0,3
0.0042333333333333,2.8654914478432705,0,2
0.8324,0.0233127404126355,1,3
0.2516066666666667,0.0557777143788314,1,0
0.3893023809523809,0.1671233973029308,0,0
0.8543195652173913,0.0412093125133691,1,3
0.0327911764705882,0.800031945965681,0,1
0.0002531746031746,1.0,0,1
0.006490243902439,1.0,0,1
0.7591540229885058,0.0359370051149733,0,3
0.8128272727272727,0.0699948166902768,0,3
0.0045333333333333,1.0,1,1
0.0628233333333333,0.297484182515327,0,0
0.0262214285714285,0.8294659885568977,0,1
0.495,0.2913511329963045,1,0
0.2405033333333333,0.045127950606086,0,0
0.0111065217391304,1.0,0,1
0.318975,0.3781462159707424,0,0
0.12139375,0.5757238814902372,0,1
0.0411416666666666,0.9339317102410336,0,1
0.80995,0.036451936679479,0,3
0.001,1.0,0,1
0.2269083333333333,0.0973661338653096,0,0
0.02659,1.0013468013468014,0,1
0.14935,0.757898041185334,0,1
0.824762962962963,0.0353648400568746,1,3
0.1576311403508772,0.1231954050336907,0,0
0.0794127450980392,1.0073129856272696,0,1
0.0325194444444444,0.8225736074867868,0,1
0.9451916666666668,0.1119098952238975,1,3
0.0604539215686274,0.733768656716418,0,1
0.8092859649122808,0.0390593237355545,0,3
0.923545238095238,0.0562685096948977,1,3
0.956,0.108576668300481,0,3
0.0107583333333333,0.7948760330578513,0,1
0.38259,0.0720706768438265,0,0
0.094977304964539,0.0551495336159443,0,0
0.0023166666666666,1.0028612361850184,0,1
0.0655452380952381,3.518934461672055,0,2
0.013225641025641,1.0,0,1
0.7073595238095238,0.0445212108802411,1,3
0.0596047619047619,0.0923861283817984,1,0
0.873425,0.0380838391801222,1,3
0.62660625,0.0461909565616409,0,3
0.3218772727272727,0.0373975652231882,0,0
0.1429166666666666,0.080882843266265,0,0
0.9341666666666666,0.0454509106940571,0,3
0.9870270833333334,0.0371518615143171,0,3
0.5901450980392157,0.0428574096485738,0,3
0.28362,0.0584464465488803,1,0
0.7281861111111111,0.0417268077382665,0,3
0.9574066666666669,0.0371762936104212,0,3
0.1611555555555555,0.6037222138405164,0,1
0.1884566666666667,0.0942365134114193,0,0
0.94475,0.0361547846495407,0,3
0.1131898148148148,0.241905389839895,0,0
0.4636410256410256,0.0610813632588403,0,0
0.9822116666666668,0.0412181621596183,1,3
0.15641875,0.1814774630851498,0,0
0.97987,0.0427609028883916,0,3
0.447025,0.0536601927854206,0,0
0.0120833333333333,1.0,0,1
0.8313666666666667,0.0507355074893482,1,3
0.5420679012345679,0.0435901814073379,1,3
0.1975096774193548,0.5912975255044635,0,1
0.46053,0.0554514752353164,0,0
0.8315733333333333,0.0392674508024705,0,3
0.8165533333333332,0.0568801462351069,0,3
0.9627579710144928,0.038741396575383,0,3
0.0304,0.1431990988453956,1,0
1.9812611111111111,0.064059628375443,0,3
0.8061433333333333,0.8989251645319639,0,3
0.0005555555555555,1.0,0,1
0.9122083333333334,0.1306752036756753,0,3
0.1097810606060606,0.2849408363110728,1,0
0.2217126984126984,0.1185850153405369,0,0
0.5072720430107527,0.1676792871958156,0,0
0.0104083333333333,0.8473131580781554,0,1
0.5885307017543859,0.0403638895934858,1,3
0.21605,0.0591106479128507,1,0
0.47625,0.0526797984425103,1,0
0.0685190476190476,0.3916365952027171,0,0
0.3995452380952381,0.0496029162685616,1,0
0.8628633333333333,0.0377009130461778,0,3
0.7115333333333334,0.4641761262326772,0,3
0.0359366666666666,0.2,1,0
0.0059666666666666,1.001269035532995,0,1
0.5795916666666667,0.0846354699962479,0,3
0.79775,0.0645581303941568,1,3
0.9537133333333332,0.0470926986791414,0,3
0.7017833333333333,0.0605272079875565,1,3
1.4562367647058825,0.038754051341823,0,3
0.088,0.083166754554196,1,0
0.0078425925925925,1.0028640718611204,0,1
0.6718895833333333,0.0954798845821714,0,3
0.964963888888889,0.0435466808385429,1,3
0.307175,0.0410626497312049,0,0
0.3849633333333334,0.0530223889201561,0,0
0.363875,0.3285671769198595,0,0
0.7242333333333333,0.3051164813231034,0,3
0.0568866666666666,1.004279956620712,0,1
0.5223597701149426,0.0892651148699252,0,0
0.0283333333333333,1.0,0,1
0.9762416666666666,0.0397232379014568,0,3
0.7898166666666667,0.083003854337405,1,3
0.010705,1.0049715909090908,0,1
0.20735,0.0381639407992457,0,0
0.0035027777777777,1.0,0,1
0.7159215277777777,0.0404286715100198,1,3
0.0068528455284552,0.8343693724981543,0,1
0.4474,0.063895763223999,0,0
0.0132429629629629,1.0931065947065202,0,1
0.03699,0.3028169032727228,0,0
0.55368,0.0316605739903724,0,3
0.7658166666666667,0.0476856419980466,0,3
0.005910294117647,1.0039647577092512,0,1
0.0861314814814814,0.7296214857756497,0,1
0.301032,0.0422109717395259,1,0
0.5271119047619047,0.0381198717134012,0,3
0.5431925925925927,0.0902848949676897,0,3
0.2239705882352941,0.1731159340761108,0,0
0.64042,0.0471492998722079,0,3
0.5109333333333334,0.0895593449652192,1,0
0.0031487179487179,1.0,0,1
0.087209,0.1204116227338589,0,0
0.766314705882353,0.0352924028251338,0,3
0.6693844444444444,0.0424817727960231,0,3
0.8513833333333333,0.0409591030300857,1,3
0.0753444444444444,0.8,0,1
0.2543392156862745,0.1503486799120673,0,0
0.8407966666666667,0.0996232735439923,1,3
0.0007371794871794,1.0,1,1
0.0253489898989899,0.5842047457674086,0,1
0.5149333333333334,0.0626928060410861,1,0
0.003,1.0,0,1
0.2925866666666666,0.0740613849198014,0,0
0.2958930107526881,0.1522916400881742,0,0
0.185575,0.3703703703703703,1,0
0.3989870370370371,0.0497937530410301,0,0
0.3124933333333333,0.0841596606296528,0,0
0.0910833333333333,0.543087950427139,0,1
0.0287825,0.4672760243576837,0,0
0.0020266666666666,1.0,0,1
0.0644916666666666,1.0,0,1
0.0091,0.75,0,1
0.1564433333333333,0.4898124515338103,0,0
0.31605,0.078468644912494,0,0
0.8338666666666666,0.0718244905906511,1,3
0.6933944444444444,0.0407127396055189,0,3
0.4491694444444444,0.045062735202608,0,0
0.2679787878787878,0.0467403145471084,0,0
0.7306222222222223,0.0725231445800984,0,3
0.0160840579710144,0.3387103181370818,0,0
0.2046433333333333,0.3835708533681526,0,0
0.9298166666666666,0.0522595529589411,0,3
0.3179741134751773,0.0371587784192786,0,0
0.02433125,1.188118811881188,0,1
0.9061604166666666,0.038070136965465,1,3
0.0403886904761904,0.8879192782852572,0,1
0.1186166666666666,0.1081550852446018,0,0
0.7475791666666667,0.0371906455583206,1,3
0.2506166666666667,0.1984666420160456,0,0
1.0556333333333334,0.0570706851444488,0,3
0.66082,0.1145084259805324,0,3
0.5427533333333333,0.0490140026134805,0,3
0.7763851851851853,0.0444886844154258,0,3
0.9305555555555556,0.1129555803199707,0,3
0.4781666666666667,0.0477707333815623,0,0
1.0067058333333332,0.0376445773748358,0,3
0.0031796296296296,1.0,1,1
0.5129,0.0816312940108713,0,0
0.7664433333333333,0.0342794290382112,0,3
0.3933742424242424,0.0424003539723094,1,0
0.8453541666666666,0.0424143443301794,1,3
0.0208375,0.5274307627345758,1,1
0.665875,0.0795982242609579,0,3
0.4628777777777778,0.2394725776176934,1,0
0.0015346153846153,1.0,1,1
2.128025,0.0360386697884222,1,3
0.3450458333333333,0.4099578736459283,0,0
0.8148681818181818,0.0375710304231448,1,3
-0.0004685185185185,0.1016421192653072,0,0
0.8448388888888889,0.0416614435053853,1,3
0.5835666666666667,0.4482737586397062,0,3
0.0842822916666666,1.000119260584377,0,1
0.0001273809523809,1.004566210045662,0,1
0.0035,0.9223464786174752,1,1
0.039075,1.7196905159433065,0,1
0.206585,0.085093623460753,0,0
0.4616611111111111,0.0561416885703473,1,0
0.968998148148148,0.0461957327509129,1,3
0.0796133333333333,1.0151184655885672,0,1
0.5753142857142857,0.0611944764633441,1,3
0.0306285714285714,0.7833752262078061,0,1
0.1167979166666666,0.8468862388958067,0,1
0.0383025641025641,0.6169491525423728,0,1
0.2164214285714285,0.0870907571985613,0,0
0.8558722222222223,0.2738842612153528,0,3
0.9815895833333332,0.0431857924868642,1,3
0.0253466666666666,0.5259272387712912,0,1
0.8326354166666666,0.0441726254281062,0,3
0.0010416666666666,1.0,0,1
0.0088457142857142,1.0043316037797858,0,1
0.3695166666666666,0.3603114553486151,1,0
1.15517,0.0394819254196283,0,3
0.6352833333333333,0.0213276460795855,1,3
0.3424214285714286,0.0546224591190279,0,0
0.895725,0.0565433773911806,0,3
0.0488388888888888,0.5,1,1
0.1718083333333333,0.0629089541110402,0,0
0.3499654761904762,0.0521966199908272,0,0
0.035509420289855,0.8753783194071572,0,1
0.6766733333333332,0.0364304290835251,1,3
0.22637,0.0825875496331344,0,0
0.8071439393939394,0.0438207420820651,0,3
0.0561055555555555,1.0,0,1
0.1139166666666666,0.055301970381469,0,0
0.0557291666666666,0.3031647037502957,0,0
0.7701888888888889,0.0408314779856672,1,3
0.5474625,0.0525905405357993,0,3
0.1168523148148148,0.5603845414919658,0,1
0.0707022222222222,0.8000815492509409,0,1
0.91745,0.0845426650129629,1,3
0.47163,0.0479505725218023,1,0
0.67969,0.0278609250085736,0,3
0.0195366666666666,1.0,0,1
0.0643733333333333,0.4839331722728062,0,0
0.0285858333333333,1.1831715017328692,0,1
0.47934,0.3254899995686002,1,0
0.6075729166666667,0.0480311148454597,1,3
0.0160166666666666,1.000785975008659,0,1
0.0184511904761904,0.1518406029097193,1,0
0.9242428571428573,0.0398235111918641,0,3
0.8506595238095238,0.0098972429048854,0,3
0.7791583333333333,0.056647757740375,1,3
0.9698055555555556,0.0409841192418013,1,3
0.898648611111111,0.0414331360061503,1,3
0.9185333333333332,0.0337955961899561,0,3
0.0869083333333333,1.0007365779135748,0,1
0.90733,0.0539623841804203,0,3
0.8415731481481481,0.5393396527752262,0,3
0.0344133333333333,1.0014652014652017,0,1
0.1011578431372549,0.0496282761811211,0,0
0.0928259259259259,0.3985387384686938,0,0
0.4431,0.1941096621736354,0,0
0.0010794444444444,0.1016421192653072,0,0
0.0022230769230769,1.0973451327433628,0,1
0.8996916666666667,0.0442662371057933,0,3
0.9021570175438596,0.037900324764444,0,3
0.0068293333333333,1.0,0,1
0.8534833333333334,0.1037387202522074,0,3
0.0215361111111111,0.8016627450980393,1,1
0.0180675925925925,1.0,1,1
0.0919839506172839,0.1333809921870969,0,0
0.4579483333333333,0.0368789435583537,0,0
0.0133333333333333,0.0,0,0
0.03726,0.486098380690498,0,1
0.0414071428571428,0.337979094076655,1,0
0.8456,0.2466475970374326,0,3
0.6410033333333334,0.1070609185098726,0,3
0.3695344444444444,0.0459210271098408,1,0
0.0106420289855072,1.0024202486290077,0,1
0.2620777777777777,0.1084621555759286,0,0
0.977628787878788,0.0388818215195573,1,3
0.70223,0.0618583021455334,0,3
0.7332433333333332,0.0631864854060006,1,3
0.0391673333333333,0.9103331470472912,0,1
0.00625,0.1016421192653072,0,0
0.3640556666666666,0.0365182846248888,0,0
1.0059333333333331,0.044186792539297,0,3
0.8810392857142857,0.0406882359501895,0,3
0.0158430555555555,1.0,0,1
0.5432452380952381,0.0693743963214685,1,3
0.3259576666666667,0.080845184245479,0,0
0.0383623809523809,1.0,0,1
0.0246016666666666,0.186979291075264,1,0
0.993285,0.039025160240311,0,3
0.4283809523809524,0.226744147106432,0,0
0.0172009259259259,0.8028877637715093,0,1
0.0029575,1.2541666666666669,1,1
0.5761794871794872,0.0373626150610421,0,3
0.8248555555555556,0.061485276434547,0,3
0.1581566666666666,0.1829951657706435,0,0
0.4840843333333333,0.054946763816266,0,0
0.7231166666666667,0.2729001277023913,0,3
0.4812055555555555,0.1013217006104777,1,0
0.66859,0.0430183896487891,0,3
0.1614366666666666,0.1121988786072321,0,0
0.1718629629629629,0.1144526397978484,0,0
0.0023260869565217,0.1016421192653072,0,0
0.6683819444444444,0.0439836445494471,0,3
0.8280516666666667,0.0598634443711239,0,3
0.0620980769230769,0.0684319243692701,0,0
0.2061956790123457,0.6041292443376501,0,1
0.014548,0.3225863680091951,0,0
0.2567574074074074,0.0403521732271528,0,0
0.9871583333333332,0.0418612663000084,0,3
0.1108649305555555,1.0019901106620483,0,1
0.5396636363636363,0.0404760269388526,1,3
0.0271879629629629,0.4776515673490558,0,1
0.0250883333333333,0.5616654954321856,1,1
0.0098833333333333,0.00501138952164,0,0
0.4944583333333333,0.3836553934225428,0,0
0.9737083333333334,0.1301261956100542,1,3
0.65095625,0.0857371549581649,0,3
0.8304166666666667,0.0529124180522487,0,3
0.0089820512820512,1.001000400160064,0,1
0.0043107142857142,1.0,0,1
0.0507528735632183,0.0591472786970621,0,0
0.9991962962962964,0.0418657100561713,0,3
0.0616286666666666,0.6289511700134995,0,1
0.5007833333333334,0.0492003096553452,1,0
0.5249458333333333,0.2389209156007361,0,0
0.9653944444444444,0.0402212873447275,1,3
0.1255747863247863,0.0869420250949543,0,0
0.8696214285714285,0.0376279494495986,0,3
0.7043972222222222,0.0316410489394347,0,3
0.0008333333333333,0.1016421192653072,0,0
0.0088125,0.25,1,0
0.0464408333333333,1.0,0,1
0.1322564814814814,0.0876361913784936,0,0
0.7264294871794872,0.0382258596321185,1,3
0.1144888888888888,0.0751374241653056,0,0
0.2283333333333333,1.0213659605551495,0,1
0.0399455882352941,0.6,1,1
0.0022333333333333,1.3310225303292893,0,1
0.52325,0.2743923969772942,0,0
0.2205722222222222,0.0598567343205248,0,0
0.5344611111111112,0.0780308012834389,1,3
0.7870351190476191,0.0787535494745686,0,3
0.0070816666666666,0.8,0,1
0.065,0.7776923076923077,1,1
0.4372536458333333,0.0437575687502417,0,0
0.9636429824561404,0.0393509281786749,0,3
0.0462854166666666,1.0118972338679908,0,1
0.0186213541666666,0.7194895246063211,0,1
0.0033384259259259,1.0015180265654648,0,1
1.1224229166666666,0.0998403275101897,0,3
0.0923203333333333,0.6135223203614284,0,1
0.0074080459770114,1.0,0,1
0.977111111111111,0.0614925720375663,0,3
0.5909433333333334,0.0671577493686328,1,3
0.638225,0.0383398525824531,0,3
0.4189966666666666,0.0531223848850048,0,0
0.944837962962963,0.0386430839160018,0,3
1.1988333333333334,0.1293334062570022,0,3
0.0335388888888888,0.4078448666686072,0,0
0.84995,0.0461357459812455,0,3
0.9029666666666668,0.1649257575228535,0,3
0.1695083333333333,0.6709423766057934,0,1
0.10055,0.1016421192653072,0,0
0.3283966666666666,0.0517870739693892,1,0
0.6288216666666666,0.0383446565933851,0,3
0.4093208333333333,0.0382428748930625,0,0
0.0100961538461538,1.00663281950648,0,1
0.6646633333333333,0.0875042602647738,0,3
0.8498055555555556,0.0348989034222601,1,3
0.9133125,0.0354252940889461,0,3
0.0077376811594202,1.0003164556962023,0,1
0.5497620370370371,0.0930801735905278,0,3
0.2065175,0.2809576268652969,0,0
0.2914268115942029,0.1645692564394258,0,0
0.3940820512820512,0.0796427064768478,0,0
0.4480264705882353,0.3170021098041939,0,0
0.4659886363636363,0.0427281420097771,0,0
0.3716833333333333,0.0526641954662275,1,0
0.2741066666666666,1.0276513663942572,1,1
1.024188888888889,0.0110665543386689,1,3
0.726636111111111,0.0391766442040749,0,3
0.9694533333333332,0.0412380417927311,1,3
0.0137102564102564,1.0831826737851693,0,1
0.0050944444444444,0.6162988115449916,0,1
0.42398,0.1026188577512705,0,0
0.3632,0.0372165508080042,0,0
0.0022166666666666,0.5,0,1
0.4610125,0.0453124165292369,0,0
0.5002333333333333,0.0350085954282542,1,0
0.3607666666666667,0.0967531464829031,0,0
0.006563492063492,1.0,0,1
0.0082494252873563,1.0,0,1
0.3345866666666666,0.5176173314273058,0,0
0.0016160919540229,1.0040262336257608,1,1
0.4871766666666666,0.153229284220242,0,0
0.76195,0.0798446587275137,0,3
0.1860848484848484,0.6395314396598117,0,1
0.5230277777777778,0.074555592110908,0,0
0.0649096899224806,0.0514070022963555,0,0
0.9787377777777776,0.0434567949730278,0,3
0.9685375,0.0482866508631188,0,3
0.4554877192982456,0.1159161866323099,0,0
0.03525,0.1016421192653072,0,0
0.8633569444444444,0.0455233559598129,0,3
0.6256966666666667,0.0734128627462045,1,3
0.8879102564102563,0.0438983531541919,0,3
0.3956966666666666,0.0477887220818202,0,0
0.2285270833333333,0.1803035021653052,0,0
0.0887366666666666,0.1368905844536819,0,0
0.2219098039215686,0.042867456581516,0,0
0.0123,0.4468134333781184,0,0
0.6494033333333333,0.0870870444548404,0,3
0.0050544444444444,1.0,0,1
0.0326611111111111,0.8527563756290336,0,1
0.0047217948717948,0.7522441569010714,0,1
0.80567,0.2236809444739927,1,3
0.139853431372549,0.1622941529898288,0,0
0.247005,0.3157517124465663,1,0
0.0002959259259259,0.1016421192653072,0,0
0.0078,1.0,0,1
0.3040230769230769,0.0283399403688468,0,0
0.5629892857142857,0.1619435437389831,0,3
0.0183598039215686,1.0006535947712418,0,1
0.01125,0.5001234567901235,0,1
0.8050433333333333,0.0384347246911687,0,3
0.6694242424242425,0.0361810458049843,1,3
1.0012316666666667,0.0516258252268475,0,3
0.1920555555555555,0.2202869647973839,1,0
0.7339928571428571,0.0427232655226562,0,3
0.637725,0.1752720748643702,0,3
0.4428510928961749,0.038494727095535,0,0
0.2170036231884058,0.5059398717051324,1,0
0.4750625,0.0918984920841998,0,0
0.0245983333333333,0.6143326578050283,0,1
0.592362,0.0357162937525558,0,3
0.72585,0.0454657708591066,1,3
0.2645090909090909,0.1061570443513157,0,0
0.7289046296296297,0.0415072700971264,0,3
0.0536010416666666,0.8648477190567074,0,1
0.6967555555555556,0.0824919299579011,0,3
0.7473583333333333,0.0314509880764516,1,3
0.8577802083333333,0.0414633313202236,1,3
0.9866686274509804,0.032263681898537,0,3
0.3618690476190476,0.3027053964998442,0,0
0.6732608333333333,0.0411157684240088,0,3
0.953574074074074,0.0364390902073423,0,3
0.9959601851851853,0.0381816117388286,1,3
0.3499933333333334,0.2874521219784915,0,0
0.0028435897435897,0.8,0,1
0.0239583333333333,1.0,0,1
0.02633,1.0029840306519475,0,1
0.4083738095238095,0.0975601639338789,0,0
0.6095833333333334,0.0467837011998163,0,3
0.6155681818181818,0.0686470793142984,0,3
0.0212979166666666,1.1301606341579091,0,1
0.04951,0.8699143667454019,0,1
0.5873648148148148,0.0357886055057755,0,3
0.8644083333333334,0.3843417181187351,1,3
0.3562416666666666,0.0466053225810633,1,0
0.8917166666666666,0.0231766675856298,0,3
0.6656333333333334,0.0554627362736706,0,3
0.8053071428571429,0.0943470737057975,0,3
0.5357933333333333,0.0483962813749753,1,3
0.06160390625,0.525293219604974,0,1
0.0353516666666666,0.4973207990599295,0,1
0.0010358333333333,1.0,0,1
0.3611861111111111,0.0409055310628969,0,0
0.0023666666666666,1.0656565656565655,1,1
0.3383166666666666,1.013877847039815,0,1
0.6022777777777778,0.3948882924267048,1,3
0.5553222222222223,0.0374216522577339,1,3
0.1680066666666666,0.0804635819771835,0,0
0.1073827586206896,0.49620823386843,0,0
0.0093809523809523,1.0,0,1
0.3324222222222222,0.5027796076610374,0,0
0.8001059523809524,0.0430001808768373,0,3
0.0009629629629629,1.0,1,1
0.16598,0.1759043165049284,0,0
0.0317693333333333,0.4104273227429584,0,0
0.0060166666666666,1.0,0,1
0.3477633333333333,0.0645324428880773,1,0
1.085172619047619,0.0377502764830304,0,3
0.1286869047619047,0.4623575035721312,0,0
0.0495257936507936,0.882136735799536,0,1
0.5991104166666666,0.2366746396732768,0,3
0.9623366666666668,0.0457175675678575,1,3
0.7419113095238095,0.0394496239395368,0,3
0.6280333333333333,0.714872636484166,0,3
0.5713203703703704,0.0379842257721037,0,3
0.1707141666666666,1.000073479557653,0,1
0.31315625,0.0493987967720677,0,0
0.0083314814814814,1.0,0,1
1.0072666666666668,0.0526594847746907,0,3
0.1927813725490196,0.8087395822106886,0,1
0.4865916666666666,0.035335825989805,1,0
0.4272033333333334,0.0529303192655947,1,0
0.9220833333333334,0.0419889556595761,1,3
0.0144429629629629,1.200501253132832,0,1
0.2219119047619047,0.0554491369850787,1,0
0.05065,0.2022578039495115,0,0
0.69477,0.0424408998805257,0,3
0.0556246376811594,0.1055161907098678,0,0
0.9170428571428572,0.0502041128200022,0,3
0.0073468253968253,1.0,0,1
0.017357738095238,1.0085836297182815,0,1
0.9120722222222224,0.0183815787041624,1,3
0.0034316666666666,0.8756529850746269,0,1
0.1946269841269841,0.1383897924542847,0,0
0.0012015873015873,1.4302884615384617,0,1
0.6061801075268818,0.1215452499302404,0,3
0.0061043333333333,0.9796714332446288,0,1
0.958575,0.0564655929665225,0,3
0.4733388888888888,0.0431709798586974,1,0
1.1619111111111111,0.0055413960371618,1,3
0.9509888888888888,0.0336823827333587,0,3
0.7705104166666666,0.0415278773220036,0,3
0.6010766666666666,0.0532329528874,0,3
0.02578125,1.0,0,1
0.252075,0.0432498944303635,0,0
0.4340343137254902,0.0278842534689721,1,0
0.0571878787878787,1.4019126740241783,0,1
0.33904,0.0483528159916729,1,0
0.0141791666666666,0.972929669852422,0,1
0.7056794117647058,0.0928202949824437,0,3
0.0040789855072463,1.0005819366852886,0,1
0.004062037037037,1.0527687296416937,0,1
0.3684128205128205,0.2385278875539639,0,0
0.140075,0.1016421192653072,1,0
0.0627092592592592,1.0,0,1
0.5530166666666667,0.0431656712642337,1,3
0.0104422222222222,0.5171012830234719,0,1
0.6551936507936508,0.0368606142616382,0,3
0.3057745833333333,0.1338271706867846,0,0
0.0136458333333333,0.6666666666666666,0,1
0.8913925,0.0357745568430402,1,3
0.09416875,0.1280411767220231,1,0
0.1673666666666666,0.0430703959881459,1,0
0.3826366666666666,0.2510441924334031,0,0
0.5748931818181818,0.0384205575158533,0,3
0.01575625,1.0011081083114235,0,1
0.0298233333333333,0.5415989960135833,0,1
0.2430884057971014,0.1758850527622232,0,0
0.4422477777777778,0.0601979087109219,1,0
0.7626333333333334,0.0268976689651889,0,3
0.0074010416666666,0.2959363957597173,0,0
0.0020092592592592,1.3669772256728778,0,1
0.14595,0.3998705870414168,0,0
0.0020658333333333,1.0,0,1
0.9878821428571428,0.0408748038198732,0,3
0.8707575,0.0417685869528091,0,3
0.0116,0.8955916473317866,0,1
0.1216799019607843,0.0451675577599442,0,0
0.1515730769230769,0.0565019812273798,1,0
0.0073659420289855,0.5571908109680141,0,1
0.0010782608695652,1.0,0,1
0.9867366666666668,0.0414160180045197,0,3
0.1373,0.7496097408679363,1,1
0.018176923076923,1.0,0,1
0.4905178743961352,0.2340740868898815,0,0
0.0028888888888888,1.0,0,1
0.0103696666666666,0.7562634161841547,0,1
0.0018427083333333,0.8642987249544627,0,1
0.0424211538461538,0.6349209578205904,0,1
0.0283422222222222,1.0,0,1
0.1049688888888888,0.2808542807406745,0,0
0.3523439393939394,0.3624751948178202,0,0
0.4271261904761904,0.0882576927664628,0,0
0.0031068965517241,0.5807120388776387,0,1
0.22285,1.000305787019341,0,1
0.0038699074074074,1.0,0,1
0.6427071428571428,0.0851551966038961,1,3
0.7397866666666667,0.0400932494352341,1,3
0.0309819444444444,0.6754505786173423,0,1
0.6460433333333333,0.0607463983836132,0,3
0.0302833333333333,0.7901082572702187,0,1
0.8103466666666668,0.0371969478375891,0,3
0.3517388888888889,0.2930953203276211,0,0
0.1033333333333333,0.75,1,1
0.1186862745098039,0.0579114370952602,1,0
0.754021568627451,0.0447761145194011,0,3
0.7171416666666667,0.3462927149705369,0,3
0.0718822222222222,0.6530813874046233,0,1
0.3158242424242424,0.0801677717567168,0,0
0.0049840579710144,1.0,1,1
0.0151291666666666,0.4412680429097149,1,0
0.0198708333333333,1.001085972850679,0,1
0.025,0.0,1,0
0.709178,0.2304929750280977,0,3
0.7788083333333333,0.0961247773115685,0,3
0.3548425,0.0575043119097745,1,0
0.0137648148148148,1.0,0,1
0.9455673076923076,0.0361761847886459,1,3
0.0074467741935483,1.0,0,1
0.0075782051282051,1.0,0,1
0.5273398809523809,0.0502802020839248,0,3
0.6103869565217391,0.1603882676748088,0,3
0.0499714285714285,0.1188039791906104,0,0
0.4990785714285714,0.0347857269722453,0,0
0.7519225,0.0364345581503679,0,3
0.958275,0.0415625450784235,1,3
0.0107194444444444,0.200836820083682,1,0
0.3891016666666666,0.0571921541886352,0,0
0.0336267441860465,0.8175424895867055,0,1
0.718025,0.0402701053125482,0,3
0.0011366666666666,1.0,0,1
0.0792217391304347,1.0002746932401028,0,1
0.9821722222222222,0.2354653230530379,0,3
0.2888358333333333,0.0897205694273571,0,0
0.9341833333333334,0.0458599038260711,0,3
0.0240444444444444,0.6,1,1
0.5918933333333334,0.2425122619191066,1,3
0.0020243333333333,0.6507760532150776,0,1
0.0079877777777777,1.0607734806629834,0,1
0.0247395833333333,0.7617985743008591,0,1
0.1624300925925926,0.3448157534974511,0,0
1.23175,0.0330581821384288,0,3
0.07411,0.5440050658505291,0,1
0.0017071969696969,1.0056073081903525,0,1
0.2067466666666667,1.005849362260718,0,1
0.0038021739130434,1.0,0,1
0.0004550505050505,0.1016421192653072,0,0
0.8580916666666666,0.1110230847274648,0,3
0.0366666666666666,1.02829162132753,0,1
0.5970066666666667,0.0457859961711774,0,3
0.0001056666666666,1.0,0,1
0.0111636904761904,1.0049625790443018,1,1
0.292912962962963,0.3467769227987544,0,0
0.0163796875,1.00220207253886,0,1
0.646225,0.0349811650180862,0,3
0.0198961538461538,0.5290027491149352,0,1
0.6626666666666667,0.2775135005491769,1,3
0.1886661904761905,0.1039564109791917,0,0
1.0155611111111111,0.0433553970709546,1,3
0.04424375,0.5923729835549996,0,1
0.1562393939393939,0.0594689891336484,0,0
0.4754537878787878,0.0441029148073937,0,0
0.0028203703703703,1.0,0,1
0.3154642857142857,0.4698095515716815,0,0
0.1840697916666666,0.0720167391856177,1,0
0.0245241666666666,0.5906675008599445,0,1
0.0934231481481481,0.2529413217987307,0,0
0.954080303030303,0.0468386336424417,0,3
0.0535888888888888,0.0855358823026259,0,0
0.2305037037037036,0.5759248357647121,0,0
0.0016188888888888,1.0007299270072991,0,1
0.3307166666666666,0.2165418707275805,0,0
0.0226365079365079,1.003468847476437,0,1
0.744625,0.0732095510280906,0,3
0.6961083333333333,0.0391328557979387,1,3
0.0363412037037037,1.0018507864964403,0,1
0.1035195652173913,0.0397986931258462,0,0
1.0833222222222223,0.0608100238092317,1,3
0.015075,1.0,0,1
0.2790625,0.0674237299975445,1,0
0.0040277777777777,1.0,1,1
0.0783333333333333,5.0,0,2
0.1598934782608695,0.3276014262081206,0,0
0.0534009803921568,1.4575915489741855,1,1
0.3388487179487179,0.0520833333333333,0,0
0.2178619791666666,0.1269247344906599,0,0
0.0398780303030303,1.0,1,1
0.2612493055555556,0.0506209970993009,1,0
0.000996875,0.5032216494845361,1,1
0.0045260416666666,1.0,0,1
0.7625236842105263,0.2303289398942861,0,3
0.0866666666666666,0.1016421192653072,1,0
0.5898666666666667,0.0446709863954875,0,3
0.9482424242424244,0.0517413606349671,1,3
0.0135447916666666,0.6483585315693452,1,1
0.98439,0.0349127125481685,0,3
0.3827143333333333,0.2833234897459345,0,0
0.7472083333333334,0.0376409310443843,0,3
0.5981722222222222,0.0666064211277736,1,3
0.0232083333333333,0.797037142448135,0,1
0.8657722222222223,0.0308771085468845,1,3
0.0560708333333333,1.0019011892002243,0,1
0.6313269230769231,0.2267849998494089,0,3
0.4316566666666666,0.2935996516115016,0,0
0.87205,0.3513917480414212,1,3
0.4051051282051282,0.4652208475547879,0,0
0.1455971264367816,0.0370400208914601,0,0
0.1362936274509804,0.0639953076894619,0,0
0.92748,0.0312875475111311,1,3
0.536085,0.0344720980397596,0,3
0.7668166666666667,0.0642180369616908,0,3
0.9174898148148148,0.0556717348164735,0,3
0.8108916666666667,0.09107225888625,1,3
0.26628,0.047059135303594,0,0
0.0288908333333333,0.3015372608534583,0,0
0.7395976190476191,0.0403569654694084,0,3
0.9777083333333334,0.0738739355574299,1,3
0.3656901960784314,0.0438502369015521,0,0
0.61142,0.0622397398236799,1,3
0.0038785714285714,1.0,0,1
0.3109797872340425,0.2099628494002776,0,0
0.6952533333333333,0.2150363995659306,0,3
0.3605111111111111,0.4038978123528169,0,0
0.8705205128205129,0.0430919383416769,1,3
0.0166007246376811,0.1016421192653072,0,0
0.6750444444444444,0.0584092641762622,0,3
0.5449375,0.0365381347119548,0,3
0.5872892857142857,0.0430431734469661,0,3
0.5075766666666667,0.5232739091894022,0,0
0.1315838888888889,1.0050858646509642,0,1
0.6613085365853658,0.2273461493525905,0,3
0.6246246913580247,0.0942078932919953,0,3
0.255572,0.0425946502997908,0,0
0.0046726851851851,1.0015334063526835,0,1
0.4613788888888888,0.0406553354870135,0,0
0.9767888888888888,0.0436466953868419,0,3
0.7514041666666667,0.0596562439651063,1,3
0.0426186868686868,0.2820632577347801,0,0
0.0278136666666666,1.0000676513699402,0,1
0.0139010416666666,5.0,0,2
0.4926026041666667,0.1992803244987037,0,0
0.0638953703703703,1.0037224298380596,0,1
0.0099666666666666,0.7076923076923076,1,1
0.0101255555555555,0.8150423064869947,0,1
0.0473805555555555,1.083329134969016,0,1
0.7677833333333333,0.1330559772321627,0,3
0.9059722222222224,0.0489544066702501,0,3
0.2540130952380952,0.048625673248637,0,0
0.0070768115942028,0.4095877479573522,0,0
0.0502833333333333,0.8029443674616861,0,1
0.4938820512820512,0.0571920763733144,0,0
0.5504158333333333,0.0322104326988044,0,3
0.30229,0.2696140715916422,0,0
0.0166533333333333,1.004549435578046,0,1
0.5630833333333333,0.0717479225388282,0,3
0.9741133333333332,0.05681916099132,0,3
0.4272619047619047,0.2450785294107217,0,0
0.9567253787878788,0.0511761616418957,1,3
0.9945416666666668,0.0253662942617802,1,3
0.171025641025641,0.1016421192653072,0,0
0.0144458333333333,1.0008278145695364,0,1
0.2716166666666667,0.0695807066616568,0,0
0.4370734375,0.041093767416483,1,0
0.97525,0.0422902719005033,0,3
0.0435461538461538,0.1404169685195481,0,0
0.0109504629629629,0.8024238842332101,1,1
0.2855125,0.0640998987944492,0,0
0.00075,0.0,0,0
0.0370385416666666,1.0031847133757965,0,1
0.0071969135802469,1.0,0,1
0.915906862745098,0.0414033689744156,1,3
0.0073443333333333,0.4139230145126543,1,0
0.0018285714285714,0.1016421192653072,0,0
0.9934333333333334,0.0439394539291007,1,3
0.49415,0.0862121113783699,0,0
0.0009816239316239,0.872300819061802,0,1
0.0179069444444444,0.3551073606998612,0,0
0.9407,0.0520177920117448,0,3
0.3465680952380952,0.1505524975095604,0,0
0.972659375,0.0355870132886996,1,3
0.0262629629629629,1.0,0,1
0.5263888888888889,0.0610976361925183,0,3
0.5774166666666667,0.0788324909825846,0,3
0.3980936781609195,0.0499063328581076,0,0
0.7590466666666668,0.0352841618633159,0,3
0.0849422222222222,1.0208512817676731,0,1
0.040076,0.9539633679039892,0,1
0.0035111111111111,0.6,0,1
0.8197583333333334,0.0609729245963568,1,3
0.7203333333333333,0.2849033945251628,1,3
0.53807,0.1198477342172427,0,3
0.1498366666666666,0.1234973900339072,1,0
0.3648233333333333,0.0477337376166674,1,0
1.0195,0.0500296989358804,1,3
0.0321894444444444,0.4593297539088933,0,0
0.0057842592592592,1.0003479269353437,0,1
0.5983875,0.0442645192385758,1,3
0.9877939393939392,0.0456714354474586,0,3
0.0236890350877193,1.004229949823507,0,1
0.0698367816091954,0.3325214251508903,0,0
0.3545333333333333,1.024495293981961,0,1
0.0014933333333333,1.0,1,1
0.8307511111111111,0.0252412650621826,0,3
0.7691722222222223,0.0602348559421792,0,3
0.66019,0.0308476114870019,1,3
0.5243377777777778,0.038742433534688,1,3
0.0808916666666666,0.1311893249372165,0,0
0.5491096666666666,0.0424533163761719,0,3
0.1061020833333333,1.0,0,1
0.0365597222222222,1.0,0,1
0.7573386904761905,0.0283381772371477,0,3
0.4700543333333333,0.0380230906145827,0,0
0.9006063218390805,0.0360786367220978,0,3
0.069359,0.8770924719821235,0,1
0.972625,0.0569534925615153,0,3
0.0016261904761904,5.0,0,2
0.0509066666666666,1.0,0,1
0.2663930555555555,0.0972519104157159,0,0
0.9545583333333332,0.0384739308085992,0,3
0.9012833333333334,0.0483491400863551,1,3
0.0501068181818181,0.2747322170360539,0,0
0.0496575,0.4546298407056165,0,0
0.0994166666666666,0.2532149731586714,0,0
0.1883916666666666,1.0,0,1
0.76338,0.0311810349984927,1,3
0.1933135416666666,0.4343224642604942,0,0
0.5848055555555556,0.0414494699987678,1,3
0.9101222222222224,0.0456913224068299,0,3
0.5247234848484849,0.0340873939670477,1,3
0.0116114583333333,0.6,1,1
0.81345,0.0609732698425368,0,3
0.18335,1.4319903731815122,0,1
0.1040155555555555,0.2052705657726065,0,0
0.8711083333333334,0.0378106723322509,0,3
0.0607117283950617,1.0103467319058128,0,1
0.9540922222222225,0.0533644476692934,0,3
0.4892651515151515,0.0501452266044393,0,0
0.1820923611111111,0.3203241856050299,0,0
0.0730839285714285,0.423925002378089,0,0
0.0285809523809523,0.3660697356484252,0,0
0.9419416666666666,0.0540298732071076,0,3
0.35955,0.1269255722461657,0,0
0.969651111111111,0.0282825709061058,0,3
0.0044696969696969,0.0,0,0
0.13281875,0.6065811122079632,0,1
1.01736,0.0413339943511352,0,3
0.1900766666666666,0.0841822344269839,0,0
0.46939375,0.0600569213154562,0,0
0.7090166666666667,0.0393995647011603,0,3
0.7768,0.0804172548424844,0,3
0.9697269230769232,0.0390576059708747,1,3
0.5134264705882353,0.5294488961967194,0,0
0.3011984848484849,0.1158061625261664,0,0
0.9018433333333332,0.0812371118816416,1,3
0.1540613333333333,0.0383513303541252,0,0
0.9241833333333334,0.0891946420898231,0,3
0.6973066666666667,0.0557548924381696,1,3
0.0154967948717948,1.0002259580621835,0,1
0.0012,0.0,1,0
0.0034561403508771,1.657287639718296,0,1
0.0053161111111111,1.0006845879706767,0,1
0.4463735294117647,0.1011875456853078,0,0
0.1750333333333333,0.1734713735498308,0,0
0.0013188405797101,1.0,0,1
0.0054266666666666,0.75,0,1
0.55799375,0.1947082615560275,0,3
0.8067215277777777,0.0446700757671284,0,3
0.9122097222222224,0.0265488057112446,1,3
0.1095083333333333,0.0370026711191062,0,0
0.0021078703703703,0.8011009174311926,0,1
0.3607833333333333,0.2907095225070996,0,0
0.4792588235294117,0.0401767758755455,1,0
0.4484083333333333,0.3790624192845458,0,0
0.10442,0.1212553242046055,0,0
0.8126277777777777,0.4052158380069238,1,3
0.0238179824561403,1.0,0,1
0.0279259259259259,0.75,0,1
0.0013926666666666,1.0,0,1
0.0273179166666666,0.8031798583994613,0,1
0.4140111111111111,0.0582829524210113,1,0
0.4306,0.0673690011976778,1,0
0.0020555555555555,1.0,0,1
0.9118133333333333,0.0371309172807214,0,3
0.0029859649122807,1.0051712146110825,0,1
0.6000286458333333,0.0308871047952912,0,3
0.6821396825396826,0.2732545209638327,0,3
0.5317833333333334,0.2235602127204654,0,0
0.0684166666666666,0.5630233419785106,0,1
0.2057559523809523,0.0440679159501388,0,0
0.4345916666666666,0.0343065767842346,0,0
0.7332654320987654,0.0423257607470115,0,3
0.0270533333333333,1.0,0,1
0.2048,0.5369667031156568,0,0
0.5499833333333334,0.0465231357045821,0,3
0.7026666666666667,0.1169429097605893,0,3
0.67796,0.0411239504992399,0,3
0.0124523333333333,1.005306497004977,0,1
0.2369046666666666,0.2484440916161946,0,0
0.0125,0.0,1,0
0.0008475308641975,1.096707238011586,0,1
0.1988588235294117,0.0354940243840606,0,0
0.0855349206349206,0.5424173800856147,0,1
0.0923814814814815,0.253411950551524,0,0
0.0017111111111111,0.8,1,1
0.03895625,0.1269918955612984,0,0
0.1128032407407407,0.998937161650222,0,1
0.5125916666666667,0.0377852374422829,0,0
0.9568458333333334,0.0590737133410468,0,3
0.0874305555555555,0.0520154344294875,0,0
0.1701833333333333,0.6605770881054861,0,1
0.7218121212121211,0.0613036601765693,1,3
0.8173266666666668,0.0492627371638707,1,3
0.1845733333333333,0.6279296707750704,0,1
0.0331533333333333,1.0,0,1
0.1914190476190476,0.3638682053247093,0,0
0.5452833333333333,0.0842881457224054,0,3
0.0844583333333333,0.8553798986208904,0,1
0.0038739130434782,5.0,0,2
0.0940403225806451,0.0446371140764406,0,0
0.0617333333333333,0.4336718438156131,0,0
0.0014228571428571,1.0,0,1
0.28937,0.0512032770097286,0,0
0.0131305555555555,1.0,1,1
0.9319857142857144,0.0579359758647118,1,3
0.3677,0.162601453984755,0,0
0.5863944444444444,0.2668853216232135,0,3
0.2079302083333333,1.3174603174603174,0,1
0.2878785714285714,0.047056518112289,0,0
0.3068966666666667,0.0791253565168873,0,0
1.6987916666666667,0.0,0,3
0.0034777777777777,0.940776699029126,0,1
0.0249535714285714,1.0,0,1
0.0144623809523809,1.8838759958875884,0,1
0.43763125,0.0305090060913581,1,0
0.5733633333333333,0.0467816284548617,1,3
0.5195666666666666,0.0525856620636171,0,0
0.7547476190476191,0.0448566427449553,1,3
0.4180474358974358,0.0543844725280365,0,0
0.3360222222222222,0.0130095983411926,0,0
0.3835046296296296,0.0599014352571247,0,0
1.0014166666666666,0.0397281086709107,0,3
0.6016333333333334,0.0395417780668702,1,3
0.77745,0.0432952756309111,0,3
0.6308192307692307,0.2308645913879916,0,3
0.04629375,0.5401239626224632,0,1
0.2953866666666667,0.8212282292175688,0,1
0.3514172839506173,0.2070563727156218,0,0
0.0070408333333333,1.0,0,1
0.7502,0.0432748899801831,1,3
0.2981350340136054,0.0477649349038007,0,0
0.2461904761904761,0.047621586606908,1,0
0.5101981481481481,0.0395974264467992,0,0
0.3859694444444445,0.2553723523880579,0,0
0.9687666666666666,0.0457118834080717,1,3
0.0456859375,1.1445975913749995,0,1
0.29545,0.0875157615137204,1,0
0.97282,0.0385314145920882,0,3
0.3649666666666666,0.0751852779340879,1,0
0.57563,0.0538521059404254,0,3
0.0508285714285714,0.058516335928585,0,0
0.6608,0.0878702058233437,0,3
0.0484666666666666,0.4467088445406288,0,0
0.0372880952380952,0.2908778847907785,0,0
0.0096583333333333,0.8,0,1
0.9751522222222224,0.0311569320159405,0,3
0.3851333333333333,0.0493350955440331,0,0
0.9836333333333332,0.045085104861929,1,3
0.7962916666666667,0.2405064815083156,0,3
0.0755166666666666,0.5482435205165687,1,1
0.3527416666666667,0.0603313221433801,0,0
0.942317803030303,0.0385618985259358,0,3
7.013888888888888e-05,0.1016421192653072,1,0
0.0646966666666666,0.8070797381387494,0,1
0.8393166666666667,0.0463578943028502,0,3
0.214281746031746,0.2008853858542509,0,0
0.06672,0.1558708465937219,0,0
0.6885,0.0324974591065652,0,3
0.43998,0.1662680708462187,0,0
0.8143659722222223,0.0405097606348134,0,3
0.2149223684210526,0.0390335341471841,0,0
0.9823533333333332,0.0526173463154804,0,3
0.1912216666666666,0.8006709608351763,0,1
0.4391294871794872,0.2372829994853054,1,0
0.0107722222222222,1.0056686489482365,0,1
0.8833944444444444,0.0634549828760391,0,3
0.6766924242424243,0.0742521132213707,0,3
0.40864,0.2560932857165,0,0
0.254825,0.3389779944996062,0,0
0.3965366666666666,0.0767195963011226,0,0
1.09775,0.0514480112414892,1,3
0.5190897435897436,0.0387041967946636,0,0
0.001798,1.0036691062867913,0,1
0.0265236111111111,0.966400700083135,0,1
0.9001208333333334,0.0408021148874294,0,3
0.4158785714285714,0.7269358343912887,0,1
0.8871833333333334,0.0418808193383478,1,3
0.0084895833333333,1.003510256118434,1,1
0.0559404761904761,0.2834809260859112,0,0
0.0775193333333333,0.96320515215324,0,1
0.5356283333333334,0.0515694931258872,0,3
0.7179666666666666,0.0407112599722774,0,3
0.7749483333333332,0.039310352561648,0,3
0.0655922619047619,1.002527319151158,0,1
0.0133052083333333,1.0051093212338138,0,1
0.4187983333333334,0.0415332249620864,0,0
0.021025,1.002916666666667,0,1
0.245981081081081,0.0467700736397646,0,0
0.0004855555555555,0.1016421192653072,0,0
0.03604,1.0001171817782335,0,1
0.0073507246376811,1.0050170935169895,0,1
0.05853,0.816794620845973,0,1
0.01299875,1.0139050756983885,0,1
0.5088064102564103,0.284146306061722,0,0
0.016392156862745,1.0,0,1
0.0007588888888888,1.0012048192771084,0,1
0.0340351851851851,0.6061983334938079,0,1
0.2243333333333333,0.0581787273719019,0,0
0.68400625,0.0451174898608024,0,3
0.0616656862745098,0.8277498696384396,1,1
0.8600685185185185,0.0405583564972959,0,3
0.1849222222222222,0.8434407674894902,0,1
0.647825,0.0633671595108094,0,3
0.6079133333333333,0.060229463515273,1,3
0.0002869047619047,1.0,0,1
0.0049295454545454,1.6030136059136595,1,1
0.3102743589743589,0.1579648367824475,0,0
0.001275,0.1016421192653072,1,0
0.4156624183006536,0.0381661521462167,0,0
0.1391916666666666,1.0217438655587123,1,1
0.0226802083333333,1.057186484730383,0,1
0.2695452380952381,0.2547823818043672,0,0
0.0005814814814814,1.0,0,1
0.1839722222222222,0.1011491805674029,0,0
0.04659375,1.0377619142776957,0,1
0.3318240740740741,0.0395265637127391,0,0
0.7851380952380952,0.0364184367267741,0,3
0.0009033333333333,2.478786180357458,0,1
0.0390305555555555,0.6626561504375584,0,1
0.0023216666666666,1.0104091888011486,0,1
0.0427241935483871,0.3348346261930836,0,0
0.1247236666666666,1.0044356359876128,0,1
0.8932622222222223,0.6938893878212109,0,3
0.9483433333333332,0.0407831260832452,0,3
0.5028944444444444,0.1407276718000623,0,0
0.9674064102564102,0.0702460817286963,0,3
0.0542645833333333,1.0,0,1
0.1360159090909091,0.3473798883994253,0,0
0.0461866666666666,1.040733197556008,0,1
0.5154233333333333,0.2546737094569246,1,0
0.0318766666666666,1.0002364066193854,0,1
0.5674083333333333,0.0554361220748334,0,3
0.4938560283687943,0.0318171675925157,0,0
0.4341972222222222,0.0554209404276152,0,0
0.5374333333333333,0.0426853512246151,0,3
0.752175,0.0415818872369109,0,3
0.7159866666666667,0.0559560183926449,1,3
0.2455183333333333,0.0360734825222854,0,0
0.5510666666666667,0.0717007383284473,0,3
0.4439398148148148,0.0414189258950904,1,0
0.32172,0.1029586464551555,0,0
0.0166212962962962,1.0,0,1
0.0565916666666666,0.4357142857142857,0,0
0.2180223404255319,0.0392444806923102,0,0
0.34345,0.29794380680155,1,0
0.3501017094017093,0.0351022023577258,1,0
0.0572333333333333,1.064157544874858,0,1
0.3427068965517241,0.0369068032283116,0,0
0.0411288888888888,0.5275071162979973,0,1
0.6151066666666667,0.0460896101298083,1,3
0.0033075268817204,0.9019612577689844,0,1
0.6341857142857142,0.0442920250535994,1,3
0.3253944444444445,0.5474595429740235,0,0
0.6929333333333333,0.0721330974841297,1,3
0.0379342105263157,0.1785596651636171,1,0
0.59975,0.0468572609629104,0,3
0.0258033333333333,0.6200192030724916,0,1
0.98152,0.0318519918422417,1,3
0.00073,0.1016421192653072,0,0
0.1683924242424242,0.0695853684672374,0,0
0.6360833333333333,0.04754082400205,0,3
0.0680388888888888,1.0,0,1
0.0460288888888888,0.273812866742022,0,0
0.0799327380952381,0.1372277622656561,0,0
0.0923587301587301,0.0642368392051169,0,0
1.1060666666666668,0.0513211807526961,0,3
0.9152633333333332,0.044049664254314,0,3
0.039,0.6666666666666666,1,1
0.0551233333333333,0.407104318383004,0,0
0.3973166666666666,0.1254413724486849,0,0
0.5174083333333332,0.00095,1,0
0.5456961111111112,0.037189198112102,1,3
0.0011111111111111,1.0,0,1
0.5744954545454546,0.1062146241018805,0,3
0.3915038461538461,0.1008040732493703,0,0
0.3963197916666666,0.0347025593312008,0,0
0.1553,0.1030927835051546,0,0
0.6054596666666666,0.1616047969707362,0,3
0.8487666666666666,0.0441542416068346,1,3
0.01770625,1.0631488517809249,0,1
0.0909006666666666,1.9752809641718792,0,1
0.9129440476190476,0.0454834220978397,0,3
0.29995,0.0618002090954436,0,0
0.2141449494949494,0.5389617049220023,0,0
0.2304710317460317,0.0339256435921941,0,0
0.0043545454545454,1.005681818181818,0,1
0.5020314814814815,0.0448598846780701,0,0
0.650756,0.0338493137031954,0,3
0.01475,1.0,0,1
0.871675,0.0621105815987581,1,3
0.0639533333333333,0.6326530612244898,0,1
0.4223055555555555,0.1491051385002949,1,0
0.3129953125,0.0421034084772414,0,0
0.5347848484848485,0.0362307313293906,0,3
0.69165,0.0996492339850949,0,3
0.9072448717948718,0.0403265609539078,0,3
0.0014344444444444,2.016089108910891,0,1
0.0197019607843137,1.000326797385621,0,1
0.1478994252873563,0.038579815653389,0,0
0.7928333333333333,0.0308559946633417,1,3
0.5305927083333333,0.044688198756475,0,3
0.4480011904761904,0.0391595659872001,1,0
0.0065027777777777,0.9037446254173396,1,1
0.9452166666666666,0.1071309101450083,0,3
0.5880333333333333,0.0393096439569729,0,3
0.5112866666666667,0.0497755404872368,0,0
0.19254375,0.3566651587166415,0,0
0.193081,0.4161114141551949,0,0
0.1064443333333333,0.4229553837249349,0,0
0.806995,0.0715222565766806,0,3
0.3325566666666666,0.0412750496925767,0,0
0.0452277777777777,1.1345638372009863,0,1
0.07735,0.1016421192653072,1,0
0.0295375,1.1069394375753,0,1
0.056453431372549,0.6984981509638389,0,1
0.950675,0.0420386538892585,1,3
0.1400731182795699,0.0450495799554874,0,0
0.4609558823529411,0.1044081641565441,0,0
0.0259462962962962,0.6151787084770002,0,1
0.9435166666666668,0.0607625294408314,1,3
0.0013722222222222,1.0,0,1
0.0036148809523809,1.0,0,1
0.002796,1.0,0,1
0.2843572916666667,0.0839677976732111,0,0
0.048,0.0,1,0
0.0096983870967741,0.8005757466714645,0,1
0.2113233333333333,1.0001101597316109,0,1
0.0177608695652173,0.1016421192653072,0,0
0.0215166666666666,2.410765631622391,0,1
0.1440166666666666,0.2080731657169025,1,0
0.1018266666666666,0.2282383133445447,1,0
0.7746527777777777,0.0370188796131325,1,3
0.0333395833333333,0.171497000679186,1,0
0.8921510416666666,0.0315059464198845,0,3
0.0125129629629629,0.452015271258173,0,0
0.5664233333333334,0.0888901748156179,1,3
0.7430444444444444,0.0631060990890604,1,3
0.021,0.0,1,0
0.4427766666666666,0.1092314753550368,0,0
0.2371785714285714,0.0499937550706404,0,0
0.281018137254902,0.568776264919583,0,0
0.0024333333333333,1.0169806748477703,0,1
0.747355,0.0449003762510779,1,3
0.0889270833333333,0.8697728759070034,0,1
0.2623863095238095,0.0422866218059285,0,0
0.0915433333333333,0.0755439019204875,0,0
0.754004761904762,0.0389121472582107,0,3
0.0581814285714285,1.0008222550832775,0,1
0.2315766666666666,0.0896414672032961,0,0
0.8144102564102563,0.0244360644337342,0,3
0.0343533333333333,1.6132436472346785,0,1
0.7849346666666667,0.2344487412762141,0,3
0.00274,1.0,0,1
0.9645944444444444,0.0335766689758433,1,3
1.1066166666666666,0.0345836580685374,1,3
0.1261488888888889,0.0694567192209955,0,0
0.0680916666666666,0.3206101925363542,0,0
0.6489966666666667,0.0343063980813163,0,3
0.9969083333333332,0.0337988405202957,0,3
0.0105703389830508,1.000760606231337,0,1
0.5975255208333333,0.0417342412441681,0,3
0.3343266666666666,0.0931712515948857,1,0
0.0671452380952381,0.534943886181784,0,1
0.64199375,0.0469609142686669,0,3
0.0086686274509803,0.6666666666666666,1,1
0.7048142857142857,0.1721912997795253,0,3
0.6384658333333334,0.0384172014888212,0,3
0.9246833333333334,0.0681195200779059,1,3
0.691961111111111,0.0783799901711089,0,3
0.782125,0.0566076384472731,0,3
0.12975,0.1331685168117335,0,0
0.0283325396825396,0.6421341158247786,1,1
0.4718466666666666,0.0828073176947835,0,0
0.1245475,0.1132118193139363,0,0
0.02503,1.0049241776954836,0,1
0.2611133333333333,0.0907337018842133,0,0
0.9000416666666666,0.0395696259589882,1,3
0.0096,0.8,1,1
0.00132,1.0,0,1
0.4497966666666666,0.1254958468636852,0,0
0.0087470833333333,0.990287511937728,0,1
0.2085444444444444,0.0610954676282703,0,0
0.002095238095238,0.6,0,1
0.619768115942029,0.0409321700028095,0,3
0.0782666666666666,0.4662212628660058,0,0
0.73205,0.1050952185749122,1,3
0.4099833333333333,0.1285294624987939,1,0
0.9109411764705884,0.0324093162419294,0,3
0.1605925,0.2765606712948852,0,0
0.99028,0.0409248257952423,0,3
0.6459,0.0381730553498433,0,3
0.2197913043478261,0.2931936451187433,0,0
0.893611111111111,0.0645088810203055,0,3
0.0108770833333333,0.8099592071834765,0,1
0.3372537634408602,0.0425658304980928,0,0
0.3836444444444444,0.0860825800989191,0,0
0.3866133333333333,0.112104204150057,0,0
0.397295,0.1071806999062498,1,0
0.7829633333333332,0.0460413759349092,0,3
0.2835984126984127,0.0440715153723984,0,0
0.0004,1.0,0,1
0.0003378787878787,0.1016421192653072,0,0
0.006625,0.8,0,1
0.004812037037037,1.0,0,1
0.0085466666666666,1.1063199982437149,0,1
0.2846702380952381,0.29805751635168,0,0
0.98433,0.0568066780890636,0,3
0.9162388888888888,0.0544106263944814,0,3
0.0324859649122807,1.0246019489855689,0,1
0.0109425925925925,0.6666666666666666,1,1
0.1077129629629629,0.1697359911951423,0,0
0.9147868055555556,0.0358655842883998,0,3
0.6692633333333333,0.0548016779090713,0,3
0.8082433333333333,0.0374341550866888,1,3
0.263998717948718,0.015834761529021,1,0
0.7823233333333333,0.0633779286995024,0,3
0.5305511111111112,0.0530986697600458,1,3
0.8296214285714286,0.0354173686728004,1,3
0.0015746031746031,1.1,0,1
0.5273166666666667,0.0507032603749046,0,3
0.0147090909090909,1.0,1,1
0.0011574074074074,0.1016421192653072,0,0
0.2721536764705882,0.0411947143208742,0,0
0.7093537037037038,0.0419319724233892,0,3
0.0031337719298245,1.0,0,1
0.0102384615384615,1.2514915950318637,0,1
0.9365527777777778,0.0359634589966896,0,3
0.0027283333333333,1.0,1,1
0.3941966666666666,0.129804759828972,0,0
0.6494066666666667,0.0452419351271785,0,3
0.841111111111111,0.0696005859293216,0,3
0.0251821428571428,0.7561213540142425,0,1
0.0301280303030303,0.5877202019792199,0,1
0.6997766666666667,0.0414492275297237,0,3
0.0252208333333333,1.0,0,1
0.0741594444444444,0.1287952201375294,0,0
0.1837652173913043,0.0813804264165759,0,0
0.0043753623188405,0.6666666666666666,1,1
0.0153297101449275,1.0004389815627743,0,1
0.7584126666666666,0.2633945542934029,0,3
0.1620866666666666,0.3607559230279311,0,0
0.6563416666666667,0.0425372104654973,0,3
0.0612220588235294,0.996258553730032,1,1
0.0006481481481481,0.1016421192653072,1,0
0.0222041666666666,0.6666093273363568,0,1
0.0042253623188405,1.0,0,1
0.28535,0.0557315903084125,0,0
0.9271944444444444,0.0567761453537687,1,3
0.0150969135802469,0.1752541184717841,0,0
0.660636559139785,0.1055346721534015,0,3
1.0166266666666668,0.0393947110045661,0,3
0.6617558823529411,0.0484980172754194,0,3
0.0271548611111111,0.5498631630544498,0,1
0.04653,0.7504268292682927,0,1
0.8615666666666666,0.035404529469568,0,3
0.0002282608695652,1.0,0,1
0.7637216666666667,0.0726666790175431,0,3
0.6737020833333333,0.239315611521137,0,3
0.2797033333333333,0.1376425453113983,0,0
0.050241304347826,1.0,0,1
0.0319846153846153,0.7355955377905452,0,1
0.0518786324786324,0.5655484040828237,0,1
0.0031471014492753,1.0,0,1
0.0076357142857142,0.8382450331125828,0,1
0.0195,1.0,0,1
0.6576935185185185,0.0419548341669984,1,3
0.0257261111111111,1.0044395058137925,0,1
0.008842,0.8628338045868678,0,1
0.63275,0.040493891943463,0,3
0.0470381944444444,1.0389138622257932,0,1
0.6331666666666667,0.2375454866325483,0,3
0.5397933333333333,0.0438925955765279,0,3
0.0541635416666666,0.1016421192653072,0,0
0.0014944444444444,0.1016421192653072,0,0
0.9625452380952382,0.0372979428952412,1,3
0.6846981481481482,0.0478945113282968,1,3
0.86878125,0.0390131848042624,0,3
0.651074074074074,0.2973175174771872,0,3
0.0929933333333333,0.5027289068352389,1,0
0.4300266666666666,0.0546846225573271,0,0
0.5495527777777778,0.0363710060205013,0,3
0.115685119047619,0.0603983122373949,0,0
0.0097558333333333,0.61147237642083,0,1
0.020049074074074,0.2434695605353139,0,0
0.00325,0.6666666666666666,0,1
0.0375325,0.6632255803834985,0,1
0.0459826086956521,0.4161133232430621,0,0
0.56705,0.0697523508917302,1,3
0.7716233333333333,0.0483839390445852,1,3
0.956575,0.1197831434839243,0,3
0.5702083333333333,0.0487263652606384,0,3
0.021287037037037,0.8416385792066373,0,1
0.9374109649122808,0.1430531536269662,0,3
0.9252791666666668,0.0386284404263281,0,3
0.8697222222222223,0.0915687005293914,0,3
0.5079933333333334,0.0383449514410477,1,0
0.4001079365079365,0.6594731277229144,0,0
0.0027108695652173,0.1016421192653072,1,0
0.8077166666666666,0.0557575830412303,0,3
0.5851416666666667,0.0959274900183128,0,3
0.3700598484848485,0.0485041609210364,0,0
0.5401008771929825,0.2170735834772916,0,3
0.7497416666666668,0.0401538170420965,0,3
0.0055252688172043,1.0,0,1
0.45931875,0.0548188965324854,0,0
0.639975,0.0669994540973472,0,3
0.4052233333333334,0.0678150211766933,1,0
0.1737333333333333,0.1563291764151239,0,0
0.7784055555555556,0.0513352215159778,1,3
0.0936388888888888,0.0442328719418082,0,0
0.7701631578947369,0.0394763316312923,0,3
0.0066666666666666,0.0,1,0
0.0246104761904761,1.0042927231386996,0,1
0.7059955555555555,0.0522156655358421,0,3
0.1802108333333333,1.0823341136078914,0,1
0.0087,1.0,1,1
0.0063741666666666,1.0494659921304104,0,1
0.1274971014492753,0.0731944201716261,0,0
0.1764897435897436,0.0460528142522201,0,0
0.4407,0.0361240501235443,0,0
0.8518229166666667,0.0415423450841173,0,3
0.8464833333333334,0.0423524759446766,0,3
1.3732358585858586,0.0314249599305663,0,3
0.6937104166666667,0.0472799471083396,0,3
0.0224494047619047,1.0048544609721457,0,1
0.9947488888888888,0.0365136629898599,1,3
0.0095927536231884,1.0,0,1
1.0113423076923076,0.0368598704866204,0,3
0.040442,1.0007731513089788,0,1
0.7238645833333333,0.0306186866517931,0,3
0.3738583333333333,0.3094410590251205,0,0
0.0055388888888888,0.9027271664218416,0,1
0.9809604166666666,0.0410246780368322,0,3
0.9420395833333334,0.0603205806141589,0,3
0.011154,1.000295795478555,0,1
0.8446741935483871,0.037412297070337,0,3
0.6440609649122807,0.0389748099067685,0,3
0.88775,0.0789571240118902,0,3
0.0081730769230769,1.0,0,1
0.047275,1.0,1,1
0.2071833333333333,0.0048611111111111,1,0
0.3373395061728395,0.0524494611220732,0,0
0.0023855555555555,1.0008743169398908,0,1
0.0214753333333333,0.4500003066284685,0,0
0.0227991666666666,0.7513938669852649,0,1
0.797974358974359,0.0402465396836473,0,3
0.2007111111111111,0.0355834690713848,1,0
0.8141949275362319,0.0373832480088613,0,3
0.1191807017543859,0.6079508760085899,0,1
0.0075416666666666,1.0,0,1
0.3685833333333334,0.1073400133255382,1,0
0.8452694444444444,0.1527574582273895,1,3
0.6732863636363636,0.0483639567118981,1,3
0.7505233333333333,0.0587472367239451,0,3
0.9831366666666668,0.0260327681214066,1,3
0.0022866666666666,1.0049805110437418,0,1
0.4352944444444444,0.0929299531617781,0,0
0.0016144927536231,1.0,0,1
0.2280283333333333,0.2383986772986135,1,0
0.000695,0.75,1,1
0.0448383838383838,1.0,0,1
0.5485397435897437,0.0332999779892207,1,3
0.2955232323232323,0.6406467475139082,0,1
0.5314651515151515,0.4605917119069062,0,0
0.0069444444444444,0.1016421192653072,0,0
0.8600166666666667,0.0763643561225127,1,3
0.7673472222222222,0.03765531271409,1,3
1.059785632183908,0.0353423831202789,0,3
0.7478951388888889,0.0480745710606678,0,3
0.9661777777777776,0.0630699471089164,1,3
0.8823833333333334,0.0429099076174313,1,3
0.5811375,0.0668567264693199,0,3
0.2237114942528735,0.0489894479258866,0,0
0.6491766666666666,0.0743357487064085,0,3
0.0534625,0.824584737065925,0,1
0.0132916666666666,1.0,0,1
0.3622504444444444,5.0,0,2
0.00585,1.0,1,1
0.890825,0.0611695865101279,0,3
0.0050388888888888,0.5,0,1
0.0649206666666666,1.0024322909158667,1,1
0.3717896825396825,0.0477006324655949,0,0
0.0258373333333333,0.5564334223840841,0,1
0.4349349206349206,0.0420024010813693,0,0
0.11597734375,0.0914016592770729,0,0
0.0185583333333333,0.5327488288139891,0,1
0.0119047619047619,0.0,1,0
0.0695316666666666,0.6315549694650573,0,1
0.0111239583333333,0.8598444045481747,0,1
0.4475666666666666,0.0533953268270267,0,0
0.0019288888888888,0.1016421192653072,0,0
0.0023609523809523,1.000820205776033,0,1
0.7556037634408602,0.0363451637960061,1,3
0.1711111111111111,0.3217942701093813,0,0
0.98108125,0.0520003257508487,0,3
0.34443,0.0937962859149194,0,0
0.1340266666666666,1.0006848969095834,0,1
0.969826388888889,0.0429328018596822,0,3
0.3010666666666667,0.0560340758233379,0,0
0.4283566666666666,0.0499723481571195,1,0
0.0480833333333333,1.0,0,1
0.6000583333333332,0.0258049737390149,1,3
0.6618941666666667,0.1259069667009514,0,3
0.9311,0.0385903234616998,0,3
0.1764694444444444,0.4407653145155037,0,0
0.4014333333333333,0.1616560526914399,0,0
0.0187388888888888,1.0,1,1
0.0065989583333333,0.5,0,1
0.30422,0.0625766762021038,0,0
0.8475083333333333,0.064456145899128,0,3
0.1538375,0.5517770027013127,0,1
0.2703114285714286,0.0904071081802675,0,0
0.0005927083333333,0.5,1,1
0.0394680555555555,0.3926730668047337,0,0
0.1053733333333333,0.1174763473622056,1,0
0.73715,0.0386320924664092,0,3
0.4147555555555555,0.4206119229946788,0,0
0.3680583333333334,0.1866670497246316,0,0
0.7381194444444444,0.0399669502142735,0,3
0.3528671875,0.0472273295749032,0,0
0.0424928961748633,0.8267829216943852,0,1
0.6747571428571428,0.0292474778166369,0,3
0.5679138888888889,0.3886593212249635,0,3
0.019725,1.0,0,1
0.3341933333333333,0.0126971921527399,1,0
0.4906620370370371,0.1280348986272269,0,0
0.6508166666666667,0.0885774215566886,1,3
0.5897188888888889,0.036365316324725,0,3
0.1711458333333333,0.1016421192653072,0,0
0.8616583333333334,0.1608878379896136,1,3
0.975551,0.0239016003052597,1,3
0.7534541666666666,0.0382373861259071,0,3
0.60472,0.0770640173350138,0,3
0.2486205128205128,0.0553824668038573,1,0
0.4837079710144927,0.0509725761010777,0,0
0.1122722222222222,1.0011903517384928,0,1
0.0033241666666666,1.0,1,1
0.0083041666666666,0.1016421192653072,0,0
0.97815,0.0596142505624354,1,3
0.20775,0.0805269643918706,1,0
0.9582916666666668,0.0869010023508856,0,3
0.8184928571428571,0.0314137507668207,0,3
0.4563320512820513,0.0339305633320181,0,0
0.1742833333333333,0.5577683744853731,0,1
0.9915583333333332,0.0391191136224692,1,3
0.4329173076923077,0.0428986608835309,1,0
0.6036934782608696,0.039984355637985,0,3
0.0483573333333333,1.0053028006227969,0,1
0.0151243589743589,1.0,0,1
0.9215791666666666,0.0422781139569867,0,3
0.0010358333333333,0.1016421192653072,0,0
0.0067148148148148,1.0,0,1
0.6312388888888889,0.437580442847398,0,3
0.1714210144927536,0.2562909976109067,0,0
0.1815383333333333,0.1484110411246113,0,0
0.9852635416666666,0.0440192678435235,0,3
0.000684,1.0,0,1
0.067925,0.287501864341144,0,0
0.2995416666666666,0.0440329044533817,1,0
0.1950461111111111,0.0521401686126979,0,0
0.0220476744186046,0.9327439316411664,0,1
0.568365,0.3396863078125272,1,3
0.4152458333333333,0.5123135173772106,0,0
0.4768633333333333,0.1383894908016534,0,0
0.4319,0.1200724636978693,1,0
0.3185703125,0.0401900733941545,0,0
0.0442109523809523,0.8033527541389919,0,1
0.9300440476190476,0.0405152958648796,0,3
0.1042013333333333,0.032241521342353,0,0
0.1820474358974359,0.260679641523852,0,0
0.8840016260162602,0.0386928716005558,1,3
0.603675,0.0417526132480097,0,3
0.7002566666666667,0.0432839953083933,1,3
0.6969,0.0610877536078348,1,3
0.8586833333333334,0.0530772602093894,0,3
0.9805452380952382,0.0395705910866364,0,3
0.7533159090909091,0.0400161181288427,0,3
0.8331033333333333,0.03960223967124,1,3
0.7569555555555556,0.0483845001926965,1,3
0.1556477272727272,0.1005951085481788,0,0
0.7707642857142857,0.0638318754320251,0,3
0.2289955555555555,0.290791365480428,0,0
0.0137925287356321,1.0029249793594652,0,1
0.0980833333333333,0.4065237965872058,0,0
0.7759666666666667,0.0532872871167656,1,3
0.2689703703703703,0.0481664868937962,0,0
0.7771783333333333,0.0406694783103482,0,3
0.0700440476190476,0.0640142080395567,0,0
0.1985074074074074,0.0850352098298469,0,0
0.0009148148148148,1.0,1,1
0.4252555555555555,0.0857956593506501,0,0
0.8170575757575758,0.0389301982158229,1,3
0.2425477777777777,0.0507844491611983,0,0
1.1578527777777778,0.0848125910569549,0,3
0.0116433333333333,1.0006008171112712,0,1
0.1427119047619047,0.2898889280634636,0,0
0.1782294871794871,0.7302668496005181,0,1
0.0680777777777777,1.4276098552197105,0,1
0.0793,0.0,1,0
0.2626651515151515,0.0641951271104756,0,0
0.9244766666666668,0.0472669651043176,1,3
0.2888444444444444,0.1652231697675097,0,0
0.2545357142857143,0.1360206603453455,0,0
0.1397895061728395,0.0397772223245607,0,0
0.7183208333333333,0.0419901709193245,0,3
0.2206487179487179,0.0475212568569152,0,0
0.4954193181818181,0.1286698816152704,0,0
0.5810888888888889,0.065205444267091,1,3
0.3592416666666667,0.041414120465293,0,0
0.8564466666666667,0.0440559782682827,0,3
0.0105441666666666,0.7132946877032162,0,1
0.0146384615384615,5.0,0,2
0.04624,0.8,0,1
0.4701722222222222,0.0521879031228144,1,0
0.11775,1.0,0,1
0.9956011904761904,0.0447455275852479,0,3
0.547225,0.086781565321745,0,3
0.3622166666666666,0.100618634104422,1,0
0.6565416666666667,0.0433672894688817,0,3
0.2329971014492753,0.1240827627983132,0,0
0.5781380952380952,0.0372160504333908,0,3
0.2090020833333333,0.0486910195128382,0,0
0.062712037037037,0.0718976015248081,0,0
0.7669545454545454,0.0388060965723419,0,3
0.0078426666666666,0.7791315158073736,0,1
0.1832136666666666,0.0553223312917906,1,0
0.0991752873563218,0.363334605383775,0,0
0.9614333333333334,0.058888797758138,0,3
0.84305,0.0717087631247822,1,3
0.7652833333333333,0.0781027094089305,0,3
0.6590066666666667,0.0908316774160981,1,3
0.4693666666666667,0.1044974680755728,0,0
0.9318215277777776,0.0820934949743451,0,3
0.5198861111111112,0.2387797074152799,0,0
0.00901875,1.0,0,1
0.4055233333333333,0.5491770068244597,0,0
0.3699805555555555,0.0645326560113895,0,0
0.0088694444444444,1.0008556674800813,0,1
0.0183377777777777,1.000384245917387,0,1
0.0525807692307692,0.3939060798807869,0,0
0.2196583333333333,0.5592715690347597,0,0
0.4930433333333333,0.073907617161263,0,0
1.0084833333333334,0.0472170448217892,0,3
0.020097619047619,1.0159439506294097,0,1
0.7595583333333333,0.4087404478012246,0,3
0.24484,0.0936195820967138,0,0
0.1713333333333333,0.1016421192653072,1,0
0.0179065891472868,1.0019417475728154,0,1
0.2598541666666666,0.0597261979776376,0,0
0.8789712121212121,0.0366491279347483,1,3
0.083725,1.0,0,1
0.346152380952381,0.1491737203855696,0,0
0.362475,0.6160280490859004,0,0
0.6488703703703704,0.0404742119607441,0,3
0.07029375,0.7322928163023418,0,1
0.012675,1.0002929427430094,0,1
0.939711111111111,0.0440240458849037,0,3
0.6252270833333333,0.1021045969036681,0,3
0.4731466666666666,0.0869089777262775,0,0
0.07302,0.1131020540296839,0,0
0.8056416666666667,0.0335228436856223,1,3
0.3506833333333333,0.1799045320912765,1,0
0.006546875,1.0,0,1
0.9683666666666666,0.0633051646284658,0,3
0.9572602564102564,0.0420429038311824,0,3
0.7278166666666667,0.4213191295882141,0,3
0.125951282051282,0.845063105146795,0,1
0.131524074074074,0.0529966872606437,0,0
0.8438108974358974,0.1332843424283965,0,3
0.0057880952380952,1.0,0,1
0.0289425,1.0,0,1
0.0018055555555555,1.5,0,1
0.1375311111111111,0.2178478402914445,0,0
0.004208,1.0,0,1
0.8192285714285714,0.0239660609768801,0,3
0.6848194444444444,0.0415363744080691,0,3
0.920175,0.8165675880985435,0,3
0.0042847222222222,0.1016421192653072,0,0
0.2614934782608695,0.0363038796938691,0,0
0.0027226666666666,0.6,1,1
0.7006875968992249,0.0378319335158703,1,3
0.4813807017543859,0.0431693835943441,0,0
0.0020822916666666,1.0,0,1
0.5917583333333334,0.033816171861723,1,3
0.762544,0.0495274495368295,0,3
0.9323166666666666,0.0649711146917708,0,3
0.3478638888888888,0.051496607996107,1,0
0.0623783333333333,1.0050516252860575,0,1
0.51771,0.0485758045953203,0,0
0.2294444444444444,0.1016421192653072,0,0
0.5191507936507936,0.037382781535672,0,0
0.0503,1.0,1,1
0.0042738095238095,1.0,0,1
0.0777320512820512,0.0850530865285193,0,0
2.636556666666667,0.0316941495689506,1,3
0.0076520833333333,0.7484737484737485,0,1
0.5747928571428571,0.0664100062222566,0,3
0.0603863095238095,1.0049504867207757,0,1
0.5134166666666666,0.0450874690000705,0,0
0.8176416666666667,0.0549352784819663,0,3
0.6559566666666667,0.0483538184948301,1,3
0.0057326388888888,0.7523054235840496,0,1
0.0151108333333333,0.667323696890057,0,1
0.93515,0.618076197180219,1,3
0.5048322222222222,0.048162844426635,1,0
0.0573923076923076,0.3005438519931267,0,0
0.5852866666666666,0.0469106217592176,0,3
0.0106345238095238,1.0,0,1
0.00845,0.8039999999999999,0,1
0.581075,0.0379977683139342,0,3
0.9265916666666666,0.0601614857213879,0,3
0.2120633333333333,0.1105539502551871,0,0
0.1713333333333333,0.1016421192653072,0,0
0.2652233333333333,0.0715834415014412,0,0
0.9571277777777776,0.0572067630555577,0,3
0.0156440476190476,1.0510020614160382,0,1
0.8834104166666666,0.0437524464928508,1,3
0.0422296296296296,1.857415322112804,0,1
0.7055157407407407,0.0418525277843346,0,3
0.2880289855072463,0.0395965456630957,0,0
0.71759375,0.0497073741027951,0,3
0.1095833333333333,1.003266184768001,0,1
0.5276952380952381,0.0371701906119682,0,3
0.1319434782608695,0.0435356077978804,0,0
0.9629444444444444,0.0318012028745525,0,3
0.6180205128205128,0.0494564389459668,0,3
0.0025833333333333,0.25,1,0
0.0285514814814814,1.0003511852502194,0,1
0.7338023809523809,0.1227771135076485,1,3
0.4682619047619047,0.0582774820513884,0,0
0.9817916666666668,0.042368424008409,1,3
0.0321491666666666,1.163933582329501,0,1
0.2391412698412698,0.0530658847997165,0,0
0.4842966666666666,0.0497384616118064,0,0
0.9070733333333332,0.1935735738279472,0,3
0.0015277777777777,0.5172413793103449,0,1
0.0150321428571428,1.0029270963006989,0,1
0.93623,0.0414432252402444,0,3
0.8602591666666667,0.0420159450948645,1,3
0.8295138888888889,0.0353274212165545,0,3
0.1059977777777777,1.0040857605177993,0,1
0.1853029166666666,0.2853122209033848,0,0
0.3207222222222222,0.1618122977346278,0,0
0.3010666666666666,0.0488091988829242,0,0
0.0060065476190476,1.0,0,1
0.7941314102564102,0.0616152900174933,0,3
0.8238455555555555,0.0272618603200839,1,3
0.03517,1.0029572302707124,0,1
0.933854761904762,0.0411282765856273,0,3
0.1851591666666666,0.1299913025525599,0,0
0.0190166666666666,1.0,1,1
0.159160119047619,0.0479742270814552,0,0
0.6931464912280703,0.0369469094558777,0,3
0.4288166666666667,0.082574509624366,1,0
0.064625,1.0,0,1
0.0001388888888888,1.0,0,1
0.0166666666666666,1.0,1,1
0.0147071428571428,0.808396527090889,0,1
0.105,0.0,1,0
0.7193852564102564,0.0399767104091067,0,3
0.0001123655913978,1.0,0,1
0.0153045454545454,1.0,0,1
0.1773224637681159,0.1096755863556313,0,0
0.38063,0.1021880269824083,0,0
0.2684266666666667,0.0832566433815983,0,0
0.1330766666666666,0.0675983455676118,0,0
0.852084375,0.0388630212658244,1,3
0.5604138888888889,0.0380116594610337,0,3
0.0083402777777777,1.0,1,1
0.0565772727272727,0.8148561768806906,0,1
0.4317083333333333,0.0902655284410873,0,0
0.0196756944444444,1.0,0,1
0.6122533333333333,0.0403391998996498,0,3
0.5266607142857143,0.0435698829246014,0,3
0.8593696428571429,0.0294555423031102,0,3
0.0449016666666666,0.6926644317873002,0,1
1.048266666666667,0.0167385693246662,0,3
0.0572287878787878,0.8768160483062892,0,1
0.7548787878787879,0.042716627021943,0,3
0.9185591666666668,0.0443467084145813,0,3
0.5461490740740741,0.0694640842391257,1,3
0.1006475308641975,1.0,0,1
0.0639789215686274,0.7661283251525794,0,1
0.286275,0.1110268064954208,0,0
0.80386,0.0436427216406299,0,3
0.04259375,1.0749501996520736,0,1
0.036595,0.1037333925428273,0,0
0.906225641025641,0.0401065413525416,1,3
0.1120487179487179,0.3490344467640918,1,0
0.2184438888888888,0.0544093543704681,0,0
0.0902768518518518,0.0911703357869154,1,0
0.047415873015873,0.6120340040555295,0,1
0.12946,0.1581260214192351,0,0
0.0003144444444444,1.0,0,1
0.8455166666666667,0.0544100546020407,0,3
0.8368488888888889,0.0830127018757744,1,3
0.0593111111111111,1.0,0,1
0.370961574074074,0.3249710602781744,0,0
0.1249709876543209,0.6241127122041703,0,1
0.0488520833333333,1.2518796992481205,0,1
0.0087777777777777,0.4,1,0
0.5667578431372549,0.0644727484381894,0,3
0.0243983333333333,1.0010050251256282,0,1
0.0026711111111111,0.922204818613291,0,1
0.2577416666666666,0.1865251229463756,0,0
0.7826074074074074,0.0808809460237245,0,3
0.2243088235294117,0.095562360969769,0,0
0.019722619047619,1.0048681714981744,0,1
0.0112075,1.0,0,1
0.2614851851851852,1.7352156350297918,0,1
0.2017253623188405,0.0376465628490134,0,0
0.3358,0.5830856968682079,0,0
0.757375,0.0426672497832334,0,3
0.5715266666666666,0.0962352127273252,0,3
0.0101729166666666,1.0,0,1
0.8898,0.0775036008719964,0,3
0.4797902777777778,0.0462508668204808,1,0
0.8568666666666667,0.0477094372408937,1,3
0.0518530303030303,1.0,1,1
0.8058016666666667,0.0456964130962223,0,3
0.0119609195402298,0.6666666666666666,0,1
0.0132880952380952,0.8005239966654758,1,1
0.075071875,1.0129033606750957,0,1
0.6266611111111111,0.0499895664199588,0,3
0.9629055555555556,0.0493840949808772,0,3
0.0113488888888888,1.0,0,1
0.15667,0.2648895862337656,0,0
0.9202533333333331,0.032905417660976,0,3
0.0127714814814814,1.002021059828858,0,1
0.4465363095238095,0.0331445731345584,1,0
1.0117777777777777,0.0473167036926983,0,3
0.2134433333333333,0.9564772442024368,0,1
0.372235,0.0391108445160697,0,0
0.4388630952380952,0.1101104131265975,0,0
0.2817020833333333,0.0412093320679685,0,0
0.1597958333333333,0.3704744570328082,1,0
0.892311111111111,0.0768356468139444,1,3
0.2985066666666667,0.6108870873536901,0,0
0.42204,0.0589200171150406,1,0
0.7861691666666667,0.05057505094815,1,3
0.0132566666666666,1.0,0,1
0.5786166666666667,0.0576231211656752,0,3
0.4868429166666666,0.0402008022722803,0,0
0.1039475,1.0031090208858515,0,1
0.1300125,0.1048147534960137,0,0
0.0153488888888888,1.4,0,1
0.1283083333333333,0.0395694840139284,0,0
0.2975261904761904,0.084275040949887,0,0
0.0007333333333333,1.004530557162136,0,1
0.86585,0.0377734038997104,0,3
0.3367166666666666,0.0547619370983052,1,0
0.0092691666666666,1.002627430373095,0,1
0.78436,0.0426388534825162,0,3
0.7512321428571429,0.043226514376198,0,3
0.6661466666666667,0.0430325302112024,0,3
0.0194104166666666,0.6520400857722599,0,1
0.7571,0.1099860132251588,1,3
0.50873,0.0590168467245914,0,0
0.6023950980392158,0.0545575899816499,1,3
0.3161720238095238,0.0424604928764936,0,0
0.2075114035087719,0.0880986336551367,0,0
0.51585,0.1608855678971409,0,0
0.0111,1.0,0,1
0.8295270833333334,0.0456731111169676,0,3
0.5838242424242424,0.0428756521478083,0,3
0.0335483333333333,1.0114881469317576,0,1
0.0228333333333333,1.0,0,1
0.8721,0.0688130339129817,0,3
0.91873125,0.0392741555316172,1,3
1.073292666666667,0.0430915526611153,0,3
0.7924953333333333,0.0388601681463306,0,3
0.4438572916666667,0.0805784847976616,0,0
0.0497908333333333,0.5850797113949155,0,1
0.6058904761904762,0.0381851143744047,0,3
0.82084,0.035556814502549,0,3
0.0546895833333333,1.0,0,1
0.0583727777777777,0.8156223783209384,0,1
0.8218583333333332,0.1762307311559353,1,3
1.0128373737373737,0.0368483291227727,0,3
1.1433938596491229,0.0358503804106473,0,3
0.0033310077519379,1.0018212862834377,0,1
0.9785402777777776,0.0437931867495737,0,3
0.0001615384615384,0.1016421192653072,0,0
0.9882166666666669,0.0387907930086607,0,3
0.0561388888888888,0.1016421192653072,0,0
0.0263387096774193,1.0437636761487965,0,1
0.0611333333333333,0.6982553528945281,1,1
0.0826208333333333,0.0840280820205318,0,0
0.4186783333333334,0.0384799100494425,0,0
0.1680897435897436,0.4244513506382567,0,0
0.2793133333333333,0.0498198778438835,0,0
0.0142902777777777,0.648876404494382,0,1
0.216072619047619,0.8040052962595168,0,1
0.3424666666666666,0.5484261501210653,0,0
0.6056141025641025,0.0381056650295121,0,3
0.9435333333333334,0.2099316077814803,0,3
0.2020666666666666,0.8120357797542264,0,1
0.1137444444444444,0.0872888069410481,0,0
0.4761297101449275,0.138793511278264,0,0
0.4071916666666667,0.2770168988987082,0,0
0.2168722222222222,0.0563425786695791,0,0
0.3187510638297872,0.2885626331569798,0,0
0.250137037037037,0.0385629130068802,0,0
0.0276379629629629,0.8,0,1
0.9914541666666666,0.036410970129509,1,3
0.8917866666666667,0.0744040243104509,0,3
0.859275,0.0553971200366162,1,3
0.0083267857142857,1.0016902274124155,0,1
0.2365392156862745,0.0463224979949358,0,0
0.2488142857142857,0.0457513272622523,0,0
0.5547,0.0524052096903057,1,3
0.8096245614035087,0.0385675565173702,0,3
0.0014911764705882,0.1016421192653072,0,0
0.6625,0.0631575235899492,0,3
0.2664555555555555,0.217295134558696,0,0
0.0040583333333333,1.0,0,1
0.7495,0.0400492297149743,0,3
0.9387966666666668,0.0509669813865844,1,3
0.0512401515151515,0.766675503013845,0,1
0.6725555555555556,0.0390425076789732,1,3
0.0094743333333333,1.005005901639504,0,1
0.3217633333333333,0.0474750200621227,0,0
0.45445,0.1467158566933288,0,0
0.9534833333333332,0.0443118041970209,0,3
0.6075416666666666,0.0532908965848887,0,3
0.9567972222222224,0.041576083747491,0,3
0.9486466666666667,0.0492140300339456,0,3
0.0011574074074074,0.1016421192653072,1,0
0.9704308333333332,0.0466227452432366,0,3
0.003605,1.0,0,1
0.06993125,1.0,1,1
0.5264537037037037,0.0740642169162765,0,3
0.0055861111111111,0.410178117048346,0,0
0.0497323529411764,1.0,0,1
0.2879266666666666,0.2280868990753692,0,0
0.7201208333333333,0.0387755763587416,1,3
0.02795,0.8004976825695513,1,1
0.0216837962962962,1.3309262715754282,0,1
0.1933016666666666,0.0516201237684251,0,0
0.0721966666666666,0.3026970869937401,0,0
0.0068627450980392,0.8333333333333334,0,1
0.7948875,0.0493836018420209,0,3
0.1176743589743589,0.1095804154248388,0,0
0.0300944444444444,0.802929252566971,0,1
0.1325423611111111,1.006612451380117,0,1
0.0068264705882352,1.000909090909091,0,1
0.0020990196078431,1.0,0,1
0.2484229166666666,0.1480653576429675,0,0
0.9754041666666666,0.0356081506255101,1,3
0.9889822222222224,0.0376777254322843,0,3
0.8254333333333334,0.0419066681041019,1,3
0.688425,0.0366312481938733,0,3
0.0223398148148148,0.856191350393388,1,1
0.002563440860215,3.516034663575647,0,2
1.1515104166666663,0.037667089824518,0,3
0.0968922222222222,1.002516322301609,0,1
0.24,0.0,1,0
0.5665277777777777,0.0515620776069206,0,3
0.9129583333333334,0.053885844285864,1,3
0.1207575757575757,0.3311852103208857,0,0
0.3388307692307692,0.0449775112443778,0,0
0.5089333333333333,0.0486434906746507,0,0
0.82695,0.0291109150348841,0,3
0.8301512820512821,0.038498724369911,0,3
1.7863357142857144,0.0381386755641963,0,3
0.468975,0.0430205123130996,0,0
0.06128,0.1778196102796355,1,0
0.6973325757575757,0.0282892638177386,0,3
0.71867,0.0345489703255089,0,3
0.0270648148148148,1.0051867126322516,0,1
0.0438592592592592,1.0014786392219728,0,1
0.3968345238095238,0.0396807464324602,0,0
0.66334,0.0535703307515994,0,3
0.1829866666666667,0.0858225426010106,0,0
0.2534212962962963,0.0483569590650752,0,0
0.8076895833333333,0.0412950823596763,0,3
0.3292133333333333,0.0907595903770914,0,0
0.2783333333333333,0.0246308191514652,0,0
0.880075,0.0398659182557586,0,3
0.0645916666666666,0.6964769647696476,0,1
0.0011083333333333,1.0,0,1
0.9439898148148148,0.031346788673211,1,3
0.4204916666666667,0.7340040927925604,0,1
0.0898064516129032,0.0680676721946389,1,0
0.8280566666666667,0.0507174547789431,1,3
0.0806457264957264,0.1591163954483755,0,0
0.0312666666666666,1.0,1,1
0.0173333333333333,0.6,0,1
0.1273458333333333,0.1146319914544704,0,0
0.0032263888888888,1.0024764150943395,0,1
0.058225641025641,1.0099374154262517,0,1
0.2891666666666666,0.4882959143057655,0,0
0.0203794871794871,0.4764434921413745,0,1
0.619605,0.0492493296376538,0,3
0.4955,0.5799963012532463,0,0
0.0909384057971014,0.2239951350236933,1,0
0.45836,0.0627754986833406,0,0
0.75536,0.0216028462435937,0,3
0.8410208333333333,0.0441668417705782,0,3
0.7754566666666667,0.0337845679835756,0,3
0.6612833333333333,0.0290651267258382,1,3
0.0190195238095238,0.4585375136274586,0,0
0.94745,0.0576709902478874,0,3
0.0006814814814814,1.0,0,1
0.915430303030303,0.0466499766410159,0,3
0.0064929487179487,1.0120950323974085,1,1
0.0451191666666666,1.000381805016128,0,1
0.0861005376344086,0.0535567114430436,0,0
0.0008,1.0,1,1
0.0902055555555555,0.3194980651636473,0,0
0.7837066666666667,0.0437305523126495,1,3
0.5365346153846153,0.0359624330112298,1,3
0.00579,0.9476396140425464,0,1
0.62689,0.0400387387569243,1,3
0.2562833333333333,0.1262871001720678,0,0
0.3364316666666666,0.0438648876496251,0,0
0.006825,1.2,0,1
0.945025,0.1257738332257513,0,3
0.814675,0.0388719703643036,0,3
0.0069333333333333,0.8173076923076923,0,1
0.0010571428571428,1.5050505050505052,0,1
0.5037233333333334,0.0753245482421523,0,0
0.7397305555555556,0.0389001604320696,0,3
0.6335650537634409,0.0299752186691646,0,3
0.7691066666666667,0.0568680037588749,0,3
0.62486,0.0327734854491972,0,3
0.8295866666666666,0.0410063142349092,1,3
0.017488768115942,1.0010832250108324,1,1
0.4053216666666666,0.0483193939471153,0,0
0.7789433333333333,0.0379756661254337,1,3
0.6411333333333333,0.091040524437484,0,3
0.1474539215686274,0.0668388055030522,0,0
0.0838685185185185,0.1146492750959728,0,0
0.9782136363636365,0.03899798479603,0,3
0.0089777777777777,1.0350327013348029,0,1
0.0052083333333333,0.0,1,0
0.0388481481481481,1.0011846761686924,0,1
0.9047555555555556,0.0834295785636102,0,3
0.0505766666666666,0.2331845141169994,0,0
0.76875,0.0446182131001452,1,3
0.0544208333333333,1.0,0,1
0.0135236111111111,0.9608867037563904,0,1
0.0678166666666666,0.3658780525442284,0,0
0.8401472222222223,0.0380482649596457,0,3
0.9106694539388022,0.0330216964374435,1,3
0.2653204545454545,0.1930021815265601,0,0
0.1566628787878788,0.0529628681197404,0,0
0.84724,0.0316999539017304,1,3
0.0782138888888888,0.5778845772096438,0,1
0.2889033333333333,0.0761229352436803,0,0
0.5816333333333333,0.0476167156112157,0,3
0.6012466666666666,0.0352835008985041,1,3
0.2519777777777777,0.3432984759364793,1,0
0.0009060975609756,1.0,0,1
0.9028380952380952,0.0356373784392337,0,3
0.74604,0.0406235876846871,1,3
0.83237,0.0415363250483458,0,3
0.8312206349206349,0.0381416507033093,0,3
0.0031558333333333,0.8,0,1
0.0133708333333333,1.0,1,1
0.0118111111111111,1.0,0,1
0.0257166666666666,1.0007779484411974,0,1
1.0162733333333334,0.041563882606316,1,3
0.021766,1.630685144393781,0,1
0.0372410256410256,0.6259412700733521,0,1
0.047501,0.7900282720806044,0,1
0.3979706349206349,0.0456551099631128,0,0
0.4422878787878788,0.4646098444168542,0,0
0.4022,0.0505779523369946,0,0
0.0087422222222222,1.0002553346708007,0,1
0.6912833333333334,0.0545911786114263,0,3
0.4708460317460318,0.0501052540387083,1,0
0.845725,0.1014276280225355,1,3
0.2393763440860215,0.041512796147589,0,0
0.77535,0.0690524723642299,1,3
0.490201282051282,0.0384350214523019,0,0
0.0337642857142857,1.00083857442348,0,1
0.0673925,0.1222022444255084,0,0
0.4906326388888888,0.0861674124496041,1,0
0.9001371212121212,0.0390120161655043,1,3
0.6229833333333333,0.1326467022443099,0,3
0.3866259259259259,0.0327318292561947,1,0
0.5838182795698924,0.041189487641137,0,3
1.03592,0.0359459747477934,0,3
0.2966896825396825,0.0843471681114406,0,0
0.0069384615384615,0.9054347244012508,0,1
0.8844388888888889,0.064252111148353,0,3
0.1514538194444444,0.0361592451254972,0,0
0.0264638888888888,1.0000621697233447,0,1
0.5934378787878788,0.037688280451015,0,3
0.3898833333333333,0.1412929500634517,0,0
0.0892823809523809,1.0018314279090483,0,1
0.1821583333333333,0.8,1,1
0.4194,0.0796070917162208,0,0
0.0499239583333333,0.4070451200047455,0,0
0.1029409090909091,1.0,0,1
0.0303922480620155,0.608623270850155,0,1
0.12335,1.002423128342246,0,1
0.3935638888888889,0.0641310305957646,0,0
0.0548719298245614,1.0,0,1
0.3374685185185185,0.061665443049216,0,0
0.3718179487179487,0.038557321978016,0,0
0.9930366666666668,0.0315493313397892,1,3
0.0044496666666666,1.0,0,1
0.60930625,0.0499129202141003,0,3
0.3722115942028985,0.0401603392225152,1,0
0.2840296296296296,0.5973978285390642,0,0
0.0017666666666666,0.1016421192653072,0,0
0.0150726666666666,1.0000928289626363,0,1
0.587947619047619,0.0436368441633974,0,3
0.005557738095238,0.6465840299798213,0,1
0.8186333333333333,0.0374614731719436,0,3
0.0547645833333333,0.4433994634096786,0,0
0.0526492424242424,0.3563799766106775,0,0
0.9795125,0.0328295559165213,0,3
0.2393430555555555,0.0354174588870871,0,0
0.3113047619047618,0.1339622495395285,0,0
0.00470375,1.0,0,1
0.00158,1.0,1,1
0.0055263333333333,1.0,0,1
0.6923005952380952,0.0449756170480942,0,3
0.8978416666666666,0.0594147178990711,1,3
0.1490711111111111,0.0834791018514544,0,0
0.3784555555555555,0.1973657205292259,0,0
0.004625,1.0,0,1
0.2930376666666667,0.1403379533444277,0,0
0.7820857142857143,0.1034652739920244,0,3
0.7800222222222223,0.0447342139824444,0,3
0.4546133333333333,0.0756089012173782,0,0
0.2622185185185185,0.2592789605363632,0,0
1.001392156862745,0.0388961341260529,0,3
0.0042564814814814,1.0,0,1
0.5514833333333333,0.0567159455170904,0,3
0.1664888888888889,0.7083172361720546,0,1
0.67408125,0.0435392861517328,0,3
0.4589805555555555,0.0859047823434754,1,0
0.4098666666666667,0.8004744958481613,0,1
0.1855731481481481,1.001796407185629,0,1
0.7030190476190477,0.0401111768478581,0,3
0.0041057971014492,0.8,0,1
1.0000166666666666,0.0422115625141827,1,3
0.76863,0.0508698794267251,1,3
0.0171691666666666,0.25,0,0
0.0383384259259259,1.0,0,1
0.0919416666666666,1.0,1,1
0.0024416666666666,1.0,0,1
0.0256777777777777,0.9102564102564102,1,1
0.012215,0.0,1,0
0.5916633333333333,0.0419227203491808,0,3
0.0333916666666666,0.7837715934850544,0,1
0.6155111111111111,0.0651844257190681,0,3
0.0252484848484848,0.6140804213634341,0,1
0.0231794117647058,0.75,1,1
0.1295614583333333,0.0740317009320638,0,0
0.0612322916666666,0.3789573124586986,0,0
0.2095679012345679,1.067866900376951,0,1
0.3072560606060606,0.2057312509704073,0,0
0.3439325757575758,0.0410300276546436,0,0
0.0352847826086956,1.0005827263267428,0,1
0.8990384615384616,0.039452551129899,0,3
0.208910606060606,0.1423102926791067,0,0
0.8498733333333333,0.0384493385786233,1,3
0.0991656666666666,0.9077799408147408,0,1
0.0022037037037037,1.0,0,1
0.7798305555555556,0.0605837786673149,0,3
0.0368035714285714,1.0,0,1
0.0046775,0.8713692946058093,0,1
0.62502,0.0872481260216001,0,3
0.1617388888888888,1.192968390589375,0,1
0.2619466666666666,0.0983353916181094,0,0
0.1709195652173913,0.0507778689671574,0,0
0.4240811111111111,0.0490601631697511,0,0
0.4027277777777778,0.0765106099924416,0,0
0.0258675,1.0059148998660754,0,1
0.9341416666666668,0.0445281505048613,0,3
0.67502,0.028648650979876,1,3
0.5474454022988505,0.0409487540773932,0,3
0.52838,0.058794999836776,0,3
0.2836388888888889,0.0440897390709596,0,0
0.9875777777777778,0.0522459776009396,0,3
0.0322020833333333,0.1627571138075284,0,0
0.5539711111111112,0.0566100987415262,0,3
0.0532923611111111,1.0,0,1
0.4049685185185185,0.0404684799950433,0,0
0.28485,0.1067364504827074,1,0
0.0665587301587301,1.0175637547096508,0,1
1.1738050724637683,0.0710958484072116,0,3
0.965425,0.0319917794245777,1,3
0.5150354166666667,0.0750693932303238,1,0
0.0854101851851851,0.4089241551368294,0,0
0.0993983333333333,0.0557768686456725,0,0
0.7869736111111111,0.0361182117113787,0,3
0.6474066666666667,0.0362900062606586,0,3
0.0077133333333333,1.0005807622504537,0,1
0.2554833333333333,0.0596848933178828,0,0
0.0352260416666666,0.75,0,1
0.8191038461538461,0.0542620770401982,1,3
0.5263782051282052,0.0418741920307997,1,3
0.0029597222222222,1.0,0,1
0.8756882352941177,0.0410874327421953,0,3
0.0042151515151515,0.8,1,1
0.0265074074074074,0.6036560367543984,0,1
0.3953814814814815,0.0395350680854395,0,0
0.9009166666666666,0.0686005244457059,0,3
0.0251875,1.0,0,1
0.08779,0.7322777574071861,0,1
0.532162962962963,0.0399168840076774,1,3
0.6555666666666667,0.1873341208635808,0,3
0.912081313131313,0.0392239925098586,0,3
0.9723166666666666,0.0612260604275322,0,3
0.0192216666666666,1.067554032529728,0,1
0.7691166666666667,0.1100997006763477,0,3
0.0011574074074074,0.1016421192653072,1,0
0.0509291666666666,0.3692894072061889,0,0
0.9786566666666668,0.0431100565345971,0,3
0.7470716666666667,0.0405728100238884,0,3
0.372512037037037,0.0527886292138784,0,0
0.0226666666666666,0.7564102564102564,0,1
0.4322409722222222,0.0360376306708878,1,0
0.0057422619047619,1.0,0,1
0.0056102564102564,1.0029521088742288,0,1
0.2492484848484848,0.0385246287626173,0,0
0.8362666666666666,0.0125,0,3
0.0090182539682539,1.0,0,1
0.6495416666666667,0.008848512176054,1,3
0.1377111111111111,0.0851770703835904,0,0
0.38418,0.1189276640189226,1,0
0.9063083333333334,0.0671017136204762,1,3
0.8106270833333333,0.0405007771250055,0,3
0.4678277777777778,0.6213726512036235,0,0
0.3599388888888888,0.2432124227416078,0,0
0.9282666666666668,0.0753880499023774,1,3
1.1036666666666666,0.1031106016245318,1,3
0.981196153846154,0.0400048531253581,0,3
0.658175,0.0610656463044502,0,3
0.837161111111111,0.0528682692945535,0,3
0.0018939393939393,0.1016421192653072,0,0
0.4161615384615384,0.0565318836851331,0,0
0.8386441666666667,0.0477458485980335,0,3
0.0020375,1.0,0,1
0.9910638888888889,0.054292445955443,0,3
0.65856,0.2804379224621785,0,3
0.6005666666666667,0.040747065121991,0,3
0.5571365079365079,0.0870381581131202,0,3
0.7189083333333333,0.1012444769967346,0,3
0.803225,0.0777209823303781,0,3
0.174908,0.265599560748937,0,0
0.061236574074074,1.0065255727118985,0,1
0.4324111111111111,0.3551372034267497,0,0
0.6642166666666667,0.408012546462948,0,3
0.2895547619047618,0.055948115508276,1,0
0.7981966666666667,0.0310747974492989,0,3
0.2146883333333333,0.2552845440446702,0,0
0.2455916666666666,0.1945878898233173,0,0
0.0001555555555555,1.0,0,1
0.5146342342342342,0.0409913909798567,0,0
0.8012579710144928,0.0373263587859336,1,3
0.3823384615384615,0.0429676231959356,0,0
0.8167566666666667,0.0369188550332285,0,3
0.4234020833333333,0.4240609097568978,0,0
0.7894547619047619,0.0917051104780233,0,3
0.0473011737089201,0.0983173783380388,0,0
0.0085333333333333,1.0061812989305228,0,1
0.0343523809523809,1.0,0,1
0.0008455555555555,1.0035221424342256,0,1
0.2434125,0.105989621381968,1,0
0.921072435897436,0.0452632023089369,0,3
0.90048,0.0463077465003727,0,3
0.0594862745098039,1.007091373542048,0,1
0.0067494444444444,0.9275106082036776,0,1
0.44031,0.2190017654989507,0,0
0.0065217391304347,0.1016421192653072,0,0
0.1301541666666666,0.0444745750614731,0,0
0.9756083333333334,0.0674781866842885,1,3
0.0446208333333333,0.25,0,0
0.9381722222222224,0.0456492065025629,1,3
1.358630303030303,0.0365417824369545,0,3
0.3007533333333333,0.7125994799919982,0,1
0.7414083333333333,0.0814912786102512,0,3
0.0760114285714285,0.0471577488221592,0,0
0.3965206666666667,0.0450426361908834,0,0
0.6261886904761905,0.0434201450237874,0,3
0.1532291666666666,0.8159605596557782,1,1
0.0058820512820512,1.0000453411924737,0,1
0.1167051851851851,0.1112659799527381,1,0
0.0027076923076923,1.0,0,1
0.66475,0.0909655745549748,1,3
0.1253182539682539,0.8262508531527274,0,1
0.8803444444444444,0.0571937627477729,0,3
0.3549064102564102,0.4445973798867874,0,0
0.2422261574074074,0.0384940212680673,1,0
0.45065,0.0344992888959013,0,0
0.7605190476190477,0.4203380893009609,0,3
0.8263583333333334,0.0410561641999922,0,3
-0.0043841269841269,0.1016421192653072,0,0
0.009381884057971,0.6951461377870564,0,1
0.9863064102564102,0.0414478082695336,0,3
0.9750666666666666,0.0537164605339933,1,3
0.8417847222222222,0.049222378405976,1,3
0.9880066666666668,0.0374456330469396,0,3
0.0094369369369369,1.0057798709416228,0,1
0.9067444444444444,0.0565686532690615,0,3
0.79585,0.1999787005798469,0,3
0.86065,0.1338968946243029,0,3
0.0616305555555555,0.9521500101354644,0,1
0.00371875,0.6,0,1
0.4040768518518518,0.0391672100771497,0,0
0.01505625,1.0148535970814478,0,1
0.0788361111111111,0.2148403219823377,0,0
0.3599857142857143,0.1076581677562857,1,0
0.962725,0.0768667490154035,1,3
0.0096038461538461,0.0,1,0
0.002638768115942,1.0005265929436544,0,1
0.5334216666666667,0.0824477439953712,1,3
0.0162191666666666,0.4019157088122606,0,0
0.0258479166666666,0.877391111678347,0,1
0.8094354166666667,0.0397953678749669,0,3
0.93345,0.0529075140500432,0,3
0.8008133333333333,0.0410037379010942,0,3
0.8846166666666667,0.0068401278134765,1,3
0.1004266666666666,0.5889062687064694,0,1
0.0823866666666666,0.5463459276051218,0,1
0.0233424242424242,0.848313871273148,0,1
0.030526923076923,1.0,0,1
0.0259787878787878,1.00533401096871,0,1
0.7692083333333333,0.0686865556266361,0,3
0.2302896825396825,0.2265559871596061,0,0
0.0024578703703703,1.0006617038875103,0,1
0.0015983739837398,1.0,0,1
0.0005833333333333,1.0,0,1
0.7388591666666667,0.0372332045956236,0,3
0.6969866666666668,0.1408314860672045,0,3
0.3974933333333333,0.6046664322951723,0,0
0.0337294444444444,0.4982611174903699,1,1
0.4471552083333333,0.0598106099751999,1,0
0.8784104166666666,0.048492708286658,1,3
0.9770166666666666,0.0462022060046277,0,3
0.1309291666666666,1.0,0,1
0.0042416666666666,0.1016421192653072,1,0
0.8274888888888889,0.0585210531953535,1,3
0.4714566666666666,0.0363083336576307,0,0
1.4126666666666663,0.0579624854533208,0,3
0.4651729166666667,0.2451362149893607,0,0
0.7514863636363637,0.0447805366007543,0,3
0.5822733333333333,0.1083353507458278,0,3
0.96794,0.0344356380923634,1,3
0.2521790476190476,0.0419352272753098,0,0
1.0611866666666667,0.0404684838287756,1,3
0.8305530303030303,0.0407030326555615,0,3
0.7900066666666667,0.0464998359887999,0,3
0.01,0.0,1,0
0.8064268518518519,0.0393670416546179,0,3
0.7734714285714286,0.0342375587622389,0,3
0.7495433333333333,0.0648941039446698,1,3
0.0496643333333333,1.0,0,1
0.7245545454545455,0.1125646813387754,0,3
0.0430626436781609,0.2346491363800171,0,0
0.146285,0.7215395307338226,0,1
0.5544944444444444,0.037883222991907,0,3
0.973576388888889,0.0332943432339846,1,3
0.01491,1.0,0,1
0.9563597222222222,0.0321659514820599,1,3
0.1454583333333333,0.0541112338842469,0,0
0.3922058558558558,0.0870671702835169,0,0
0.5170370370370371,0.0767593016217137,0,0
0.4036694444444444,0.0224851262582538,1,0
0.7078066666666667,0.0444431600728754,0,3
0.9033157894736842,0.0371859304302955,0,3
0.8736166666666666,0.0696198158902103,0,3
0.3381259259259259,0.056938970270106,0,0
0.5105066666666667,0.0520190001785838,0,0
0.1010132352941176,0.4012126494940611,0,0
0.0233722222222222,1.0019587977034785,1,1
0.0064333333333333,0.6240526520015434,1,1
0.9323055555555556,0.0543649818821723,0,3
0.8862277777777777,0.0868090688513107,0,3
0.174336,1.0000925505241725,0,1
0.9005583333333333,0.0628859725052709,0,3
0.00115,0.9043478260869566,0,1
0.0519886363636363,0.3864014540969823,0,0
0.0089083333333333,1.000783699059561,1,1
0.9446818181818182,0.0382157658658646,0,3
0.07475,0.75,0,1
0.0035106666666666,0.5038271109326911,0,1
0.3012194444444445,0.0691584074764315,0,0
0.0229833333333333,1.0,0,1
8.846153846153847e-05,0.1016421192653072,0,0
0.0892963768115942,0.1720743427815561,0,0
0.9891666666666666,0.04371595793587,0,3
0.2154833333333333,0.8272514437334166,0,1
0.0618086021505376,0.3133973459773727,0,0
0.2261873333333333,0.0418086320533895,0,0
0.0594,0.2663563826956128,1,0
1.3822166666666666,0.0564731024823845,1,3
0.8357833333333334,0.0854699600393734,1,3
0.2079183333333333,0.0985306516356352,0,0
0.0203380952380952,1.0006226053639846,0,1
0.2016263157894736,0.0440134388714646,1,0
0.9695651515151515,0.0462782976986374,0,3
0.19678,0.104842299315293,0,0
0.5773884615384616,0.0377016531695453,0,3
0.0451527777777777,1.0000538444970926,0,1
0.0006046296296296,1.0,0,1
0.1242757575757575,0.0529153681729033,0,0
0.0122590909090909,0.6495280675608545,0,1
0.0711265432098765,0.0536389973656339,0,0
0.9748125,0.0318419079346772,1,3
0.9756983333333332,0.0411119719175162,0,3
0.0194004761904761,0.8,0,1
0.7598444444444444,0.0565869807830314,0,3
0.612625,0.0381775123755011,0,3
0.9002666666666667,0.0470562688649554,1,3
0.0026,1.0,0,1
0.0062066666666666,1.021518987341772,0,1
0.0023191666666666,0.3866976024748647,0,0
0.9302944444444444,0.074833230574554,0,3
0.0122558333333333,1.0,0,1
0.8004666666666667,0.0742581763013841,0,3
0.0616008333333333,0.5274910681875197,1,1
0.0778200980392156,1.0046695095362106,0,1
0.0651525,1.0,0,1
0.51515,0.038754642580448,0,0
0.0245776666666666,1.25,1,1
0.7839108333333333,0.0439025110284351,0,3
0.0027166666666666,1.0,0,1
0.0788407407407407,0.2444303864422009,0,0
0.000525,1.0,0,1
1.17945,0.0677554799640713,0,3
0.007213492063492,0.6383467844792678,0,1
0.0018138888888888,0.1016421192653072,0,0
0.9680857142857144,0.0462484590402986,0,3
0.1498583333333333,0.4683373239654343,0,0
0.0805069444444444,0.4743710243327838,0,0
0.8676347222222223,0.0500202241438423,0,3
0.0781866666666666,0.21087761314498,0,0
0.0323177777777777,0.856162043142094,0,1
0.7466166666666667,0.0257560372274964,0,3
0.55225,0.0885705071238384,0,3
0.010872619047619,1.0032916433738337,0,1
0.535359375,0.0383750584795909,0,3
0.63415,0.1633367431317262,0,3
0.0165711111111111,1.0015432511669335,0,1
0.59385,0.0421063540982972,0,3
0.7959318181818181,0.0458541607670008,1,3
0.0612555555555555,0.5822358106902958,0,1
0.8760833333333334,0.0392329779683796,0,3
0.0095616666666666,0.96700871227819,0,1
0.4757490196078431,0.038567414411036,0,0
0.0476263888888888,0.6527349808706442,0,1
0.1329375,1.0,0,1
0.0017071428571428,1.0049751243781095,0,1
0.7768083333333333,0.2588610673101451,1,3
0.0177520202020202,0.3040374960323309,0,0
0.9004261904761905,0.0327194445362881,1,3
0.94567,0.0389316483752906,1,3
0.1513476851851851,0.0473029550693404,0,0
0.9632611111111112,0.0452491650412655,0,3
0.0170283333333333,0.936409075879516,0,1
0.8805489583333334,0.0380985300922669,0,3
0.078974074074074,0.1197302793306541,1,0
0.9005583333333333,0.0628859725052709,0,3
0.7977666666666667,0.0670742802143248,0,3
0.0771899305555555,1.000334532039305,0,1
0.0254,0.25,1,0
0.3964744791666666,0.037011474852351,0,0
0.5028944444444444,0.2354949842801044,0,0
0.758114,0.0376300580324319,0,3
0.9192166666666668,0.0450883798422824,1,3
0.0001333333333333,0.1016421192653072,0,0
0.1852357142857142,0.0755838573589521,1,0
0.1635833333333333,0.446947799076276,0,0
0.4910492063492063,0.0393271790897428,0,0
0.0113344086021505,1.131850991911359,0,1
0.880570238095238,0.0376947715921456,0,3
0.91646,0.0481668107637697,0,3
0.3146525641025641,0.0484789953692626,0,0
0.47378,0.0627746093742824,0,0
0.2264635416666666,0.0433253815525298,0,0
0.0117133333333333,0.8093023255813954,0,1
0.4011733333333334,5.0,1,2
0.5364347222222222,0.0423533644013104,0,3
0.6438428571428572,0.4395188639273836,1,3
0.0043518518518518,0.38106573235399,0,0
0.00046875,1.0,0,1
0.0231066666666666,1.0,1,1
0.0015213333333333,0.8,1,1
0.2594450980392156,0.3887723074742922,0,0
0.356025,0.8,0,1
0.4883226190476191,0.0346773172951969,0,0
0.9148333333333334,0.0571009318172544,1,3
0.9699055555555556,0.0408361072132599,1,3
0.0045528985507246,0.1016421192653072,0,0
0.008537,0.3719631781756451,0,0
0.0033442028985507,1.0,0,1
0.567325,0.0292680068437827,1,3
0.3990036231884057,0.061659383247358,0,0
0.0524426470588235,0.0504399796721857,0,0
0.4001166666666667,0.0580945124326008,0,0
0.0735833333333333,0.8171726721994608,0,1
1.1712416666666663,0.0606572158574338,0,3
0.7132587301587302,0.0434962071661758,0,3
0.0748233333333333,0.0904821896640689,0,0
0.3469274509803921,0.0468645312094168,0,0
0.8328055555555556,0.0430462109885695,0,3
0.8709884615384615,0.0337417303920928,0,3
0.5620671296296296,0.0360560526102564,0,3
0.9664111111111112,0.0407712023843506,0,3
0.0350933333333333,1.0052586665836285,0,1
0.0306583333333333,1.00008828073273,0,1
0.8424777777777778,0.0374342611276663,0,3
-0.0024842592592592,1.009313154831199,0,1
0.8567757575757575,0.0641027962446704,1,3
0.2394033333333333,0.0800809954469929,0,0
0.0191666666666666,1.0047809208223173,1,1
0.0708794871794871,0.84117881052026,0,1
-0.0045666666666666,0.1016421192653072,0,0
0.875836111111111,0.0533165120971751,0,3
0.1236666666666666,0.1312567713976165,1,0
0.76358125,0.0373748953415273,1,3
0.018675,1.0,0,1
0.8936916666666666,0.0694193869332786,0,3
0.018746875,0.5,1,1
0.5480166666666667,0.0409076583818309,0,3
0.1305416666666666,0.8079963462711206,0,1
0.41737,0.0469346502073561,0,0
0.194025,0.3130432002411011,0,0
0.0038194444444444,1.0,0,1
0.3482958333333333,0.039948001321842,0,0
0.7892318840579711,0.0321544691968802,0,3
0.0322979166666666,0.6,1,1
0.0036616666666666,1.324731182795699,0,1
0.0565228070175438,1.0,0,1
0.78955,0.0642874145264982,0,3
0.6385921568627452,0.0358177816281295,0,3
0.1039828947368421,0.2059360956586629,0,0
0.6951484848484848,0.0538605981355754,0,3
0.7900646666666666,0.0367068663735669,0,3
0.0027683333333333,1.0005813953488372,0,1
0.8152111111111111,0.0938032621620753,0,3
0.0068546296296296,1.0,1,1
0.0021616161616161,1.0,0,1
0.0102422619047619,1.004791832594054,0,1
0.0029430107526881,1.0048664113528925,0,1
0.7172583333333333,0.1103040802254441,1,3
0.8055833333333333,0.066200241413668,0,3
0.2019979166666666,0.2934768952486283,0,0
0.595153125,0.0377813648483186,0,3
0.01625,1.0,0,1
0.9888222222222224,0.0449531435992137,0,3
0.6744208333333334,0.0514850595060368,1,3
0.0467996666666666,1.0057070198149411,0,1
0.8335527777777777,0.0398308655693914,1,3
0.4443305555555555,0.0417428937063462,0,0
0.0697954545454545,0.2197329756804736,0,0
0.7321740740740741,0.1358574683241036,1,3
0.01,0.1016421192653072,0,0
0.20252,0.2248219192528218,0,0
0.028197619047619,1.0012521521364846,0,1
0.165085,0.6116387143095084,0,1
0.4651,0.1413405190733076,0,0
0.0135738562091503,1.0,0,1
0.9487083333333334,0.0669651283674172,0,3
0.5936666666666667,0.124145499853069,0,3
0.94247,0.0332494067817735,1,3
0.7799058823529412,0.0418065024569148,1,3
1.0339722222222223,0.0481920631354533,0,3
1.0104964285714286,0.0301438774891624,0,3
0.0158,0.8,0,1
0.8755277777777777,0.0416277361646617,0,3
0.9642583333333334,0.0555550946120137,0,3
0.0015277777777777,1.0,0,1
0.3119528735632184,0.0368274870407085,0,0
0.9275766666666668,0.0349995456506838,0,3
0.689354761904762,0.0355794832460487,0,3
0.8254030303030303,0.119719365664012,1,3
0.0041813725490196,1.0,0,1
0.0031958333333333,1.0023267963999287,0,1
0.41903,0.3417362115243345,0,0
0.008115,0.6778300082642046,0,1
0.2055629629629629,0.5432096750446896,0,0
0.051228125,0.2468670286578043,0,0
0.004375,1.0,0,1
0.0253166666666666,1.023234806239159,0,1
0.1995047619047619,0.0463942174350073,1,0
0.8674944444444445,0.0620418342096341,0,3
0.9546366666666668,0.0430143353997842,0,3
0.9552583333333332,0.0401203306034616,0,3
0.57951875,0.0515070163907286,1,3
0.6646583333333334,0.0427383637936958,1,3
0.0066083333333333,0.5075594656239818,1,1
0.321485,0.5091745043146383,0,0
0.1826071428571428,0.0610369627080847,1,0
0.0084057971014492,1.0005984766050051,0,1
0.7378185185185185,0.2272955507801954,0,3
0.4169547619047619,0.0405689353539378,0,0
0.3767166666666666,0.0,1,0
0.0172991666666666,1.0344984112573763,0,1
0.8772269230769231,0.0521264742310888,1,3
0.8358533333333333,0.0758559278889305,0,3
0.0152349206349206,1.0,1,1
0.8480733333333332,0.0391665512169967,1,3
0.0708520833333333,1.000436137071651,0,1
0.0051506666666666,0.8386257255477473,0,1
0.1161482905982906,0.1635957125583838,0,0
0.057527304964539,0.0862816728103443,0,0
0.7713370370370369,0.0386933952973028,0,3
0.03040625,1.0,0,1
0.5741354166666667,0.2436068521499696,0,3
0.9152722222222224,0.0460115342563412,1,3
0.6812822916666667,0.0351193998254751,1,3
0.9112575757575756,0.0379874510750464,1,3
0.17936,0.0552861578488743,0,0
0.0717270833333333,1.0497798702594112,0,1
0.1172992424242424,0.9489540649788976,0,1
0.6165866666666666,0.0558190003095189,0,3
1.1366111111111112,0.0360308821049992,0,3
0.5491261904761905,0.0556608718886871,0,3
0.0029514492753623,1.0,0,1
0.6774559523809524,0.038676484296113,0,3
0.5532077777777779,0.0322031723074042,0,3
-0.1414,0.0,1,0
0.0746961538461538,0.3658161472312808,0,0
0.9835166666666668,0.0370304387793241,0,3
0.73472,0.0335501640617756,0,3
1.0771761904761905,0.0382292316193215,0,3
0.8440019607843138,0.2376285243243986,0,3
0.17477,0.1374099799126403,1,0
0.2673333333333333,0.0422785450879956,1,0
0.0160782051282051,1.0000811688311688,0,1
0.000625,1.0,0,1
0.9193216666666668,0.0403288386422447,0,3
0.0553646198830409,0.4185000645561949,0,0
0.3108275,0.0473940037338681,0,0
0.0035111111111111,1.0,1,1
0.064898,0.3048965795251897,0,0
0.5419776666666666,0.1921652301492651,1,3
0.007285,1.0,0,1
0.0365663333333333,0.0801422532612705,1,0
0.0024291666666666,1.0,0,1
0.1216472222222222,0.2231778609809404,0,0
0.7099559523809523,0.0411072069926978,0,3
0.2550166666666666,0.1461386295312394,0,0
0.2020027777777777,0.2615222330412204,0,0
0.6907766666666667,0.0934262422591736,0,3
0.0069081871345029,1.316152674662098,0,1
0.7190854166666667,0.0433748088359367,0,3
0.8858444444444444,0.0358278001725795,0,3
0.4134537037037037,0.5567503433250572,1,0
0.1581690476190476,0.080475395897208,1,0
0.01679,1.0,0,1
0.6373133333333333,0.0396497868314225,0,3
0.1078416666666666,0.6,1,1
0.9071347222222222,0.0417444025624669,0,3
0.9832194444444444,0.0398188921897773,0,3
0.0236076388888888,1.017407475866975,0,1
0.953325,0.0599616118727483,0,3
0.04983125,1.0377619142776957,0,1
0.0006216666666666,5.0,0,2
0.9022416666666666,0.0498852517411474,0,3
0.4302,0.06092070629669,1,0
0.0648768115942029,0.8071635047809134,0,1
0.35697,0.0416545461088257,0,0
0.6238611111111111,0.0376702097522267,1,3
0.8344416666666666,0.0472835091125739,0,3
0.6100112179487179,0.0292390207118691,1,3
0.581945,0.0487704377378968,1,3
0.76617,0.0387414028713086,0,3
0.9388333333333332,0.0461108363112532,1,3
0.5359875,0.0646687056668888,0,3
0.2475666666666666,0.6059357992938724,1,1
0.33193,0.0532159755820021,1,0
0.82102,0.1350705953211338,1,3
0.0067333333333333,1.0,1,1
0.77977,0.0413091827590202,0,3
0.0772858974358974,0.070891463548235,1,0
0.0022727272727272,0.6,0,1
0.7310083333333333,0.0307404551766519,1,3
0.3481619047619047,1.0001178885002582,0,1
0.470575,0.0350545083040275,0,0
0.580725,0.0413435823182977,0,3
0.137187037037037,1.0100445671174767,0,1
0.0214510416666666,1.0132652045022272,1,1
0.83612,0.0353609398560006,0,3
0.0127366666666666,0.1016421192653072,0,0
0.6531475,0.0511100933002109,0,3
0.005924074074074,0.8756983240223464,0,1
0.6145,1.041583334271324,0,1
0.5245037037037037,0.043954960557297,0,3
0.35511,0.1394342353223006,0,0
0.3613825757575757,0.0555865592489372,0,0
0.9737642857142856,0.042954405802384,0,3
0.0007508333333333,0.804932735426009,0,1
0.4990533333333333,0.0524739408027499,1,0
0.0011458333333333,0.6666666666666666,1,1
0.5066474358974359,0.0335880634354572,1,0
0.802225,0.0617385860276096,1,3
0.4505394736842105,0.0423062496971546,0,0
0.1832133333333333,0.4811023157114767,0,0
0.828525,0.1368170325747132,0,3
0.8341333333333333,0.0553783655254224,0,3
0.661748611111111,0.0384570651243715,1,3
0.0023433333333333,1.0,0,1
0.0517186274509803,0.7156843579969374,0,1
0.5550340579710145,0.0370645000983877,0,3
0.0496904761904761,0.5408409838028764,1,1
0.6319583333333334,0.0379059609035333,0,3
0.2817583333333333,0.0386801628436262,0,0
0.0405453703703703,0.5329592105914588,0,1
0.9055416666666666,0.0585438840123877,1,3
0.5034305555555555,0.0405030083937349,0,0
0.7316075,0.037967097360878,0,3
0.8449219696969698,0.0365528871847841,0,3
0.3301777777777778,0.4365282797087342,1,0
0.03571,0.5125034358499704,1,1
0.0011880952380952,0.1016421192653072,0,0
0.0056677777777777,1.0046619600098992,0,1
0.0148573333333333,0.9290970425315777,0,1
0.6333116666666666,0.037362275094775,0,3
0.6549166666666667,0.0923615542756828,1,3
0.0040296296296296,1.033642046524676,0,1
0.9760833333333332,0.0373912182239348,0,3
0.1219015151515151,0.0389152171090218,0,0
0.001,1.0,0,1
0.56124,0.0422952687330207,0,3
0.0144877777777777,0.999390214156788,0,1
0.1523474074074074,0.3199871328203164,0,0
0.8521511111111112,0.0400248663800804,1,3
0.5864508333333334,0.0526138432325977,0,3
0.0084738095238095,1.0000723274989152,0,1
0.8120875,0.0394094080674565,1,3
0.0491486666666666,0.0889701697313752,0,0
0.1291833333333333,1.043270622286541,1,1
0.0023148148148148,0.0,0,0
0.1170673913043478,0.1019325716976676,0,0
0.3084135416666666,0.0497689321538378,0,0
0.6301070707070707,0.0400850890707237,0,3
-0.0259683333333333,1.4289960930864618,0,1
0.0407515873015873,0.2913593915156554,0,0
0.044713,0.1724386116651644,0,0
0.0039047619047619,1.0,0,1
0.0057043209876543,0.6666666666666666,0,1
0.5801966666666667,0.0342092988960551,0,3
0.9983944444444444,0.0429647391029903,0,3
0.0464449074074074,1.004823962651961,0,1
0.7929333333333333,0.1581435488678735,0,3
0.5409361111111112,0.0915330481798396,0,3
0.8100583333333333,0.0507560185070129,1,3
0.0011033333333333,0.1016421192653072,0,0
0.9455944444444444,0.06210735421681,0,3
0.0029907407407407,1.0,0,1
0.7673416666666667,0.0414597671144639,0,3
0.8099,0.0975549541953675,1,3
0.92767,0.0412708866368087,1,3
0.0083433333333333,1.0,0,1
0.6134633333333334,0.0583317609144315,0,3
0.0881916666666666,1.0153408463583655,0,1
0.7068041666666667,0.0333245401014114,0,3
0.0187419354838709,0.7908353393817574,0,1
0.75567,0.0368903573250411,0,3
0.0060810185185185,1.0036528643235705,0,1
0.2861049019607843,0.1318941341898888,0,0
0.3844780303030303,0.341801108765955,0,0
0.527755,0.0322334908800293,0,3
0.4058166666666667,0.0815330212631898,0,0
0.7360268115942028,0.0326013695343701,0,3
0.6814285714285714,0.0512872330225987,0,3
0.9974547619047618,0.0341641027935148,1,3
0.0794333333333333,0.0457589788155686,1,0
0.1774023809523809,0.0328731550321902,0,0
0.7013611111111111,0.0353003561423089,0,3
0.673025,0.1099814147440113,0,3
0.9513777777777778,0.0393349571723611,0,3
0.51655,0.2677916116987839,1,0
0.0291091397849462,1.0062009422818594,0,1
0.5949394736842105,0.0489628719322926,0,3
0.0005796296296296,1.0,0,1
0.7867566666666667,0.2356056292134569,0,3
0.7608666666666667,0.0540954135136818,0,3
0.9748055555555556,0.0461960394911134,0,3
0.1478628787878788,0.0649118140982432,1,0
0.0576833333333333,0.1130655577028299,1,0
0.8792822222222223,0.103167001616209,0,3
0.646380303030303,0.0440292913417593,0,3
0.795175,0.0531063929330778,0,3
0.9818083333333334,0.0558194192449261,0,3
0.0136,1.004981321178361,0,1
0.00046875,1.0198487712665405,0,1
0.67767,0.0506112668152392,0,3
0.087759829059829,0.6598465260231587,0,1
0.0108484126984127,0.8307692307692307,0,1
-8.333333333333334e-06,1.4655414908579465,0,1
0.0019733333333333,0.3400447427293065,0,0
0.7116166666666667,0.042150509699277,0,3
0.01046,0.0,0,0
0.004259420289855,1.0016899766899767,0,1
0.003222,1.0,0,1
0.0152287878787878,1.0427927434584638,0,1
0.64675,0.0689104501652597,1,3
0.3660925,0.0293594724690501,0,0
0.0658555555555555,0.4893253547402481,1,0
0.6693625,0.0392218229928404,0,3
0.52379,0.0330183052453075,1,3
0.0219156666666666,1.0001029724720258,0,1
0.0035462962962962,1.0,0,1
0.755319540229885,0.0353319584388428,0,3
0.004875,1.0,1,1
0.0117356481481481,1.0,0,1
0.0248898809523809,0.8021783866214317,0,1
0.8249422619047619,0.0365809339400062,0,3
0.4331304166666666,0.6089659771146848,0,0
0.5818318181818182,0.0601284078743814,0,3
0.1326133333333333,0.411980159323247,0,0
0.0030484848484848,0.8,1,1
0.6312633333333334,0.0467986377230648,0,3
0.0310444444444444,0.7356700676372807,0,1
0.1044666666666666,0.051529422446113,0,0
0.70896,0.203385666738619,0,3
0.44131875,0.7589853499504986,0,1
0.7822676470588236,0.0371117860741515,0,3
0.0726888888888888,1.0016069622523798,0,1
0.6913015151515152,0.2316842852880035,0,3
0.7739076923076923,0.0342066980466147,0,3
0.0176319444444444,0.75,0,1
0.0851677083333333,0.1384207798762738,0,0
0.0226807692307692,1.0025718371868697,0,1
0.007597619047619,0.8017125292740047,0,1
0.2201928571428571,0.0688335085852815,1,0
0.002925,0.875,0,1
0.1250782608695652,0.3753032374715877,0,0
0.35496,0.0738320298424597,0,0
0.1030509259259259,1.0,0,1
0.6944370370370371,0.0455892983785256,0,3
0.9759916666666666,0.0404052238883365,0,3
0.11016,0.1360712498104233,0,0
0.6706604166666666,0.0435819359366989,0,3
0.9889730769230768,0.0454055582791809,0,3
0.9727488095238096,0.0382904193049388,0,3
0.7211888888888889,0.0401642637239196,0,3
0.9116083333333334,0.1355318671347326,0,3
0.7748555555555556,0.0571071347953881,1,3
0.1207703703703703,1.002254406339664,0,1
0.6476375,0.034582937085273,0,3
0.9401041666666666,0.0455884860471381,1,3
0.0052,1.1,0,1
0.0184875,1.0,0,1
0.0701645833333333,1.0036243180769504,0,1
0.0642011111111111,0.7341013441134945,0,1
0.099552,0.3147809148865263,1,0
0.6059875,0.0672785829660613,0,3
0.687589,0.040405947598641,0,3
0.2457787037037037,0.0942624886672232,1,0
0.565,0.0498008373154009,0,3
0.1416993055555555,0.0360934241469882,0,0
0.0731360215053763,0.0493783653229804,0,0
0.3072114285714286,0.1138132538007837,0,0
0.0009855072463768,1.0,0,1
0.02275,0.5,0,1
0.0042978260869565,1.0443409821527547,1,1
0.1569782051282051,0.51,1,0
0.115,0.0,1,0
0.7453444444444444,0.0791015344448058,0,3
0.8870516666666667,0.0423754249892166,0,3
0.4406098484848485,0.0386594153141544,0,0
0.4771222222222222,0.048365734263316,0,0
0.0233132183908045,0.5796416629865624,0,1
0.2853535714285714,0.037043058306443,0,0
0.719111111111111,0.0713815398537551,0,3
0.71001,0.0316620117900428,0,3
0.0083333333333333,0.0,1,0
0.0215694444444444,1.0,0,1
0.1186230769230769,0.0539302346028286,0,0
0.0725952380952381,0.4741719174506698,0,0
0.0017903846153846,0.8,0,1
0.6120047619047619,0.0410690407352591,0,3
0.4216166666666667,0.1406575660984402,1,0
0.846171212121212,0.0484765609505581,1,3
0.1013020833333333,0.1767170551294462,1,0
0.7763679824561402,0.0475852581506733,0,3
1.8920083333333333,0.0468859367274486,0,3
0.0142793333333333,0.6666666666666666,0,1
0.6396944444444445,0.0514884784099591,1,3
0.1698349206349206,0.7763773341955916,0,1
0.0972516666666666,0.5890625138095303,0,1
0.651932098765432,0.0427570399143894,0,3
0.2505266666666667,0.4295563059538707,0,0
0.4343424242424242,0.0352146337978188,1,0
0.4780555555555555,0.0699025225365148,1,0
0.605475,0.0889494446279995,0,3
0.8661466666666667,0.0305759271234721,1,3
0.0021706666666666,1.0042605022844755,0,1
0.2642902298850575,0.4797347909766274,0,0
0.960625641025641,0.0371659174113252,1,3
0.0105383333333333,1.0,0,1
0.0245469696969696,1.0049223515921557,1,1
0.5305527777777778,0.039647608158241,0,3
0.8573,0.1697279003471143,0,3
0.1433,0.876923076923077,0,1
0.6663233333333333,0.0393754436191277,1,3
0.4510751515151515,0.0412590832994969,0,0
0.0147397849462365,1.0210716938138424,0,1
0.2553516666666667,0.0541209531551845,0,0
0.98381,0.0163105796002976,1,3
0.1181344444444444,5.0,0,2
0.3110372549019608,0.0503059370628619,0,0
0.3959433333333333,0.2837680638866923,0,0
0.9685833333333334,0.0535922234109987,1,3
0.5720211538461538,0.045494574939379,0,3
0.1316742424242424,0.0718196098498326,0,0
0.5852266666666667,0.0451838549869282,1,3
0.9856966666666668,0.0302353630429963,0,3
0.0009633333333333,1.0,0,1
0.0550471014492753,0.0549013989060446,0,0
0.1799,0.1149869645975687,0,0
0.0039,1.0,0,1
0.0818361111111111,1.0,0,1
0.4560183333333333,0.6866513704345426,0,0
0.953188888888889,0.042262773052843,0,3
0.7443,0.1150237856938456,1,3
0.000937037037037,1.0272407732864677,0,1
0.9365075757575756,0.0377920438743428,0,3
0.6269527777777777,0.0368361652847458,1,3
0.3885818181818182,0.0442566251679404,0,0
0.1935468253968254,0.0485613208647996,0,0
0.0546875,0.8759353248625301,0,1
0.873465909090909,0.0216436300866503,1,3
0.1467573333333333,0.1085005482515375,0,0
0.0747479166666666,0.51654023115667,1,1
0.0011282828282828,1.0,0,1
0.0469191666666666,0.6166428649691268,1,1
0.0453933333333333,1.001532820494602,0,1
0.0185541666666666,1.004365061285282,0,1
1.0158944444444444,0.0416530625236574,0,3
0.0010964912280701,0.1016421192653072,1,0
0.0031384615384615,1.0,1,1
0.3301428571428571,0.1433930158266816,0,0
0.0135738095238095,1.0,0,1
0.8114508333333332,0.0405780749185439,1,3
0.003125,0.3333333333333333,0,0
0.5387888888888889,0.0620991890902163,0,3
0.006446,0.5020040080160321,0,1
0.017454,1.0024819494584838,0,1
0.0035355555555555,1.0,0,1
0.0043748148148148,1.0,1,1
0.0048486111111111,1.0,0,1
0.9163233333333332,0.0398893088271237,0,3
0.5091433333333334,0.03237184748815,1,0
0.0018883838383838,1.0,1,1
0.806925,0.0550759259609003,0,3
0.0005,0.8,1,1
0.5456,0.8041156497582056,0,1
0.1987291666666666,0.2395337281811319,0,0
0.0572319444444444,0.5643964749744667,0,1
0.0077625,1.0,0,1
0.2703733333333333,0.4414288312832884,0,0
0.0148354609929078,1.0048839928866633,0,1
0.8162611111111111,0.0383166185641932,0,3
0.6669064102564102,0.0386196851444507,0,3
0.7056083333333333,0.2670301647295569,0,3
0.0459183333333333,1.001214308658035,0,1
0.8665625,0.0445171410353938,0,3
0.4334166666666667,0.1116553639606746,1,0
0.0312583333333333,1.0256410256410258,1,1
0.9590033333333332,0.0481661313176176,0,3
0.7345617647058823,0.0379622088396356,0,3
0.0047,1.0024713958810068,1,1
0.0970425925925926,0.3060843756892473,0,0
0.7186108695652174,0.0523446147954257,0,3
0.6996333333333333,0.2714516617249919,0,3
0.0869523809523809,0.25284433206778,0,0
0.4782366666666666,0.0680673485929271,0,0
0.441975,0.0429250344263314,0,0
0.6503095238095238,0.0389267746016364,0,3
0.802,0.0547958582897537,0,3
0.3782311111111111,0.1868240137785555,0,0
0.1929650793650793,0.0398314222411225,0,0
0.1314318181818181,0.0722565925315206,0,0
0.3977602564102564,0.0726390843798068,0,0
0.0405263888888888,1.3740663900414938,0,1
0.0007420289855072,1.0,0,1
0.7545095238095237,0.0414321698217497,1,3
0.6668416666666667,0.0734477610053723,0,3
0.9079133333333332,0.036670305731026,0,3
0.5882166666666667,0.0714119190683811,0,3
0.6812533333333333,0.5404643573908415,0,3
0.66251,0.053931435696997,0,3
0.0467133333333333,1.0,0,1
0.9490416666666666,0.0543820942378864,0,3
0.6249619047619047,0.0381283221551308,0,3
0.0004694444444444,1.0,0,1
0.0330891304347826,1.000218245307726,0,1
0.1620590909090909,0.4281377538773118,0,0
0.7246854166666667,0.0524866148033671,0,3
0.1131,0.0862680065628101,0,0
0.8514466666666667,0.0574582726218876,0,3
0.0040285714285714,1.0,1,1
0.3861,0.2814009661835749,0,0
0.2864130952380952,0.0712801365633347,0,0
0.6412555555555556,0.2343029418985395,1,3
0.8632377192982456,0.0405390541964853,0,3
0.0645623188405797,0.5900508051194311,1,1
0.0019045454545454,1.0,0,1
0.2024,0.154552885376107,1,0
0.0040333333333333,1.0,0,1
0.0311916666666666,5.0,0,2
0.1045653846153846,0.0957861968181214,0,0
0.7316833333333332,0.1414722760516967,0,3
0.0463,1.0273635244219457,1,1
0.0031886666666666,1.0,0,1
0.24,0.0,1,0
0.367157,0.1463134059856654,0,0
0.4388887096774193,0.0356094140688637,0,0
0.6026439393939393,0.0399368261649031,0,3
0.1605293333333333,0.0470327275976316,0,0
0.34145,0.0774678359980134,0,0
0.7674340277777777,0.0369893739164385,0,3
0.0963141025641025,0.6339189636264492,0,1
0.7978058333333333,0.1149115254945785,1,3
0.6261476190476191,0.043274836990325,0,3
0.11915,0.1080739604058073,0,0
0.9949916666666666,0.2494669235846471,0,3
0.6243533333333333,0.1647718992372255,0,3
0.0731796666666666,0.1350553694974759,0,0
0.1504,0.6218154409389469,0,1
0.0004244444444444,1.0,0,1
0.8077777777777777,0.2198543720656232,0,3
0.6366607142857142,0.0477328628626202,0,3
0.9603116666666668,0.0394553722752645,0,3
0.4392005208333333,0.0484330900718399,0,0
0.4697416666666666,0.0489331370020075,1,0
0.3341846153846153,0.0924796761048609,0,0
0.050312037037037,0.0783174850483692,0,0
0.3212416666666666,0.1131307267049243,0,0
0.3941666666666666,0.0989884733083568,1,0
0.1314294871794872,0.6074930264560084,0,1
0.0688483333333333,1.0,0,1
0.2922916666666666,0.2323087099211941,0,0
0.3436129629629629,0.0853593638439552,0,0
0.77784,0.0376544563579541,1,3
0.0828242424242424,0.153257995713053,0,0
0.941575,0.0469300074963281,0,3
0.6917115384615384,0.5642935969772405,0,3
0.3134598958333333,0.0882859017559681,0,0
0.5826928571428571,0.044065866602726,0,3
0.8866583333333334,0.0153078756304383,1,3
0.7997291666666667,0.037151617774818,0,3
0.5146416666666667,0.0612163547322665,0,0
0.0626246666666666,1.455050199395548,0,1
1.29163,0.0543198005792207,0,3
0.0083333333333333,0.5,0,1
0.0666583333333333,2.003741548251799,0,1
0.0221029761904761,0.9213643060980492,0,1
0.7381083333333334,0.0447153404351241,0,3
0.089335,1.0010345426141296,0,1
0.53244,0.046252326931492,0,3
0.008399537037037,1.0,0,1
0.0377766666666666,0.727908393226946,1,1
0.0014983333333333,1.0005377789728422,1,1
0.01444,0.1016421192653072,0,0
0.0013955555555555,1.0,0,1
0.0327083333333333,0.1016421192653072,0,0
0.0104694444444444,1.0,0,1
0.690886,0.0389696519880378,0,3
0.0090905555555555,0.4796257153981288,0,1
0.0287444444444444,0.8028525654761038,0,1
0.2168333333333333,0.0590138329576619,0,0
0.2835739583333334,0.0407965395836679,0,0
0.0675208333333333,0.167455027358466,0,0
0.0027,0.0,1,0
0.0,1.0,0,1
0.0029385416666666,3.229329876940786,1,2
0.9844260416666666,0.0359505988847782,0,3
0.366843,0.169492823389225,0,0
0.0049714285714285,1.0,0,1
0.1750378787878788,0.1485754687956836,0,0
0.1675277777777777,0.079041527116927,1,0
0.5125166666666666,0.0651491787503622,0,0
0.0015522222222222,1.0,0,1
0.3890033333333333,0.2418853578146781,0,0
0.8830583333333334,0.0376004179870793,0,3
0.0094401960784313,1.0,1,1
0.1055583333333333,0.744713861223737,0,1
0.2664702380952381,0.043113252707409,0,0
0.0691185185185185,0.2434173826700756,0,0
0.8305448717948718,0.0695262819050262,0,3
1.2750375,0.0373773673361682,1,3
0.1700033333333333,0.948452703540635,1,1
0.6490892857142857,0.4162462596472439,1,3
0.0002736111111111,1.0,0,1
0.0321362318840579,0.4696483461030427,0,0
0.8741666666666666,0.0733031723201416,0,3
0.0468614285714285,1.000645913718638,0,1
0.3003483333333333,0.069618138642189,0,0
0.0790666666666666,0.7614875815848263,0,1
0.766775,0.0596833976427199,0,3
0.0367303571428571,0.6,0,1
0.0168294871794871,1.0023276870586808,0,1
0.0717037037037037,0.0983391136302134,1,0
0.0814166666666666,0.1016421192653072,0,0
0.0209697916666666,1.0001467782181124,0,1
0.6694866666666667,0.0459499375359467,1,3
0.3724866666666666,0.0680502899534099,0,0
0.0527347222222222,0.6194165626123704,0,1
0.7014270833333333,0.0644950998494291,0,3
0.0594403333333333,0.33280568005479,0,0
0.7409925,0.0349636402379784,0,3
0.0046305555555555,1.003791730431042,0,1
0.0712833333333333,1.0009941346058255,0,1
0.1694246666666666,1.0015799647413783,0,1
0.38072,0.066947316462659,1,0
0.0268083333333333,1.0,0,1
0.5674924242424242,0.0357449779299361,0,3
0.1430241935483871,0.2968430436678494,0,0
0.3884206349206349,0.0513293382112919,0,0
0.0588736559139784,0.3906661799937265,0,0
0.7445904761904761,0.046298286405259,0,3
0.9809761904761904,0.0502672232396306,0,3
0.45221,0.1761855050697109,0,0
0.8920904761904762,0.0483604066036663,0,3
0.8534904761904762,0.04558177564224,0,3
0.5139083333333333,0.0547785564752703,0,0
0.9929196969696972,0.0407663813225805,0,3
0.8733,0.0710320965953055,1,3
0.135388725490196,0.6311595219069176,0,1
0.7777705128205129,0.0500153699153549,0,3
0.3324979166666666,0.1407965441970719,0,0
0.1025234848484848,0.0798080586044992,0,0
0.0760907407407407,0.2717187634947283,0,0
0.0514716666666666,0.3289029846123671,0,0
0.0419713333333333,1.0049748047853864,0,1
0.78035,0.0468680725382446,1,3
0.8392759259259259,0.0420577043076565,0,3
0.0792611111111111,1.0,0,1
0.2597114583333333,0.2497011214014795,0,0
0.574,0.0544132031098908,0,3
0.1642533333333333,0.1016421192653072,0,0
0.5825633333333333,0.0491558501079171,0,3
0.6411855555555556,0.2857756891630038,0,3
0.0408683908045977,0.3456190452421075,0,0
0.6707133333333333,0.0627510102627112,0,3
0.1624866666666666,2.8534672874295515,0,2
0.5734252032520325,0.0381425970035979,0,3
0.8096361111111111,0.081666395144014,0,3
0.43814,0.0605422957389956,0,0
0.2198121212121212,0.2152784030749487,0,0
0.6454819444444444,0.2264284083439445,0,3
0.740262962962963,0.0289975078059149,1,3
0.0981489583333333,0.0424772258334321,1,0
0.0300346153846153,1.0430899291496918,0,1
0.8135345238095237,0.0380824171710931,0,3
0.0681655555555555,0.8094403098693874,0,1
0.6965466666666668,0.0431114182072706,1,3
0.0139559523809523,1.0037478149117804,1,1
0.0014545977011494,0.7381362763691307,0,1
0.0009546296296296,1.0,0,1
0.150601282051282,0.249128772805653,1,0
0.4656961538461538,0.0414610183909764,1,0
0.4597333333333334,0.7985595269879837,0,1
0.8288833333333334,0.1284610801757758,1,3
0.0380759259259259,0.7223461216574603,0,1
0.00855,1.0,0,1
0.0368388888888888,1.0,0,1
0.7300185185185186,0.0365313612896694,0,3
0.2280666666666666,0.2926549423994865,0,0
0.3818428571428571,0.0233168249671347,0,0
0.6677333333333333,0.0467095683445591,0,3
0.0365954954954955,0.6667228607183441,0,1
0.5976,0.0512358345559418,1,3
0.2209857142857142,0.0556171393709283,1,0
0.0330619047619047,0.8293231371087911,1,1
0.0011384615384615,1.0,0,1
0.1040233333333333,0.6850280900413314,0,1
0.1190858333333333,0.6218807383849436,0,1
0.7226066666666667,0.0426686869418607,0,3
0.0157388888888888,1.25,1,1
0.0255986111111111,1.0,1,1
0.4404916666666666,0.4279847306874116,0,0
0.0190227272727272,1.0,0,1
0.0570975,1.3764731296042014,0,1
0.8713,0.0557173298450412,0,3
0.9440108695652174,0.0581721535343589,0,3
0.7974864583333333,0.0430323845255502,0,3
-0.2001541666666666,1.0,1,1
0.8119944444444444,0.0995107798822665,0,3
-0.0042463768115942,1.0500550055005502,0,1
0.3344222222222222,1.005573643519957,0,1
0.0215564814814814,0.592870671001684,0,1
0.4885569444444445,0.1087427757170663,0,0
0.0180222222222222,1.002896031342715,0,1
0.52301,0.0528254679778384,0,3
0.9831863636363636,0.0427500585160784,0,3
0.3122166666666666,0.0748616090560832,1,0
0.6808979166666667,0.0472172387557905,0,3
0.001224074074074,1.0081614779907,0,1
0.8028566666666667,0.0449859123810048,1,3
0.0769818181818181,0.0758684165608416,1,0
0.6371229166666666,0.0295202689862726,1,3
0.0192766666666666,1.2233981880124418,0,1
0.2704282051282051,0.0803934026938994,0,0
0.38071,0.6080439446959383,0,0
0.1039930555555555,0.0884554264778546,0,0
0.5484923333333334,0.0419124100972228,0,3
0.2477,0.0625458435492903,0,0
0.0943522222222222,0.444269956706452,0,0
0.58649,0.0495817493496835,1,3
0.5250233333333334,0.0620908961275888,0,3
0.3935880952380952,0.0401009497858515,0,0
0.0780571428571428,0.8877881005979255,0,1
0.5078833333333334,0.0257313502314002,0,0
0.0126333333333333,1.0,0,1
0.887711111111111,0.0919766049942824,0,3
0.8952055555555556,0.0299926948899015,1,3
0.6107428571428571,0.1974960113862532,0,3
0.04784375,0.3493132971229688,0,0
0.31023,0.0915817651203763,1,0
0.2641541666666667,0.4407156438030806,0,0
0.96743,0.04280727587,0,3
0.06747,0.1990842126219391,0,0
0.5800433333333334,0.0485810606637427,0,3
0.5495583333333334,0.0559450804279647,0,3
0.041775,1.0,0,1
0.5560833333333333,0.1007375822282598,0,3
1.0139,0.0431950185053147,1,3
0.47085,0.0467656436695507,0,0
0.0021791666666666,1.0,1,1
0.94559,0.0436582769195883,0,3
0.152902688172043,0.0582322713661477,0,0
0.2482575,0.0394154111349038,0,0
0.0156995934959349,1.0141592920353983,0,1
0.1396392857142857,0.3337036946502033,0,0
0.91153,0.0486150250388664,1,3
0.0420044444444444,0.8701417492629513,0,1
0.8362045454545455,0.0465760887283345,0,3
0.0024144927536231,1.0,1,1
0.0322466666666666,1.0,0,1
0.0145744047619047,0.5957722540896537,0,1
0.5416888888888889,0.0530787344283435,1,3
0.8221526666666666,0.0298849879533827,0,3
0.0257050724637681,2.1712256429357737,1,1
1.0897159420289857,0.0439891827754218,1,3
0.7329711111111111,0.0554874421088354,0,3
0.67792,0.0392204934766609,1,3
0.0027391666666666,0.1016421192653072,0,0
0.3595833333333333,0.1636825239067677,0,0
0.902725,0.0964588143514233,0,3
0.2120166666666666,0.146813891597293,0,0
0.0083738095238095,1.0,0,1
0.3962439393939394,0.2451996496055528,0,0
0.6866205128205128,0.0355090414903539,0,3
0.1862397435897436,0.1617042768448836,0,0
0.002834,1.0,0,1
0.02335625,1.0,0,1
0.1448333333333333,0.4505143169512932,1,0
0.7347666666666667,0.0549911868301453,0,3
0.9289766666666668,0.0365264291218668,0,3
0.0120253968253968,1.0,0,1
0.7650880952380952,0.0319884331304929,1,3
0.6440866666666667,0.138201365622235,0,3
0.9899433333333332,0.0429747308227858,0,3
0.6752212962962962,0.4066927450843399,0,3
0.0487819444444444,1.2552183520868592,0,1
0.8735348484848484,0.0395722796137004,0,3
1.043345,0.0467659978686737,0,3
0.0822123188405797,0.2404715272833476,0,0
0.46786,0.1296199733647629,0,0
0.0070666666666666,1.936351370251172,0,1
0.5766991228070175,0.0785606180521276,0,3
0.2837575757575757,0.3055616567962253,0,0
0.9394166666666666,0.0641574827769491,0,3
0.94861,0.0496402367534556,0,3
0.0579491666666666,0.7923264883978225,0,1
0.6196366666666666,0.0475106477336463,0,3
0.4845,0.5427781055687615,1,0
0.9268333333333332,0.0429791493968832,0,3
0.0076652777777777,1.0,0,1
0.0820324074074074,0.8650498651762873,0,1
0.0326296296296296,0.8103718908476214,0,1
0.010325,1.0,0,1
0.0303027777777777,0.517590551812885,0,1
0.4928820512820512,0.113937389259913,0,0
0.65697,0.039991998534753,0,3
0.2850796666666667,0.2682450301767111,0,0
0.0072843137254901,1.0,0,1
0.0247833333333333,0.7833800186741363,0,1
0.0920119047619047,1.0,0,1
0.9693533333333332,0.0472681758552822,0,3
0.0606817708333333,0.6381221960631472,0,1
0.0037142857142857,0.75,1,1
0.20641875,0.0431308134339026,0,0
0.0232521367521367,0.5021973771497183,0,1
0.3260777777777778,0.7335194336374493,0,1
0.46476,0.0722617595263629,0,0
0.3508309523809524,0.1464382690607018,0,0
0.470475,0.2330473289277028,1,0
0.749,0.0501436257768283,0,3
0.6130866666666667,0.3176747830732783,0,3
0.0132314814814814,0.600235048315487,0,1
0.728765,0.0348313492022811,0,3
0.0578444444444444,0.1777930634681336,0,0
0.4822461538461538,0.4268890982421505,0,0
0.848025,0.1048552898033183,1,3
0.0054239130434782,0.0,1,0
0.06572,0.7193491214578962,1,1
0.1016881720430107,0.8076771739008309,0,1
0.036234375,0.8018708198868154,0,1
0.7494916666666667,0.2646199896513216,1,3
0.01223125,0.7508180628272252,0,1
0.5633222222222223,0.1311346103029347,0,3
0.3678416666666667,0.1177448260982867,1,0
0.0850685185185185,0.1047854092062556,0,0
0.4992722222222222,0.0299764587205208,0,0
0.81813125,0.0470060681755816,0,3
1.0545877777777777,0.0354896664179737,1,3
0.5815266666666666,0.0510849638609446,0,3
0.3812566666666666,0.0802818128321682,0,0
0.0445809523809523,1.001749700870654,0,1
0.7989766666666667,0.0367706967248077,0,3
0.3596378787878788,0.0552303041202432,0,0
0.1014921568627451,1.0024211155051763,0,1
0.0769193333333333,1.0006801420056388,0,1
0.6768708333333333,0.1042600907921892,0,3
0.0852125,0.2068620452545873,0,0
0.0062243589743589,0.4,1,0
0.8761854166666666,0.0413157452297799,1,3
0.7561666666666667,0.0,1,3
0.2375594444444444,0.0499558662744086,0,0
0.12033,0.5,1,0
0.5815285714285714,0.780538680952191,0,1
0.3047722222222222,0.6812480534556471,0,1
0.0318333333333333,1.0064102564102564,0,1
0.29573,0.0880643411192671,0,0
0.3390611111111111,0.2684568257786099,0,0
0.5915066666666666,0.0538909033460703,1,3
0.21638,0.0520114852967188,0,0
0.40381,0.0796280463809656,0,0
0.1476381944444444,0.742596806158429,0,1
0.3471766666666666,0.0,0,0
0.8503133333333333,0.0333771636903643,0,3
0.7290944444444444,0.0381257895617201,0,3
0.4682944444444444,0.0265488077211474,1,0
0.1962632478632478,0.0488999225929772,0,0
0.10388,1.0,0,1
0.4456766666666666,0.3597001899342301,0,0
0.69674,0.0445328893664614,0,3
0.141110606060606,0.1581181794489519,0,0
0.2616361111111111,0.4339206706105293,0,0
0.5390833333333334,0.0688099227814519,0,3
0.1351533333333333,1.002857584453154,0,1
0.5296770833333333,0.24577028345747,0,0
0.9425722222222224,0.0576899690299338,0,3
0.3168033333333333,0.1958668964982353,0,0
0.0020635416666666,1.0,0,1
0.0107141975308641,1.0,0,1
0.0017604166666666,1.0,0,1
0.3632623333333333,0.2694144676037758,0,0
0.7136636363636364,0.0415312512470609,0,3
0.1034611111111111,0.8997253289015198,0,1
0.5328266666666667,0.0470123590451268,0,3
0.9137333333333334,0.0878865215345905,1,3
0.1508384615384615,0.6361613832252104,0,1
0.1764261904761905,0.1224223065034197,0,0
0.2091574074074074,0.1006369778150679,0,0
0.4442974358974358,0.4639915721783271,0,0
0.0935639455782312,0.6893772895771878,0,1
0.4439959595959595,0.225415622138872,0,0
0.0465752525252525,0.8037055473977691,0,1
0.6176966666666667,0.0483111153445232,0,3
0.0443305555555555,1.158626502678222,0,1
0.7626181818181819,0.0439826861140864,0,3
0.0855733333333333,0.7560366444735658,0,1
0.9500444444444444,0.0651704030253602,1,3
0.0060958333333333,0.8,0,1
0.5067733333333334,0.072455182931452,1,0
0.8453722222222222,0.0394430636510248,1,3
0.0112411764705882,0.8,0,1
0.0128742424242424,0.8731893504439397,0,1
1.0441266666666666,0.0355966911228237,0,3
0.9694966666666668,0.0519000534367963,0,3
0.6664066666666667,0.2112617675987073,1,3
0.0031694444444444,0.8,0,1
0.2954927083333333,0.0407322859260087,0,0
0.1098120689655172,0.3236490519435344,0,0
0.1692383333333333,0.186114598567913,0,0
0.2002361111111111,0.8118987837921834,0,1
0.3996733333333334,0.0782767973540734,0,0
0.5366617117117117,0.228709068231856,0,3
1.1000666666666663,0.1898824455385289,1,3
0.696944696969697,0.0389253717845264,0,3
0.0053847826086956,1.0094522853813286,0,1
0.6600277777777778,0.0499873716411118,0,3
0.0333283333333333,1.0,0,1
0.4860483333333333,0.0421228454740821,0,0
0.21453125,0.3829850401934215,0,0
0.3632813725490196,0.0402402900915624,0,0
0.1576055555555555,0.1023079986247704,0,0
0.02023,0.7831283892469838,0,1
0.19819375,1.001016296020305,0,1
0.926829761904762,0.036387878924251,0,3
0.9985791666666666,0.2647064526172532,1,3
0.2437166666666667,0.242401153014648,1,0
0.1294083333333333,1.0,0,1
0.9364833333333334,0.042410040850224,0,3
0.0872080459770114,0.08228465408203,0,0
0.7426416666666668,0.1355223557182933,0,3
0.8234230769230769,0.0600533466955039,1,3
0.2619285714285714,0.1000401204617329,1,0
0.8429067708333334,0.0457291431576102,1,3
0.0329983333333333,0.9267866209180332,0,1
0.2478402777777777,0.4030204424386251,0,0
0.8902916666666667,0.0367721042807638,1,3
0.0704970588235294,0.8057868946913374,0,1
0.1280333333333333,0.0962017856328164,0,0
0.3922773809523809,0.3595945844554286,0,0
0.0025888888888888,1.0,1,1
0.416556,0.0380211025479877,0,0
0.0175033333333333,1.1968815559473236,0,1
0.5287416666666667,0.1573674558458126,0,0
0.00520625,1.0,1,1
0.2020740740740741,0.0504055361961589,1,0
0.0026572916666666,0.8,0,1
0.0652555555555555,0.7549887351142581,0,1
0.5316125,0.0678260817611859,0,3
0.6509722222222223,0.0504168543163742,0,3
0.658725,0.1479711386450053,0,3
0.2172833333333333,0.361155005333551,0,0
0.9150333333333334,0.0840042126005293,0,3
0.3832833333333333,0.0384446367257971,0,0
0.0020375,1.0,0,1
0.3541288888888889,0.0529861132588995,0,0
0.8442166666666666,0.1223207200992224,1,3
0.0101477777777777,0.7737854979142846,0,1
0.17337,0.0517127002792378,0,0
0.0879786666666666,0.418273119534405,0,0
0.4219444444444444,0.0755823128232188,1,0
0.0012564102564102,1.01,0,1
0.0523546296296296,1.0010562799141771,0,1
0.3591551724137931,0.0602535610977359,0,0
0.7640777777777777,0.0560326309883456,0,3
0.9301694444444444,0.0322295363307215,0,3
0.67185625,0.0314682680748497,1,3
0.5510966666666667,0.0764867459706746,0,3
1.8596285714285716,0.0393515835007395,0,3
0.9335055555555556,0.0450028417563335,1,3
0.9235761904761906,0.0442811732751456,0,3
0.1500129629629629,0.2623422640406766,0,0
0.0347638888888888,1.0,0,1
0.0121933333333333,0.821273964131107,0,1
0.5886222222222223,0.066584864147872,0,3
0.5247309523809524,0.0798578644363053,1,3
1.0125791666666666,0.0427306893690792,0,3
0.041716,0.0582176216774253,0,0
0.5289583333333333,0.0341627552537114,0,3
0.0219875,0.8018490988049022,0,1
0.8181981481481481,0.2420717718966403,0,3
0.151251724137931,0.2367558896945292,0,0
1.1041592592592593,0.0733482187844875,0,3
0.0061634259259259,0.8784684321816492,1,1
1.0014777777777777,0.0350652215935928,0,3
0.0962854166666666,1.0,0,1
0.413375,0.2594120195804282,0,0
0.1875478260869565,0.2243997792714346,0,0
0.709352380952381,0.0532524745176367,0,3
-0.0026190476190476,2.8735632183908044,1,2
0.9145666666666666,0.0363184234019293,0,3
0.0033714285714285,1.0,0,1
0.1029529411764706,0.0398574500872284,1,0
0.00883,1.012332145793368,0,1
0.0051875,1.0,0,1
0.0518388888888888,0.186134879334107,0,0
0.1046766666666666,0.18344781499261,0,0
0.3100361111111111,0.0557510435477731,1,0
0.0123025641025641,0.804089366013448,0,1
0.0068657407407407,1.2508406893652797,0,1
0.7389444444444444,0.05289351114121,1,3
0.9822444444444444,0.041894735457257,1,3
0.5453153846153846,0.03633428075321,0,3
0.2827825,0.2095028961575447,0,0
0.8480833333333333,0.0401597302458398,1,3
0.5185615384615384,0.0552703308204639,1,0
0.023605,1.0019811192219337,0,1
0.8657333333333334,0.0324789128478372,0,3
0.1002902777777777,0.0996280790585243,0,0
0.0294368421052631,1.0057099510378595,0,1
0.2064037037037037,0.0596693621363818,1,0
0.0289159722222222,1.0007411879705388,0,1
0.76954,0.037983109467623,1,3
0.8283222222222223,0.2694293321066813,1,3
0.0296125,0.8,0,1
0.0243354166666666,1.0332446808510638,1,1
0.1171433333333333,1.000358905338717,0,1
0.0026617647058823,1.0,1,1
0.9431944444444444,0.049035780103798,0,3
0.8813530303030302,0.0399161371276886,1,3
0.0753053571428571,1.0011478261816538,0,1
0.6755685185185185,0.0439721152079657,0,3
0.0904875968992248,0.105755548612213,0,0
0.8496916666666666,0.0510674857963511,0,3
0.7969833333333333,0.1138384855719435,0,3
0.9568916666666668,0.0419770068845124,0,3
0.5534314102564102,0.2226842473455619,0,3
0.6871055555555556,0.0939593248767359,0,3
0.0227681818181818,1.004639155622748,0,1
0.510025,0.0628769378769378,1,0
1.0451722222222222,0.0421573176380728,0,3
0.895253947368421,0.0415522158706728,0,3
0.0230157407407407,1.000051984058222,0,1
0.5705533333333334,0.0438780525419364,0,3
0.0124321428571428,1.001517805020432,0,1
0.0088992063492063,1.0,0,1
0.59332,0.2211069575335381,0,3
0.0017555555555555,1.0,1,1
0.0029286666666666,1.0001900538485904,0,1
0.36755,0.1118650610417498,0,0
0.2112933333333333,0.0773911061664708,1,0
0.0019058558558558,0.7037696800941379,0,1
0.6890903508771931,0.0403599222121063,0,3
0.0135,0.5878378378378378,0,1
0.4785870370370371,0.0846280867995706,1,0
0.968647435897436,0.0271370904248912,1,3
0.3854733333333333,0.0643649941305211,1,0
0.58925,0.004846418870671,0,3
0.8744333333333334,0.3053425249051079,0,3
0.0546591666666666,0.340776651459689,0,0
0.3110119047619047,0.2424720957508786,1,0
0.1023704166666666,0.2526233431555868,0,0
1.002,0.0385973490263096,1,3
0.8581833333333334,0.0541459694243111,0,3
0.65051,0.0494588702260855,1,3
0.009914,0.0,1,0
0.7672833333333333,0.0587586436381375,0,3
0.0033314814814814,1.0,1,1
1.0113766666666668,0.0302731460778042,1,3
0.6262145833333334,0.0239575643484573,1,3
0.0184644927536231,1.0087826743147772,1,1
0.0717304347826087,0.0797207449186519,0,0
0.0202560606060606,1.7704894083272464,0,1
0.5471,0.3974724653555034,0,0
0.0010888888888888,1.05,0,1
0.5490133333333334,0.0420449070301351,0,3
0.4253366666666666,0.0272264341290708,1,0
0.0108666666666666,0.4,0,0
0.6120804824561403,0.0412166247724867,0,3
0.1487047619047619,0.1451614182970992,0,0
0.53636,0.0387287365111224,0,3
0.8814365384615385,0.0258057086547876,1,3
0.2242533333333333,0.0514855832832166,0,0
0.10101,0.2896895644744263,1,0
1.0189666666666666,0.0350567686038186,1,3
0.0808366666666666,0.6785724328829662,0,1
0.1329739583333333,0.1300046931829007,0,0
0.1039592592592592,1.0063072257906702,0,1
0.0478048611111111,0.8180996752675753,0,1
0.1719143678160919,0.4998057522083189,0,0
0.7872083333333333,0.0807304644064847,1,3
0.0296986111111111,0.508336722244815,0,1
1.0342444444444443,0.0345291944338938,0,3
0.43498,0.0388673780749286,0,0
0.3185904761904761,0.0510421632078965,0,0
0.7004022222222221,0.0365510402272967,0,3
0.0410259259259259,1.0214554579673778,0,1
0.0682818181818181,1.0,0,1
0.0053766666666666,0.8,0,1
0.512905,0.0425396623333131,0,0
0.0013166666666666,1.0,0,1
0.0195,0.6666666666666666,1,1
0.7610766666666667,0.0475456324154169,0,3
0.6908277777777777,0.2462596017259575,0,3
0.4576611111111111,0.1293702735029151,0,0
0.2702770833333333,0.0861137499158908,1,0
0.0046325396825396,1.0,0,1
0.3720359649122807,0.2692191362191211,1,0
0.0138,0.1016421192653072,0,0
0.4230083333333333,0.299325392716988,1,0
0.0523616666666666,0.2741453318573009,0,0
0.2573336666666667,0.158787363061053,0,0
0.0083333333333333,0.1016421192653072,0,0
0.3244166666666667,0.0428946880877457,0,0
0.0722145299145299,0.7951986320625927,0,1
0.004055,1.0,0,1
0.0041647435897435,1.0023255813953489,0,1
0.0816,1.0,0,1
0.1550479166666666,0.4561057154361299,0,0
0.6132708333333333,0.1023217129902544,0,3
0.9319583333333334,0.0424412766087764,0,3
0.1362277777777777,0.0611132925963076,0,0
0.83485,0.0493014183448661,1,3
0.0012037037037037,1.0,1,1
0.5326,0.0501714651394957,0,3
0.0026403846153846,1.0,1,1
0.0011060606060606,1.0,0,1
0.1932555555555555,1.0007860262008734,1,1
0.8622083333333334,0.0458671684949559,0,3
0.7912291666666667,0.0585376378992981,1,3
0.0061013333333333,1.00536217265546,1,1
0.0367234848484848,1.082916028738656,0,1
0.0033,1.0,0,1
0.0074935185185185,0.7540634445104355,0,1
0.7692854166666667,0.0427777001052915,0,3
0.0456341666666666,1.008507508051046,0,1
0.0017224358974358,1.0,0,1
0.0231127192982456,1.0,1,1
0.10152625,0.5644408832500608,0,1
0.0011051851851851,1.0031847133757965,0,1
0.32961,0.0807744156126307,0,0
1.0727833333333334,0.1290940443968009,0,3
0.0342907407407407,0.75,1,1
0.4431570175438596,0.0501620364067922,0,0
0.4135284313725489,0.3224574258737218,0,0
0.0577538461538461,0.2008639522293945,0,0
0.5908916666666667,0.0750024661378037,1,3
0.0704761904761904,0.6240009600384016,1,1
0.1780319444444444,0.5576772363138376,0,1
0.7461706521739131,0.0378615321373267,0,3
0.7973158333333333,0.0362245267266064,0,3
0.2107857142857143,0.6155176854993161,0,1
0.0021591666666666,1.0,0,1
0.055532,0.291323200744922,1,0
0.9106833333333332,0.0371059632201575,0,3
0.64765,0.0379649269035538,1,3
0.0072277777777777,0.8035003977724742,1,1
0.0393575,0.2842197988754837,1,0
0.8185407407407408,0.0432134485875327,1,3
0.0141413333333333,1.003845602449789,0,1
0.0793475,0.8054210039038517,1,1
0.0525,0.0,1,0
0.0691244444444444,0.1471258160587576,0,0
0.4367,0.0389728182065217,1,0
0.0059416666666666,1.2,0,1
0.071451282051282,0.2487150805524872,0,0
0.8261466666666667,0.0510000118114422,0,3
0.0323333333333333,0.2564102564102564,0,0
0.0043333333333333,1.0,0,1
0.489401282051282,0.0383227317456717,0,0
-0.0003837962962962,0.8200526099827076,1,1
0.6119095238095238,0.121402858828404,0,3
0.0034016129032258,1.0048031376934283,0,1
0.5528333333333334,0.0351600221261926,1,3
0.9195875,0.0431417781449355,0,3
0.6890867647058824,0.0372320758147546,0,3
0.970425,0.0407747698362706,1,3
0.686011111111111,0.0393279031954569,0,3
0.3680633333333333,0.0493095863936546,0,0
0.780649358974359,0.0385768445060543,0,3
0.0061375,1.0,1,1
0.5860944444444444,0.082462597157405,1,3
0.0724833333333333,0.5308864378799808,0,1
0.0283111111111111,0.8038739814506807,0,1
0.83515,0.0307140521592192,1,3
0.7221888888888889,0.0916699075749251,1,3
0.1923282608695652,0.0475652111237559,1,0
0.2726,0.0617573397045592,0,0
0.4191766666666666,0.0571245414588675,0,0
0.067587037037037,0.0782096203835689,0,0
0.2941366666666666,0.2456836468012718,0,0
0.0036325,0.5895734597156398,0,1
0.94475,0.0643339705434577,0,3
0.6922833333333334,0.2251596203816355,0,3
0.8656066666666666,0.0308425942087746,0,3
0.0078968253968253,1.001,0,1
0.0023148148148148,0.0,0,0
0.0378241666666666,0.6410290994457595,0,1
0.0088629629629629,1.000734394124847,1,1
0.9726708333333334,0.0348838763606351,1,3
0.1630079365079365,0.2630495338680134,0,0
0.1345735632183908,1.0001634253963063,0,1
0.7754714285714286,0.0376480482441848,0,3
0.1456270833333333,0.4305259903260799,0,0
0.8513383333333333,0.0483229000531317,1,3
0.5790759259259259,0.0689901885015892,0,3
0.0102788888888888,1.0007955936352508,0,1
0.0249798611111111,0.77920690448372,1,1
0.3830621794871795,0.2978228200443213,0,0
0.563747619047619,0.0887203243625118,1,3
0.5869004761904761,0.0367879458560561,0,3
0.1267386363636363,0.8225255972696246,0,1
0.1499113333333333,1.0004066281435595,0,1
0.0063420289855072,1.0046511627906978,0,1
0.0028972222222222,1.0,0,1
0.0029906666666666,0.7246855493415119,0,1
0.0737858974358974,0.6080184596570573,0,1
0.629411111111111,0.474907843652449,0,3
0.0681818181818181,1.0606358854460332,0,1
0.5349452380952381,0.0452709880917768,1,3
0.2976916666666666,0.5003220929611589,0,0
0.5322666666666667,0.0327741099173128,1,3
0.0136527777777777,1.0,0,1
0.8635777777777778,0.0481673764965244,0,3
0.0175679487179487,0.8,0,1
0.0224980392156862,0.9713295179396876,1,1
0.0507782945736434,1.0647334097880603,0,1
0.6947958333333333,0.0368497667260314,0,3
0.8303452380952381,0.0501995774059845,1,3
0.09168,0.5083103893539864,0,1
0.0502196969696969,0.9172700725799792,0,1
0.8630823529411765,0.0406336602994052,0,3
0.4284933333333333,0.1176854024567575,0,0
0.1758291666666666,0.25,1,0
0.8483368055555556,0.0411083646426853,0,3
1.042126388888889,0.0414085040569613,0,3
0.93467,0.0836333045856509,0,3
0.5424444444444445,0.0440658835317515,0,3
0.0013357142857142,1.0,0,1
0.0655566666666666,0.6122417495309407,0,1
0.2125135135135135,0.0512895161758508,0,0
0.436685294117647,0.021436150653825,1,0
0.6568814814814815,0.0376071343331161,0,3
0.0051875,1.0,0,1
0.6206944444444444,0.0373112815177726,0,3
0.6732955555555555,0.0412269239958623,0,3
0.7456333333333334,0.0793815466199363,1,3
0.79008,0.0471576166508105,1,3
0.177955,0.3378132382728369,0,0
0.0017333333333333,1.0,0,1
0.1851206666666666,0.7317319553725246,0,1
0.0330953703703703,0.0329173297596113,0,0
0.0670576923076923,0.763425875624286,0,1
0.1871475409836065,0.0588639699961991,0,0
0.0366171296296296,1.0,0,1
0.0559602777777777,1.0,0,1
0.9416416666666666,0.0529700599900761,1,3
0.0152814814814814,1.030327953120181,0,1
0.6035160714285714,0.0348252172434826,1,3
0.0901051282051282,0.394471520221671,0,0
0.0326375,0.4563829260923842,0,0
0.0006376811594202,1.0,0,1
0.8171302083333333,0.034228215274821,0,3
0.0624491666666666,0.4995011539515486,0,1
0.4931520833333333,0.0378060091316566,0,0
0.938575,0.0467286028054035,0,3
0.6561066666666667,0.0483011339702729,0,3
0.9951416666666666,0.004527262331722,1,3
0.2616833333333333,0.0567588788956697,0,0
0.4031275,0.0387621660384286,0,0
0.0078797619047619,1.0031884057971014,0,1
0.0767792929292929,0.8534541241055139,0,1
0.3964166666666667,0.2002967382242477,0,0
0.035181884057971,0.9051911849786988,0,1
0.0318864583333333,1.0,1,1
0.84297,0.2384675091384825,0,3
0.0576791666666666,0.2738401187902243,1,0
0.0011467948717948,1.0,0,1
1.074715833333333,0.0346312974439024,0,3
0.483770238095238,0.0855303158601435,0,0
0.337971875,0.0487359122753579,0,0
0.0668475,0.4688899359159878,1,0
0.0326083333333333,0.8106053603097964,0,1
0.0078411764705882,1.0013431833445263,0,1
0.7401333333333333,0.0439016290897591,1,3
0.042409829059829,0.9111588950761615,0,1
0.9406083333333334,0.0681007908750125,0,3
0.9053642857142856,0.0401425175218446,0,3
0.1446592592592592,0.0897053153379868,0,0
0.3322,0.1070250285018298,0,0
0.6707166666666667,0.0829677323026552,0,3
0.0069555555555555,0.75,0,1
0.006613492063492,1.0,0,1
1.3563318181818182,0.034260966404388,0,3
0.0003125,1.0,1,1
0.3240708333333333,0.0748030944054564,0,0
0.6598958333333333,0.0531322721577358,0,3
0.4807333333333333,0.0933837641574073,0,0
0.0005566666666666,1.005011135857461,0,1
0.573338888888889,0.0397374522873081,0,3
0.2684711111111111,0.421699596616144,0,0
0.12,0.0,1,0
0.5433266666666666,0.0520608609249497,0,3
0.2363384615384615,0.0651366164710961,0,0
0.8358833333333333,0.1174263451788279,0,3
0.0042226495726495,1.0,0,1
0.0583325396825396,1.0006090221989232,0,1
0.2305736111111111,0.4610921017635668,1,0
0.0232773809523809,1.0003859141341052,0,1
0.023792,0.8049199436389604,0,1
0.0739421875,0.6238535989348656,0,1
0.0176180555555555,0.8,1,1
0.2517285714285714,0.0538181715417438,0,0
0.5042166666666666,0.0885731890212746,0,0
0.6491866666666667,0.0546722656444099,1,3
0.0013,0.1016421192653072,0,0
0.029264375,0.8069989406175452,0,1
0.0141977272727272,0.4618657937806875,1,0
0.9911923611111112,0.0429910964247307,0,3
0.0682231884057971,1.010254646960023,0,1
0.2496814814814814,0.2066278898495172,0,0
0.1035166666666666,1.001700668413422,0,1
0.0111352564102564,1.0,0,1
0.6194222222222222,0.6272224540521608,0,3
0.4707773148148148,0.0796704438635238,0,0
0.6695566666666667,0.174436225404237,0,3
0.0202696078431372,0.8000757633154028,0,1
0.5767944444444445,0.0378356941049639,0,3
0.0852743589743589,0.1109933100484732,1,0
0.0908633333333333,1.0,0,1
0.8835305555555556,0.0457095919297466,0,3
0.0273569444444444,1.0134391534391534,1,1
0.0025060185185185,1.0,1,1
0.0926930894308943,0.8137779002480021,0,1
0.4443190476190476,0.0654559364591997,1,0
0.2900555555555555,0.483768788030455,0,0
0.9445611111111112,0.0498331286901801,1,3
0.0065023809523809,1.25,0,1
0.6831106060606061,0.0461426614948643,0,3
0.696907619047619,0.0695761737098502,0,3
0.8451205128205128,0.0393586899257595,0,3
0.00683,0.5015612802498048,0,1
0.5922833333333333,0.068489427253495,0,3
0.10175625,1.0,0,1
0.9294866666666668,0.0427193710609532,1,3
0.6174033333333333,0.0445449916680049,1,3
0.2914936274509804,0.3067378032141347,0,0
0.1201954022988505,0.0510456284370761,1,0
0.5338819444444445,0.0379766954311158,0,3
0.1711458333333333,0.1016421192653072,0,0
0.6258833333333333,0.3246234014760355,0,3
0.5941522222222222,0.0434899347434291,0,3
0.0444601851851851,0.3907084762414023,0,0
0.2314127450980392,0.0949873989560684,0,0
0.0300695652173913,1.045793700142723,0,1
1.0021238095238096,0.0426835731704288,0,3
0.4340888888888888,0.0754291996083305,1,0
0.0009363333333333,1.001945181255526,0,1
0.9069818840579712,0.037611724457418,1,3
0.0334177419354838,0.4,0,0
0.3668583333333333,0.0547764991516807,0,0
0.9771833333333334,0.0346958558024365,1,3
0.0164018518518518,1.0,0,1
0.566775,0.4824246554618026,0,3
0.9960055555555556,0.0449545829040211,0,3
0.0214861111111111,1.2448021562261236,0,1
0.6073866666666666,0.0561726765651712,0,3
0.1647616666666666,0.1121303855536663,1,0
0.33088,0.0498753117206982,0,0
0.4666527777777778,0.0425987023112698,1,0
0.0044197916666666,1.2,0,1
0.8561083333333334,0.0373650322629493,0,3
0.9890333333333334,0.0619329608110165,1,3
0.8376378205128205,0.0320060911940409,0,3
0.841775,0.0914904635845074,0,3
0.4731391025641026,0.0385190543531314,0,0
0.0013083333333333,1.0,0,1
0.6532185185185185,0.0762406499039404,0,3
0.0070953703703703,1.0030835197416466,0,1
0.6329186666666666,0.0387579031570296,0,3
0.0091114942528735,1.0008704253214638,0,1
0.5696722222222222,0.0828243742960287,1,3
0.8527458333333334,0.0314258552143543,1,3
0.62458125,0.033557343854943,1,3
0.0152725,1.5064917314456243,0,1
0.73559,0.0378901466713317,0,3
0.9346633333333332,0.0414444001432548,1,3
0.6259,0.3356900342000267,0,3
0.945625,0.0399196889697645,0,3
0.4010333333333333,0.0346946085449415,0,0
0.2072579710144927,0.0421382443182457,0,0
0.0185133333333333,1.0,0,1
0.71246875,0.0428334912357708,0,3
0.8359055555555556,0.0463912127713817,1,3
0.8812388888888889,0.1015281748964693,0,3
0.0079960317460317,1.003298655163664,1,1
0.6015354166666667,0.0424571345010474,0,3
0.9830976190476188,0.0355434292579713,0,3
0.8245222222222223,0.0609737101845419,1,3
0.0061325396825396,0.9494033683792336,0,1
0.7784727272727273,0.0380260753983848,0,3
0.1712777777777777,0.1016421192653072,0,0
0.249809375,0.0457967922704928,0,0
0.0631083333333333,1.0,0,1
0.8731159090909091,0.0320125642698679,0,3
0.0856022222222222,1.0,0,1
0.0039277777777777,1.0,1,1
0.68366,0.061547307603108,1,3
0.89924375,0.0422154774356396,0,3
0.0179466666666666,1.0,1,1
0.0018231481481481,0.8,0,1
0.0485839506172839,0.466252449228049,0,0
0.4801533333333334,0.4046878481351099,0,0
0.9096321428571428,0.0565708604477468,0,3
0.3105033333333333,0.0421613716396944,1,0
0.0113636363636363,0.0,1,0
0.0144933333333333,0.6749513958357085,0,1
0.4718613333333333,0.03148910682429,0,0
0.8187388888888889,0.0735593177296518,0,3
0.53169375,0.051529875807127,0,3
0.0006205555555555,0.1016421192653072,0,0
0.9983,0.026039116338461,1,3
0.5621458333333333,0.0717945429676748,0,3
0.0286236559139784,0.2722275682610888,0,0
0.2592930555555555,0.8657415505484013,0,1
0.0045936666666666,0.7897007612822602,0,1
0.0856888888888888,0.5166941055899857,0,1
0.2934729166666666,0.0995392054428202,1,0
0.9316722222222222,0.0372545989783306,1,3
0.9472166666666666,0.045587641975289,1,3
0.9515972222222224,0.0315613039246558,1,3
0.9116052083333334,0.0368731781191369,1,3
0.7456066666666668,0.0392716250483403,1,3
0.1141791666666666,1.3417708357565563,1,1
0.0128416666666666,0.8,0,1
0.0140805555555555,0.8,0,1
0.4221453703703704,0.0754210670784844,0,0
0.0021125,1.0012033694344162,0,1
0.113215909090909,1.0,1,1
0.5812333333333333,0.4235625268056385,0,3
0.3201973333333333,0.041818558553453,0,0
0.07335,0.3823972428848183,0,0
0.1437794117647058,0.2522816153407108,0,0
0.9909944444444444,0.0363441973709168,0,3
0.6929180555555556,0.0383180418884375,0,3
0.0198520833333333,1.0,0,1
0.2209166666666666,0.9403163234855269,0,1
0.860422988505747,0.0389510068448569,0,3
0.1513258333333333,0.8562242098636812,0,1
0.0210681818181818,0.3260214876666635,0,0
0.3155144444444444,0.1461468688769182,0,0
0.7604166666666667,0.4617672733271839,1,3
0.6805066666666667,0.0735060306340648,0,3
0.0125,0.0,1,0
0.6330423076923077,0.0502536530009123,0,3
0.8639433333333333,0.0460402952564756,1,3
0.2742404761904761,0.0855519774552729,1,0
0.1023944444444444,0.7371124239980694,0,1
1.0130916666666665,0.0593974990152934,1,3
0.87371875,0.0392445409437407,0,3
0.3424060606060606,0.043437036708842,0,0
0.0135357142857142,0.6192903189491907,0,1
0.7228266666666667,0.039641931606528,0,3
0.1403458333333333,0.8103396592676587,0,1
1.0566766666666667,0.0353213358529219,0,3
0.9447472222222224,0.0494199893991978,0,3
0.0126711111111111,0.6502332868465494,0,1
0.0625472222222222,0.8,0,1
0.0068571428571428,0.0,1,0
0.0801553333333333,0.262989295532987,0,0
0.9958020833333332,0.0320645949602712,0,3
0.2275981481481481,0.2058823529411764,0,0
0.0604622222222222,0.7313045432719425,0,1
0.5208494623655914,0.0862846514611146,1,0
0.59926875,0.0349291918230144,0,3
0.0358723484848484,0.713716410818354,0,1
0.037178125,0.7763817189961133,0,1
0.0122916666666666,1.0048961613177174,0,1
0.9760291666666666,0.0513679154997021,1,3
0.2467722222222222,0.2045977037523938,0,0
0.2486996666666666,0.0440790745566795,0,0
0.3658666666666667,0.4892190001779043,0,0
0.828911111111111,0.0418023863186148,0,3
0.4301318181818181,0.0475667477928661,0,0
0.03114,0.1353969634313896,0,0
0.0169966666666666,1.0,0,1
0.6720133333333332,0.5547196557784857,0,3
0.6879694444444444,0.0308029701489156,0,3
0.0322516666666666,1.0,0,1
0.000917,0.7333333333333333,0,1
0.3787427083333333,0.0309561638575831,0,0
0.7167166666666667,0.1736852188243813,0,3
0.0134546296296296,0.8003467406380029,0,1
0.89817,0.0409730407208195,0,3
0.3866577777777777,0.0410444013176091,0,0
0.1411016666666666,0.3199379190936124,0,0
0.1290625,0.073602294927265,0,0
0.2741097222222222,0.0499441855986218,0,0
0.0078136666666666,1.0466676984998131,0,1
0.9349701754385964,0.0404793526752475,0,3
0.5989071428571429,0.2775248909168367,0,3
0.0450731481481481,0.7679890442530148,0,1
0.080125641025641,0.0478556330849365,0,0
0.8763966666666667,0.0348468629902361,0,3
0.71172,0.0357631134901637,0,3
0.61623,0.0382282557217982,0,3
0.6899453703703704,0.0443130224746724,0,3
0.7392541666666667,0.1344402495185568,0,3
0.0106974358974358,1.0,0,1
0.1003494623655913,0.2735843468493215,0,0
0.16375,1.0175530981218186,0,1
0.6584200980392158,0.0351084848279104,0,3
0.6223021739130434,0.0467773235659171,0,3
0.0808848484848484,1.0231540895550226,0,1
0.61927,0.7667789979590011,0,3
0.035,0.0,1,0
0.7360142857142857,0.0402814191676613,0,3
0.0173291666666666,0.7545241647199115,0,1
0.57883,0.0465214467342213,0,3
0.0114260869565217,0.5206487341772152,1,1
0.4231625,0.0340011645681727,0,0
0.0322703703703703,0.6669357877173153,0,1
0.0053345238095238,1.0,0,1
0.4368505747126437,0.0435119799993154,0,0
0.243096875,0.0555119731255154,0,0
0.4461469696969696,0.0338956610139537,0,0
0.0248770833333333,1.0,0,1
0.3744277777777777,0.1999501523509985,0,0
0.2899375,0.0296162376769545,0,0
0.9538,0.0480718609723895,0,3
0.010397619047619,0.8341821910784482,1,1
0.2400901960784313,0.0579425828694769,0,0
0.6593347222222222,0.0427313621587947,0,3
0.24682,1.8410198149512813,1,1
0.6752241134751773,0.1445260075320826,0,3
0.0116472222222222,0.4998032163838729,1,1
0.0369666666666666,2.5704697986577183,1,1
0.0156847222222222,1.0279286690318905,1,1
0.8028516666666667,0.0320504878718761,0,3
0.0480919047619047,1.0037839994762394,0,1
0.1406795833333333,0.9156557587970164,0,1
0.0050424242424242,0.7,1,1
0.5245838235294118,0.033912185496078,0,3
0.4204714285714285,0.0477052883591213,0,0
0.5812983333333334,0.0472798716276906,0,3
0.1705466666666666,0.1374296715689148,0,0
0.4562104166666667,0.2420435531937528,0,0
0.4319233333333334,0.1213975651638994,0,0
0.5440008771929825,0.0381335580491184,0,3
0.0039111111111111,1.0,0,1
0.6520204761904762,0.0375384502384124,0,3
0.0366839285714285,0.2668971620292407,1,0
0.5104391666666667,0.0385139124258401,0,0
0.3351444444444444,0.4535901382231667,0,0
0.8180283333333332,0.0397259120347623,0,3
0.6816333333333333,0.4467207210383266,0,3
0.550266,0.0350435570992806,1,3
0.7202566666666668,0.0419013169005599,0,3
1.0179589743589743,0.0408356812776634,0,3
0.7466380952380952,0.0415430628781393,0,3
0.0972938596491228,0.805035200292348,1,1
0.5497583333333333,0.0617845554987958,0,3
0.0105944444444444,0.8002399808015358,0,1
0.4882592592592593,0.0559546270100164,0,0
1.0205428571428572,0.0431980161225614,0,3
0.8650166666666667,0.0381686977136926,1,3
0.0077578431372549,1.0221979782457642,0,1
0.7815277777777777,0.0352487468270774,1,3
0.7225135416666667,0.1962358568208521,0,3
0.0041916666666666,1.0,0,1
0.3462642857142857,0.0529759019380831,0,0
0.7103809523809523,0.0807063616586145,0,3
0.4243693548387097,0.046762354362718,0,0
0.0416071428571428,0.1066325442525058,0,0
0.6771666666666667,0.1839115539229635,0,3
0.8505555555555556,0.0812119020540254,0,3
0.9207807692307692,0.0332591094996059,1,3
0.0258356481481481,1.004043042722617,1,1
0.074975,0.8,0,1
0.51242,0.0610463049408182,0,0
0.0011574074074074,1.0,0,1
0.0840020833333333,0.0823244552058111,1,0
0.2137166666666666,0.7512282122655133,0,1
0.002972619047619,1.0,1,1
0.2766203703703703,0.0480276497588135,0,0
0.8292407894736842,0.0376814423626118,0,3
0.8728,0.1823690859809206,0,3
0.3246270833333333,0.0487421658727136,0,0
0.7625972222222223,0.0627513044932292,0,3
0.3466047619047618,0.0673903238752551,0,0
0.01818125,1.0077032731527154,0,1
0.5925430817610062,0.0359007308429857,0,3
0.8789566666666667,0.0533427409303173,0,3
0.2407333333333333,0.8,0,1
0.0429586666666666,0.3048209525680866,0,0
0.2887866666666667,0.0574765495677763,0,0
0.8595444444444444,0.0475571966624228,1,3
0.0324572916666666,1.0010726408778434,0,1
0.284425,0.4566119989376233,0,0
0.7080955128205129,0.1966083110628091,0,3
0.0629162393162393,0.9635821831898632,0,1
0.0109227777777777,0.801920131633635,0,1
0.7997733333333333,0.0500042721871997,1,3
0.0013166666666666,1.6425764017004891,0,1
0.4661722222222222,0.0543998263702614,0,0
0.0169041666666666,1.0011352147037864,0,1
0.1029507575757575,1.0046286646225169,0,1
0.4146616666666666,0.0352434571850509,0,0
0.7499511904761905,0.0479940377500841,0,3
0.7783266666666667,0.0362619823041281,0,3
0.1270575,0.0402000178067902,1,0
0.3411766666666666,0.0576595949051849,0,0
0.2393354166666666,0.0579045315111292,1,0
0.4567966666666666,0.0514161911880832,1,0
0.0024339743589743,1.0,1,1
0.242245,0.0425396478901797,0,0
0.2174233333333333,0.7550039886866343,0,1
0.495065873015873,0.0438279518956222,0,0
0.999909523809524,0.0420584614061839,0,3
0.599136507936508,0.0366859435469444,0,3
0.0375,1.0008237734927996,0,1
0.0030094444444444,1.0,0,1
0.0028314814814814,0.8218927982593627,0,1
0.6468033333333334,0.0507518406635296,0,3
0.9727986111111112,0.0407633049878934,0,3
0.8523555555555556,0.0473040649284684,1,3
1.032433333333333,0.0993296950916121,0,3
0.4561466666666666,0.0532950471406972,0,0
0.884675,0.0691691549180789,1,3
0.5129309523809523,0.0440766148975041,0,0
0.032895238095238,0.9463882219074192,1,1
0.7019226666666666,0.0537198752752467,0,3
0.105,0.0,1,0
0.02218125,1.0006472491909386,0,1
0.0101294871794871,0.985096822164032,0,1
0.05074,0.1240993459703379,0,0
0.3936677777777778,0.1286022470208304,0,0
0.8597,0.1581749724522158,0,3
0.3106,0.0370529957347982,0,0
0.7359333333333333,0.8475334715620724,0,3
1.000288888888889,0.0681738877391382,1,3
0.9396,0.0443381180223285,1,3
0.0191666666666666,0.1016421192653072,1,0
0.0520674603174603,1.022604625054983,0,1
0.4739486486486486,0.0410574814942678,0,0
0.1624491666666666,0.9037100132429788,0,1
0.3691717391304348,0.0432835781505006,0,0
0.0290546296296296,0.5682535780059637,0,1
0.55565,0.1107713168903575,1,3
0.2949270833333333,0.0580526539915243,0,0
0.2679111111111111,2.5414557152741524,0,1
0.1597725,0.0889794743850237,0,0
0.9334,0.0731569662207281,0,3
0.0220166666666666,1.0037748823984505,0,1
0.4650479166666666,0.0404567430098272,0,0
0.0142366666666666,1.0051587976700067,0,1
0.5675772727272728,0.0445792586170811,0,3
0.21317,0.1090329402654324,1,0
0.0116656862745098,1.0,0,1
0.0625666666666666,0.7682979180081563,0,1
0.4422244444444445,0.0156145023881061,1,0
0.1611954545454545,0.1817281255747681,0,0
0.0022507246376811,1.0,0,1
0.7979166666666667,0.0408243573256621,0,3
0.0386723484848484,0.9172868246801535,0,1
0.7160833333333333,0.0435168492261118,1,3
0.4246,0.0412415128951081,0,0
0.6081333333333333,0.9370087158544844,1,1
1.0135833333333335,0.0971537297606284,0,3
0.7641638888888889,0.0344095230517207,0,3
0.0257407407407407,1.0037658686974438,0,1
0.3719625850340136,0.2395718762487228,0,0
0.0757177777777777,0.5072156821731162,0,1
0.7630857142857143,0.182915892379013,0,3
0.8926916666666667,0.0820239324949799,0,3
0.9426796296296296,0.2426007977326512,0,3
0.5824966666666667,0.0432580398976384,0,3
0.6169268518518518,0.0419110968923961,0,3
0.4775210526315789,0.072333731034762,0,0
0.2882759259259259,0.185330653806265,0,0
0.0134366666666666,1.0,0,1
0.4029866666666666,0.0351686350402536,1,0
0.125287037037037,1.0,0,1
0.0008625,1.0,0,1
0.1299230392156863,0.2066173149662678,0,0
0.0779931034482758,0.6905373328458811,0,1
0.5236861111111112,0.0466171282617461,0,3
0.6540666666666667,0.3680797692693345,1,3
0.0400458333333333,1.1490258544039271,0,1
0.015,1.0,0,1
0.0435755813953488,0.9436135255264408,0,1
0.5671928571428572,0.0408750512216239,0,3
0.9653833333333334,0.4397667961165547,0,3
1.001875,0.0459165751997963,1,3
0.2735583333333333,0.1469025075144347,0,0
0.7889366666666667,0.0774664124517261,0,3
0.9551347222222224,0.0423633693054016,0,3
0.8830916666666666,0.0733667949811108,0,3
0.846844540229885,0.0402564090264169,0,3
0.0308066666666666,0.0,0,0
0.035355,0.4530544303608567,0,0
0.6428416666666666,0.0333459720279415,0,3
0.385598717948718,0.1455292152813278,1,0
0.7786240740740741,0.0346321429146995,0,3
0.52505,0.0856963138033335,1,3
0.2803185185185185,0.3133556135574829,0,0
0.0135395833333333,1.086185419558632,1,1
0.930722072072072,0.0384794351234772,1,3
0.7713128205128206,0.0392859231117581,1,3
0.76444,0.0475315349382231,0,3
0.9030107142857144,0.0482314025550965,0,3
0.2254647058823529,0.0497201086621121,0,0
0.3680966666666666,0.0624370546425749,0,0
0.0007621794871794,1.0,0,1
0.0078,0.4,1,0
0.6056694444444445,0.0494355473242789,0,3
0.0302295238095238,0.2147012288477771,0,0
0.9656,0.110619415735861,0,3
0.85368,0.0488785718209356,0,3
0.7294361111111111,0.0382190350011199,0,3
0.8001416666666668,0.066402993605367,1,3
0.212558,0.0700940139828221,0,0
0.2902547619047619,0.063159308300651,0,0
0.9192113636363636,0.0357314869195984,0,3
0.47351,0.0399163136494252,0,0
0.01329125,1.0,0,1
0.0673378787878788,0.2566834788638673,0,0
0.0340576923076923,0.8366021118187589,0,1
0.8295611111111111,0.0444020046596715,0,3
0.0825,0.0,1,0
0.72006,0.1459642250701808,0,3
0.4980944444444444,0.0844548826202698,1,0
0.0964345238095238,0.3171897301027488,1,0
0.0190733333333333,1.0,0,1
0.2607872549019608,0.0868755820410012,1,0
0.1321833333333333,0.234967725229872,0,0
0.74602,0.0402004966907979,0,3
0.76082,0.4419246254813821,0,3
0.0096191666666666,1.0049423393739705,0,1
0.9342,0.0487153675386494,1,3
0.0095032407407407,1.0,0,1
0.835,0.0574132863475837,0,3
0.9088,0.0632780522050595,0,3
0.012507619047619,0.2222263722053342,0,0
0.0078,1.0,0,1
0.0160883333333333,1.0,1,1
0.9104,0.0411160223466014,0,3
0.0662466666666666,0.9456403957198678,1,1
0.6790541666666667,0.0384449805886363,1,3
0.2525333333333333,0.1388225016123601,1,0
0.7526597701149426,0.0516419482453693,0,3
0.3584635416666666,0.0410016939853544,0,0
0.00045,1.2142857142857144,0,1
0.0420283333333333,0.0641654726714723,0,0
0.1922962365591398,0.1624422257129443,0,0
0.0277924242424242,1.01333144560462,1,1
0.0134383838383838,0.75,0,1
0.7246166666666667,0.0362353498863319,0,3
0.004435,0.7365511167006095,0,1
0.17878,0.2269401130066684,0,0
0.3432033333333333,0.0408548062037508,0,0
0.0150086956521739,0.8041330477191087,1,1
0.8016802083333333,0.0540754326608453,0,3
0.8009133333333333,0.2214783140862948,1,3
0.7066320512820513,0.0497150125308844,0,3
0.0052468253968253,1.0,0,1
0.2224083333333333,0.5732370788867964,1,0
0.0025291666666666,1.0,0,1
0.4385268518518518,0.0399617789714114,0,0
0.3110805555555555,0.042633812844149,0,0
0.9420466666666668,0.0481726932454643,1,3
0.085268,0.284853373634744,0,0
0.710275,0.179461625501445,1,3
0.96431,0.0300359064050193,1,3
0.7448333333333333,0.2309824960865343,0,3
0.5676136904761905,0.038843506432355,0,3
0.034685,0.6555614882341655,0,1
0.25076,0.0495447181819222,0,0
0.6280166666666667,0.3403561676969249,0,3
0.35291,0.1013432663906205,1,0
0.3287266666666666,0.2699072988416241,0,0
0.47035,0.4716253590684215,0,0
0.0655219696969697,0.6043882424977702,0,1
0.0139162037037037,1.4457321149988855,0,1
0.0425879629629629,1.2001318143301007,0,1
1.0264777777777778,0.0523238225403068,0,3
0.1255796296296296,0.0657005711032619,0,0
0.0015126666666666,3.627960807023386,0,2
0.3215033333333333,0.1032686388335077,0,0
0.0005368686868686,1.052081499735962,0,1
0.0246970833333333,1.0019969047975636,0,1
0.1076,1.0005797101449274,0,1
0.0015151515151515,1.0,0,1
0.0108199074074074,0.0898513800424628,0,0
0.0307444444444444,0.6,0,1
0.0873404761904761,0.6805161556624044,0,1
0.2670383333333333,0.1048628233965459,0,0
0.210751282051282,0.0507557039093755,1,0
0.1365481481481481,0.1662381018493925,0,0
0.111463492063492,0.6080625060716736,0,1
0.5902130952380952,0.0414178310760248,0,3
0.1714880952380952,0.12193636883462,0,0
0.0220273148148148,0.5665434842043401,0,1
0.0441410256410256,1.038753889625211,0,1
0.6881236842105263,0.0360978535366375,0,3
0.0627246913580246,0.0953787041434006,0,0
0.9502666666666666,0.0613154739111599,0,3
0.3754108108108108,0.1572710269824552,0,0
0.6324,0.0397533423605219,1,3
0.78868,0.1114004608074137,0,3
0.0189055555555555,0.5,0,1
0.9599777777777776,0.0367889042870911,0,3
0.4697225490196078,0.3444910274027213,0,0
0.0214333333333333,1.001341355919212,0,1
0.0343185185185185,1.0,0,1
0.05465,1.0098146267253807,0,1
0.7378404761904762,0.0364068009003727,0,3
0.8002763157894737,0.0370131548798649,0,3
0.8655861111111111,0.0499692062794115,0,3
0.013,0.6666666666666666,1,1
0.2566530303030302,0.0570850016925659,0,0
0.1187212962962962,0.1119742651958656,0,0
0.0086288461538461,1.0030899961375048,0,1
0.7583472222222222,0.0394701395045934,0,3
0.704704,0.0712794188978564,0,3
0.0263033333333333,1.000262950302393,0,1
0.5865770833333332,0.0365542617323474,0,3
0.0269070512820512,0.814741029065291,0,1
0.0119451851851851,1.0113313308248129,0,1
0.4796177777777778,0.0605678708809367,0,0
0.0129655303030303,1.3000611165748928,0,1
0.6201431372549019,0.0265693966900324,1,3
0.8855176470588235,0.041949579760006,0,3
0.0169026041666666,1.0044581175202736,0,1
0.1465925925925926,0.073574644600098,1,0
0.0323064814814814,1.001841263613923,0,1
0.9610333333333332,0.0460021764630723,0,3
0.0357344444444444,1.0,0,1
0.9499047619047618,0.3807287199559057,0,3
0.6510666666666667,0.0617298941663295,0,3
0.1192166666666666,0.0656932594037097,0,0
0.36739,0.288949276929057,0,0
0.5452520833333333,0.0460263253542468,0,3
0.97453125,0.0377053973666685,0,3
0.0060017543859649,0.4662379421221865,0,1
0.036352536231884,0.6569511042635927,0,1
0.0033048245614035,0.7525761259696654,0,1
0.7405964285714286,0.0525309363959958,0,3
0.8809916666666666,0.1163416336221199,0,3
0.0037205128205128,1.0,0,1
0.5073583333333334,0.0380009939358171,1,0
0.1359530303030303,0.0424569196080977,0,0
0.0012708333333333,1.0,0,1
0.4674566666666666,0.696073093203778,0,0
0.1917583333333333,0.4804825539387812,0,0
0.0175104166666666,1.0300709190588648,0,1
0.6778366666666668,0.0593014644535702,1,3
0.3743333333333333,0.5,0,0
0.2623675,0.0928268776816202,0,0
0.0321458333333333,1.0012708018154313,0,1
0.1356,0.0863965895426383,0,0
0.0278379629629629,0.1933962894054034,1,0
0.0351247311827956,0.1417004869809791,0,0
0.0116238095238095,1.1341089468004175,0,1
0.5987333333333333,0.3739245100715503,0,3
0.3925083333333333,0.0427652492809415,0,0
0.4383235632183908,0.0733121677555873,1,0
0.0157449074074074,1.0049346281995346,0,1
0.0039422222222222,1.003409644422796,0,1
0.0018958333333333,0.8,1,1
0.8487333333333333,0.03649389217662,0,3
0.974665,0.0395762014369976,0,3
0.9007266666666668,0.0210198832093471,1,3
0.0308794871794871,1.02483024943655,0,1
0.1476738095238095,0.1875899203677338,1,0
0.0206046296296296,1.0,0,1
0.0031435897435897,1.0,0,1
0.0367051724137931,0.6203535506482731,0,1
0.7668433333333333,0.2454817622650221,0,3
0.5302083333333333,0.041185302623706,1,3
0.4067651515151514,0.4907259919094338,0,0
0.8457833333333334,0.0935971921876729,0,3
0.48568,0.3616114746807934,0,0
0.013581,1.0034276942198916,0,1
0.8405476190476191,0.0373596201300595,0,3
0.0018086956521739,1.0,1,1
0.2389944444444444,0.6554874152985589,0,1
0.6777408333333332,0.0392436115656575,0,3
0.013085,0.2,0,0
0.1030775,0.3152140645388691,0,0
0.7866444444444444,0.0886547896354152,1,3
0.5813611111111111,0.4611010244860994,0,3
0.0759972222222222,0.3721980607955168,0,0
0.0374744444444444,0.802394270390459,0,1
0.53117,0.0435382510769815,0,3
0.9819651515151516,0.0321476216560812,1,3
0.0003645833333333,1.5210948982663668,1,1
0.0023055555555555,1.0,0,1
0.5788791666666666,0.0384026832754639,0,3
0.8068783333333333,0.4748886417843227,0,3
0.0470115384615384,0.5216836072711146,0,1
0.590921505376344,0.0424373326696399,0,3
1.3754408333333334,0.0428744513815277,0,3
0.6507083333333333,0.0748083427857528,0,3
0.9494416666666666,0.0841683338884861,1,3
0.0016025641025641,0.1016421192653072,0,0
0.2353956140350877,0.0491766178635358,0,0
0.0026708333333333,0.5,0,1
0.0029691666666666,0.9552,0,1
0.2469543478260869,0.820466405353414,0,1
0.8639,0.0673434900390421,1,3
0.5590616666666667,0.0460540976368644,0,3
0.4386294117647059,0.0379840761526527,0,0
0.4323035714285714,0.0505772250585811,0,0
0.2191470588235294,0.0467170100455191,0,0
0.47460625,0.0482121552611192,0,0
0.3355178571428571,0.037912920186589,0,0
0.9478266666666668,0.043539799705952,0,3
0.5297,0.0766467956461275,0,3
0.1736083333333333,0.3455003767961056,1,0
0.0032752688172043,1.0,0,1
0.023157738095238,1.0,1,1
0.2865801418439716,0.0447073402007219,0,0
0.003846875,0.8018018018018018,0,1
0.008413768115942,1.0,0,1
0.2678551282051282,0.0454572237428817,0,0
0.0179712121212121,0.8,0,1
0.0354741830065359,0.7567567567567567,0,1
0.6053320512820514,0.0586229257920549,1,3
0.5808083333333333,0.3816060680405295,1,3
0.5625592592592593,0.053701224322467,0,3
0.1141047619047619,0.0973244926566244,1,0
0.0167197916666666,1.026027173023408,1,1
0.9770566666666668,0.0080912819872155,1,3
0.0015377777777777,1.0017241379310349,0,1
0.4080047619047618,0.4312677621759434,0,0
0.0103018518518518,0.1016421192653072,0,0
0.8577238095238094,0.0432616185771712,0,3
0.3659966666666666,0.0573934094593995,0,0
0.1314666666666666,1.0008377131014037,0,1
0.6417166666666667,0.0890343798497116,1,3
0.6222166666666666,0.0414109804678487,1,3
0.4448424242424242,0.0442428472743106,0,0
0.2633111111111111,1.0295082932316002,1,1
0.4792416666666667,0.0902221661981793,1,0
0.2138138888888889,1.0054822800779906,0,1
0.61744,0.0572295193724285,0,3
0.7975404761904762,0.047236364395428,0,3
0.8156055555555556,0.0621947050831462,0,3
0.0065819444444444,1.0,0,1
0.0365927083333333,1.0052745639755514,0,1
0.5216987179487179,0.0543669907094334,0,0
0.4995391304347826,0.0538775429279431,0,0
0.2331548387096774,0.0378029031621235,0,0
0.0301008333333333,1.0040719459121277,0,1
0.1563771604938271,0.383898646864438,0,0
0.9329855555555556,0.0355252978852013,0,3
0.0394323333333333,0.3185286789039447,0,0
0.0985176767676767,0.2190233772739748,0,0
0.7330733333333332,0.0423927411330846,1,3
0.0595337962962963,0.2056551592970389,0,0
0.0390722222222222,0.8034167385677307,0,1
0.0131472868217054,1.0,0,1
0.0005456989247311,1.142948717948718,0,1
0.002551282051282,0.1016421192653072,0,0
0.5879549019607843,0.0531040027927259,1,3
0.0575325757575757,1.0003549354384678,0,1
0.0102966666666666,1.0042476701907574,0,1
0.0338566666666666,0.7606582786939378,0,1
0.4586652777777778,0.0514368282075092,0,0
0.8043604166666667,0.0394904850355619,0,3
0.0026291666666666,0.1016421192653072,1,0
0.5208783950617284,0.2325036891482319,0,0
0.6283722222222222,0.0372931023221248,0,3
0.26675,0.7152428550208099,0,1
0.61247,0.2953346431593319,0,3
0.8508678571428572,0.0351812233248844,0,3
0.0061966666666666,1.0,0,1
0.2336027777777777,0.2322387791855746,0,0
0.092315873015873,5.0,0,2
0.2131416666666666,0.1382441125141351,0,0
0.5047020833333333,0.0512608101544814,1,0
0.1329055555555555,1.0,0,1
0.0247343137254901,1.0,0,1
0.8152272727272727,0.0462333011409113,0,3
0.8351938596491228,0.0719290751638324,1,3
0.8936619047619048,0.044044136623023,0,3
0.9876265151515152,0.0375341902295415,1,3
0.315445,0.0481291585373954,0,0
0.000268817204301,0.1016421192653072,0,0
0.0510953703703703,1.0,0,1
0.2351190476190476,0.2952795706392654,0,0
0.0352833333333333,1.0032318686520676,0,1
0.1882462962962963,0.0839675379192503,0,0
0.8835555555555556,0.0593086914890682,0,3
0.0124143518518518,0.8,0,1
0.4314,0.1959331071160692,1,0
1.000916666666667,0.0485053739783453,0,3
0.5355647058823529,5.0,0,2
0.2440440860215054,0.3382730462582733,0,0
0.4886,0.0792336857804112,0,0
0.3447104166666666,0.4358795685967501,0,0
0.009914,0.0,1,0
0.102685,0.0444369252556377,0,0
0.9009384615384616,0.134204158924975,0,3
0.00195,1.0,0,1
0.0054230769230769,0.5,0,1
0.5259301587301587,0.0387554600341192,0,3
0.0145940476190476,1.019323996768112,0,1
0.4416027777777778,0.0533873556121688,0,0
0.0728153333333333,0.6481173479737732,0,1
0.6645694444444444,0.0488096848279471,1,3
0.0391840579710144,0.7253208931811052,0,1
0.2916673913043478,0.0740232742532174,0,0
0.648744,0.0334359713910418,0,3
0.277020238095238,0.0305090171910927,1,0
0.0777625,0.5608199959238559,0,1
0.5184979166666667,0.0621095446290531,0,0
0.0031743055555555,1.002903600464576,0,1
0.0017794871794871,1.0,0,1
0.4868537037037037,0.0404909664095025,0,0
0.0059965811965811,1.003923342859628,0,1
0.2490558333333333,0.1292413826479972,0,0
0.6163816666666666,0.1380890060362552,0,3
0.0015079365079365,1.0,0,1
0.3394,0.0407043659319316,0,0
0.2428,0.1053374490849445,1,0
0.3695058823529412,0.0554354215554585,0,0
0.3316152777777778,0.0388581734863372,0,0
0.4772020833333333,0.0308517204581532,1,0
0.5007366666666666,0.0411987609480186,0,0
0.0628433333333333,0.1624659446564752,1,0
0.7564266666666667,0.0355180424069924,1,3
0.5551866666666666,0.0562634063797066,1,3
0.7371416666666667,0.0885627516941889,0,3
0.2391928571428571,0.2051325125531645,1,0
0.8802388888888889,0.0744309974803264,0,3
0.8880494047619047,0.0410284870877845,1,3
0.6016833333333333,0.124981768848512,0,3
0.0172003787878787,1.0023212378048874,0,1
0.0965793103448275,1.0000721649484536,0,1
0.4072826923076923,0.2812439557659435,0,0
0.8795333333333334,0.0675291325356394,1,3
0.50016,0.2914390956947131,0,0
0.4072018518518518,0.041825638603749,0,0
0.0087537878787878,1.0,0,1
0.0083333333333333,0.8,0,1
0.4709083333333333,0.0794338636567424,0,0
0.0084686666666666,0.6435452786501107,0,1
0.0968454545454545,1.0,0,1
0.4078866666666666,0.0580597562529263,0,0
0.1596258333333333,0.1675773622575786,0,0
0.0008927536231884,0.4927184466019417,1,1
0.0524150793650793,0.705354871543735,0,1
0.5757166666666667,0.0472187177056398,0,3
0.2436991666666667,0.03217331522285,0,0
0.4515166666666666,0.1242197591183782,0,0
0.2321433333333333,0.1074904173889992,0,0
0.9275333333333332,0.0533406435786725,0,3
0.2371183333333333,0.5246034740105303,0,0
0.0146041666666666,0.8850213980028531,0,1
0.1387633333333333,0.4678072398407374,0,0
0.2361619047619047,0.0700557823053661,0,0
0.7786388888888889,0.0291738083072236,0,3
0.0150709876543209,0.6666666666666666,0,1
0.3553382352941176,0.4398896072900906,0,0
0.0064705128205128,1.198040129203066,0,1
0.0342613333333333,0.0548331879584053,0,0
0.054182738095238,1.0062681136408669,0,1
0.0029863095238095,1.0,0,1
0.1821055555555555,0.6044339629873423,0,1
0.6922033333333333,0.0317413913260824,0,3
0.4905858333333333,0.4276205250913839,0,0
0.001009420289855,1.0,0,1
0.224299537037037,1.000218994139644,0,1
0.0437462962962963,0.5107741619829286,0,1
0.0118222222222222,1.0,0,1
0.5933521739130435,0.4568942982588155,0,3
0.0144398809523809,1.0,1,1
0.7803666666666667,0.0568676613088943,1,3
0.8936833333333334,0.1227770413053201,1,3
0.9882666666666666,0.0698922883264658,1,3
0.1205155555555555,0.0646703617332669,1,0
0.1134821428571428,0.4465147996473295,0,0
0.1490861111111111,0.8128380235694946,0,1
0.4620916666666667,0.0444241952000988,0,0
0.6297607142857143,0.0343100624454534,1,3
0.2507133333333333,0.1070240806251213,0,0
0.0015946666666666,1.0145044319097505,0,1
0.0057615384615384,0.6177019888718096,1,1
0.0351961538461538,0.2446924836709871,0,0
0.9477388888888888,0.0398415129375061,0,3
0.0019698412698412,1.0,1,1
0.0296733333333333,1.0,1,1
0.0131543859649122,1.0,1,1
0.2856781609195402,0.0369863557287182,0,0
0.0842819444444444,1.0038576343741608,0,1
0.8941696969696971,0.0456060439610757,0,3
0.1603222222222222,0.1476647692351545,0,0
0.0371,1.0,0,1
0.307225,0.0665214301430583,0,0
0.51987,0.0831831540070455,0,0
0.57772,0.0671363421320485,0,3
0.0069536231884057,0.8053723900001224,0,1
0.0523620833333333,0.4850644691810009,0,1
0.455835,0.0480537488642824,0,0
0.8051416666666666,0.0570209513537936,0,3
0.9897916666666666,0.0673208340277637,0,3
0.0824273333333333,0.569778522613402,0,1
0.0099453703703703,1.0,0,1
0.8513666666666666,0.0390020004654004,0,3
0.0038901234567901,0.8,1,1
0.7992291666666667,0.0409716548780156,0,3
0.860642156862745,0.0338144276797421,0,3
0.9076266666666668,0.0686329984384257,0,3
0.4194833333333333,0.0922564377401369,0,0
0.0132007246376811,1.0,0,1
0.7999611111111111,0.2359057406400482,0,3
0.9033111111111112,0.0495929634450709,0,3
0.951725,0.0459391108467178,0,3
0.1807333333333333,1.0,0,1
0.0574333333333333,0.3504199255081723,0,0
0.7403033333333333,0.0837241228306616,0,3
0.2784083333333333,0.075915787752351,0,0
0.1141905555555555,0.042278568328857,0,0
0.2231166666666666,0.5713200666699018,0,0
0.736445,0.1840729043387464,0,3
0.0436425925925925,1.0042746174675383,0,1
0.61466,0.4455192186695236,0,3
0.00134375,1.0,0,1
0.3377580459770115,0.0427443589817237,0,0
0.4988375,0.2795031710430778,0,0
0.0009444444444444,1.0,0,1
0.989775,0.0399293939971398,0,3
0.2394747311827957,0.0396401217837303,0,0
0.9887666666666668,0.0423502160972763,0,3
0.4928,0.0363145447425028,0,0
0.6317666666666667,0.1517012997713245,0,3
0.0051958333333333,1.0,0,1
1.002312962962963,0.0378925789750162,0,3
0.4923366666666666,0.2495334585659084,0,0
0.9636440476190477,0.0424563227110023,0,3
0.055555,0.1016421192653072,0,0
0.1194316666666666,0.0527508211214395,0,0
0.811904861111111,0.0516015214317023,0,3
0.8613592592592592,0.0309580354195918,0,3
0.0140048387096774,1.0069444444444444,0,1
0.0249933333333333,0.9615313610559836,0,1
0.1454448275862069,0.4192348940708559,0,0
0.788101282051282,0.0552218081242676,0,3
0.6247133333333333,0.0480914348130445,0,3
0.3407666666666666,1.0031313898917866,0,1
0.7407905555555555,0.0276932567888083,0,3
0.9505597222222224,0.0274901226086746,1,3
0.0121181818181818,0.8021586412263652,1,1
0.086981746031746,0.7300090588017287,0,1
0.0074222222222222,1.0049312461713444,0,1
0.3822,0.0832539939468015,0,0
0.2072404761904762,0.037468902242009,0,0
0.1785033333333333,0.0756325422026744,0,0
0.1661141025641025,1.002558866157526,0,1
0.1316025641025641,0.1016421192653072,0,0
0.0018965517241379,1.0,0,1
0.0232066666666666,1.0,0,1
0.8604545454545455,0.0286943742189823,0,3
0.3423,0.0415636412883,0,0
0.4173888888888888,0.6023299342895014,0,0
0.4828466666666666,0.0411133455043308,0,0
0.8091833333333333,0.0664773242450058,1,3
0.1902866666666667,0.8632247876891871,0,1
0.15365,0.4159068513311827,0,0
0.9701472222222224,0.0500532371792658,0,3
0.0790326923076923,1.0027475672634505,0,1
0.0244161458333333,0.513712253631487,0,1
0.0108256944444444,0.5,0,1
0.63635,0.0348053253311285,0,3
0.4026373015873015,0.0405766960176229,0,0
0.9896566666666669,0.0399318003186833,0,3
0.5362,0.0463116207806964,0,3
0.061936574074074,0.6,0,1
0.3180944444444444,0.0994746301712594,0,0
0.323502380952381,0.0923996909871626,0,0
0.0462555555555555,1.0004364429896346,0,1
0.8628907407407408,0.0425546454520551,1,3
0.1119630952380952,0.3170044686375859,0,0
0.1713333333333333,0.1016421192653072,0,0
0.8165194444444444,0.0381154504749988,0,3
0.4798007936507937,0.0418002111355259,0,0
0.0199654166666666,0.9804764425009692,0,1
0.1667083333333333,1.0,0,1
0.8699645833333334,0.0526815898040921,0,3
0.0023285714285714,1.0,1,1
0.4021866666666666,0.3195882548748715,0,0
0.3241716666666667,0.0508570988012209,0,0
0.3000611111111111,0.0788734099288523,0,0
0.0039510416666666,1.0007074994946432,0,1
0.004790625,1.0047830543218312,0,1
0.7929933333333333,0.039862782018898,1,3
0.0021469135802469,0.6,0,1
0.8774153846153846,0.0504782739556909,0,3
0.2229,1.0020231213872832,0,1
0.0655347222222222,0.2936871974663116,0,0
0.03170625,0.684649965209226,0,1
0.8308166666666666,0.0373708947729911,0,3
0.0090013888888888,1.0,0,1
0.8798083333333334,0.0927735254937521,0,3
0.5035305555555556,0.0474724243949929,0,0
0.0855059523809523,0.1016421192653072,0,0
0.8282378787878788,0.0342133247139828,0,3
0.4683069444444445,0.1016481048515184,0,0
0.8154833333333333,0.2274508190166632,0,3
0.2699866666666666,0.0702630550392517,0,0
0.0038888888888888,1.0,1,1
0.5805104166666667,0.0587638643488047,0,3
0.1271547619047619,0.0628949023828159,0,0
0.0597080459770114,1.0008957716416866,0,1
0.8715166666666666,0.1023902538901698,0,3
0.0039841269841269,0.8564455928797013,0,1
0.6250895833333333,0.0658924270649345,0,3
0.3924847222222222,0.237759407132562,0,0
0.485774074074074,0.0429106641124709,0,0
0.0519791666666666,1.0,0,1
0.027812,1.0030008548056693,0,1
0.1809708333333333,1.0,0,1
0.24205,0.0587170963585317,1,0
0.0670857142857142,1.0,0,1
0.8556363636363636,0.0391778634617279,1,3
0.4525181372549019,0.049748955254842,0,0
0.50623,0.05103220499465,1,0
0.5650809523809524,0.0401051340705323,0,3
0.14877,0.139657369747398,0,0
0.0095615942028985,1.0014570629920083,0,1
0.4031706349206349,0.044737296379159,0,0
0.0214333333333333,0.0456537102473498,0,0
0.64574,0.0551773528299474,0,3
0.8697179487179487,0.0953246551314509,0,3
0.0274509259259259,1.0047401247401246,0,1
0.0099291666666666,1.0159172340199394,0,1
0.1939867816091953,0.0432707400484138,0,0
0.6318572916666667,0.0386467920481365,0,3
0.1864898148148148,0.0494343936008056,0,0
0.5304355072463768,0.0556133456633622,0,3
0.0008052631578947,0.3333333333333333,0,0
0.0614818181818181,0.8829639321539992,0,1
0.064885,0.8040383315279602,0,1
0.5980233333333334,0.0488361422169437,0,3
0.8239809523809524,0.0385515727704166,0,3
0.0643686666666666,1.0078033675673914,0,1
0.9548583333333334,0.0708178985489614,0,3
0.7724,0.1151718858333889,0,3
0.8493333333333334,0.055283256741095,1,3
0.3845916666666666,0.146070411610718,0,0
0.0773018518518518,0.7932460505338422,0,1
0.872735,0.0335971934357795,0,3
0.0055,1.0,1,1
0.0006833333333333,1.004024144869215,0,1
0.298778125,0.2216878888347392,1,0
0.0334276666666666,1.0058129402827354,0,1
0.0120857142857142,0.5043931012040351,0,1
0.0175229885057471,0.4889421796198773,0,1
0.6475466666666666,0.0475367896253742,0,3
0.04835,1.0,0,1
1.006473148148148,0.0366698437242688,0,3
0.2896435185185185,0.2416730702412807,1,0
0.24,0.0,1,0
0.8797166666666667,0.033311094234213,1,3
0.0149373333333333,0.8548692393323319,0,1
0.0731041666666666,0.804104840003748,0,1
0.1222444444444444,0.1733697774306911,0,0
0.487375,0.385654426906472,0,0
0.8116099290780142,0.2171385914274114,1,3
0.0061944444444444,1.1666666666666667,1,1
0.5511854166666666,0.0337234511532345,0,3
0.296578947368421,0.4481339317939757,0,0
0.837007843137255,0.0376706244447076,0,3
0.2003828125,0.3003043731656126,0,0
0.0216268115942029,1.0006014434643142,1,1
0.9341533333333332,0.0356369454756225,1,3
0.928919696969697,0.0578540518202541,0,3
0.0053011904761904,1.0,0,1
0.1521666666666666,0.1016421192653072,0,0
0.38402,0.0490526541616006,0,0
0.00075,1.0,0,1
0.7325916666666668,0.1810953845817883,0,3
0.8092395833333333,0.0348372856250808,1,3
0.8421662037037037,0.0326261994231059,0,3
0.901185,0.0348086595792713,0,3
0.0546738095238095,0.7808068101251706,0,1
0.0091273148148148,1.0,0,1
0.0099073333333333,1.006532919006342,0,1
0.0013,1.0,0,1
0.053,0.188468155067766,0,0
0.0105833333333333,0.7691065662002152,1,1
0.1741017094017094,0.0487448208627833,0,0
0.7637166666666667,0.0277944579985495,0,3
0.0067472222222222,1.0009775171065494,0,1
0.6929011904761905,0.0466962067756097,0,3
0.4857833333333333,0.0760770354299317,0,0
0.4523022727272727,0.0421413958061464,0,0
0.265452380952381,0.155502813414799,0,0
0.1713333333333333,0.1016421192653072,0,0
0.629975,0.0921488188782081,1,3
0.3555083333333333,0.206946091846427,0,0
0.3037,0.1203560814502072,0,0
0.00505,1.0,0,1
0.019984693877551,0.6385237064092371,0,1
0.8762850877192981,0.03247264752173,1,3
0.9053433333333332,0.0364346573862645,0,3
0.719825,0.0587685548362394,0,3
0.3829142857142857,0.2749774283215638,0,0
0.288362962962963,0.0366632863797948,0,0
0.5932944444444445,0.0467569964067913,0,3
0.4610474358974358,0.0359284160900209,0,0
0.439440625,0.0296693958416275,0,0
0.6657416666666667,0.1897912298068428,0,3
0.03712,0.8,0,1
0.0066111111111111,1.0034115738315692,0,1
0.8530025,0.0482730310096543,1,3
0.9595645833333334,0.0391482146103867,0,3
0.5595833333333333,0.0778137520157213,1,3
0.0013020833333333,1.0,1,1
0.5752694444444444,0.0396848492813126,1,3
0.1552166666666666,0.7220158520902542,0,1
0.4236333333333333,0.0541405056532919,1,0
0.0056577777777777,1.0012891344383057,1,1
0.0962364341085271,0.5717524776111895,0,1
0.3422152777777777,0.1275422879242946,0,0
0.6472861111111111,0.037720311704192,0,3
0.3598270833333333,0.0602012382611659,0,0
0.7224666666666667,0.0801660555328876,1,3
1.0669166666666663,0.0,1,3
0.9868979166666666,0.0401659675005625,0,3
0.4976484848484849,0.0390482612736008,0,0
0.7909866666666667,0.139633360122448,0,3
0.1021833333333333,0.2,0,0
0.7303277777777777,0.0684950409425611,0,3
0.8893555555555556,0.0434749473161405,1,3
0.0169150793650793,1.0004722222222222,0,1
0.7700807692307692,0.0410864165082296,0,3
0.5154357142857143,0.0356535184797237,0,0
0.04771875,1.0,1,1
0.5099133333333333,0.2619388239639969,0,0
0.5860277777777777,0.3372036587498812,0,3
0.5304851851851852,0.0455070987509558,1,3
0.3423538461538462,0.1117665226563095,0,0
0.4586935897435897,0.032475979846663,1,0
0.89449375,0.0311036188692721,1,3
0.1687625,0.618964989043586,0,1
0.4479814814814815,0.0682289127728451,0,0
0.0816107142857142,0.0429687589004608,0,0
0.8889555555555556,0.0505941116837966,1,3
0.0252622807017543,0.2598616314365541,1,0
0.8642259259259258,0.0401780172395742,0,3
0.2093333333333333,0.5099917674872775,0,0
0.0285733333333333,0.9815188283447418,0,1
0.0966666666666666,0.0674645345470099,0,0
0.11417,0.167113211752676,0,0
0.0423807692307692,0.8000615574022776,0,1
0.4421694444444444,0.0557496106644906,0,0
0.3539,0.0421922198024287,0,0
0.1011147058823529,1.001559573033826,0,1
0.003830303030303,0.625,0,1
0.7821566666666667,0.0410962147473253,0,3
0.0284099099099099,1.0035391794730124,0,1
0.4196253333333333,0.0504765270373585,0,0
0.74790625,0.0319418833303934,1,3
0.6285354166666667,0.2377365929493233,0,3
0.8802333333333334,0.0409973755779566,1,3
0.5689333333333334,0.0581354710833663,0,3
0.3538694444444444,0.3672199080007512,0,0
0.1806316666666666,0.7289340130688906,0,1
0.9466833333333334,0.1100291559623052,0,3
0.08795,0.0559346450577932,1,0
0.0268509259259259,1.003572037949893,0,1
0.8050577777777778,0.0395673132676334,0,3
0.00198,1.0,0,1
0.473595,0.0364540576465919,1,0
0.27214,0.5,1,0
0.0268614583333333,0.9341968580398295,0,1
0.35145,0.0410317572906208,1,0
0.9103277777777776,0.0738900122578503,1,3
0.7720166666666666,0.0328986722561208,0,3
0.8229244444444445,0.0374411053722074,0,3
0.9358891666666668,0.0340080934114569,1,3
0.0124066666666666,1.0,0,1
0.2305815602836879,0.3868723782978961,0,0
0.01512,0.1016421192653072,1,0
0.339795,0.0425273470630462,0,0
0.0479196666666666,1.0,0,1
0.0023156862745098,0.8,0,1
0.533525,0.0907423068209708,1,3
0.9228595238095236,0.0524479907311208,1,3
3.759125,0.2380979206529398,0,3
0.5214766666666666,0.3859041291604692,0,0
0.9194333333333332,0.0430120953335297,1,3
0.4075566666666666,0.8308781492496721,1,1
0.2276515151515151,0.1456842958863107,0,0
0.0971942857142857,0.5138044015221089,0,1
0.9917333333333334,0.0549539145406046,0,3
0.1887399305555555,0.3301064620006144,0,0
0.0927016666666666,0.1177798965876938,0,0
0.1519583333333333,0.8211325163077522,0,1
0.4894893939393939,0.0398240151787717,0,0
0.026,0.5,1,1
0.03811,0.6815688979922225,0,1
0.1402833333333333,0.3225778468821031,0,0
0.3814527777777778,0.2514231668879957,0,0
0.64475,0.0379022541209045,0,3
0.00086,0.3333333333333333,0,0
0.8371033333333333,0.0466555455670372,1,3
0.8448833333333333,0.0391473484510849,0,3
0.0114698412698412,0.8,1,1
0.7091557692307693,0.0371091249230082,0,3
0.3701555555555555,0.042154809813251,0,0
0.3077214285714286,0.0682094019321681,0,0
0.9737571428571428,0.0383769949018921,0,3
0.32486,2.8311353844371387,0,2
0.6418222222222223,0.0633920304265653,0,3
0.20263,0.0199262727906745,0,0
0.3260722222222222,0.0383427224711866,0,0
0.9115757575757576,0.0308442403435453,0,3
0.6895766666666667,0.2533718227973908,0,3
0.7722583333333333,0.0870333543010826,0,3
0.2616810606060606,0.0479684592565557,0,0
0.2675633333333333,0.0903805069787452,0,0
0.8394666666666666,0.0968177540030221,0,3
0.48172,0.0526186120130153,0,0
0.6384711538461538,0.0806345191204908,0,3
0.04863,0.8678571428571429,0,1
0.0203683333333333,0.2,0,0
0.773875,0.0923253963825475,1,3
0.2435598039215686,0.3006087661958365,0,0
0.0717666666666666,0.1016421192653072,0,0
0.9243666666666666,0.0540467793431143,1,3
0.0568477777777777,0.5101083459875992,0,1
0.5218518518518518,0.0679414064467883,0,0
0.7219833333333333,0.119563129921119,0,3
0.8971083333333334,0.0977535477562605,0,3
0.0043181818181818,0.0,1,0
0.0441444444444444,1.0,1,1
0.0173828571428571,1.125,0,1
0.54735625,0.0673928210320311,0,3
0.3843611111111111,0.0598292675171485,1,0
0.0076808510638297,1.0,0,1
0.9378333333333334,0.0502456630056907,0,3
0.2375903846153846,0.0688719508168359,0,0
0.7158,0.0593772355098703,0,3
0.0569960784313725,1.0,0,1
0.500287037037037,0.0519289441295265,1,0
0.1593056666666666,0.3638838598991883,0,0
0.3275305555555555,0.5220689522829249,0,0
0.0059388888888888,1.0,0,1
0.0298238095238095,0.0,1,0
0.1398388888888889,0.1085970989016502,0,0
0.0299354166666666,0.0,0,0
0.0058077235772357,1.0,1,1
0.0073677777777777,1.0625,0,1
0.67678,0.0462547039528114,0,3
0.6915222222222223,0.0543666900324923,1,3
0.68702,0.0381202032787766,1,3
0.005400641025641,0.75,0,1
0.4610133333333333,0.0621437409630661,0,0
0.6212465277777778,0.0406908147357461,0,3
1.0100972222222222,0.0390811548527364,0,3
0.8973,0.0389409036850504,1,3
0.817180303030303,0.0413560276001617,0,3
0.2829291666666667,0.487315190952113,0,0
0.5367430555555556,0.0761977747885625,0,3
0.0013674603174603,0.1016421192653072,0,0
0.0013541666666666,1.0,1,1
0.7580194444444445,0.0476461024027309,0,3
0.6178375,0.189371452548891,0,3
0.0097222222222222,1.0,0,1
0.0215020833333333,0.8,0,1
1.0089055555555555,0.0475665500065865,1,3
0.062315,0.4157763431069167,1,0
0.6403287878787879,0.0445427755757452,0,3
0.1048983333333333,0.5653556117206241,0,1
0.0208753968253968,0.5347177773695998,0,1
0.4482935897435897,0.0366530809040776,0,0
0.0613252688172043,1.1001007302946362,0,1
1.108561111111111,0.0449148771874067,1,3
0.8742444444444444,0.072637464739468,0,3
0.3318133333333333,0.1012836144178206,0,0
0.2761850877192982,0.0309443400340461,0,0
0.6241466666666666,0.0364260305841621,0,3
0.2937975694444444,0.4500225870483081,0,0
0.7179196078431372,0.0421295026709475,1,3
0.01995,0.9520958083832336,0,1
0.7020916666666667,0.0842321482077059,0,3
0.044377536231884,0.436691818956248,0,0
0.8651281609195401,0.0401947898397245,0,3
0.0050597222222222,1.0,0,1
0.5997256756756757,0.1295711812220457,0,3
0.4048272727272727,0.2237833514415898,0,0
0.1969011111111111,0.4360569587993147,0,0
1.0159944444444444,0.036630355309778,0,3
0.4637296666666667,0.1138997266098739,0,0
0.4120866666666666,0.3459822460773774,0,0
0.927214761904762,0.0390890779824065,1,3
0.00208,0.875,0,1
0.4476604166666666,0.0378722922341242,0,0
0.2777769230769231,0.1825198140524177,0,0
0.025663,0.8047605742594524,0,1
0.809825,0.0367500893666977,0,3
0.9547666666666668,0.0413960498970351,1,3
1.0156952380952382,0.0433538428423487,0,3
0.0300630434782608,0.4518830817020869,0,0
0.9029,0.0439498206688669,1,3
0.081262,1.9752809641718792,0,1
0.4610571428571428,0.0504830798040817,0,0
0.0160979166666666,1.1340151909484246,0,1
0.1112956349206349,0.0378810175841284,0,0
0.0754212121212121,0.0526626755277078,0,0
0.0567951388888888,0.7085197851626894,0,1
0.0329130952380952,2.0414855072463767,0,1
0.983648717948718,0.0482869490661499,0,3
0.0025768115942028,1.0,0,1
0.8236472222222223,0.0401581253886968,0,3
0.0066722222222222,0.8,0,1
0.6342453703703704,0.0477150063865531,0,3
0.3448357142857143,0.235329797242986,0,0
0.0169888888888888,0.908221568369029,0,1
0.2079166666666666,0.1595782266466408,1,0
0.8575395833333334,0.0442301293601196,0,3
0.7198466666666667,0.1692360447722474,1,3
0.6133642857142857,0.043314108704206,0,3
0.9882433333333333,0.037817798790735,0,3
0.42445,0.0880413517729672,0,0
0.1307362318840579,0.2818217389305416,0,0
0.5155481481481482,0.0436964581477695,0,0
0.4627411347517731,0.0503014533262433,0,0
0.8641535087719298,0.0425078963331802,1,3
0.9328369047619048,0.03613038305173,0,3
0.0079116666666666,1.0,1,1
0.3855733333333334,0.0550619654081696,0,0
0.9015527777777778,0.0329762929601574,0,3
0.0041659722222222,1.0,0,1
0.3125656862745098,0.059153815842657,0,0
0.7509428571428571,0.0427588323973259,0,3
0.8722633333333333,0.0462664211128859,1,3
0.6907910256410256,0.0541436657215016,0,3
0.8515266666666668,0.0579834283715785,1,3
0.0354115646258503,0.0741522791183733,0,0
0.7449157407407407,0.0380844020212909,0,3
0.6635277777777777,0.0632008397487794,0,3
0.1653016666666666,0.4510356807809767,0,0
0.5832116666666667,0.0553235717848084,0,3
0.3102388888888888,0.0848461887277699,0,0
0.0001106481481481,1.0,0,1
0.8707666666666666,0.0601295510627267,0,3
0.3994863636363636,0.043962381778775,0,0
0.9963285714285716,0.0477826151265955,0,3
0.1785138888888889,0.1080395040606759,0,0
0.089172,0.2210042081877017,0,0
0.4047944444444444,0.1172821505863863,1,0
0.466975,0.7504588431590657,1,1
0.0058901960784313,0.8,0,1
0.7746341666666667,0.0571192801867071,1,3
0.0391717948717948,0.8,0,1
0.6828166666666667,0.0369222520127492,1,3
0.6789706349206349,0.0326926086273201,0,3
0.0022375,0.5107703270155545,0,1
0.5315071428571428,0.0548525919339667,1,3
0.9316333333333332,0.0203651196621902,1,3
0.3374143410852713,0.4805099232660518,0,0
0.6398208333333333,0.0940743672707285,0,3
0.0237089285714285,1.0143109227407847,0,1
0.0517177777777777,1.0002851957479906,0,1
0.9257366666666668,0.0445532765895414,0,3
0.0812016666666666,0.0716797094434819,1,0
0.4643638888888888,0.0991430731803337,0,0
0.0555777777777777,1.0,0,1
0.6403,0.1100073519919747,0,3
0.0709416666666666,1.0017665130568356,0,1
0.0150444444444444,1.0567741935483872,0,1
0.6732416666666667,0.0802630283564639,0,3
0.9436166666666668,0.062196265913187,0,3
0.8826575757575758,0.0409758517383668,1,3
0.2303,0.5012575177692729,0,0
0.71765,0.1002928617249528,0,3
0.4359893939393939,0.0689536543525977,1,0
0.223575,0.1183690327064002,0,0
0.0016189814814814,1.0,1,1
0.8824666666666666,0.0698135706704492,0,3
0.6062880952380952,0.0404965956218186,0,3
0.3718946666666667,0.0354568250061337,0,0
0.0098773809523809,1.002579298769773,0,1
0.32095,0.6106526903369446,0,0
0.0071113636363636,1.0,0,1
0.2818723333333333,1.0105621058541383,0,1
0.0867041666666666,0.5,0,0
0.8814866666666668,0.0506457574580777,0,3
0.5835617647058824,0.0428756747178742,0,3
0.9929083333333334,0.0305593838029745,0,3
0.5020055555555555,0.5422160867773125,0,0
0.1496796296296296,0.5609468721729893,0,1
0.0247991666666666,1.0015350324499586,0,1
0.2625944444444444,0.1075680183042882,1,0
0.9387166666666668,0.0417077083166658,1,3
0.0736782051282051,0.0710677757884532,1,0
0.6821986842105263,0.0438430120770932,0,3
0.7981007936507936,0.0392838411150085,0,3
0.7050958333333333,0.0475307513023642,0,3
0.1113171428571428,0.0435340390976832,0,0
0.8977055555555556,0.0603690505218359,1,3
0.2426677777777777,0.1282291178319577,0,0
0.8108035714285714,0.0589826904783736,0,3
0.02655,1.0993740219092332,0,1
0.9146066666666668,0.0422858807493338,0,3
0.02798,0.6853846532389916,0,1
0.3711964912280701,0.0499172920078544,0,0
0.88525,0.0582491201273711,0,3
0.1758333333333333,0.2500056420672534,0,0
0.3108091666666667,0.236390842591513,0,0
0.0013376811594202,5.0,0,2
0.2846133333333333,0.6083275655772906,0,0
0.3730785714285714,0.1033588619412179,0,0
0.0540368055555555,1.0,0,1
0.8108833333333333,0.0601742655072141,1,3
0.8332166666666666,0.0147029958745801,1,3
0.2253895833333333,0.0305469349202705,0,0
0.658375,0.0514233922243485,0,3
0.0453266666666666,0.8319988174855102,0,1
0.0018375,1.0,1,1
0.3291396825396825,0.0553043264652619,0,0
0.0916964285714285,0.2630477372679414,0,0
0.9059314814814814,0.057979128471162,0,3
0.0067365079365079,0.765689284894798,0,1
0.3956611111111111,0.1464850383870999,0,0
0.02574375,0.6670812603648425,0,1
0.8443261904761905,0.045847945062191,0,3
0.0182354166666666,1.0,0,1
0.0990423076923077,0.6013270028233972,0,1
0.0467738095238095,1.0,0,1
0.7791611111111111,0.0461520717743727,0,3
0.0114859259259259,1.0,0,1
0.0708225806451613,1.0673017705927637,0,1
0.0061611111111111,1.0,0,1
0.7821666666666667,0.0848497267937749,0,3
0.0223810606060606,1.001044204664114,0,1
0.0143482142857142,1.001823708206687,0,1
0.4126895833333333,0.0377426450351979,0,0
0.8551083333333334,0.0,1,3
0.0124333333333333,1.0033185840707963,0,1
0.0238266666666666,1.0,0,1
0.0322537037037037,0.738823212205949,0,1
0.1521388888888889,0.3285915603789082,0,0
0.8831944444444444,0.0494224652977992,0,3
0.7398166666666667,0.1863886372943459,0,3
0.0202246666666666,1.005998407502433,0,1
0.5435833333333333,0.047380809204155,0,3
0.9474666666666666,0.0938301388087325,1,3
0.0145321428571428,1.0010553375727236,0,1
0.0297166666666666,1.0,0,1
0.0758983333333333,0.6922477612221543,0,1
0.8685933333333333,0.0389633569270593,1,3
0.67098,0.0692795331742394,0,3
0.0920076388888888,1.0,0,1
0.159371875,0.0492515656703732,0,0
0.2708944444444444,0.0475468987615959,0,0
0.34105,0.752754275265999,0,1
0.1137324561403508,0.2220633949489236,0,0
0.7977515151515152,0.0552471199104829,0,3
0.0071064102564102,1.0911130736526198,1,1
0.0036032051282051,1.0,0,1
0.0347358333333333,1.1762587785280616,0,1
0.80375,0.0746246384129372,1,3
0.2022121212121212,0.0867422321955774,0,0
0.035445,0.1229754688729926,0,0
0.270988768115942,0.0485311631821399,0,0
0.05963,0.2403355589796267,0,0
0.5473785714285714,0.0508732930541815,0,3
0.0344424242424242,1.0037584997745674,0,1
0.1856222222222222,0.0690041979227691,1,0
0.0123833333333333,0.7044831685786628,0,1
0.03262,0.8838346917549547,0,1
0.3828958333333333,0.0890638870204697,0,0
0.0001666666666666,1.0,1,1
0.2527236666666667,0.0396525104567318,0,0
0.0219206896551724,0.3209145981998569,0,0
0.5885416666666666,0.0237493169900249,0,3
0.58265,0.0407800134318121,0,3
0.0071072916666666,0.550326408284008,0,1
0.0842083333333333,0.8203056712770529,0,1
0.0148453333333333,0.7495883977022356,0,1
0.0009259259259259,1.0,0,1
0.837425,0.0583030406307623,1,3
0.0107824324324324,1.004869617355754,0,1
0.4193,0.0909384945881576,0,0
0.5443166666666667,0.356802976716471,0,0
0.1567645833333333,0.0758034587756499,0,0
0.3744866666666667,0.1361889987645047,0,0
0.87206,0.0424240072011444,0,3
0.0146980392156862,1.0390301766314618,0,1
0.04796875,1.0,0,1
0.374162037037037,0.2975173737198623,0,0
0.7178944444444444,0.1431440339839598,0,3
0.0231003623188405,1.2006295045591444,0,1
0.7071023333333334,0.035433774213647,1,3
0.91737,0.04526865978138,0,3
0.2033904761904762,0.0848961137022327,0,0
0.9414448275862068,0.0892716531545687,1,3
0.7726121212121212,0.0365313647709023,0,3
0.1053902777777777,0.8904534554015419,0,1
0.4725261904761905,0.4401470875585148,0,0
0.7558366666666667,0.0407050519466853,1,3
0.1273206896551724,0.0797531999012762,0,0
0.174375,1.0,0,1
0.0006033333333333,1.0,0,1
0.6394958333333334,0.0372791267148911,0,3
0.2644819444444444,0.0858691288836236,1,0
0.0594810185185185,1.0041364239466464,0,1
0.91295,0.0355941202836624,1,3
0.3470911111111111,0.0384025555583117,0,0
0.2035043333333333,0.070118704788164,0,0
0.7142866666666667,0.699652089744228,0,3
0.7714731884057972,0.0501211463488478,0,3
0.0608066666666666,0.1335119983962994,0,0
0.9647254901960785,0.0459257050959674,0,3
0.96005,0.0501046703081026,0,3
0.0115574712643678,1.000233950963878,0,1
0.34835,0.0620530759402527,0,0
0.3333555555555555,0.1176013221216234,0,0
0.0561649425287356,0.698406070644992,0,1
0.0344296296296296,1.0010204081632652,0,1
0.0247854166666666,0.6218688903122904,0,1
0.8398606060606061,0.0410684830076531,0,3
0.5659094594594595,0.0422318803645828,0,3
0.0128439814814814,1.0047222377802616,0,1
0.0019761904761904,1.0,1,1
0.0584722222222222,1.0,0,1
0.0165655555555555,1.0,0,1
0.2742958333333333,0.0425250880226538,1,0
0.4869433333333333,0.0398338632889332,1,0
0.0006715277777777,1.0,0,1
0.3396433333333333,0.0448420934911594,0,0
0.2133325396825397,0.4085357719173969,0,0
0.5730928571428572,0.0681848125734938,1,3
0.33515,0.0589352978432614,1,0
0.9978833333333332,0.0537680894453536,0,3
0.2904522222222222,0.0488630843158483,0,0
0.3279472222222222,0.2869370659344421,0,0
0.8509125,0.0388060448241146,0,3
0.043302,1.0005475326808568,0,1
0.74119,0.0432389663638525,0,3
0.7081833333333333,0.0470882455547182,1,3
0.039819298245614,1.0009756097560976,0,1
0.5668375,0.2162434059076784,0,3
0.850541304347826,0.046247108561354,0,3
0.01011,1.0,0,1
0.471255,0.0417298258644771,0,0
0.8335821839080461,0.0456143716784444,0,3
-0.0012377777777777,3.0,0,2
0.7872944444444444,0.0354141635468783,0,3
0.0040089743589743,1.0,0,1
0.8659866666666667,0.0373333915445072,0,3
0.8170077777777778,0.0402413126763613,0,3
1.006988888888889,0.0542231878899486,0,3
0.9787416666666666,0.0362188298403169,1,3
0.2438291666666666,0.4,0,0
0.00314,0.1016421192653072,0,0
0.002,1.0,1,1
0.63392,0.0553723757316622,0,3
0.0050148148148148,0.7205128205128205,0,1
0.3504375,0.0491094879582409,0,0
0.79807,0.092727241133259,0,3
2.2452,0.0612804940700904,0,3
0.7358106060606061,0.0365078413932708,0,3
0.6261466666666666,0.0206556503198294,1,3
0.3208666666666667,0.0553237224980516,1,0
0.2969773809523809,0.2550502610592559,0,0
0.0621111111111111,0.8366354013399521,0,1
0.0024527777777777,0.8,1,1
0.8132592592592592,0.0444191457214751,1,3
0.0138823529411764,0.7147699127525077,1,1
0.939025,0.2362429843006945,0,3
0.0038735294117647,1.0,0,1
0.0064738095238095,1.0,1,1
-0.0006023255813953,3.388958681610003,0,2
0.011370238095238,5.0,0,2
1.0612269230769231,0.0382229194992608,1,3
0.768875,0.0664259781145547,0,3
0.4548633333333333,0.6158852590096359,1,0
0.678,0.046520867056754,0,3
0.3653262411347518,0.0370725357974454,0,0
0.7992277777777778,0.0445506669868538,0,3
0.7291857142857143,0.0399969702811026,0,3
0.007395,0.6,0,1
0.8594333333333334,0.0438420031430041,1,3
0.0069125,1.0,0,1
0.0377443333333333,0.7883325472296312,1,1
0.5957166666666667,0.0737533273706235,0,3
0.7105969696969697,0.0350218452768398,0,3
0.0020307692307692,0.6,1,1
0.4942333333333333,0.0465563187810113,1,0
0.5301333333333333,0.0828850761203118,1,3
0.4279611111111111,0.6404402905864306,0,0
0.5482358974358975,0.0403005571083343,1,3
0.4234194444444444,0.0525260859239593,0,0
0.0922333333333333,0.6843176585087949,1,1
0.0631275,0.6165027322404372,0,1
0.0284,0.8,0,1
0.0170788888888888,1.2818396226415094,0,1
0.071716129032258,0.6488823595045933,0,1
0.94042,0.0482038137357214,0,3
0.2025402777777777,0.0790130382799051,0,0
0.0050955555555555,0.75,0,1
0.46673,0.040759314545901,1,0
0.72317,0.0496617196436281,0,3
0.2834642857142857,0.1064768124745387,0,0
0.0026333333333333,1.0,0,1
0.0725046666666666,0.4213660766409585,0,0
0.9514865384615384,0.0399091995215033,0,3
0.4849466666666666,0.0968428273079815,0,0
0.2278166666666666,0.5144927536231884,0,0
0.0034513888888888,0.1016421192653072,0,0
0.3078888888888889,0.6396347402973449,1,1
0.904745238095238,0.0409476651955771,0,3
0.9157757575757576,0.0358679599072744,1,3
0.0587155038759689,1.0000622450347614,0,1
0.0289666666666666,1.0,0,1
0.2311388888888889,0.947250280583614,0,1
0.9148059523809524,0.0403565112004751,1,3
0.0548333333333333,0.1282051282051282,1,0
0.7216854166666667,0.0382457165686143,0,3
0.9448066666666668,0.0800454956168053,0,3
0.8431,0.0940568261531238,1,3
0.075325,1.1,0,1
0.9733633333333334,0.0295658937709755,1,3
0.7132440476190477,0.0440475345363804,0,3
0.6413202380952381,0.0365211429867935,0,3
0.3127898550724637,0.0396780656539227,0,0
0.2190555555555555,0.4771595032240662,0,0
0.9276283333333332,0.037996135055683,1,3
0.53138,0.060962590059196,0,3
0.0130972222222222,0.7240449231335726,0,1
1.044166666666667,0.0444193174688423,0,3
0.7673716666666667,0.0395646182072284,0,3
0.6845416666666667,0.0713736405624179,0,3
0.6953833333333334,0.0408687146985329,1,3
0.6040333333333334,0.0548024623864225,0,3
0.1553666666666666,0.1109550554540542,0,0
0.0093217948717948,0.8520408163265306,0,1
0.5993541666666667,0.0352370457735704,0,3
0.2042966666666666,0.2767059898816715,0,0
0.246946,0.6081093833781066,0,1
0.765325,0.0580711884047028,1,3
0.58324,0.0491243363748578,0,3
0.7245611111111111,0.0389782911762415,1,3
0.8962777777777777,0.081363026377633,0,3
0.704125,0.0844710136308047,0,3
0.5820041666666667,0.111085809079171,0,3
0.4122479166666667,0.038553306524467,0,0
0.0232166666666666,0.75,1,1
0.065283,0.2967926554141283,0,0
0.9871533333333332,0.1840075165061542,0,3
0.7531059523809523,0.0692000399788605,0,3
0.9586857638888888,0.0453285659145557,0,3
0.8563516666666667,0.0306567671693045,0,3
0.0133145299145299,1.0,0,1
0.0142925,0.75,1,1
0.1378469696969697,0.3089187625383783,0,0
0.0511861111111111,0.7013284451671357,1,1
0.0049866666666666,1.0,0,1
0.0807141025641025,0.0571692876965772,0,0
0.1228266666666666,0.2505768499817378,0,0
0.1006258333333333,1.0,0,1
0.0271666666666666,1.002143814202769,0,1
0.8437592592592592,0.0406659759369736,0,3
0.2967025641025641,0.0545319977191651,0,0
0.1056395833333333,1.004457243535969,0,1
0.0142833333333333,0.4059146349610854,0,0
0.9767392857142856,0.042633362853956,1,3
0.4106166666666667,0.0364457031209106,0,0
0.0548837719298245,0.917993213400688,0,1
0.0016666666666666,1.0,1,1
0.850275,0.0806436270539905,1,3
0.0417475,0.1513096538970683,0,0
0.2797277777777777,0.0554991743006427,0,0
0.0034895833333333,1.0355740355740355,0,1
0.559988888888889,0.0690373311241881,1,3
0.976675,0.0007203869507049,1,3
0.0013857142857142,1.2,0,1
0.866175,0.0374893719507118,1,3
0.9942166666666667,0.0467726030638325,0,3
0.0880388888888888,1.0151896622179153,0,1
0.8990944444444444,0.0440193694412769,0,3
0.3431145833333333,0.0790708954882661,0,0
0.5087083333333333,0.0439794856929538,0,0
0.0503928571428571,0.6080097437040973,0,1
0.2565611111111111,0.0442229123250871,0,0
0.95325,0.0523844174889357,0,3
0.9333625,0.045134667418353,0,3
0.9433333333333334,0.0680022832095112,0,3
0.9274304347826088,0.0345339039999776,1,3
0.0359876984126984,0.6380543289604639,0,1
0.0472488888888888,0.6422438736344848,0,1
1.2695244444444445,0.4772505583134958,0,3
0.9723611111111112,0.0504995909794263,0,3
0.0733686274509803,1.000301829843426,0,1
0.1242611111111111,1.0005401623499226,0,1
0.9397833333333332,0.0669455129891052,0,3
0.1606133333333333,0.169838285739936,0,0
0.8260366666666668,0.0484428657809656,0,3
0.3741463333333333,0.2284832568039193,0,0
0.0608741666666666,0.1685094092511935,0,0
0.0017801075268817,1.004811850429118,0,1
0.0041591666666666,1.0,0,1
0.82630625,0.0339651212523177,1,3
0.1126161616161616,0.1472804642623992,0,0
0.7438516666666667,0.0657994391979529,0,3
0.2172074074074074,0.0773609467722366,1,0
0.0563666666666666,0.1680359435173299,1,0
0.1804633333333333,0.0544096665906824,1,0
0.7650588888888888,0.0304675191230664,0,3
0.69848,0.0597559838446026,0,3
0.9276666666666666,0.1023888726150133,1,3
0.000445652173913,1.0,0,1
0.0594395833333333,0.1922968491835989,0,0
0.73975,0.0890401833285753,1,3
0.74129,0.1356099704362001,0,3
0.0651111111111111,0.3333333333333333,1,0
0.07310625,1.0698989737061146,1,1
0.7354583333333333,0.0426852579680801,1,3
0.087454,0.9063312376365756,0,1
0.42103,0.0700718479394526,0,0
0.8729907894736842,0.0391923965738943,0,3
0.042385632183908,0.7547943187851074,0,1
0.0548088888888888,0.926440909947036,0,1
0.1754347222222222,0.0626652572165178,0,0
0.5404171428571428,0.1133822273322914,0,3
0.1130222222222222,0.1438493785203765,1,0
0.6212690476190477,0.0416829209169486,0,3
0.2667119047619047,0.0853866061121717,0,0
0.3012444444444445,0.0606854312712171,0,0
0.0014636904761904,1.0,0,1
0.4840666666666666,0.0552682653768048,0,0
0.7457305555555556,0.2485945023478958,1,3
0.0153166666666666,0.8,0,1
0.0200088888888888,0.5828786826771225,0,1
0.43845,1.3089470391819706,0,1
0.6658638888888889,0.0413919618611245,1,3
0.0680069444444444,1.0064524040612617,0,1
0.94576,0.064223638334347,0,3
0.8419666666666666,0.3953430735890762,1,3
0.076396875,1.0228444020441132,0,1
0.7439020833333333,0.0373452068175757,0,3
1.0748166666666663,0.0699089988160645,0,3
0.2253788888888889,0.2463427588642058,0,0
0.0015611111111111,0.7310223207503567,0,1
0.0521690476190476,0.3766242663382132,0,0
0.0293896666666666,1.0003766753975716,0,1
0.4379133333333334,0.0505169922039298,0,0
0.0104671875,1.0015824445520731,1,1
0.48007,0.1636718657319669,0,0
0.6241033333333333,0.0382880026316655,0,3
0.9023166666666668,0.1182643496345154,0,3
0.9478333333333334,0.0333956583483697,1,3
0.0963579166666666,0.4030915013519655,0,0
0.00931875,1.0002167727950142,0,1
0.6079466666666666,0.0489339952636522,1,3
0.0041577777777777,0.8,0,1
0.0311666666666666,3.5641025641025643,0,2
0.0136033333333333,0.4381319313306328,0,0
0.913,0.0406225977272066,0,3
0.0392196296296296,0.085391024525904,0,0
0.8106884615384615,0.0436181231247321,0,3
0.0774714285714285,0.365486848483908,0,0
0.2576142857142857,0.0587152597988946,0,0
0.0111094444444444,1.0022610945573005,0,1
0.7432277777777777,0.0621550162563909,1,3
0.0149571839080459,1.0005295493448536,0,1
0.48345,0.0425485328354246,1,0
0.6856666666666668,0.0506947624976671,0,3
0.2677773809523809,0.0448208778725992,0,0
0.5073092592592593,0.1269402923028473,0,0
0.293221875,0.0421054891606311,0,0
0.0272646666666666,0.7507208073041807,1,1
0.1650551282051282,0.2193448953487588,0,0
0.3127505208333333,0.056419993322303,0,0
0.0008253623188405,1.0,0,1
0.7382766666666667,0.048327549344512,0,3
0.5925550925925926,0.0368558020217795,0,3
0.4377333333333333,0.2500632073495586,0,0
0.0802401041666666,0.8003201057339222,0,1
0.7288196078431373,0.2354391197676913,0,3
0.0216833333333333,0.999687206756334,1,1
0.5147404761904762,0.0819021254093944,0,0
0.0005076666666666,0.1016421192653072,1,0
0.9996208333333334,0.0721638911664294,1,3
0.00325,1.0,0,1
0.4605333333333333,0.2581993189964457,0,0
0.4982625,0.0454916760542808,1,0
0.0733754901960784,0.51261703493986,0,1
0.0227923076923076,1.0,0,1
0.122874,0.473908230104024,0,0
0.1532102564102564,0.0418095158458065,0,0
0.3148730158730158,0.0615507096039349,0,0
0.9722,0.0436342326282501,0,3
0.0516438095238095,0.8291593339650738,0,1
0.0015166666666666,0.1016421192653072,0,0
0.0224033333333333,1.0,0,1
0.4424816666666666,0.0715627614246468,0,0
0.46261,0.2592143119871625,1,0
0.542225,0.0501146357750357,0,3
0.2037388888888888,0.0423495936195395,0,0
0.28776875,1.0,0,1
0.4497444444444444,0.0450402878939931,1,0
0.6723766666666667,0.0389802941305335,0,3
0.00269,0.1016421192653072,0,0
0.4158933333333333,0.0583251436427774,0,0
0.1563757575757575,0.0565206678749828,0,0
0.0211478260869565,1.002529761904762,0,1
0.0442686666666666,1.055844526043105,0,1
0.3010125,0.0450091857539094,0,0
0.4421666666666667,0.4208846962623254,0,0
0.054975,1.000226103668532,1,1
0.5313111111111111,0.2182739758565602,0,0
0.5668666666666666,0.0704225675902478,1,3
0.2006358974358974,0.315447922901079,1,0
0.0618532051282051,0.7117815438201178,0,1
0.7945694444444444,0.0474900630937761,0,3
0.3906057692307692,0.0411703233595612,0,0
0.0137291666666666,0.25,0,0
0.6175916666666666,0.0418800541807686,0,3
0.3095047619047619,0.0707801922552091,0,0
0.9100266666666668,0.0452402627336916,1,3
0.139788,0.3689027077024048,0,0
0.0243766666666666,0.1,0,0
0.8356454545454546,0.0484288449739679,0,3
0.0041541666666666,0.5023813235822137,0,1
0.8671916666666666,0.0359285660228095,0,3
0.4004333333333333,0.0730243293328055,0,0
0.8303772727272727,0.0348243908032001,0,3
0.6712388888888889,0.0448735051255368,0,3
0.2220523809523809,0.5229010845888692,0,0
0.8515770833333334,0.0392571403680468,0,3
0.0572411764705882,1.0043322223544815,0,1
0.825165,0.0324638134530858,0,3
0.4003,0.1017970382296827,1,0
0.0226611111111111,0.6220858895705522,1,1
0.0437626436781609,1.011114157359526,0,1
0.3209944444444444,0.411387402059468,0,0
0.4876960784313725,0.2126717760098446,0,0
0.0481480620155038,0.2622562852330145,0,0
0.9712222222222222,0.0542167296984558,0,3
0.5006866666666666,0.041127202302874,0,0
0.2573583333333333,0.0387761229569602,0,0
0.6208976190476191,0.2556854007325919,0,3
0.0305033333333333,1.0,0,1
0.6470186666666666,0.036985671718733,0,3
0.1446222222222222,0.2143546531094307,0,0
0.3037898550724638,0.0482955742147113,0,0
0.5588,0.0846561320759834,0,3
0.0401666666666666,1.0154721010588428,0,1
0.1881340579710145,0.4268660591733643,0,0
1.0154322916666667,0.0298214173159697,1,3
0.3464020833333333,0.0551809273309389,1,0
0.0996314814814814,0.0979079828811833,1,0
0.0005197916666666,1.0,0,1
0.05865,0.7841335788535647,0,1
0.15209,0.2503641569963776,0,0
0.1805569444444444,0.441098208524091,1,0
0.0251008333333333,1.006445079013463,0,1
0.0629973333333333,0.5612662408515731,0,1
0.9255833333333332,0.0485528974280501,1,3
0.8768385416666666,0.0380701749897777,0,3
0.0027166666666666,1.0,1,1
0.49682,0.2778026320407913,0,0
0.810138888888889,0.0499362832631136,0,3
0.9784916666666668,0.0360745008918672,1,3
0.3189,0.0694651539938136,0,0
0.6756033333333333,0.1343511255586274,1,3
0.7486944444444444,0.0445417360784315,0,3
0.8221285714285714,0.0377960711463011,0,3
0.0854722222222222,0.0900592548392688,0,0
0.0069366666666666,1.6130137755904628,1,1
0.7946242424242425,0.065644406011832,0,3
0.9573,0.0666802720683808,1,3
0.1423888888888889,0.6644953240890036,0,1
0.7542916666666667,0.0447434768966806,0,3
0.0027533333333333,1.0047858263553644,0,1
0.9157944444444444,0.0392530523019198,1,3
0.0444430555555555,0.3948226733837128,0,0
0.0088116666666666,1.0,0,1
0.0646411111111111,0.48143795067485,0,0
0.0499454545454545,0.7417623060205132,0,1
0.0001981481481481,1.0,0,1
0.5972466666666666,0.4100424473607753,0,3
0.3884377777777777,0.0770945525505831,0,0
1.1214148148148149,0.0658978540137149,0,3
0.3829833333333333,0.113200177000153,0,0
0.1607766666666666,0.0829187053616885,0,0
0.1190611111111111,1.0082796047988254,0,1
0.0024444444444444,1.0,1,1
0.0025283333333333,1.0,0,1
0.5050933333333334,0.0461819478800532,1,0
0.0048241666666666,0.8,0,1
0.0854553921568627,1.0003268749225096,1,1
0.238325,0.8313922461152096,0,1
0.1457759259259259,0.6832516041359409,0,1
0.7266761111111112,0.0374169761388135,0,3
0.2819675675675676,0.452927771640663,0,0
0.7636766666666667,0.0416442201009048,0,3
0.0532645833333333,1.0292394037907924,0,1
0.8607851851851852,0.0617184914109112,0,3
0.55379,0.0433078322362313,0,3
0.559325,0.1164158722294828,0,3
0.0025607142857142,0.7570303712035995,0,1
0.7283770833333333,0.0390100982976606,0,3
0.9327333333333334,0.0717778416789401,1,3
0.067924,0.8248348375757979,0,1
0.0005977777777777,1.2094662638469285,0,1
0.6937571428571429,0.0387931425371532,0,3
0.7281727272727273,0.0572712471937057,0,3
0.0686,1.0,1,1
0.9601583333333334,0.0573922369968283,0,3
0.037692,0.8017374849475314,0,1
0.1864833333333333,0.0393090762486221,0,0
0.7192355555555555,0.4261949348012981,0,3
0.9733416666666668,0.0279782920503487,0,3
0.3403654761904762,0.0495658580420393,0,0
0.7346233333333333,0.0706801559008569,0,3
0.56792,0.0325467598368358,0,3
0.051375,0.1016421192653072,1,0
0.2911133333333333,0.0611488052148804,0,0
0.3773333333333333,0.555122306405152,0,0
0.011145,1.0,0,1
0.6080583333333333,0.0700725265323122,0,3
0.097635606060606,0.1596915557671521,0,0
0.054536,0.4648493646893741,0,0
0.0388282608695652,0.647831456514316,0,1
0.4592283333333333,0.0694971573700172,0,0
0.488702619047619,0.0489604684836311,0,0
0.5663777777777778,0.0468282977140393,1,3
0.004678431372549,0.808695652173913,0,1
0.3415333333333333,0.3575700715374692,0,0
0.184355,0.0900358013550291,0,0
0.54261,0.2155155432954682,0,3
0.0044236111111111,1.0,0,1
0.0627777777777777,1.2054347826086955,0,1
0.8159888888888889,0.0642963526696241,0,3
0.0445666666666666,0.5895305681308373,0,1
0.0379875,0.1452395826681281,0,0
0.950201111111111,0.0525642514918315,0,3
0.7155666666666667,0.0561837468509817,1,3
0.7832916666666667,0.0391494227292064,0,3
0.0799559259259259,1.051976880573411,0,1
0.0011714285714285,1.0,0,1
0.8995975,0.0420486636899699,0,3
0.9353714285714284,0.0519345424764726,0,3
0.0511079365079365,1.0001258851298191,0,1
0.4293238095238095,0.0630421381346542,0,0
0.9334416666666666,0.0617567740747322,0,3
0.6731833333333334,0.0402294186499581,0,3
0.1941661904761905,1.005027139380839,0,1
0.9433866666666668,0.0385906613738575,0,3
0.0156191666666666,1.0073906810035842,0,1
0.1644909722222222,0.3036287166495287,0,0
0.8984444444444444,0.0636759547436326,0,3
0.4581388888888889,0.0460060086933512,0,0
0.7155138888888889,0.0356059160978229,0,3
0.8326266666666667,0.0421821975844402,0,3
0.8953291666666666,0.0372193447896267,0,3
0.0066602564102564,1.0,0,1
0.0357257142857142,1.0036165318100103,0,1
0.00195,1.0,0,1
0.0393910256410256,0.5383333333333333,0,1
0.1253368421052631,0.2770432946665625,0,0
0.0944051282051282,0.4655457549180406,0,0
0.0282145833333333,0.3349382457609378,0,0
0.1555916666666666,0.383413615605998,1,0
0.5826575,0.1164501309492496,0,3
0.42893,0.2053916470388845,0,0
0.1529666666666666,0.1016421192653072,0,0
0.9394541666666666,0.0394852390754868,0,3
0.9385055555555556,0.0654767774913406,0,3
0.6848708333333333,0.066354841471719,0,3
0.0076233333333333,1.004760121245542,0,1
0.0832833333333333,0.8667070952092178,0,1
0.9503761904761904,0.0405208120590695,0,3
1.2513083333333337,0.4803277571162818,0,3
0.8478404761904762,0.0384184363168701,0,3
0.0213514492753623,1.0040553508644368,0,1
0.0831466666666666,0.5132373851373624,1,1
0.3250796296296296,0.0466266838957981,1,0
0.4286066666666666,0.0620715641110421,0,0
0.6126666666666667,0.0553490711082375,1,3
0.6034777777777778,0.0718034826697929,1,3
0.014236,0.1118881118881118,0,0
0.5545566666666667,0.0508815363992316,0,3
0.00528125,0.2,1,0
0.0575188405797101,0.8039999999999999,0,1
1.041875,0.0950887858598077,0,3
0.9729388888888888,0.1869986995539125,1,3
0.2993111111111111,0.6714260291346932,1,1
0.8148,0.0396426495066525,1,3
0.0338194444444444,0.7180231570822451,0,1
0.081285,0.4527674263181078,0,0
0.7026583333333333,0.0698293759582461,0,3
0.96545,0.0052460582895365,0,3
0.7920708333333333,0.0396313305700813,0,3
0.0674375,0.9009844184080202,0,1
0.7845466666666667,0.0470546230204516,0,3
0.6740366666666667,0.1047608419790545,0,3
0.4163907407407407,0.1105808372144464,1,0
0.3936833333333333,0.0827964591174726,0,0
0.6434,0.0788797155935066,0,3
0.8235976190476191,0.0425110991416429,0,3
0.0155518518518518,0.1016421192653072,0,0
0.8440966666666667,0.0409876015527694,1,3
0.750023611111111,0.0615202209897343,0,3
0.0531233333333333,0.1983365979706755,0,0
0.7768118055555556,0.1246345465502068,0,3
1.001866666666667,0.0642215009452227,0,3
0.0074175,1.0,0,1
0.0065,1.0,0,1
0.0190862318840579,1.0010475341235048,0,1
0.9164404761904762,0.2280978524897165,0,3
0.1104266666666666,0.5615522823950403,0,1
0.23979,1.0002178903544607,0,1
0.0282314814814814,0.25,1,0
0.0061361111111111,1.0,0,1
0.1205492753623188,0.355784384180861,0,0
0.0555189655172413,1.0001775903213277,0,1
0.0060083333333333,1.0,0,1
0.0163416666666666,1.0,0,1
0.3327261904761904,0.0486827148554842,0,0
0.0103383333333333,0.8,0,1
0.9259166666666666,0.0777847060814762,1,3
0.6655357142857142,0.0455066976389215,0,3
0.0078731884057971,1.004845891430375,0,1
0.0015717391304347,1.0,0,1
0.5906979166666667,0.0368793049177593,0,3
0.0349458333333333,1.004420179488002,0,1
0.668315,0.0447394122076486,0,3
0.2056033333333333,0.0494839873140268,0,0
0.0018184523809523,0.8,0,1
0.1495777777777777,0.0327262445248557,0,0
0.7099857142857143,0.1133649774456827,0,3
0.8364833333333332,0.0396460059741565,0,3
0.6222486111111111,0.0560110567290825,0,3
1.048998888888889,0.0399282828670281,0,3
0.4717916666666667,0.0479935742661905,0,0
0.5233,0.0424686310898806,1,3
0.0107716666666666,1.0,0,1
0.1417895833333333,0.1553617242811662,0,0
0.7498083333333333,0.1790420810668806,0,3
0.1029333333333333,1.0253122273605104,1,1
0.0014173913043478,1.0,0,1
0.0666861111111111,0.1420469510209554,0,0
0.6583697916666666,0.2361102694593548,0,3
0.017935,1.0,0,1
0.6296184210526315,0.0394924334815979,0,3
0.7793272727272728,0.0479935151654471,0,3
0.9158333333333334,0.0609059912782321,1,3
0.6847736111111111,0.0370480802134211,1,3
0.0098625,1.0,0,1
0.4392921052631579,0.0420777391018546,0,0
0.0234439716312056,0.6350217740087096,0,1
0.9189666666666666,0.0718490679699164,1,3
0.1017055555555555,0.2499641618041311,0,0
0.3958590909090909,0.0999521625042311,0,0
0.65592,0.0416187758171578,0,3
0.0679148148148148,5.0,0,2
0.2335257142857142,0.0513134330893021,0,0
0.3732805555555555,0.0717717686153256,1,0
0.0728788888888889,0.1016421192653072,0,0
0.933725,0.0511888941375529,0,3
0.0174375,1.0,0,1
0.0905981481481481,0.1084947526312597,1,0
0.0108029761904761,1.0052429487650278,0,1
0.3373611111111111,0.3532282675715155,0,0
0.0036266666666666,0.1016421192653072,1,0
0.0018857142857142,1.0,1,1
0.5107151515151515,0.0574262399694684,0,0
0.6628069444444444,0.0475452391350582,0,3
0.4874,0.0506335818469823,0,0
0.297399,0.0901794130202827,0,0
0.4780152173913043,0.0369004689753033,0,0
1.0992666666666666,0.143784292993102,0,3
0.0111,1.0,0,1
0.1746037037037037,0.1635143838120095,0,0
0.0005392156862745,1.0,1,1
0.0457064102564102,0.5028524146914563,1,1
0.5133333333333333,0.0454005077104155,0,0
0.3509266666666666,0.3167508804750812,0,0
0.00203125,0.75,1,1
0.3625253623188406,0.0446320450317652,0,0
0.8542041666666667,0.0737307350020932,0,3
0.0036541666666666,1.0025,0,1
0.5758069444444444,0.0853594618348316,0,3
0.8262193693693695,0.0705017217762483,0,3
0.0079533333333333,1.0031914893617022,1,1
0.7597238095238095,0.0449721113574854,0,3
0.8202545454545455,0.0353174458453395,1,3
0.1682615384615384,0.0616163827519043,0,0
0.8642777777777778,0.0665056029158398,0,3
0.7156366666666667,0.107106899094886,1,3
0.635225,0.0399996454120937,1,3
0.9011416666666666,0.0442774386923078,0,3
0.0016212121212121,0.5893939393939395,0,1
0.6632166666666667,0.0718160302346629,0,3
0.3919571428571428,0.0389651534604341,0,0
0.3003666666666666,0.4598326209175251,0,0
0.46,0.6041619019324418,0,0
0.0049983333333333,1.0022337383845603,0,1
0.4588,0.0458642305988177,0,0
0.6610666666666667,0.0412340765151022,0,3
0.69781,0.3413506088129359,1,3
0.5380933333333333,0.0952092166029682,0,3
0.0042222222222222,1.0,0,1
0.0097966666666666,1.0,0,1
0.436878,0.0395200171039407,0,0
0.68112,0.0461020219307507,0,3
0.9062583333333334,0.0788884122854261,0,3
0.366446875,0.0552435450820771,0,0
0.3754907407407407,0.5764424973438185,0,0
0.00195,1.0,1,1
0.4665444444444445,0.0640599225511203,0,0
0.1593666666666666,0.913185723321053,0,1
0.6527047619047619,0.0751697988257815,0,3
0.0342730158730158,1.0,1,1
0.10503,0.3312518148930256,1,0
0.0061183333333333,0.7737075655680565,0,1
0.7005868421052631,0.0514008527576914,0,3
0.995412962962963,0.0412482845131868,1,3
0.0382104166666666,0.7668845923108498,0,1
0.9409603448275862,0.0387904671189183,0,3
0.1104679487179487,0.2310453084595375,0,0
1.23610625,0.0401789107010263,1,3
1.1081416666666666,0.136725118702253,0,3
0.3690696969696969,0.0444023323052863,0,0
0.0183642857142857,0.5762105001048596,0,1
0.553925,0.0338171467921144,0,3
0.7027825396825397,0.0765160618811092,0,3
0.030914,1.0,0,1
0.015975,1.0006543494996152,0,1
0.026187908496732,1.3181661258068194,0,1
0.6031916666666667,0.1218034026617046,0,3
0.0931546296296296,1.0001724137931034,0,1
1.1734988888888889,0.0432487259588075,0,3
0.7372733333333333,0.2791444844937015,0,3
0.9601583333333334,0.0592246762274152,1,3
0.0184676470588235,0.7935550712064554,0,1
0.0168209523809523,0.8531933948221372,0,1
0.8822714285714286,0.0274146459463979,0,3
0.0741481481481481,0.0476579520697167,1,0
0.039,0.6666666666666666,1,1
0.0109374149659863,1.0034387540729308,0,1
0.0003966666666666,1.0,1,1
0.0142,0.0,1,0
0.4554635135135135,0.0769697327568864,0,0
0.3671888888888889,0.0865451159237113,0,0
0.3218471014492753,0.2280545142438252,0,0
0.0506009259259259,0.5174086625504851,1,1
0.6062183333333334,0.2161786154393497,0,3
0.6646733333333333,0.0387007572714073,0,3
0.8251141666666667,0.04081855173812,1,3
0.9207833333333332,0.0491558481590472,0,3
0.8498466666666668,0.041572307579193,0,3
0.2963,5.0,0,2
0.3852133333333333,0.0353727576334333,0,0
0.0081203703703703,1.0,1,1
0.5159255555555555,0.033060344205687,0,0
0.0090884615384615,1.0003102218085933,1,1
1.0182738095238095,0.0428805952339956,0,3
0.0346994444444444,1.0,0,1
0.1018908333333333,0.8090920369314267,0,1
0.4635633333333334,0.0422237308238541,1,0
0.0164166666666666,0.8093167874999191,0,1
0.87405,0.0819681405519965,1,3
0.0006944444444444,0.1016421192653072,0,0
0.3815083333333333,0.0915493103658851,0,0
0.5572305555555556,0.0628973620280235,1,3
0.00396,1.0,0,1
0.7525354166666667,0.055969807260361,0,3
0.7314866666666667,0.0644271475925209,0,3
0.0186898148148148,0.75,0,1
0.8360666666666666,0.0399507804811303,1,3
0.8248583333333334,0.061451376829552,0,3
0.0386681159420289,0.4327936470641569,0,0
0.2401772727272727,0.0684921728561493,0,0
0.0541722222222222,1.1457940105368718,0,1
0.6483366666666667,0.6684492959948557,0,3
0.9882583333333332,0.044404739039563,0,3
0.0006546296296296,1.0014064697609002,0,1
0.5855944444444444,0.135653917544839,0,3
0.64269,0.0463505543619009,0,3
0.5004433333333334,0.4909903452979657,0,0
0.4007633333333333,0.0517951752204195,1,0
0.0331603333333333,0.697724506773912,0,1
0.6340640350877194,0.0413175019917179,1,3
0.71416,0.0559515915119363,0,3
0.4030833333333333,0.1939631750665157,0,0
0.4835944444444444,0.037003747598465,0,0
0.6838026315789474,0.0282167272656649,0,3
0.5613166666666667,0.0500641614387544,0,3
0.9726,0.0413505337041338,0,3
0.0351433333333333,0.0643023683887593,0,0
0.8616116666666667,0.0327173960361486,0,3
0.0086116666666666,0.5,0,1
0.0011463768115942,0.5025157272508639,0,1
0.0145,0.8,0,1
0.3949714285714286,0.0527938600945265,0,0
0.374575,0.0871272198784078,0,0
0.0024,0.1016421192653072,0,0
0.72818,0.0632282088038356,0,3
0.0068377777777777,0.1016421192653072,1,0
0.6531766666666666,0.0475486332323007,0,3
0.0021655555555555,1.0,0,1
0.0347780303030303,0.8989868027524759,0,1
0.660575,0.1241061156411241,0,3
0.5492068181818182,0.0512730845550929,0,3
0.4175020833333333,0.0959988273222017,0,0
0.628842735042735,0.0392710898085314,1,3
0.0627766666666666,1.0,0,1
0.1445426666666666,0.0485724041201999,0,0
0.3387395833333333,0.1033347559534219,0,0
0.7728458333333333,0.0417730061993774,0,3
0.0234816666666666,0.9001130358132384,0,1
0.0757486111111111,0.4682211610699164,0,0
0.0179488888888888,0.8685383371543891,0,1
0.5765256944444445,0.0391725747420327,0,3
0.8708008333333332,0.0753486441589573,0,3
0.7766733333333333,0.0492139241366652,0,3
0.0223027777777777,1.00184332983168,0,1
0.161625,0.7783087887544712,0,1
0.1964095238095238,0.0760329311412757,0,0
0.720445,0.040082942291445,1,3
0.4572328947368421,0.0395603563214166,0,0
0.1908614583333333,0.2515915690661526,0,0
0.054663492063492,1.0,0,1
0.0357392156862745,1.002743577043001,0,1
0.00711,0.6062685592042584,0,1
0.3160043859649123,0.0478698702578823,1,0
0.0015079365079365,0.1016421192653072,0,0
0.35217,0.5233463035019456,0,0
0.7814027777777778,0.0372113645119378,0,3
0.1036268817204301,0.0443569950506483,0,0
0.0168652777777777,0.4654908475759162,0,1
0.0009981481481481,0.1016421192653072,0,0
0.0075058333333333,1.0,1,1
0.041785294117647,1.0000121317998738,0,1
0.85226,0.0540921100497658,0,3
0.5643333333333334,0.0947592491229046,0,3
0.0349473958333333,0.8224626353360336,1,1
0.9701541666666668,0.0448776387750914,0,3
0.6744833333333333,0.0502857003317567,1,3
0.60685,0.1066959266836784,0,3
0.5423013888888889,0.0388678614125229,0,3
0.0353386524822695,1.005309509463907,0,1
0.02311,1.0393048128342246,0,1
0.89375,0.0623295104799632,0,3
0.0022833333333333,0.8,0,1
0.5371564814814815,0.0383037239387281,0,3
0.00078,0.1016421192653072,0,0
0.64545,0.3288967989430229,0,3
0.9411916666666666,0.0550350135416871,1,3
0.0048875,0.6,0,1
0.0111658333333333,1.0019294990723562,1,1
0.430335,0.044125616913513,1,0
0.6066481481481482,0.0301598217879962,0,3
0.7608,0.1034626287893415,0,3
0.9812666666666666,0.0577193087886656,1,3
0.8615066666666668,0.0474125421117998,1,3
0.825861111111111,0.0572034483619309,1,3
0.1961738095238095,0.5108792762935345,0,0
0.0204137931034482,0.2550153009180551,0,0
0.9818590277777778,0.0321788893882701,0,3
0.958075,0.0558745467641203,0,3
0.1119604166666666,0.4677900929156856,0,0
0.20801,0.2695545481749836,0,0
0.8795533333333333,0.0322124199775956,0,3
0.11480625,0.0808549106476187,1,0
0.884561111111111,0.0633416877320555,1,3
0.2553981481481481,0.033879908774723,0,0
1.0131571428571429,0.0373460652005206,1,3
1.07393125,0.0309136777820676,0,3
0.4814141666666666,0.0373934668991106,0,0
0.0287368421052631,1.0041446721109772,0,1
0.0667733333333333,0.7043372471390545,0,1
0.0238604166666666,1.0024305555555555,0,1
0.2324958333333333,1.0,0,1
2.6738,0.0574107069592422,0,3
0.7372219047619047,0.0413088949347443,0,3
0.3776011111111111,0.2165815311821336,0,0
0.0070327956989247,1.0,1,1
0.8139694444444444,0.0381243565326046,0,3
0.0007783950617283,1.0,0,1
0.0273055555555555,0.8,0,1
0.5082,0.0911193117958356,1,0
0.0237294871794871,1.0,0,1
0.8636416666666666,0.1074501169804969,0,3
0.005,0.0,1,0
0.0501742424242424,0.8044651291238963,0,1
0.8335203703703703,0.0406635828265738,0,3
0.78952,0.0346228601183733,0,3
0.1158648148148148,1.0000789515237645,0,1
0.0267617647058823,1.0017772692601068,0,1
0.0409703125,1.5115096081773678,0,1
0.0235745833333333,1.0123689227836037,0,1
0.4684210526315789,0.0466477319609535,1,0
0.0342384057971014,1.0,0,1
0.7458966666666668,0.0448221293024747,1,3
0.1649946428571428,0.3067563545890089,0,0
0.0183699074074074,0.7084446841411048,0,1
0.794154761904762,0.0288798546169563,0,3
0.58515,0.0393016638202817,1,3
1.02797,0.0317910325963493,1,3
0.0002555555555555,1.0,0,1
0.1221627777777777,1.000129683776414,0,1
0.0285066666666666,0.7571013821389813,1,1
0.0033009523809523,1.0,1,1
0.039787037037037,0.3830303166606927,0,0
0.3105088541666666,0.1312872776768267,0,0
0.9089395833333334,0.0397925256919544,1,3
0.1078294871794871,0.1034425384946225,0,0
0.012795,1.0205237084217975,0,1
0.5976083333333334,0.0427385953459831,0,3
0.1103484126984127,0.8945902357354811,0,1
0.8118545454545455,0.0375937678953742,1,3
0.3895916666666666,0.0530787021181013,0,0
0.5225166666666667,0.3063195091861271,0,0
0.0316122222222222,1.0242363749948895,0,1
1.0241404761904762,0.0432892167689464,1,3
0.8120411111111111,0.2746203276855444,0,3
0.73614375,0.0363314897553701,0,3
0.367302380952381,0.0880083496310728,0,0
0.0316666666666666,0.0,0,0
0.4591533333333333,0.0493479313729633,0,0
0.7162722222222223,0.0475109069040321,0,3
0.8610133333333333,0.3123457766852247,1,3
0.1553433333333333,0.6167101223187801,1,1
0.0065,0.5,1,1
0.41296,0.054735337854238,1,0
0.1333662037037037,0.0320192008904041,0,0
0.8330608333333333,0.031206552244621,0,3
0.8063928571428571,0.0432192599264558,1,3
0.01544,1.0,1,1
0.5554395833333333,0.4815105520268554,1,3
0.0376241666666666,1.004409126814134,1,1
0.6752533333333333,0.0439646448393342,0,3
0.8967201754385965,0.0399205858822695,0,3
0.0005729166666666,0.1016421192653072,0,0
0.3786125,0.3183034068853455,1,0
0.0848611111111111,0.1137837827403368,0,0
0.0407555555555555,0.6666666666666666,0,1
0.0833739130434782,0.3150176024683518,0,0
0.0170903333333333,0.8,0,1
0.938,0.0440563723533976,0,3
0.1238185185185185,1.0108726882305796,0,1
0.30655,0.0690515515782154,1,0
0.8589442528735632,0.0388234721764882,1,3
0.0954479166666666,0.6862887354087212,0,1
0.30456875,0.1269857898831776,0,0
0.7783489583333333,0.0425640429621866,0,3
0.858547435897436,0.0492182041727239,0,3
0.2769316666666667,0.0326551769867536,0,0
0.0064571428571428,1.0,0,1
0.0020818181818181,0.1016421192653072,0,0
0.0741583333333333,0.5436220854737865,0,1
0.7979020833333333,0.0434813445314435,0,3
0.5083518518518518,0.0361381693534708,0,0
0.3134983870967742,0.0418748293398943,0,0
0.69169,0.4696141038671899,0,3
0.6902431372549019,0.0664146348289789,0,3
0.73285,0.0447797738626243,0,3
0.1090858333333333,0.0408866133405977,1,0
0.048,0.0,0,0
0.6817537037037037,0.0315972740676318,0,3
0.6797019841269841,0.0444320858510352,0,3
0.0187144444444444,0.6666666666666666,0,1
0.250825,0.0503984240214964,1,0
0.2000940476190476,0.0200053800739052,0,0
0.7307566666666667,0.0674698210502344,0,3
0.6507266666666667,0.1224509747759994,1,3
0.0247046296296296,1.0577075725451068,0,1
0.7466458333333333,0.0683099944050288,0,3
0.6574833333333334,0.0478133098729341,1,3
0.5318033333333334,0.0573255071577082,0,3
0.0278666666666666,0.7975747656598721,0,1
0.8061858974358975,0.0397320538791781,0,3
0.0603145833333333,0.520217698044749,0,1
0.1271188888888889,0.7473839765330024,0,1
0.0166475,5.0,0,2
0.6849583333333333,0.1096690946038032,0,3
0.5732666666666667,0.0439641524711387,1,3
0.97645,0.0435869261876403,0,3
0.8854333333333334,0.0365954202496991,0,3
0.4450520833333333,0.0594019606241023,1,0
0.84689,0.059864035600684,0,3
0.9360055555555556,0.0518316787081552,1,3
0.6371916666666667,0.0525158810595054,1,3
0.1212319444444444,0.17997225359804,0,0
0.60565,0.0321225520993555,1,3
0.7551916666666667,0.0394547623767446,0,3
0.0298717592592592,0.5577851915795835,0,1
0.7323628787878789,0.0468656270158179,1,3
0.3057133333333333,0.1017131046219815,0,0
0.0233973684210526,0.2125824592227824,0,0
0.5496733333333333,0.0558359145961789,0,3
0.6094190476190476,0.1251451602733845,0,3
0.3421961538461538,0.0945142008953498,0,0
0.4318395833333333,0.0521572571467422,0,0
0.0872303418803418,0.0472888216429594,0,0
0.1112401234567901,0.1195007729660104,0,0
0.33952,0.046692607003891,0,0
0.9690655555555556,0.0405606964841295,0,3
0.64958,0.0457154911798541,1,3
0.0798442028985507,1.0,0,1
0.255576,0.1240278500036868,0,0
0.0015523809523809,1.0,0,1
0.8778291666666667,0.0748479900822428,0,3
0.8022930555555556,0.0394895459756707,1,3
0.2429052631578947,0.0362829036169945,0,0
0.2686134615384615,0.0510258001587015,0,0
0.7190928571428571,0.0382598290794817,0,3
0.6176458333333333,0.0799088946564823,0,3
0.0057009259259259,1.0022421524663678,0,1
0.8791133333333333,0.0250451625050637,0,3
0.9914777777777776,0.031173426389979,1,3
0.502075,0.0491990742144173,0,0
0.7324119047619048,0.0449071329060443,0,3
0.0141919540229885,1.0,0,1
0.0079092592592592,1.0023415977961432,0,1
0.5982533333333333,0.3350507872807515,0,3
0.9990033333333334,0.0672484128180077,0,3
0.2537525,0.0454840805717998,0,0
0.4902916666666667,0.0904974695231502,0,0
0.5057723958333333,0.0302714006362877,0,0
0.0246833333333333,0.2400384061449832,0,0
0.2624539215686274,0.0061840050708841,0,0
0.6303866666666667,0.0445083048608466,1,3
0.0065009803921568,1.0026714038952036,0,1
0.4908274509803922,0.193252393158055,0,0
0.0039699074074074,1.0006152584085315,0,1
0.783,0.1135842369881413,1,3
0.049549537037037,1.0029782420697937,0,1
0.8894107843137256,0.3168162196165973,0,3
0.4965966666666666,0.0448222043982689,0,0
0.0120666666666666,1.0077934496551837,0,1
0.7882433333333333,0.0395252529566452,1,3
0.737125,0.5170388191907384,1,3
0.9242833333333332,0.0563242518128761,0,3
0.0301986111111111,1.0,1,1
0.008044,1.0006680584551149,0,1
0.6965351851851852,0.0426740090840447,0,3
0.8882119047619048,0.042292637817911,0,3
0.0163263157894736,1.0008149959250203,0,1
0.674066091954023,0.0386861828121413,0,3
0.5711880952380952,0.0361583622488311,0,3
0.3392858974358974,0.5044855266074741,0,0
0.8386111111111111,0.0513872732123276,0,3
0.0026333333333333,1.0,0,1
0.6402666666666667,0.0682790780708929,0,3
0.9410191666666669,0.0320770424691356,0,3
0.3634233333333334,0.0650600414764163,0,0
0.3051592592592592,0.0624442722579985,0,0
0.7565333333333333,0.0392044318916973,1,3
0.6780569444444444,0.2868663494268632,0,3
0.9577214285714286,0.0336774859892088,0,3
0.00516875,1.0,0,1
0.1283933333333333,0.3534675136091066,0,0
0.62867,0.3321492182937337,0,3
0.0003991666666666,1.0,1,1
0.01694,0.8562983837009686,0,1
0.5178518518518518,0.0361470990171737,0,0
0.9015617647058825,0.0422752054829452,0,3
0.14858,0.1016421192653072,0,0
0.6051942307692307,0.0308425354860731,0,3
0.9818938095238094,0.0380207204898174,0,3
0.0029041666666666,1.0,0,1
0.0134585185185185,0.8406352124183006,0,1
0.1234333333333333,0.5,0,0
0.0397971264367816,1.0,0,1
0.0263722222222222,0.6197140893009843,0,1
0.3377194444444444,0.0623222779264998,1,0
0.0037960784313725,0.5,0,1
0.2652818181818182,0.0821809212146396,0,0
1.0117297619047618,0.04269845225792,1,3
0.0665916666666666,0.5211748576543113,0,1
0.4923277777777778,0.0578419668788992,0,0
0.5388892857142857,0.0306923557345418,1,3
0.1237347826086956,1.0486337986337986,0,1
0.0171564102564102,0.9136393650535468,0,1
0.693424074074074,0.058775504080902,0,3
0.39064,0.0491538101688737,0,0
0.9261681818181818,0.0401163052872002,0,3
0.5711966666666667,0.0433314556877012,0,3
0.10226,5.0,0,2
0.0231892857142857,1.0012074557890316,0,1
0.29166,0.0951003249914613,0,0
0.7508472222222222,0.039330121807858,0,3
0.002092,1.0,1,1
0.0514551724137931,0.2710164952517048,1,0
0.3619,0.0527488908656303,0,0
0.0020333333333333,1.0,0,1
0.3999055555555555,0.0260906294320357,0,0
0.9895431818181818,0.0378628378327934,0,3
0.0078353333333333,1.0011917332931062,0,1
0.7892166666666667,0.2487124095499439,0,3
0.0357098039215686,0.8125637371369377,1,1
0.8376222222222223,0.0567012603301041,1,3
0.5369366666666666,0.0465742990901781,0,3
0.0318861111111111,0.4297963100468746,0,0
0.0825257142857142,0.7802770562770563,0,1
0.8939666666666667,0.0405618624668112,1,3
0.0763666666666666,0.1016421192653072,1,0
0.007776923076923,0.6408901358986104,0,1
0.1052805555555555,1.0,0,1
0.5697583333333334,0.0386952826851592,0,3
0.4318644444444444,0.5410709799164203,0,0
0.5482083333333333,0.115986225721905,0,3
0.5717833333333333,0.0488947121356096,0,3
0.0019930555555555,1.0045255765373409,0,1
0.0267666666666666,0.5665117010449624,1,1
0.7038183333333333,0.0330806139207815,1,3
0.0048972222222222,1.0,0,1
0.0455904761904761,0.8318939112294623,0,1
0.3116841269841269,0.1975226092003236,0,0
0.0040666666666666,1.125156289072268,0,1
0.436725641025641,0.040425605512258,0,0
0.6015566666666666,0.0581725057584793,0,3
0.5669666666666667,0.6278783379460594,0,3
0.4442,0.0358550809532638,0,0
0.6750033333333333,0.0535073643254007,1,3
0.0163666666666666,1.0,0,1
0.8725333333333334,0.0430389097871844,0,3
0.5947979166666667,0.0229694742901458,0,3
0.4095285714285714,0.2242334298097323,0,0
0.0068807692307692,1.0,0,1
0.0063743589743589,1.0,0,1
0.0073033333333333,0.5075565475182531,1,1
0.8280166666666666,0.0374829884259241,1,3
0.0315907407407407,1.0009608785175017,0,1
0.3617416666666666,0.0676031145952244,1,0
0.0010233333333333,0.1016421192653072,0,0
0.4392083333333333,0.0588759754198388,0,0
0.8206888888888889,0.0408081102943905,1,3
0.015856,1.051988557553433,0,1
0.4744264705882353,0.04067598232179,0,0
0.8616,1.1940058687610045,0,3
0.2865909090909091,0.2470048781884949,0,0
0.0153756756756756,1.763517954233136,0,1
0.2870533333333333,0.0644885493671996,0,0
0.3446148148148148,0.0360119669517706,0,0
0.9435333333333334,0.0580696922479246,1,3
0.6985738095238095,0.2251142397519855,0,3
0.0158333333333333,0.2,0,0
0.0291666666666666,1.0,0,1
0.4483545454545454,0.0353097425928145,0,0
0.5777333333333333,0.0455128750570322,0,3
0.8524333333333334,0.0365968872202448,1,3
0.84585,0.0820853956905927,0,3
0.4388662037037037,0.2867572853358935,0,0
0.2737244444444444,0.0412853838357389,0,0
0.9587877777777776,0.0402738178213838,0,3
0.858675,0.037181625264986,0,3
0.0196145833333333,0.8,0,1
0.0470595833333333,0.2064851865562146,0,0
0.0788085106382978,0.0933218463744311,0,0
0.9625027777777776,0.0188958299693667,0,3
-0.0176222222222222,0.1016421192653072,1,0
0.0904722222222222,1.0098660453501855,0,1
0.1744416666666666,0.5610069590119116,0,1
0.5133833333333333,0.2585349622419163,1,0
0.3079018518518518,0.0594299596032418,1,0
0.9735,0.0266981306169569,0,3
0.1836,0.1191408302378753,1,0
0.0077958333333333,0.7438734437891978,1,1
0.1032722222222222,1.0015880017644463,0,1
0.6626433333333333,0.2981916852879482,0,3
0.7166383333333333,0.0414115490562286,0,3
0.8826363636363637,0.0306562819839023,0,3
0.1882083333333333,0.1409007937155921,0,0
0.0820166666666666,0.4611869568814351,0,0
0.7866583333333332,0.0325877407759051,0,3
0.7174958333333333,0.0552185105590725,0,3
0.0342510416666666,0.502897461729774,0,1
0.5580770833333333,0.0525509800066275,0,3
0.89663125,0.0363011727280938,0,3
0.1006211111111111,0.8287976961843052,0,1
0.9930229166666666,0.0429069121161087,0,3
0.0024375,1.0,0,1
0.0276983333333333,1.0,0,1
0.022,0.8435666435666436,0,1
0.0289393939393939,0.5006338742393509,0,1
0.732275,0.0850102998977704,1,3
0.0114267857142857,1.001473192984296,0,1
0.920561111111111,0.0660903452811964,0,3
0.005884375,0.5,1,1
0.6550068452380952,0.0353930191256002,1,3
0.876925,0.03955332674236,1,3
0.8809,0.1177680647321385,0,3
0.6778809523809524,0.1327532817809837,0,3
0.0003107843137254,1.0,0,1
0.1890904761904762,0.0717520520335185,0,0
0.0543989583333333,0.1582110649865781,0,0
0.6619506410256409,0.0411902205869834,1,3
0.9192916666666666,0.0550111187893403,0,3
0.0361826388888888,1.0006559097468188,0,1
0.3556287037037037,0.0680878364545084,0,0
0.3252433333333333,0.1694300362549879,0,0
0.7973083333333333,0.0483000701634427,1,3
0.1226177777777777,0.0696500733471138,0,0
1.010827272727273,0.0378358288864775,0,3
0.2023083333333333,0.4094187177393696,0,0
0.0078797979797979,1.0,0,1
0.6003616666666667,0.0479684524628465,1,3
0.3322785714285714,0.0835161504587214,0,0
0.8482277777777777,0.2805402928145838,0,3
0.9641166666666666,0.0303507697821314,1,3
0.0016477777777777,1.0,0,1
0.3044770833333333,0.0465066572235331,0,0
0.7341544444444444,0.0765442209412078,0,3
0.4806722222222222,0.035318848742664,0,0
0.4682888888888888,0.6776170856278945,0,0
0.3429104166666666,0.0357045299407755,0,0
0.8356348484848485,0.0399542568090652,0,3
0.8121233333333333,0.0284691006680263,0,3
1.0967833333333334,0.0465589364368695,0,3
0.0038847222222222,1.0032098765432098,1,1
0.0123600775193798,0.8051437514337583,0,1
0.4355875,0.2125281402025738,0,0
1.0008587719298243,0.0424540562019503,0,3
0.4408377777777778,0.2629966551470629,0,0
0.6926133333333333,0.2542300469597831,1,3
0.0630555555555555,1.000057645193832,0,1
0.2229006666666666,0.512110349982537,0,0
0.0198233333333333,1.0002642007926024,0,1
0.6292833333333333,0.1628274329778845,0,3
0.5772,0.0245454857490758,1,3
0.8769277777777778,0.0462879226304998,0,3
0.2842,0.2075451103701909,1,0
0.73865,0.4418394985207424,0,3
0.0051754385964912,0.6,0,1
0.1342515151515151,0.4928633111612307,0,0
0.7745466666666667,0.0390869341945348,0,3
0.0219526666666666,1.014811686093856,0,1
0.0022141025641025,0.9725897920604916,0,1
0.9931825,0.0399373678403599,1,3
0.254515,0.0281594932393784,0,0
0.1526177419354838,0.1272846003765014,0,0
0.4051511904761904,0.1197315088999543,0,0
0.0171508333333333,1.0,0,1
0.9838666666666666,0.0469081490264035,0,3
0.1042027777777777,0.4434928339219532,0,0
-0.0005827586206896,3.0,0,2
0.3722166666666666,0.0550453507177545,1,0
0.7982611111111111,0.0494271755385223,1,3
0.1941416666666666,0.9623769595333576,1,1
0.4188104166666667,0.0549007986410751,0,0
0.0082233333333333,1.0,0,1
0.2643225694444444,0.223621411062456,0,0
0.7615333333333333,0.1034994046298709,0,3
0.0352816666666666,0.1069375250645984,0,0
0.6176083333333333,0.2644870507614928,1,3
0.3021690476190476,0.0748634003919768,0,0
0.195235606060606,0.1362687201682779,0,0
0.4107,0.0341304317450368,0,0
0.0319345238095238,0.6151414663025965,0,1
0.8915166666666666,0.0652963360307841,0,3
0.5409144444444445,0.0671887532499825,0,3
0.0036875968992248,1.0,0,1
0.1239777777777777,0.1708728652751423,1,0
0.9124229166666666,0.0346445785098065,0,3
0.9665111111111112,0.0513735748204186,0,3
0.1345708333333333,0.6477785358806795,0,1
0.2674055555555555,0.2059835221293891,0,0
0.5822083333333333,0.0941566716386735,0,3
0.023375,1.0241286863270778,1,1
0.5203425925925926,0.0388634331942106,0,0
0.170535,0.4584605674795364,0,0
0.1840446428571428,0.0592415494719777,0,0
0.6524916666666667,0.3484891477636164,0,3
0.1731666666666666,1.0012570539901655,0,1
0.00441,1.0377440347071585,1,1
0.0810916666666666,0.5278941541073536,0,1
0.0762851851851851,0.666942931565238,0,1
0.1299733333333333,0.1451410483645458,1,0
0.3875127777777777,0.0500787488087668,0,0
0.1266166666666666,0.6132389675270608,0,1
0.1271855555555555,0.1469782413104848,0,0
0.3296233333333334,0.0564552032901632,0,0
0.9734166666666666,0.0454265453254281,1,3
0.815052,0.0378855948580645,0,3
0.376075,0.0351956022989975,0,0
1.46395,0.1989080511335935,0,3
0.0781058823529411,0.4371199285859188,0,0
0.8616,0.0468863545063702,1,3
0.0026696078431372,1.0,0,1
0.9465423076923076,0.0336275911141894,0,3
0.8928261904761905,0.0394390304630936,1,3
0.3268416666666666,0.1046066729390925,0,0
0.0093214285714285,0.6439812477556561,0,1
0.5131595238095238,0.0452656796786064,1,0
0.1827266666666666,0.0769230769230769,0,0
0.002249074074074,1.0,0,1
0.1253666666666666,0.1151762103116142,0,0
0.6451416666666666,0.0379200419167346,0,3
0.4797854166666667,0.0326065372066044,1,0
0.72778,0.0531543747042816,0,3
0.0186534722222222,0.6429600122973622,0,1
0.5109966666666667,0.0500342734993113,0,0
0.6596119047619048,0.0907282733475539,0,3
1.0483574074074076,0.0065214201479275,1,3
0.0066266666666666,0.1016421192653072,1,0
0.9507611111111112,0.2372972225380878,1,3
0.1649858585858586,0.6857236118445494,0,1
0.2739791666666666,0.1355302318532587,1,0
0.90185,0.0280249123917921,1,3
0.1027551587301587,1.044143480749546,0,1
0.0225804347826086,1.0,0,1
0.8835833333333334,0.0695256235687964,1,3
0.0237392156862745,0.732345141815131,0,1
0.03899,1.003548835335988,0,1
0.8231,0.0939541696400517,0,3
0.9686166666666666,0.1237728551977552,0,3
0.0172111111111111,1.0,0,1
0.8320409090909091,0.0444752162181451,0,3
0.4636297619047619,0.0387760884734608,0,0
0.1028358974358974,0.2872712457068195,0,0
0.9579791666666666,0.0363057386529822,1,3
0.01674375,1.005552486187845,0,1
0.1861475,0.2946204400632661,0,0
0.3432397435897436,0.0391397926051621,0,0
0.0010833333333333,1.5,0,1
0.3759530303030303,0.1242683509860124,0,0
0.0106316666666666,0.4996876084692815,1,1
0.4086333333333333,0.0732235926884152,0,0
0.0149055555555555,1.0017888132427122,0,1
0.7158133333333333,0.2573967271600385,0,3
0.0018939393939393,1.0,0,1
0.4536883333333333,0.0386427154146015,0,0
0.9934277777777776,0.0257406021117457,0,3
0.8860476666666667,0.2329928558021944,1,3
1.1711121212121212,0.0349855960169336,1,3
0.54991,0.1238721959979045,0,3
0.3182185714285714,0.7694134237978528,0,1
0.8071722222222223,0.0396449799771103,0,3
0.1919891666666666,0.3336346362448925,0,0
0.6504583333333332,0.1043435787527725,0,3
0.6708907407407407,0.0420618768671884,1,3
0.97745,0.1372428793574235,1,3
0.94875,0.0332498497944592,1,3
0.1645,0.4590704322229815,0,0
0.00149,1.0,0,1
0.0079483333333333,0.6737319523113174,0,1
0.0397190476190476,1.0007167070217915,1,1
-0.0046388888888888,5.0,1,2
0.0072038461538461,1.0,0,1
0.9432689393939392,0.0379916303895949,0,3
0.3043833333333333,0.2258028562917586,0,0
0.9869083333333334,0.0405429351571844,1,3
0.3627619047619047,0.0549213301473594,0,0
0.0192572916666666,0.3992085026577866,0,0
0.4706045454545454,0.0441754882639866,0,0
0.4606684210526315,0.0322730969458723,0,0
0.881403888888889,0.0395054234585647,0,3
0.0032590277777777,1.0,0,1
0.878103125,0.0404001596970427,0,3
0.8230916666666666,0.0532093577417308,0,3
0.0122090277777777,0.5787433039789707,0,1
0.0047730158730158,1.3838330703138702,0,1
0.0022117647058823,1.0,1,1
0.0276215686274509,1.0044042977724166,0,1
0.1588933333333333,0.931919738919021,0,1
0.4542693548387096,0.0813849838758115,0,0
0.5603875,0.1410682484474809,0,3
0.633975,0.0804234630020548,1,3
1.0669583333333337,0.0621463866187823,1,3
0.0504139639639639,0.8035282027973725,0,1
0.9702717592592592,0.060564811676371,0,3
0.9258944444444444,0.0482441315626983,0,3
0.4336409090909091,0.0307327554687433,0,0
0.71528,0.0460003792875678,1,3
0.74368,0.0510126822030596,0,3
0.6864833333333333,0.0563196108979579,1,3
0.5609818181818181,0.0466266473201096,0,3
0.4022583333333333,0.0796388875823809,1,0
0.7988833333333333,0.0215750929218313,1,3
0.0020448717948717,1.0,0,1
0.4345833333333333,0.7450541639171309,1,1
0.0043820512820512,0.336021505376344,0,0
0.0071961538461538,0.6,0,1
0.3693893939393939,0.0436850329875284,0,0
0.2901533333333333,0.422492634359398,0,0
1.0166,0.004,0,3
0.0879816666666666,1.0006950634500715,0,1
0.0153953703703703,1.0,0,1
0.9878333333333332,0.0643197555975212,0,3
0.9552166666666666,0.0599168333331815,0,3
0.5708386363636364,0.0518729920968408,0,3
0.74414,0.0207580436822917,0,3
0.020463,1.0278690049151802,1,1
0.0764933333333333,1.3802698326109837,0,1
0.0316413333333333,0.2883298886333488,0,0
0.0337960784313725,0.98258899830496,0,1
0.0296666666666666,0.6666666666666666,0,1
0.7833746212121212,0.0381070858304353,0,3
0.80615,0.1813426642342009,0,3
0.0582725,0.8465574039240795,0,1
0.4653733333333333,0.0595358477657998,0,0
0.6456733333333333,0.0648346776075764,0,3
0.1858666666666666,0.1483493555886718,1,0
0.0057590909090909,0.5408769030674393,0,1
0.127825,0.8085866902665654,1,1
0.827125,0.0795927352768139,0,3
0.9067,0.0423566190546476,0,3
0.7583333333333333,0.0641558797185853,1,3
0.445697,0.158584029980664,0,0
0.006370202020202,1.0,0,1
0.035049074074074,0.8043965733831385,0,1
0.9293285087719296,0.0350490527825409,1,3
0.0126638888888888,1.212014606976329,0,1
0.3351839506172839,0.0416017841100475,0,0
0.1676375,0.4713957805146395,0,0
0.3823641666666666,0.0802238462335226,0,0
0.2400333333333333,0.7923573768997267,0,1
0.9724354166666666,0.035737263589321,0,3
0.00275,1.0,0,1
0.6244045454545455,0.0354029253148883,0,3
0.8671564102564102,0.0500211757984777,0,3
0.1921939393939394,0.045431231914663,0,0
0.3542710144927536,0.037042377244472,0,0
0.1872293103448276,0.0380595751359439,0,0
0.0666883333333333,0.150201818607389,0,0
0.5971375,0.0440510344447104,1,3
0.1794533333333333,2.239166660743184,0,1
0.08,0.0,1,0
0.2415717391304347,0.1114866052343932,0,0
0.1203,0.7698118617584119,0,1
0.0071090277777777,1.0039961439347729,0,1
0.2433422222222222,0.2287774786862884,0,0
0.0184583333333333,0.4,0,0
0.9243104166666666,0.0922786047366382,0,3
0.0771041666666666,1.006298306176506,0,1
0.922988888888889,0.0355271354360183,0,3
0.9877,0.022717975119753,1,3
0.0282703703703703,1.0006410256410256,0,1
0.0357384057971014,0.6197381728658653,0,1
0.0017583333333333,1.0,0,1
0.3137930555555555,0.0517475590556885,0,0
0.1645604938271605,0.7175980968289223,1,1
0.2131366666666666,0.4473478790149755,0,0
0.6329821428571428,0.1051441013102527,0,3
0.0277733333333333,1.0,0,1
0.4688018518518518,0.0430373401205754,0,0
0.7843708333333334,0.0416417415239825,0,3
0.0053127976190476,1.0016590648134025,0,1
0.016202,1.0005013607595743,0,1
0.0580208333333333,1.0,0,1
0.585225,0.0428351551731965,0,3
0.0298944444444444,1.0103767063424551,0,1
0.5334425925925926,0.0363919385438327,0,3
0.2416733333333333,1.4058745557675985,0,1
0.7359395061728394,0.0442595478917683,0,3
0.81487,0.0426965498026064,0,3
0.2516978260869565,0.3379981813131205,0,0
0.4797333333333333,0.0606242384368472,1,0
0.9346555555555556,0.0889902772482211,0,3
0.0131388888888888,1.0408176287608897,0,1
0.0746521739130434,1.0004581039445757,0,1
0.2533444444444444,0.0750783563011548,0,0
0.7098166666666668,0.0626771794445645,0,3
0.0126987179487179,0.7606397800078272,0,1
0.71602,0.044490894565137,1,3
0.0050933333333333,0.1016421192653072,0,0
0.332465,0.0577767482582518,0,0
0.8716485507246376,0.0389147981301292,0,3
0.0213385416666666,1.0002686315143143,0,1
0.4061148148148148,0.0500956950259932,0,0
0.4633083333333333,0.0441592123220168,0,0
0.0054633333333333,1.0023076923076923,1,1
0.0086777777777777,1.0560933709487548,0,1
0.66056,0.0488502413967402,1,3
0.0086108333333333,0.6666666666666666,0,1
0.4216351851851851,0.041216823673127,0,0
0.2456266666666667,0.4995774462341673,0,0
0.0329766666666666,1.0,0,1
0.06043,1.0,0,1
0.6698474358974359,0.0580590595983316,0,3
0.6422361111111111,0.0401277823119999,0,3
0.1431966666666666,0.0608790941190795,0,0
0.7833601851851852,0.0402106097563583,0,3
0.9005158333333333,0.0342951946829345,1,3
0.5936142857142858,0.0437527249803808,0,3
0.8158083333333334,0.0566596428149302,0,3
0.0012538461538461,1.2,0,1
0.017819,0.9003593053564884,0,1
0.8955,0.0550159702250044,0,3
0.4385333333333333,0.4164955646042578,0,0
0.10901,0.1390504161486231,1,0
0.2107537037037037,0.3500582310664177,0,0
0.1112833333333333,0.8,0,1
0.678865625,0.0381321451014922,1,3
0.22143,0.5303296923704998,0,0
0.93765,0.0605996004651137,0,3
0.0141185185185185,0.1016421192653072,0,0
0.3851125,0.0571821870318275,0,0
0.8274018518518519,0.0362657723030317,1,3
0.0219202898550724,0.6,0,1
0.8173203703703703,0.0330005532248409,1,3
0.57655,0.1745337594885982,0,3
0.6213645390070922,0.0370522557592858,0,3
0.0151666666666666,0.75,0,1
0.5474033333333334,0.1167045097740756,0,3
1.0523121212121211,0.0,1,3
0.0011208333333333,1.0,0,1
0.1612925925925926,1.0491015373383097,1,1
0.8843666666666666,0.0374739117996379,1,3
0.0050027777777777,1.0009095043201457,0,1
0.6325566666666667,0.0630809771751384,0,3
0.0011036666666666,1.0009876543209877,0,1
0.5689681818181819,0.043621441609045,0,3
0.5465233333333334,0.0510826770793953,1,3
-0.001275,0.0,1,0
0.7182133333333333,0.23115215600272,0,3
0.5981133333333334,0.0374563772269401,0,3
0.9334,0.0357392192703585,1,3
0.4810833333333333,0.0374465815590674,0,0
0.8961055555555555,0.046061993672099,0,3
0.0030722222222222,0.8,0,1
0.0812545833333333,0.0932367291153331,0,0
0.0357391666666666,0.9474892835272504,0,1
0.0561431372549019,1.000789369267967,0,1
0.0057017543859649,1.0,0,1
0.9143055555555556,0.0526351018952565,1,3
0.1741873333333333,0.1907206746118494,0,0
0.4810727272727272,0.1237932593285406,0,0
0.901150606060606,0.0410667362575502,1,3
0.0155933333333333,1.0,0,1
0.0038675925925925,1.0,0,1
0.22756,0.8305038583749432,0,1
0.6737233333333332,0.0377044574032266,0,3
0.737411111111111,0.0897232410355666,1,3
0.0013583333333333,1.0,0,1
0.0522723404255319,0.5342604650025049,0,1
0.9884333333333334,0.0451350123494679,0,3
0.9425066666666668,0.3121060374937793,1,3
0.4828113095238094,0.5147167114466288,0,0
0.5742866666666666,0.0500823846863589,0,3
0.743189,0.0327437486126552,0,3
0.75175625,0.0394486287358229,0,3
0.1437961538461538,0.2159181507440186,0,0
0.0018,1.0091743119266054,0,1
0.9946833333333334,0.279226949808932,0,3
0.9700075757575756,0.0149835723898592,1,3
0.9556333333333332,0.047740627283584,0,3
0.0521716666666666,0.2,0,0
0.9989145833333334,0.0404161144277906,0,3
0.0025,0.1016421192653072,0,0
0.2256766666666667,0.0494439901003677,1,0
0.9742,0.137435206164468,1,3
0.8282313725490197,0.0404035427436071,0,3
0.9056214285714286,0.0441481459144173,1,3
0.0012060606060606,1.0,0,1
0.8384083333333334,0.0653730724369098,0,3
0.6153,0.0964479228044447,0,3
0.6821119047619048,0.421387145975446,0,3
0.0018333333333333,0.6666666666666666,0,1
0.0188558333333333,1.0001837342362496,0,1
0.0323333333333333,0.0,0,0
0.5035424603174603,0.0385738094261924,1,0
0.0028366666666666,1.0,0,1
0.3959406862745098,0.0367787222597657,0,0
0.013485,1.0133333333333332,0,1
0.4579659722222222,0.0446848832849353,0,0
1.3333145833333333,0.0,0,3
0.5221411111111112,0.0318380052657066,1,3
0.8930613333333334,0.0377724202242544,0,3
0.4884965277777778,0.0378810257406761,0,0
0.0035523809523809,1.0,0,1
0.0571796296296296,0.2309725867835356,0,0
0.0344,0.2940332433036336,0,0
0.6869689922480621,0.0371841463719032,1,3
0.6709333333333333,0.0658342228146852,0,3
0.0031644444444444,0.8077765639899696,0,1
0.0382243589743589,1.102978392616111,0,1
0.68543,0.0381780661212143,0,3
0.3934842592592593,0.0509301695258018,0,0
0.91738,0.0806233802348512,0,3
0.8170238095238095,0.0388854255243784,0,3
0.0083315151515151,0.8242941176470587,0,1
0.07539,0.6850070451917951,0,1
0.9321416666666666,0.0432291260669116,0,3
0.0010398148148148,1.0267354957618964,0,1
0.0250233333333333,0.2708262729143839,1,0
0.3986583333333333,0.1897832258982931,0,0
0.9408833333333334,0.0806674995360605,1,3
0.7130833333333333,0.0753379573481408,0,3
0.0003833333333333,1.0,1,1
0.4699714814814814,0.0379861423776369,0,0
0.0572504761904761,0.2803805753582634,0,0
0.0036866666666666,4.91,1,2
0.500328125,0.0437907335588192,0,0
0.9376,0.0623635293476151,0,3
0.4408166666666667,0.0601613839155918,0,0
0.0133662280701754,1.0004203800235412,1,1
0.4170333333333333,0.3874090176611185,0,0
0.7106222222222223,0.0581915584008571,1,3
0.8146111111111111,0.0597641171283451,1,3
0.0462820512820512,1.0,0,1
0.589975925925926,0.041808915668528,0,3
0.3165880952380953,0.2397024620940724,0,0
0.0252152777777777,1.0021073509359115,0,1
0.0844958333333333,1.037523929878623,0,1
0.7429397435897436,0.0474884437542744,0,3
0.05964,0.6000693240901213,0,1
0.4094104166666666,0.0374413752896758,1,0
0.7269476190476191,0.1814681747235892,0,3
0.0395833333333333,1.002469135802469,0,1
0.416125,0.0803047382479076,0,0
0.1854666666666666,0.75,0,1
0.8047,0.1785809541611359,0,3
0.9403633333333332,0.0377504615367378,0,3
0.0021575757575757,0.2234636871508379,0,0
0.46556,0.0460519266036144,0,0
0.3595533333333333,0.076174981719002,0,0
0.9078233333333332,0.0435776968555749,0,3
0.8473083333333334,0.1518944735735207,1,3
0.1101212962962962,0.0556084115680961,0,0
0.0142205128205128,0.3366055846422338,1,0
0.8153358974358975,0.0690384511002752,0,3
0.8758351851851852,0.0605502672644523,0,3
0.4967722222222222,0.0361808090842946,0,0
0.9149298245614036,0.0375693195990101,1,3
0.6368910714285714,0.039756320982424,0,3
0.0160649572649572,0.5692463253241393,0,1
0.0138166666666666,0.7102799753659577,0,1
0.0120033333333333,1.029637579169599,0,1
0.0190803571428571,1.0024719101123596,0,1
0.3204007575757576,1.0004746825001474,0,1
0.0832933333333333,0.9438590259420993,0,1
0.2240214285714285,1.0,0,1
0.8194233333333333,0.0402480221576663,1,3
0.8242666666666666,0.1141266661341231,0,3
0.8201533333333334,0.0310565939836991,0,3
0.2590536036036036,0.0898732709107571,0,0
0.7724166666666666,0.0417989206837178,0,3
0.0975777777777777,0.5405692519647662,0,1
0.3885183333333333,0.1287989670865691,0,0
0.0007028735632183,1.0,0,1
0.4483608333333334,0.0459638454788985,0,0
0.4563047101449275,0.0491336543878504,0,0
0.0024560185185185,1.0047162076910037,1,1
0.0967916666666666,0.5480647899286242,0,1
0.0190362318840579,1.0,0,1
0.1801833333333333,0.1228070175438596,0,0
0.8068477272727272,0.2348014079927907,1,3
0.068297619047619,0.8493183620056737,0,1
0.324975,0.1304081873187614,0,0
0.7727851851851852,0.0381447318581541,0,3
0.0297083333333333,1.0022306926840592,0,1
0.0355092592592592,1.0,0,1
0.7648145833333333,0.0584277833861085,1,3
0.150050641025641,0.3124868711742926,0,0
0.76974,0.042871174871585,0,3
0.6063166666666667,0.062409473134368,0,3
0.6777555555555556,0.0391434758008742,1,3
0.5461583333333333,0.0920130027105214,1,3
0.0620833333333333,1.001627588441874,0,1
0.1409384259259259,0.0454840805717998,0,0
0.7612777777777777,0.1502863592371867,0,3
0.006806,0.6,0,1
0.0002206666666666,0.1016421192653072,0,0
0.3253533333333333,0.1199445181280602,0,0
0.0384811111111111,1.0018387804262785,0,1
0.04565,0.2110566743710626,0,0
0.8163616666666668,0.0402283242732734,0,3
1.0032555555555556,0.0419483743838776,0,3
0.964579411764706,0.0311512093609476,0,3
0.0033737179487179,0.8,0,1
0.0977901041666666,0.2914062224525894,0,0
0.131525641025641,0.1016421192653072,0,0
0.0056357142857142,1.0,0,1
0.0993217054263566,1.0014052379267862,0,1
0.4974316666666666,0.0467075927280829,0,0
0.1955264705882353,0.634699987689363,1,1
0.0066172222222222,1.0016767805812838,0,1
0.8981208333333334,0.0320261552007595,0,3
0.7679833333333332,0.0380740964415779,0,3
0.0219180555555555,0.8190145293746053,0,1
0.6730944444444444,0.2518909992231114,0,3
0.0507083333333333,1.0,0,1
0.8158083333333334,0.0785297790685748,1,3
0.00215625,1.0,0,1
0.5236761904761905,0.0455934409215665,0,3
0.292345652173913,0.0865303155418648,0,0
1.1326857142857143,0.0295403838250226,0,3
0.3015275,0.3075665804843981,0,0
0.0070557017543859,1.0,0,1
0.1835816666666666,0.0970935421301461,1,0
0.5748555555555556,0.0449874409992364,0,3
0.57046,0.0842674939512342,0,3
0.413875,0.5637397717659565,0,0
0.007047619047619,1.0,0,1
0.33156,0.04433315187756,0,0
0.0528033333333333,0.75,0,1
0.0635552380952381,0.1402251008150827,1,0
0.65965,0.0450809615160537,1,3
0.0228041666666666,1.0632685062092273,0,1
0.96095,0.0458743852971384,1,3
0.3317157407407407,0.1593542584880597,0,0
0.4584928571428571,0.0520056724069034,0,0
0.6274933333333333,0.0597130258914,0,3
0.0003666666666666,0.1016421192653072,0,0
0.0015,1.2,0,1
0.0042746031746031,1.0010893246187362,0,1
0.5073116666666666,0.3492063658390188,0,0
0.00292,0.9360544217687076,0,1
0.5628666666666666,0.1109877800328224,0,3
0.02455,0.6434782608695653,0,1
0.95304,0.032705227353218,1,3
0.0216507936507936,1.0001053518752634,0,1
0.8653222222222222,0.0418030995450519,1,3
0.165,0.1016421192653072,1,0
0.0050217592592592,1.0018857545276934,0,1
0.0329487179487179,1.0,0,1
0.0799067708333333,0.4139879208589586,0,0
0.5165507575757576,0.0421584478610454,0,0
0.006115,1.1412563667232596,0,1
0.3700033333333333,0.0419771713009753,0,0
0.4527013888888889,0.0491734947014077,1,0
0.3703333333333333,0.0395520720291007,1,0
0.0025884615384615,0.6013736263736263,0,1
0.1178973684210526,0.4165943428049721,0,0
0.0297736111111111,0.9571092492410505,1,1
0.0089925925925925,0.940608149309498,1,1
0.0199088888888888,1.0,0,1
0.3585886666666666,0.2219226085739514,0,0
0.72042,0.0397953423899862,0,3
0.6814833333333333,0.0369866904152706,1,3
0.0244551912568306,0.2321876308285558,0,0
0.005465873015873,0.75,1,1
0.8504942028985507,0.0400021296312735,1,3
0.6735266666666667,0.0331854545125741,1,3
0.0230435897435897,1.0007662835249045,0,1
0.038175,0.1016421192653072,1,0
0.5513444444444444,0.0497765844978407,1,3
0.0332928571428571,0.6996187725603222,0,1
0.4923916666666666,0.1022350703895819,0,0
0.1937847222222222,0.241335257407292,0,0
0.5491656862745098,0.0476838950453449,0,3
0.8501564102564102,0.0458305731853947,0,3
0.26641,0.5129199978570477,0,0
0.0051286666666666,1.0,1,1
0.2684895833333333,0.0353582851181054,0,0
0.0098428571428571,0.7310778572977662,1,1
0.4813166666666666,0.1341329570700549,0,0
0.5298897435897436,0.0548290379337135,0,3
0.8422152777777777,0.2355161166828923,0,3
0.7374744444444444,0.0372552249820489,0,3
0.0940920289855072,0.3374584167600611,0,0
0.0272520833333333,1.128621229278195,0,1
0.8859833333333333,0.1041312057566625,0,3
0.4925277777777778,0.0240561817013024,1,0
0.3819885416666666,0.0357909012213666,1,0
0.00151,1.0,1,1
0.1365239583333333,0.0834934643789276,0,0
0.8388597701149426,0.0379458036967646,0,3
0.029225,0.7668142612378455,0,1
0.0142920289855072,0.5051717476722337,0,1
0.88015,0.0531054082208971,0,3
0.033413,0.2370382155959348,0,0
0.817811111111111,0.0573788317730552,0,3
0.6792145833333333,0.2288546639773538,0,3
0.0015439814814814,1.0,0,1
0.0069162037037037,1.00470789798899,0,1
0.4430555555555555,0.0707504609482299,1,0
0.1680401709401709,0.0752410141450028,0,0
0.8469285714285715,0.0402167404662306,1,3
0.0095552083333333,0.8577311097385216,0,1
0.2164944444444444,0.8,0,1
0.1495666666666666,0.1563999703030456,1,0
0.6846166666666667,0.0778512231396882,0,3
0.4684555555555555,0.0554068521886342,0,0
0.1095363095238095,0.2962399128312089,0,0
0.3682766666666666,0.0296075966018794,1,0
0.28093,0.1284764987806628,1,0
0.7781033333333333,0.0329258506611699,0,3
0.6520620689655172,0.0429262160101666,0,3
0.003221264367816,1.0016361323155216,0,1
0.65472,0.0350498594364014,0,3
0.6217969696969697,0.0349683394838001,0,3
0.7840805555555556,0.100941095474865,0,3
0.0021183333333333,1.0,0,1
0.2358361111111111,0.0648479612962983,0,0
0.0943724637681159,1.587742029196622,0,1
0.2032875,0.0497283689117741,0,0
0.0144941666666666,1.0,0,1
0.2290134615384615,0.0364815109821703,0,0
0.0558675438596491,0.6003319730957515,0,1
0.8981625,0.0388749889522225,0,3
0.009681884057971,1.0013776454745618,0,1
0.160768817204301,0.0394788187298949,0,0
0.9082814814814816,0.0432218161617683,1,3
0.0041113333333333,1.0634920634920637,0,1
0.6121273333333334,0.0313329752463452,0,3
0.1341404761904761,0.0414018105590937,0,0
0.0821256944444444,0.3279100783078741,0,0
0.6525271929824562,0.0414081219271475,0,3
0.0082706349206349,1.0002919708029196,0,1
0.0429055555555555,0.2921457082262713,1,0
0.3477197916666666,0.028596019529782,0,0
0.3840412280701754,0.0381015294156608,1,0
0.301555,0.0862269672168733,0,0
0.4310993333333333,0.0411681362794232,0,0
0.1935357142857142,0.0443767971976823,0,0
0.002034074074074,0.9240383548138572,0,1
0.5595083333333333,0.405907556176137,0,3
0.7603888888888889,0.319017517445744,0,3
0.11893,0.0434328152752792,0,0
0.9105433333333331,0.0384673162425573,1,3
0.9587472222222224,0.0444061069834602,0,3
0.0528801587301587,0.6161811378983341,0,1
0.2939541666666667,0.0372833627189517,0,0
0.224735632183908,0.0484741886811035,0,0
0.9804777777777778,0.008682062858135,1,3
0.5049733333333334,0.0589365474285094,0,0
0.950175,0.0704852795327227,0,3
0.0143183333333333,1.0007050528789658,0,1
0.6459766666666666,0.0398104574003141,0,3
0.3478679487179487,0.0545171557835722,0,0
0.2696322916666666,0.045786653677545,1,0
0.4642923333333333,0.2250849056363483,0,0
0.4987566666666666,0.0500759588489381,0,0
0.3070152173913043,0.160235998266965,0,0
0.0256958333333333,1.0476145439628697,0,1
0.7598033333333333,0.0418875212553046,0,3
0.0045055555555555,1.0,0,1
0.390202,0.2187111928584839,0,0
0.0088177083333333,1.0101010101010102,0,1
0.4124922222222222,0.0430545670834743,0,0
0.110110119047619,0.8057556380001529,0,1
0.9729851851851852,0.0417865565848459,0,3
0.4687361111111111,0.0432670330913331,0,0
0.6088527777777777,0.0584434938164334,0,3
0.93618125,0.0394504940305558,1,3
0.6308633333333333,0.0459375795495687,1,3
0.0326246376811594,0.953456610143482,0,1
0.1885666666666666,0.381340109637742,0,0
0.4424227272727272,0.0481508860632268,0,0
0.1513166666666666,1.0541110330288124,0,1
0.0009092592592592,0.1016421192653072,0,0
0.8229333333333333,0.0614564639232638,0,3
0.0239604575163398,0.7358210432790838,0,1
0.6892777777777778,0.1270697869187561,1,3
0.1441069444444444,0.2384918230930273,0,0
0.69081,0.0441549627929349,0,3
0.1724327586206896,0.6400942795198672,0,1
0.045565,0.6026873854866471,0,1
0.6867685185185185,0.0424586892047029,0,3
0.8693854166666666,0.0325446913906816,0,3
0.0272128205128205,0.5886319849334438,0,1
0.2815766666666667,0.0539491782460821,1,0
0.1542813333333333,0.2018542468556513,0,0
0.0300688888888888,1.0041780187310645,0,1
0.1875031746031746,0.0573008333912413,0,0
0.74505,0.048722330880963,0,3
0.9835245098039216,0.0422126993487383,0,3
0.0109416666666666,1.0218612076676044,0,1
0.9523333333333333,0.0369032943015543,1,3
0.6092416666666667,0.5624287365772151,0,3
0.6632512820512821,0.0360919346605115,1,3
0.8088416666666667,0.0289668676082135,0,3
0.7676588888888889,0.0376855034945895,0,3
0.352021875,0.0476738177184683,0,0
0.049943,0.2139376940846909,0,0
0.5522033333333334,0.0661380946869777,0,3
0.1165216216216216,0.1142163241560925,0,0
0.9603222222222224,0.0777078883450336,0,3
0.0651766666666666,1.0,0,1
0.5856714285714286,0.0400343159143115,0,3
0.6632496666666666,0.1617082453387961,0,3
0.1645833333333333,0.1016421192653072,0,0
0.0525,0.0,1,0
0.8799583333333334,0.0524851220952762,1,3
0.0035697916666666,1.004685780496174,0,1
0.98984,0.0582885455772401,0,3
0.0032806666666666,0.6708633336139949,0,1
0.0122861111111111,0.7555599983852297,0,1
0.7542066666666667,0.3059366211580264,0,3
0.2651897849462365,0.1483270724737263,0,0
0.4601333333333333,0.4543482215315778,0,0
0.4094433333333334,0.4210050422155361,0,0
0.0499277777777777,0.8,0,1
0.5126974358974359,0.0360451640701695,0,0
0.7829833333333333,0.126712250764612,1,3
0.57083,0.0454006142314005,1,3
0.0196840277777777,1.055822956028823,0,1
0.951702380952381,0.0604365037509593,1,3
0.6895839743589744,0.0339352725260954,0,3
0.8337378787878789,0.0342316558597713,0,3
0.1862633333333333,0.1489245900109402,0,0
0.3167397849462365,0.6965933229416619,0,1
0.0006796296296296,1.004880694143167,1,1
0.0019140350877192,1.0,0,1
0.2872916666666666,0.0747400293613897,1,0
1.1630142857142858,0.0713148709765101,1,3
0.0709266666666666,0.2677099331784947,0,0
0.2253166666666666,0.6411311853876096,0,1
0.9980333333333334,0.0712422929945051,1,3
0.258290909090909,0.027654425699232,0,0
0.7473203703703704,0.0443058582460946,0,3
0.4255681818181818,0.0481871847483084,0,0
0.16425,0.1539243845713798,0,0
0.3852495726495726,0.0458384760801311,0,0
0.6363833333333333,0.0382338695361789,0,3
0.1469777777777778,0.0612110788624092,1,0
0.0106981481481481,1.0,0,1
0.0292271929824561,0.1673849623011227,0,0
0.1572633333333333,0.1164107900840817,1,0
0.0002083333333333,1.0,0,1
0.3214703703703703,0.0384115397200533,0,0
0.5661626262626263,0.036765867847993,0,3
0.001625,0.6,1,1
0.0901833333333333,0.3629755475686046,0,0
0.8728683333333332,0.0506063400602114,0,3
0.0834574074074074,1.0196179829007503,0,1
0.0886543209876543,0.6693098345174867,0,1
0.02275,0.5,1,1
0.7775,0.0352962902213163,1,3
0.2885462962962963,0.0559519975264504,0,0
0.7521212121212122,0.2710014573960523,1,3
0.923875,0.0391523170256589,1,3
0.0505104166666666,1.0019189777566535,0,1
0.7791866666666667,0.0369898375541684,0,3
0.0002125,1.0,0,1
0.0525,0.0,1,0
0.8056722222222222,0.0977837630891201,1,3
0.2596133333333333,0.0672666833034815,0,0
0.6966216666666667,0.0403408687055998,1,3
0.7339583333333333,0.038700285306024,0,3
0.8076770833333333,0.0374185587201046,1,3
0.17703125,0.5535779836628496,0,1
0.7970333333333333,0.1113461485453235,0,3
0.07307,0.0713247117494219,0,0
0.0636619047619047,0.1105806670876924,0,0
0.5341523809523809,0.0366158938302506,0,3
0.4616888888888888,0.0392431007883315,1,0
0.086573106060606,0.9820683313686596,0,1
0.0007375,1.0089126559714796,0,1
0.0252133333333333,1.0,0,1
0.0015683333333333,1.0,0,1
0.1966138888888889,0.0423499396588829,0,0
0.7518518518518519,0.0914946516685306,0,3
1.01185,0.0522355756811966,0,3
0.0129208333333333,0.452944699280103,1,0
0.9692,0.0610274277398187,0,3
0.0148483333333333,0.6300379387576345,0,1
0.0371738095238095,0.804646984998822,0,1
0.4053070175438596,0.034079801317726,0,0
0.234646875,0.1944230319653926,0,0
0.4676625,0.0422189678390845,0,0
0.0922865079365079,0.4605456929017075,0,0
0.6338583333333333,0.6080020622546567,0,3
0.0118464285714285,1.0,0,1
0.1031904761904761,0.2542761789522343,0,0
0.6349019607843137,0.0601894892101092,0,3
0.0385416666666666,0.1016421192653072,0,0
0.0451583333333333,1.0002910745944802,0,1
0.0245142857142857,1.0040972325033235,0,1
0.7343458333333333,0.0451730611826419,0,3
0.2814965517241379,0.0397444862003636,0,0
0.0551055555555555,0.819124070357691,0,1
0.643411111111111,0.0478580473301185,0,3
0.0648435185185185,0.0613976319518002,1,0
0.1004183333333333,0.0871654351155982,0,0
0.964230303030303,0.0423226139348017,0,3
0.8997612021857924,0.0360885518562153,0,3
0.7913654761904763,0.0505501245431432,1,3
0.0311064102564102,1.000302441131994,0,1
0.2422910256410256,0.041290723431864,0,0
0.0557464912280701,1.0207153404429865,0,1
0.0081072916666666,1.0,0,1
0.45659,0.0998812873357113,0,0
0.0382833333333333,0.1016421192653072,0,0
0.0088566666666666,1.0,1,1
0.0395398550724637,0.8902428077099206,0,1
0.4040129032258064,0.1545997982105111,0,0
0.0017759259259259,1.0023980815347722,0,1
0.7299672413793103,0.0465558434984385,0,3
0.6812333333333332,0.0380054877268891,0,3
-0.0006342592592592,1.0,0,1
0.0171981481481481,0.7563734862970045,1,1
0.431034126984127,0.0406020540126211,0,0
0.7665166666666667,0.097091005973331,0,3
0.0009388888888888,1.0,0,1
0.24084,0.4677353781606841,0,0
0.1527443333333333,0.0493211881338302,1,0
0.3399433333333334,0.0945353615658668,0,0
0.4775910256410257,0.0511300331175764,0,0
0.54106,0.0550828188095366,0,3
0.6396566666666667,0.1481348499129288,0,3
0.63133,0.0423794803084389,0,3
0.6152294444444445,0.0545361520075815,0,3
0.00738,1.0049124961621123,0,1
0.3696111111111111,0.07947516253113,0,0
0.0733862318840579,0.1286956409724486,0,0
0.0708242424242424,0.1201536836951409,0,0
-0.0009314102564102,1.0,0,1
1.0138366666666667,0.069075329788189,1,3
0.7022,0.0406393273790647,0,3
0.3411583333333333,0.0981856102811421,0,0
0.3533979166666666,0.0382699839300524,0,0
0.6836051282051282,0.0363446238110153,0,3
-0.0001230769230769,1.0028776978417266,0,1
0.1207014492753623,0.0554297938508024,0,0
0.8023142857142858,0.0387998988608003,0,3
0.0080722222222222,1.0,1,1
0.5191992063492064,0.1342843687149315,0,0
0.0125077777777777,1.0,1,1
0.8206666666666667,0.0936919864979592,0,3
0.1740266666666666,0.2278204058050952,0,0
0.0871638888888888,0.5939165390405754,0,1
0.5782611111111111,0.0548229546888771,1,3
0.9934404761904762,0.232235389779609,0,3
0.0021481481481481,1.016456921587609,0,1
0.0050296296296296,0.8,0,1
0.0020222222222222,0.1016421192653072,0,0
0.0108333333333333,0.5,1,1
0.5306833333333334,0.0449737039615614,0,3
0.0231333333333333,1.0003000750187547,0,1
0.8277083333333334,0.0867711113504237,1,3
0.1684166666666667,0.1016421192653072,1,0
0.01551875,0.209515309037322,0,0
0.0006129629629629,1.005,0,1
0.1741635057471264,0.2810651590996146,0,0
0.20375,0.2178471929636533,1,0
0.60769,0.0420580302340897,1,3
0.1460777777777777,0.0552833633955579,0,0
0.9783916666666668,0.039055291842509,1,3
0.6563842105263158,0.0536361579072927,1,3
0.92475,0.0813333251151378,0,3
0.7760791666666667,0.0342929698223802,0,3
0.879294,0.0363717592720334,0,3
0.1446132352941176,0.4630186729239778,0,0
0.349675,0.0721252178738219,0,0
0.0178987179487179,1.0397614314115309,0,1
0.5748333333333333,0.1342484767728322,0,3
0.0787465686274509,1.0004863602436616,0,1
1.0635616666666667,0.0295224954529893,1,3
0.0090833333333333,1.0,0,1
0.8006791666666667,0.0351225704458552,0,3
0.6545,0.215081150360855,0,3
0.1822,0.5049997067620667,0,0
0.6787333333333334,0.0411846141350287,0,3
0.17077,0.2035518444676083,1,0
0.1100381944444444,0.1054811064016402,0,0
0.0255916666666666,0.7345553292600137,0,1
0.8341844444444445,0.0542780387344916,1,3
0.4016448717948718,0.0588633457468015,0,0
0.2175433333333333,0.1491543125889045,0,0
0.4604366666666666,0.1147437324799772,0,0
0.9859416666666666,0.0471936250674875,0,3
0.62256,0.1885163826110488,0,3
0.035508024691358,0.8729028978139299,0,1
0.85843125,0.6244307353537515,0,3
0.1455175925925926,0.0324347577018901,0,0
0.0829928571428571,0.087512808760194,0,0
0.0177411764705882,0.7602312410607448,0,1
0.055352,1.0011313201636065,0,1
0.2528269841269841,0.0695252355212259,0,0
0.0198180555555555,0.6,0,1
0.53345,0.0583242370743304,0,3
0.841375,0.0173711638679791,1,3
0.0987535714285714,0.0600465071795777,1,0
0.0124037037037037,0.7506265664160401,0,1
0.0399311111111111,1.0000571657234325,0,1
0.0027899305555555,1.0,0,1
0.04225,1.0,0,1
0.7517130952380952,0.0410691532366431,1,3
0.4613888888888888,0.0356339708965248,1,0
0.1288222222222222,0.2300235153467929,0,0
0.0093215686274509,1.0046847779722283,0,1
0.6793033333333333,0.0488717524734021,1,3
0.0103916666666666,0.3357047998161715,1,0
0.485575,0.0708688451801119,0,0
0.0013666666666666,0.1016421192653072,0,0
0.7642365740740741,0.2416832647081036,0,3
0.0683846153846153,0.8798733774632895,0,1
0.002349074074074,1.0,0,1
0.2113203125,1.1950581706372878,0,1
0.1153806666666666,0.6495881529445278,0,1
0.0022,1.0,0,1
0.0078,1.0,1,1
0.0821625,1.0019790571991505,0,1
0.0617833333333333,0.6,1,1
0.0294882352941176,0.8104246461282265,0,1
0.592802564102564,0.0463877963736182,0,3
0.0318754385964912,0.1842337909958272,1,0
0.09105703125,0.0493960255070478,0,0
0.0143958333333333,1.0,0,1
0.1275577380952381,1.0,0,1
0.33367,0.0575130908254559,1,0
0.45983,0.761963023382273,0,1
0.4050201754385965,0.0356184749612864,0,0
0.7778166666666667,0.5796875362701736,1,3
0.0234694444444444,0.7500071854663082,0,1
0.84799,0.0365920697885903,0,3
0.7682962962962964,0.04132135323694,1,3
0.0556391666666666,1.0032543853941367,0,1
0.1590566666666666,0.1298367035426574,0,0
0.6522566666666666,0.0386366155280263,0,3
0.1628809523809523,0.0432138479634289,0,0
0.8319,0.0831204070800967,1,3
0.6685625,0.4177386484735294,0,3
0.0145866666666666,1.9560987105908647,0,1
0.6425533333333333,0.0431715228039071,0,3
0.5612303030303031,0.0374281089684257,0,3
0.7826388888888889,0.235029800741668,0,3
0.34259,0.0355785879752724,0,0
0.3989314102564102,0.0490441767787218,0,0
0.0052,0.0,0,0
0.88858125,0.0553865431475859,1,3
0.3086616666666666,0.0869005205440222,0,0
0.0060044871794871,1.0,0,1
0.1048173913043478,0.1000865363587653,0,0
0.00125,1.0,0,1
0.7496886363636364,0.0411398311618749,1,3
0.64805,0.0544882257092859,1,3
0.2266738095238095,0.0720681373894093,0,0
1.036175,0.2799620528707409,0,3
0.6226571428571429,0.0407243116937513,1,3
0.022525,1.0000487400692109,0,1
0.970625,0.0581235179478921,0,3
0.4593333333333333,0.0549842619023093,0,0
0.59643,0.0316245202520009,1,3
0.0013857142857142,1.0,0,1
0.4064666666666666,0.3607675610290567,0,0
0.5495068181818182,0.1214708996971321,0,3
0.3388060283687943,0.0490268003888881,0,0
0.0580699074074074,1.0099251714519015,0,1
0.0001652777777777,0.1016421192653072,1,0
0.8050621621621622,0.0356504710164545,0,3
0.10375625,0.8007263132137699,0,1
0.6319179012345679,0.0364966271981342,0,3
0.8709041666666666,0.037895742837219,0,3
0.0515791666666666,0.2186137333391339,0,0
0.8271166666666666,0.2693352727420234,0,3
0.51121,0.0501441147845776,0,0
0.6997944444444445,0.1339037453344787,0,3
0.531609375,0.0372214652047913,1,3
0.9578866666666668,0.3062346302593411,0,3
0.1098189393939394,0.875642965204236,0,1
0.78514,0.0374258595208607,0,3
0.1122333333333333,0.7506274622736621,0,1
0.5065378205128206,0.4369080725620614,0,0
0.5203055555555556,0.049936007021977,0,0
0.1856621212121212,0.4563985405773373,1,0
0.484745238095238,0.0379094357334561,0,0
0.0023041666666666,0.8,1,1
0.4705055555555555,0.0639877291188969,1,0
0.0024901960784313,1.0,1,1
0.6864666666666667,0.1284987561428576,1,3
0.8701,0.0335544732096426,0,3
0.8156227272727272,0.0383029701039766,0,3
0.9670533333333332,0.0391498593609699,0,3
0.8429238095238095,0.0400845112436276,0,3
0.4218104166666667,0.038192344236882,0,0
0.1781233333333333,0.6086642552505239,0,1
0.0018179487179487,1.0,0,1
0.540965,0.0384856485490451,0,3
0.2597666666666667,0.2625099504989478,0,0
0.3164611111111111,0.0913937008064349,0,0
0.0154424242424242,1.0266666666666666,0,1
0.1184730769230769,0.2571248157551392,0,0
0.9718009803921568,0.0556929636935425,0,3
0.0038192592592592,1.0039099711398618,0,1
0.0112522222222222,1.0,1,1
0.0007239583333333,1.0,0,1
0.0020583333333333,1.0,0,1
0.0356216666666666,0.9926503340757238,0,1
0.003691304347826,1.0,0,1
0.0236590909090909,1.2332545436775826,0,1
0.5249833333333334,0.8202875413174772,0,1
1.006071212121212,0.0380052098087613,0,3
0.9114666666666666,0.0302039447535771,0,3
0.4719059523809523,0.03096618814827,0,0
0.8294666666666667,0.0366448255730769,0,3
0.9206857142857144,0.0394180069770442,0,3
0.0016895238095238,1.0,0,1
1.08075,0.0412780597786752,1,3
-0.0005518518518518,1.0,0,1
0.7018291666666667,0.0427929463902198,0,3
0.1650856481481481,0.5020662578974527,0,0
0.0366833333333333,0.2292576419213974,1,0
0.0025133333333333,0.5,0,1
0.73605,0.0673019813312517,0,3
0.5312555555555555,0.0633094092269978,0,3
0.6941866666666667,0.0437097991468723,0,3
0.9373266666666668,0.0421293761796559,1,3
0.16149,0.4716068271296113,1,0
0.2683111111111111,0.0789683858124514,0,0
0.348176923076923,0.032635426592706,0,0
0.732725,0.0953743344193362,0,3
0.9531319444444444,0.0382224674167459,0,3
0.6284633333333334,0.1461668325131202,0,3
0.0570466666666666,0.8001713306681897,0,1
0.1250650537634408,0.0488537654549241,0,0
0.005628125,1.0240281275063885,0,1
0.8815753787878788,0.0440898211124669,0,3
0.1865648148148148,0.060649309887278,0,0
0.4627941176470588,0.0519868287214144,0,0
0.8235111111111111,0.0580244027053233,0,3
0.0859877777777777,1.0018899992639858,0,1
0.79478,0.0453750055343836,0,3
0.991875,0.2228420928883886,1,3
0.81595,0.0988271190205779,0,3
0.0401588888888888,0.4914457900786194,0,1
0.7148816666666666,0.0417386749216804,0,3
0.7503666666666667,0.0445063181063325,1,3
0.0291143939393939,0.7754820936639119,0,1
0.3262305555555555,0.6733313209155317,0,1
0.02653,0.5018510130035806,0,1
0.7781238095238096,0.0344205420217608,1,3
0.2261277777777778,0.05819592628516,0,0
0.0141622222222222,1.000127356087621,0,1
0.1287333333333333,0.6996483812305037,0,1
0.21184,1.004505928853755,0,1
0.0885790598290598,0.2584505328732095,0,0
0.1432333333333333,0.1016421192653072,1,0
0.7935571428571428,0.0410136410240168,1,3
0.3668925,0.0446574853381198,0,0
0.0095131944444444,0.6019512195121951,1,1
0.13242,0.2352816938507342,0,0
0.4324838235294118,0.0395847469145914,1,0
0.0015319444444444,1.002445652173913,1,1
0.0079977011494252,0.8042304024080058,0,1
0.8152401041666667,0.036980810187553,0,3
0.4705152173913043,0.0433018779778024,0,0
0.8532208333333334,0.2658474370741561,0,3
0.75125,0.044976267790458,0,3
0.9225226190476192,0.0479043897287959,0,3
0.9069756944444444,0.0417270565155435,1,3
0.827376851851852,0.1974438115034499,0,3
0.5840433333333334,0.2101166631693637,0,3
0.3140833333333333,0.1460738033081024,0,0
0.0157133333333333,0.25,1,0
0.1655303921568627,0.0653432885273713,0,0
0.7020555555555555,0.0516013729044664,0,3
0.7318066666666667,0.0575809520891187,0,3
0.9770238095238096,0.0370566143364231,0,3
0.1451111111111111,0.091985834406775,0,0
0.0058333333333333,0.1,0,0
0.7186266666666667,0.0399026880888895,0,3
0.9090466666666668,0.1010326483822425,0,3
0.8405846153846154,0.0423286927147882,1,3
0.9234541666666666,0.0303005379224138,0,3
0.5047733333333334,0.4046320131494696,0,0
0.0090641025641025,0.8,0,1
1.0343125,0.0399689072012166,0,3
0.016672619047619,1.0,0,1
0.0189135802469135,0.3154578264830032,0,0
0.0014857142857142,1.0,0,1
0.0105458333333333,1.00125,0,1
0.259412037037037,0.2162513090435054,0,0
0.2984779569892473,0.3628091335572191,0,0
0.0594754901960784,0.75,0,1
0.0568,1.0205805223386162,0,1
0.6150602564102564,0.0577128955150692,0,3
0.5099633333333333,0.0589827036432356,0,0
0.0313981481481481,0.7084899867035384,0,1
0.8676259259259259,0.022141994916237,1,3
0.9898880952380952,0.0372040121705066,0,3
0.18801,0.1202499693788266,0,0
0.7257611111111111,0.0386524518540934,0,3
0.00024,1.0033670033670037,0,1
0.5818744444444445,0.0237380442597394,0,3
0.0565177777777777,0.8347308457389104,1,1
0.81975,0.0554415105508783,0,3
0.0606233333333333,0.4906834601143887,0,1
0.4845046296296296,0.0585677428333105,0,0
0.0490803571428571,1.2078884305350246,0,1
0.0205425925925925,5.0,0,2
0.8467321705426356,0.0870916664613033,0,3
0.7869833333333334,0.0412832983949148,0,3
0.0546477777777777,0.5572127631049738,0,1
0.4211555555555555,0.0761221531882977,1,0
0.1266033333333333,0.1129418229274077,0,0
0.8898854166666667,0.0413962775424822,0,3
0.2003128787878788,0.5812901610055968,0,1
0.4504208333333333,0.4148487358893203,0,0
0.0410255555555555,1.0049784868884593,0,1
0.0762547619047619,0.2123305983622829,0,0
0.0586935897435897,1.0005008124185242,0,1
0.8303722222222223,0.0391410580285556,0,3
0.0563416666666666,1.0,0,1
0.068155,0.8228895977714158,0,1
0.0004101449275362,1.0,0,1
0.0247491666666666,0.6760416666666668,0,1
0.0025433333333333,0.1016421192653072,0,0
0.3493098039215686,0.644311575550019,0,1
0.7963933333333333,0.2183951242104746,1,3
0.0267910256410256,1.0050997561663082,0,1
0.45173,0.0482321568641852,0,0
0.7236633333333333,0.0420539167510986,0,3
0.2158755555555555,0.435420420572277,0,0
0.9019901960784314,0.3930767779009961,0,3
0.7886933333333332,0.0413361119242412,0,3
0.0094880952380952,1.000414293112377,0,1
0.3382527777777778,0.4131972489439141,0,0
0.0011574074074074,0.1016421192653072,0,0
0.7393138888888889,0.0731991599006114,0,3
0.3640833333333333,0.0917194805481363,1,0
0.7533891304347826,0.0557341776347893,0,3
1.9873333333333327,0.1192806048169468,0,3
0.138685,0.3664340413229915,0,0
0.8353480392156862,0.0435680736633871,1,3
0.8242083333333334,0.0708693049883361,0,3
0.4852654761904762,0.0436861624867388,0,0
0.39434,0.0661602131124456,1,0
0.0234730158730158,1.0043487165231468,0,1
0.0166971264367816,1.0069580971096777,0,1
0.0211156862745098,0.8840934985312553,0,1
0.0105833333333333,1.0048394250594097,0,1
0.0925565656565656,0.3844600727501151,0,0
0.0166448717948717,0.7606072931643829,0,1
0.6895796296296296,0.0331222980293592,0,3
0.8865333333333334,0.1440011736310872,1,3
0.0101104166666666,0.583471358859619,1,1
0.3256720588235294,0.0366749347587825,0,0
0.9343714285714284,0.0377777750401605,0,3
0.4036107142857142,0.0355728671925903,0,0
0.663072619047619,0.0387617609505774,0,3
0.8466722222222223,0.0408579226750032,1,3
0.1212059139784946,0.3870760991173537,0,0
1.02861,0.0,0,3
0.4989134259259259,0.0315195191814709,0,0
0.1404643518518518,0.0484751264835599,0,0
0.051480303030303,0.1075522875240182,0,0
0.0010770833333333,1.0,0,1
0.2121,0.9525980480792826,0,1
0.5195416666666667,0.0413610891882957,0,0
0.8955449275362319,0.0390547470643326,0,3
0.48065,0.5048279944963622,0,0
0.9530166666666666,0.041027829486855,0,3
0.3893075,0.0542584784732786,0,0
0.53084,0.0602746925553315,0,3
0.0534753968253968,1.023954662076288,0,1
0.7492833333333333,0.1069325677833252,0,3
0.975213768115942,0.0428045853522353,1,3
0.3576,0.4904081231082162,0,0
0.0104,0.7,0,1
0.2753927083333333,0.0403212950638679,1,0
0.9253880952380952,0.0423826803728471,0,3
0.0612561904761904,0.6021290506023707,0,1
0.7224818181818182,0.0315213868776694,0,3
0.0115152777777777,0.7512065676694817,0,1
0.9482916666666666,0.0394704615899764,0,3
0.4016875,0.0541122434261589,0,0
0.0248059523809523,1.0,0,1
0.0064916666666666,1.1693218140529305,0,1
0.4217,0.089077537909815,1,0
0.8750333333333334,0.0721636038779229,0,3
0.0649166666666666,0.2,1,0
0.5850903333333334,0.048493946950336,0,3
0.0219031746031746,1.000200736032118,0,1
0.6335875,0.2645078395364764,0,3
0.3682113636363636,0.0257778127283756,1,0
0.0402652777777777,0.9183403644837091,0,1
0.975825,0.0845969101933317,0,3
0.0050196078431372,1.000802407221665,0,1
0.0836024691358024,0.084559284938758,0,0
0.0011052631578947,0.8,0,1
0.883125,0.0550060916219345,0,3
0.226975,0.0403034066006266,0,0
0.0224343333333333,1.001240104284197,0,1
0.02237,1.0,0,1
0.0962490196078431,0.3611569165315099,0,0
0.9438222222222222,0.0383460994431952,0,3
0.97892,0.0398267952029105,0,3
0.1743351851851851,0.5167485974554752,0,0
0.5174066666666667,0.0723780053931286,1,0
0.1455641666666666,0.1015327957236188,0,0
0.060065873015873,0.3021145560061201,0,0
0.1077236111111111,0.1420906429383182,0,0
0.9054430555555556,0.0381658922413268,1,3
0.61828,0.1267989687127986,0,3
0.2558666666666666,0.4347058823529412,0,0
0.00125,0.1016421192653072,0,0
0.6817294444444445,0.037740538356579,0,3
1.0390984126984126,0.0399689481076333,0,3
0.37090625,0.0452937317020864,0,0
0.4031020833333333,0.0997474457285924,0,0
0.3308291666666667,0.417902785939566,0,0
0.551120238095238,0.0849394089855864,0,3
0.00841875,1.0,1,1
0.50814,0.0455138876956645,0,0
0.349977536231884,0.5800493798616231,0,0
0.0033333333333333,1.0,0,1
0.9030833333333332,0.0658083471815155,0,3
0.748385,0.0386379795649399,0,3
0.2277766666666666,0.1201842634288186,1,0
0.875578125,0.0359981623471153,0,3
0.3369309523809524,0.2637002464086769,0,0
0.9029619047619049,0.1647657783481734,0,3
0.6601222222222223,0.0310092721416055,0,3
0.0536213541666666,1.0003887935022149,0,1
0.0222933333333333,1.0,1,1
0.288875,0.8087151341196117,1,1
0.57045,0.0427687055449306,0,3
0.0114222222222222,1.0031219375331923,1,1
0.9687825,0.0388145089024276,0,3
0.2392433333333333,0.3209010349659478,0,0
0.9286055555555556,0.0572774840336335,1,3
0.03134,0.3461908426317814,0,0
0.0311236111111111,1.1617705154078235,0,1
0.1750333333333333,0.0555443428239858,1,0
0.7171098039215686,0.035152493358156,0,3
0.1148722222222222,0.2562692680517179,0,0
0.32167,0.0971903046059493,1,0
0.12985,0.1456635505896135,0,0
0.0183090277777777,1.0,0,1
0.6821,0.0421394350628545,0,3
0.0019123333333333,1.0006369426751591,0,1
0.0071413333333333,0.794570061238241,1,1
0.2458694444444444,0.6312279958407307,0,1
0.8517520833333334,0.0329077008136744,1,3
0.12274,0.0859067132171594,1,0
0.5748354166666667,0.4789519472374398,0,3
0.6584266666666667,0.0477986631628437,0,3
0.9207583333333332,0.0527585577292633,1,3
0.0426555555555555,1.0002808520357864,0,1
0.77117,0.0448013495618816,0,3
0.429697619047619,0.0508560199393114,0,0
0.8727944444444444,0.1478636633208861,0,3
0.2957117283950617,0.1600263788758784,0,0
0.4030683673469388,0.0374521467909787,0,0
0.0204953703703703,1.0,0,1
0.0149866666666666,0.9904912836767036,1,1
0.0094966666666666,0.5,0,1
0.105,0.0,1,0
0.7870058333333333,0.2339956425517892,1,3
0.3204055555555555,0.0973496647605737,0,0
0.75631,0.0366964853321187,0,3
0.8793833333333334,0.063416747236571,1,3
0.7063564814814816,0.0330237463760415,0,3
0.7912371794871794,0.0299600015240403,1,3
0.3125083333333333,0.1648806514428951,0,0
0.0615141025641025,0.6677255400254131,1,1
0.37755,0.0525422974634655,0,0
0.0436063218390804,1.0486482671960204,0,1
0.2615741379310344,0.0967072129570867,0,0
0.1213943333333333,0.0478686708367494,0,0
0.6807083333333332,0.2323172388278211,0,3
0.7558027777777777,0.0402680356923467,1,3
0.0359183333333333,0.5555555555555556,0,1
0.7749166666666667,0.0398300051641061,0,3
0.3420083333333333,0.7559664157817302,0,1
0.0129916666666666,1.0066353901494414,0,1
0.2368869565217391,0.0415800809298719,0,0
0.364015625,0.0326648100171175,0,0
0.0076186274509803,1.0017274472168904,0,1
0.5179958333333333,0.0445849721066677,1,0
0.9317388888888888,0.0473167546396468,1,3
0.0003333333333333,1.0,1,1
0.3366366666666666,0.0643853346862902,1,0
0.24635125,0.0318247021087836,0,0
0.45632,0.0638713939155351,0,0
0.0201564102564102,0.1016421192653072,0,0
0.1686233333333333,0.3195030581681059,0,0
0.1006401515151515,1.005755963701748,0,1
1.004952380952381,0.0316045050554791,1,3
0.8036016666666668,0.0388005484735404,1,3
0.9377433333333332,0.0331412740777473,1,3
0.2145023809523809,0.0605661359032563,0,0
0.0361051282051282,1.00358712223119,0,1
0.8415208333333334,0.0419620912119653,1,3
0.7166833333333333,0.0417637114009976,1,3
0.1645614942528735,0.799549831186695,0,1
0.5603800505050505,0.0354570230284837,0,3
-0.0010875,2.004201680672269,0,1
0.52881,0.0476872776123975,0,3
0.8521783333333333,0.0379961555961702,0,3
0.2481366666666666,0.0528701584867964,0,0
0.8266733333333333,0.0361298955027918,0,3
0.8466809523809524,0.0733112439898765,0,3
0.3563763888888889,0.0403876794056033,1,0
0.0134391666666666,1.005255759755962,0,1
0.0031666666666666,1.0,0,1
0.3587383333333334,0.0457198795380338,0,0
0.5009809523809523,0.0377103306829023,0,0
0.35323,0.0626408064773068,1,0
0.6968395833333333,0.0410393610268461,1,3
0.0070044217687074,1.0058118045474933,0,1
0.1315066666666666,0.1322912413229889,0,0
0.4037477777777777,0.027838325167052,1,0
0.0015287037037037,0.1016421192653072,0,0
0.2136922222222222,0.5105218855218855,0,0
0.3463152173913043,0.054426063758123,0,0
0.91955,0.0782982408654691,0,3
0.018673,0.7023952347919685,1,1
0.3150083333333333,0.1353212882585512,1,0
0.2914933333333333,0.1025281834644295,0,0
0.2714622222222222,0.112153957335287,0,0
0.9413807692307692,0.0422126232007336,0,3
0.0246416666666666,1.0002026342451873,0,1
0.69489375,0.0554683619513871,0,3
1.1365426470588236,0.2563819549373785,1,3
0.0169361111111111,0.9584699453551913,0,1
0.75043,0.0502174522303166,0,3
0.3439888888888889,0.0425803163373465,0,0
0.6500015151515152,0.0406952222672529,1,3
0.0105958333333333,0.5,0,1
0.1437422222222222,0.3800265813328012,0,0
0.9790944444444444,0.0677107002087308,0,3
0.1128198412698412,0.0767729861824667,0,0
0.000327659574468,1.0,0,1
0.441535119047619,0.0360679503944197,1,0
0.135815873015873,0.0492120290006059,0,0
0.1713833333333333,1.0,0,1
0.0021989583333333,1.0,0,1
0.0029546296296296,1.0,0,1
0.4352058333333333,0.0680510139589606,0,0
0.8629916666666666,0.1212522697628026,1,3
0.019405,1.0612925071274844,0,1
0.9898953333333332,0.0449619471250581,0,3
0.609,0.0398255823134573,0,3
0.6446541666666668,0.0498451637910212,0,3
0.24643125,0.055265201472153,0,0
0.2418111111111111,0.0544102423646796,1,0
0.75676,0.037753480724943,1,3
0.4948666666666666,0.0483530643946752,1,0
0.0102416666666666,1.2955911072416315,0,1
0.6202555555555556,0.0588741843659949,1,3
-0.0849216666666666,0.1016421192653072,0,0
0.1384955555555555,0.2492051800792159,0,0
0.8556433333333333,0.0385649776134098,0,3
0.8173712121212121,0.0441870481147475,1,3
0.887573076923077,0.0316141435585295,0,3
0.582275,0.0632475210910698,0,3
0.0058833333333333,0.8361563238997849,1,1
1.096191666666667,0.0,0,3
0.3580619047619047,0.0445116097929745,0,0
0.08089,0.0658033347522678,0,0
0.8676366666666667,0.0338997929097937,1,3
0.0066158333333333,1.0120101137800253,1,1
0.0083369047619047,0.6375180268533993,0,1
0.6940633333333333,0.0411646464686169,0,3
1.080475,0.0739989787141376,1,3
0.8627777777777778,0.052708921071891,1,3
0.5696733333333334,0.0555891544561382,1,3
0.5858770833333333,0.0461470137649278,0,3
0.0426418367346938,0.260851346721355,0,0
0.5512689393939394,0.0393253753251742,0,3
0.0083902777777777,1.0,0,1
0.0015109195402298,1.0514457378895985,1,1
0.8973777777777777,0.0496802462365952,0,3
0.0541833333333333,0.7513273904017586,0,1
0.4005866666666666,0.0717339231115485,0,0
0.2895600694444444,0.4156956773462776,1,0
0.0394386904761904,0.8797665359113231,0,1
0.9864766666666668,0.0405827508580841,1,3
0.4788266666666666,0.2452271295939572,0,0
0.0776564814814814,0.1128745054449903,0,0
0.8840333333333334,0.0554570024904417,1,3
0.0562545454545454,1.0,0,1
0.2372458333333333,0.1278743706478109,0,0
0.5523833333333333,0.0561954529618654,0,3
0.0092186666666666,0.9243892641689428,0,1
0.009016,0.8164350827407734,1,1
0.3346233333333334,0.2535939679170741,0,0
0.0172159420289855,0.1016421192653072,0,0
0.0254005555555555,1.00396399699549,0,1
0.4975943181818182,0.0705318010130466,1,0
0.0262944444444444,1.24735422862666,0,1
0.9486,0.0361776391679299,0,3
0.752525,0.0635979552294488,0,3
0.0604404761904761,1.000767722212259,0,1
0.7813833333333333,0.0734922242496365,0,3
0.25741,0.8717394830154255,0,1
0.004225,0.8,0,1
0.0605233333333333,0.510075787685135,0,1
0.0169316666666666,1.0,0,1
0.0051875,1.0,1,1
0.5935739130434783,0.2444196627751257,0,3
0.0030934343434343,1.002379481007634,0,1
0.1118518518518518,0.0597228043724748,1,0
0.0048875,0.1016421192653072,1,0
0.7941987179487179,0.0450023758605294,0,3
0.0212723958333333,1.0,0,1
0.3093433333333333,0.0572387851230812,0,0
0.6337222222222223,0.0408349182119514,1,3
0.109259375,0.3276465936052423,0,0
0.1131878787878787,1.108490163797868,0,1
0.2288722222222222,0.4739060681431709,0,0
0.0422185185185185,0.084581593043698,1,0
0.559325,0.0426964431569708,0,3
0.2293318181818182,0.2032286204134441,0,0
0.04141875,0.6569610957869957,0,1
0.8592712962962964,0.0459461746602412,0,3
0.030175,0.3058822285089023,0,0
0.0026,1.0,0,1
0.1595175925925926,0.3522179392087862,0,0
0.5999566666666667,0.0352280071695435,1,3
0.0846066666666666,0.1428249346962329,0,0
0.8588444444444444,0.0591645288600235,1,3
0.0218097222222222,1.0005337399923753,0,1
0.8511743055555556,0.045068145808084,0,3
0.5189833333333334,0.2739584732516077,0,0
0.7754533333333333,0.0779361035227674,0,3
0.8070933333333333,0.0410898186526467,0,3
0.8830826666666667,0.0405172218220945,1,3
0.1782204166666667,1.0007541900674688,0,1
0.4886091666666666,0.0451046484598755,0,0
0.9297194444444444,0.0321190943663366,1,3
0.0137659722222222,0.4244158878504673,1,0
0.1925479166666666,0.083009933095201,0,0
0.99085,0.0548603924011361,0,3
0.0050879629629629,1.0,0,1
0.2294020833333333,0.6638880565045636,0,1
0.7465166666666667,0.069388923144813,0,3
0.0052407407407407,0.7351351351351351,1,1
0.0898078703703703,0.438788632876247,0,0
0.0022162601626016,1.0,0,1
0.0091,0.8,0,1
0.4983666666666667,0.0725347468287722,0,0
0.5648583333333334,0.0970077747468724,1,3
0.6981833333333333,0.0691366002571226,0,3
0.1383380952380952,0.5078032044072824,0,0
0.4904,0.5716670527612436,0,0
0.60771,0.0493967462610293,0,3
0.0136804054054054,1.0054048420263444,1,1
0.0256666666666666,1.0,0,1
0.0247984126984127,1.0,0,1
0.0024879629629629,1.0,0,1
0.521625,0.2246004872001462,0,0
0.62655,0.085992520805127,0,3
0.8336805555555556,0.0395221689537825,0,3
0.005334,1.0,0,1
0.62252,0.0535665088718997,1,3
0.9042777777777776,0.053576924918742,0,3
0.0302873015873015,0.6029756097560975,0,1
0.1022594444444444,0.222537811455946,0,0
0.5393141025641025,0.0488872483508214,0,3
0.0885452380952381,0.1024112893283745,0,0
0.6149,0.060826045497294,1,3
0.8822666666666666,0.0555637339752627,0,3
0.00429,0.8,0,1
0.9005333333333334,0.092143333815372,0,3
0.8641833333333333,0.0415456350617796,0,3
0.0486397435897435,1.005715177919604,0,1
0.0358414634146341,1.0002551888397415,0,1
0.4604619047619047,0.0732397825304236,0,0
0.5628333333333333,0.6733333333333333,0,0
0.0566072916666666,0.6524423752353122,0,1
0.48326,0.3265712826364285,0,0
0.8549192307692308,0.0576049807250717,0,3
0.4258305555555555,0.4675276519656146,0,0
0.0037961538461538,1.0,1,1
0.4030666666666666,0.4141045539546072,0,0
0.087,0.8046196801759878,0,1
0.3189916666666667,0.0764086218263666,1,0
0.5726791666666667,0.1938568071440314,0,3
0.2648423611111111,0.0606005185688222,0,0
0.0416133333333333,1.002554049011796,1,1
0.8260233333333333,0.0362308768878643,0,3
0.1700866666666667,0.0736803159258147,0,0
0.0409075,1.0005557993271903,0,1
0.3925222222222222,0.0425018882256641,1,0
0.5057753623188406,0.0494172397860791,0,0
0.0128205128205128,0.1016421192653072,0,0
0.5410916666666667,0.1506269581938908,0,3
0.2170693548387096,0.0594905264334855,0,0
0.04035,0.5555555555555556,0,1
0.0364819444444444,1.0013880898723304,0,1
0.0377666666666666,0.8,1,1
0.0096275,1.0,0,1
0.0567588888888888,0.7550801704666245,0,1
0.7619166666666667,0.2400672575027247,0,3
0.8835,0.0419360049762937,0,3
0.35891,0.1199288806356179,0,0
0.2904592592592592,0.2085800057417205,0,0
0.6834166666666667,0.0507018889541479,1,3
0.5295833333333333,0.1430450153001076,0,3
0.6650516666666667,0.0279200818450849,0,3
0.8044722222222223,0.0512307366836606,0,3
0.00195,1.0,0,1
0.0196074074074074,0.2612460886709874,1,0
0.483000641025641,0.0492381752362274,1,0
0.9277093333333334,0.04162058102812,0,3
0.5339382352941177,0.0842371874967247,0,3
0.0020925,1.0,0,1
0.6852966666666667,0.0487674833504677,1,3
0.5849458333333333,0.0254593734521828,0,3
0.727063888888889,0.0379035738458153,1,3
0.6637633333333333,0.0502101513503725,1,3
0.8651965686274509,0.0375058609284082,0,3
0.90082,0.0469677400766524,0,3
0.0040375,0.2,0,0
0.9940462962962964,0.0440390340170294,0,3
0.1336413333333333,0.3575545934392399,0,0
0.0400694444444444,0.8,0,1
0.0028961240310077,1.0,1,1
0.691100925925926,0.0374004810370784,0,3
0.18789,0.091719188726226,1,0
0.49752,0.535436798115744,0,0
0.2338173333333333,0.0415512708420083,0,0
0.4261619047619047,0.0452785777253521,0,0
0.9613366666666666,0.0351454507061472,0,3
0.774075,0.0376760564732371,1,3
0.8983416666666666,0.0529559801920641,1,3
0.3686083333333333,0.0788646329474562,1,0
0.0098854166666666,1.0380481249549005,0,1
0.8568973958333334,0.0414617792411432,0,3
0.741091975308642,0.0612010831764505,1,3
0.4648933333333334,0.0922569926507258,0,0
0.7285833333333332,0.0778298736661434,0,3
0.8000533333333333,0.0390611620508056,1,3
0.6887055555555556,0.0414126911436439,1,3
0.028145238095238,1.0,0,1
0.5452666666666667,0.0339327016368272,1,3
0.383976,0.3109811103232106,0,0
0.1778166666666666,0.8543841336116911,1,1
0.0068166666666666,1.0,0,1
0.079555376344086,0.1984999546012273,0,0
0.7265833333333332,0.0468444107247579,0,3
0.007731884057971,0.8193832599118943,1,1
0.661265,0.0399530473702999,0,3
0.90875,0.1405575574111129,0,3
0.216072619047619,0.8226467778587523,0,1
0.0054233333333333,1.0,0,1
0.8852916666666666,0.0836615367459795,0,3
0.0877741666666666,1.0,0,1
0.4300523809523809,0.041065859540602,0,0
0.0246449494949494,1.0033190667052998,1,1
0.4300402777777778,0.5666927147916063,0,0
0.8019733333333333,0.0378727730557119,0,3
0.0065,1.0,0,1
0.2047289855072463,0.2646451112040729,0,0
0.2922708333333333,0.3770187228431444,0,0
0.912,0.0429229513295429,1,3
0.0427311111111111,1.0,0,1
0.129306862745098,0.5024218248322863,0,0
0.5711100877192983,0.0433761865278426,0,3
0.0065866666666666,1.0021551724137931,0,1
0.31490625,0.0971071221612075,0,0
0.0065444444444444,1.0006097560975609,0,1
0.7290029411764706,0.0404473598370719,0,3
0.0125379629629629,1.0012548575129534,0,1
0.2759066666666667,0.0415645106578377,0,0
0.1990592592592592,0.1270434293342399,1,0
0.9534777777777778,0.0699163405263207,0,3
0.5487141666666666,0.0377396561039901,1,3
0.04256875,0.1281430929851879,0,0
0.6695666666666666,0.0834890454618842,0,3
0.6800333333333334,0.0377231673221834,0,3
0.0033481481481481,1.0029100814558556,0,1
0.5193361111111111,0.243699198180625,0,0
0.0528873333333333,0.6040292462612107,0,1
0.8556791666666667,0.0373732595068178,1,3
0.0978680555555555,0.7876606889149929,0,1
0.0281115942028985,0.7529377269482397,0,1
0.0473,0.8604685778035857,0,1
0.5851933333333333,0.0938250851683841,0,3
0.9874041666666666,0.0434601327632499,0,3
0.919295238095238,0.2593357890614545,0,3
0.0943733333333333,1.1016995377614447,0,1
0.483115,0.0400096054189432,0,0
0.8638277777777779,0.0393256476140197,1,3
0.3094966666666667,0.0741651542248385,1,0
0.007715,0.7476633254483984,0,1
0.0019029761904761,1.0,0,1
0.0080402777777777,0.8,0,1
0.9916833333333334,0.0529537003309588,1,3
0.0655944444444444,0.0764561051979991,0,0
0.0520196969696969,1.0005738661443109,0,1
0.819978787878788,0.0370887277053705,0,3
0.0251904761904761,1.0,0,1
0.4465777777777778,0.0709935060178384,1,0
0.0333013888888888,1.0000149075730471,0,1
0.31639,0.0417405959391325,0,0
0.5346416666666667,0.4020082865722623,0,0
0.1647769841269841,0.7620609803164802,0,1
0.0129368686868686,1.0049386727362926,1,1
0.2952796296296296,0.2328812933760831,0,0
0.000881,1.0,0,1
0.69827,0.0424701866408769,1,3
0.48194,0.0425039093208123,0,0
0.1006666666666666,0.7198550828225792,0,1
0.05441,1.0027372870804083,0,1
0.0016527777777777,1.19965177237953,0,1
0.6143833333333333,0.0845405807544616,0,3
0.7046933333333333,0.051016641033146,0,3
0.0265208333333333,1.0474513796569205,0,1
0.0221346153846153,0.6045074146437028,0,1
0.6873516666666667,0.0529259488473801,1,3
0.0044208333333333,0.5,0,1
0.3367133333333333,0.0404329004110701,1,0
0.1350083333333333,0.3951624010524748,0,0
0.0141076923076923,1.0,0,1
0.1211733333333333,0.510810388329657,0,0
0.6851083333333333,0.0354981371955376,0,3
0.7106666666666667,0.0683045119861161,0,3
0.0232013888888888,1.0027484187134046,0,1
0.2493844086021505,0.0398123855206711,0,0
0.87615,0.0897187715367611,0,3
0.0215372549019607,0.8577459886234357,0,1
0.2810333333333333,0.2132496375085562,1,0
0.0664444444444444,0.8403017726731654,0,1
0.0347840579710144,0.0786975554571836,0,0
0.0499693693693693,0.2389827766936119,0,0
0.6138583333333333,0.0366139991909303,0,3
0.5482203703703704,0.05363549868864,0,3
0.0021055555555555,1.0,0,1
0.46667,0.031817777367918,1,0
0.5691240740740741,0.64268956402963,0,3
0.1995729166666666,0.0462160364781825,0,0
0.1567966666666666,0.0792063529298271,0,0
0.8799142857142858,0.037774376712917,0,3
0.9413,0.0174049742732942,1,3
0.868786111111111,0.0393297208017745,0,3
0.9184104166666666,0.0321533182137655,1,3
0.0326216666666666,0.8044827439374078,0,1
0.0204224489795918,0.6925313034785666,0,1
0.6223150793650793,0.0452024188967701,0,3
0.1949546296296296,0.7613248904042864,0,1
0.8382666666666666,0.1497664380908193,0,3
0.0092949275362318,1.0026178010471205,0,1
0.3939565040650406,0.2815388329721086,0,0
0.7621933333333333,0.0428989150732695,0,3
0.0171011904761904,1.0,0,1
0.8559333333333334,0.0560520968630248,0,3
0.44458,0.0809835720765957,0,0
0.9244888888888888,0.0358426009199889,0,3
0.0006158333333333,1.0,0,1
0.0073072463768115,0.9915708812260536,0,1
0.1745142857142857,0.1540328435435791,0,0
1.0093033333333332,0.0841544585876223,1,3
0.8693708333333334,0.0471457482905699,0,3
0.2710953333333333,0.7553344865190956,0,1
0.1289129629629629,0.0908580507250115,0,0
0.0240560606060606,1.1624607180268547,0,1
0.2653888888888889,0.5362915711218883,0,0
0.0447081481481481,1.0009738239118091,0,1
0.3817263888888889,0.0465361089929002,0,0
0.1243619047619047,0.0928776414399028,0,0
0.6378690476190476,0.049512281087615,0,3
0.0830816666666666,1.0044519582423828,0,1
0.6032444444444444,0.0490880975505113,1,3
0.0218861111111111,0.4673150413490507,1,0
1.03905,0.0819160409249911,0,3
0.9833566666666668,0.0475129522304543,0,3
0.0418126436781609,1.004945289121821,0,1
0.3180731481481481,0.1090125781143997,0,0
0.294882,0.3434119238957921,0,0
0.9610566666666668,0.0411515955406592,0,3
0.4708261904761905,0.0747401280180834,1,0
0.22774375,0.1022759022712006,0,0
0.1250841666666666,1.0062212394922545,0,1
0.984249537037037,0.0456208866369663,0,3
0.0152363636363636,1.0,1,1
0.0364483333333333,1.2199102646011653,1,1
0.0324388888888888,0.8,0,1
0.0237962962962962,0.1016421192653072,0,0
0.18568,0.0581356114410726,0,0
0.8171166666666667,0.042066465096439,0,3
0.2601884615384615,0.0356073059256446,0,0
0.3835166666666667,0.1740589843878949,0,0
0.0434185185185185,0.0669647025173426,0,0
0.7347089743589744,0.0497112115937105,0,3
0.8105166666666667,0.0542893016374468,1,3
0.6663378787878789,0.0325041756828992,0,3
0.61355,0.0431099787964428,0,3
0.4469333333333333,0.0906054411926367,0,0
0.0716809523809523,0.2471640816262741,0,0
0.6889363387978142,0.0384020063824953,0,3
0.8898444444444444,0.0497489792080062,0,3
0.0052666666666666,1.0,1,1
0.232925,0.3581545850825783,0,0
0.0115788888888888,1.0,0,1
0.014559375,1.0,1,1
0.004235,0.8905287623474724,1,1
0.9322333333333334,0.2205902629591937,0,3
0.2661805555555556,0.0958659641536219,0,0
0.7276733333333333,0.0541500690458884,0,3
0.38318,0.0302533473178095,0,0
0.0414707407407407,1.005024315717104,0,1
0.2525666666666666,0.0448567435459401,1,0
0.8922440476190476,0.0390488215836443,0,3
0.010337356321839,1.5521224028092857,0,1
0.8051125,0.0534355012504797,0,3
0.0003273148148148,1.00184842883549,0,1
0.96084,0.0400603144283778,1,3
0.7089619047619048,0.0404424987224263,1,3
0.026595,1.0008379332556911,1,1
0.4205333333333333,0.041002277904328,1,0
0.9245055555555556,0.039452107639561,1,3
0.5749333333333334,0.0615616036293085,0,3
0.6606133333333333,0.1250614770741701,0,3
0.0056225,0.2897998694748181,0,0
0.1408108695652173,0.2762148899974522,0,0
0.0796141025641025,0.1143910863524099,0,0
1.0180733333333334,0.0315211799921739,0,3
0.0005410256410256,1.0,0,1
0.4411383333333333,0.0602243427157498,0,0
0.9457833333333332,0.0647648787928767,0,3
0.0007843434343434,2.9771543030031378,0,2
0.5963983333333334,0.184682451753622,0,3
0.7211357142857143,0.0333085340245857,1,3
0.2116735294117647,0.5269497506517411,1,0
0.2173244444444444,0.2307382049547171,0,0
0.0116563492063492,1.0028169014084507,0,1
0.0555555555555555,0.1016421192653072,0,0
0.1253039682539682,0.311969030052706,0,0
0.4609952380952381,0.0558176026649892,0,0
0.9534055555555556,0.0666203754146958,0,3
0.0005033333333333,1.25,1,1
0.0099509259259259,1.001236530648295,0,1
0.013815,1.0015130236541805,0,1
0.001342,1.0,0,1
0.1132769841269841,0.6041467068152055,0,1
0.7896,0.0560377616122104,0,3
0.0298230769230769,0.8280780569984557,0,1
0.4675033333333334,0.0974531721987344,0,0
0.49108125,0.0518343429318121,1,0
0.756835294117647,0.0411121031042055,0,3
0.7592,0.121005244160593,0,3
0.0956333333333333,0.5,0,0
0.0436,1.0028121083367592,0,1
0.7730777777777778,0.0403481673660567,0,3
0.48769,0.0593894447674366,0,0
0.0062391304347826,1.0,0,1
0.5617742424242425,0.0450127916902126,0,3
0.7283833333333333,0.1098161014287661,0,3
0.4910791666666667,0.0850021826771273,0,0
0.0400625,0.2371976373472807,1,0
0.9944020833333334,0.0495949222367393,0,3
0.5198944444444444,0.1399508285819217,0,0
0.9450583333333334,0.1352547232800058,0,3
0.3978333333333333,0.0541137022553426,0,0
0.2636780952380952,0.0422536116362127,0,0
0.9335277777777776,0.058220811017502,1,3
0.4693766666666666,0.0383470251360607,0,0
0.48244,0.0543095723335627,0,0
0.0117255555555555,1.0029078895572368,1,1
0.69215,0.0424990992200707,0,3
0.6259066666666666,0.0250416092181077,1,3
0.0011304347826086,1.0,1,1
0.1796418918918919,0.0543250880878674,0,0
0.2851222222222222,0.1013935426292956,0,0
0.3888416666666666,0.0400268660912077,0,0
0.2532986111111111,0.1210653572813753,1,0
0.8132166666666667,0.0510273979899652,0,3
0.0027739583333333,1.0,0,1
0.8101865079365079,0.0559309067678151,0,3
0.30076,0.13735174388765,0,0
0.0065,1.0,0,1
0.0182816666666666,5.0,0,2
1.0207833333333334,0.0745028411796225,0,3
0.1059565217391304,0.1572440548287368,0,0
0.1203112745098039,0.2617214900838109,0,0
0.0782566666666666,1.0075635931122104,0,1
0.7409866666666667,0.0434575833014238,0,3
0.4112081196581196,0.2864949068644278,0,0
0.0144949275362318,1.0004640371229698,0,1
0.79684,0.0300201188266615,0,3
0.0233677777777777,1.0015609810840078,0,1
0.8578066666666667,0.0519545294336501,0,3
0.0036722222222222,0.6,0,1
0.6804333333333333,0.0396782476129144,0,3
0.14232,0.084128081087307,0,0
0.5178375,0.0453905566910844,1,0
0.0014,1.0,0,1
0.0377877777777777,1.091155891024873,0,1
0.0322833333333333,1.0025492190772547,0,1
0.6164357142857143,0.0532939084900382,0,3
0.8865333333333334,0.0736646140620101,0,3
0.9143266666666668,0.0416956411283752,0,3
0.0033920289855072,0.6019486271036316,0,1
0.7117944444444444,0.0835406169603763,0,3
0.164225,0.103978586354918,0,0
0.7806892156862745,0.0389424196245679,0,3
0.5548533333333333,0.0623677965805239,0,3
0.860388888888889,0.0473742096629769,0,3
0.9488444444444444,0.0550364529967822,0,3
0.270978125,0.0389628575108985,0,0
0.0839966666666666,1.0049151330510817,0,1
0.0337046296296296,0.9047288603771936,0,1
0.1071769841269841,0.1918750495363866,0,0
0.0041988505747126,1.0130090642154983,0,1
0.2315612745098039,0.2322262297934593,0,0
0.14775,0.6,0,1
0.2087602150537634,0.0311416149635534,0,0
0.0315322916666666,0.6896016121893699,0,1
0.6012633333333334,0.04855389030414,1,3
0.0007188888888888,0.6701264508754269,0,1
0.61723,0.0555905636018093,0,3
0.0929966666666666,0.0874802508806244,0,0
0.1206578431372549,0.0410896749553886,0,0
0.8894166666666666,0.045405188454569,0,3
0.0256666666666666,1.0128205128205128,1,1
0.7501,0.0362916979950703,0,3
0.60917,0.0432666348508034,0,3
0.8570545454545454,0.032111544317799,0,3
0.6582115384615385,0.0436616233587452,0,3
0.6534566666666667,0.0493850813061201,1,3
0.0396333333333333,0.8,1,1
0.9852333333333334,0.1193159548567012,0,3
0.6498162393162393,0.035372488962961,0,3
0.5151458333333333,0.0432359526297973,0,0
0.1401895833333333,0.5160852255474206,0,0
0.1338018518518518,0.2466984975161275,0,0
0.0871916666666666,1.0004477630134958,0,1
0.7010666666666667,0.0475620677819666,0,3
0.0334253968253968,1.071793029105282,0,1
0.0038402173913043,1.0,0,1
0.0001983870967741,1.0,0,1
0.3124988888888889,0.0444824312950114,0,0
1.0279258333333332,0.032294794675025,0,3
0.2137805555555555,0.0469265221444095,0,0
0.3337583333333333,0.0799031476997578,1,0
0.2955571428571428,0.2596714062339019,0,0
0.3959444444444445,0.0577946722815504,0,0
0.370725,0.0412034060160819,0,0
0.0112863636363636,0.8276440570480418,1,1
0.0146333333333333,0.8,1,1
0.7380333333333333,0.0798966726940471,0,3
0.8872913333333333,0.0363484981318635,0,3
0.855488888888889,0.054719117610503,0,3
0.287575641025641,0.2088767957346636,0,0
0.0340733333333333,1.0019152277438512,0,1
0.0120111111111111,1.2415430842299118,0,1
0.0214,0.4266894398165307,0,0
0.8511666666666667,0.0348705223051364,0,3
0.7382133333333333,0.0419213118118134,0,3
0.9989125,0.0395598332978969,0,3
0.2177433333333333,0.1011390360303948,0,0
0.0054203703703703,1.0,0,1
0.0321412037037037,1.0,0,1
0.0076883333333333,1.0,0,1
0.0246531746031746,0.996078976719655,0,1
0.0216479166666666,1.0,0,1
0.7971208333333333,0.1220768480515506,0,3
0.4291111111111111,0.6466372255620472,0,0
0.0057088888888888,1.0666666666666669,0,1
0.2924222222222222,0.0450249793469666,0,0
0.5246333333333333,0.1067666243925103,0,0
0.0021355555555555,1.0,0,1
0.4561261904761904,0.2792566121872194,0,0
0.3655733333333333,0.0620522926943178,0,0
0.0071527210884353,1.0049444682677795,0,1
0.08396,0.269578202005709,0,0
0.1170814814814815,0.2091804717447477,1,0
0.702275,0.0415581537097578,0,3
0.4669183333333334,0.0370515840392914,0,0
0.2465033333333333,0.4396352480384858,1,0
0.064375,0.1016421192653072,1,0
0.1665166666666666,0.0724235210833137,1,0
0.0067981481481481,0.703030303030303,0,1
0.6752844444444445,0.1404626993024554,0,3
0.1296840909090909,1.0024646369606285,0,1
0.4617227777777778,0.0469664468609429,0,0
0.0072208333333333,1.000444839857651,1,1
0.00605,1.0,0,1
0.7955475,0.0466628878697593,1,3
0.0191547619047619,0.3333333333333333,1,0
0.9953258771929824,0.0387714260734245,0,3
0.4657607843137255,0.0963224402550374,1,0
0.018846875,1.000316091954023,0,1
0.1419928571428571,1.0,0,1
0.00158,1.0,0,1
0.0033083333333333,1.0,0,1
0.0904066666666666,1.0,0,1
0.062191304347826,0.1100127940054384,0,0
0.4607875,0.0529294764007772,1,0
0.77646875,0.03833027480574,0,3
0.1124416666666666,0.0480800448896299,0,0
0.33995,0.1012075912470824,1,0
0.6389833333333333,0.1114315760513509,0,3
0.83071,0.0919622391835631,0,3
0.7138770833333333,0.0388653402014286,0,3
0.9468841666666667,0.0391574140965964,1,3
0.001245238095238,1.0093808630393997,0,1
0.0258567708333333,0.9348731349574306,0,1
0.0501696078431372,0.4451863548821805,0,0
0.47374,0.4474059432780395,0,0
0.0368271604938271,1.001006251958892,0,1
0.268875,0.0581617567751262,0,0
0.9237342592592592,0.0421812178961276,0,3
0.1940270833333333,0.2350116279191768,0,0
0.1400252873563218,0.8189027854871169,0,1
0.0576458333333333,1.0002983293556087,0,1
0.0259372549019607,0.7039443327160037,0,1
0.0428708333333333,0.0737735102476892,0,0
0.5773666666666667,0.1411668803442796,1,3
0.5383333333333333,0.6132641701603544,1,0
0.5355729166666666,0.0569494677589665,0,3
0.8114888888888889,0.0370377585517091,0,3
0.0745625,1.0012402234636872,0,1
0.2561916666666666,0.5310343073103967,0,0
0.92535,0.0469639908629313,0,3
0.00476,0.9320035643292892,0,1
0.3830066666666666,0.280035587895055,0,0
0.0235569444444444,1.0013638242288223,0,1
0.6481440476190476,0.037584516361142,0,3
0.9395666666666668,0.0968430850784376,0,3
0.7720233333333333,0.0752670530074862,0,3
1.159690909090909,0.0327715203982154,0,3
0.2285833333333333,0.0632209476323225,0,0
0.2221777777777777,0.2902220942002545,0,0
0.5780944444444444,0.0818705779189674,0,3
0.1126969696969697,0.4487013651815734,0,0
0.0060666666666666,0.8,1,1
0.6251033333333333,0.0403680251118632,0,3
0.62314,0.0506055415740332,0,3
0.0021699074074074,1.0220293548700423,0,1
0.4200177777777777,4.53876779980002,1,2
0.0727288888888889,1.0216123701908904,0,1
0.3293869565217391,0.0354356565954915,0,0
0.0614141666666666,0.2133698413160052,1,0
0.8787722222222223,0.0432454621260867,0,3
0.6619157407407407,0.0506482296283324,0,3
0.8898555555555556,0.127594282000668,0,3
0.0089285714285714,0.0,1,0
0.0286488095238095,0.1845708439925859,0,0
0.7158055555555556,0.0757044597638616,1,3
0.000625,1.0,0,1
0.0569277777777777,0.3221358382161829,0,0
0.0161305555555555,1.0316500838073772,0,1
0.0767944444444444,0.5372367923044703,0,1
0.7020333333333334,0.039245335656853,0,3
0.0034883333333333,1.000326797385621,0,1
0.9885333333333334,0.0547217174617826,1,3
0.7088467948717948,0.0430851103730354,0,3
0.14505,0.7708352996696555,0,1
0.3088566666666666,0.0871225111039321,1,0
0.1815431372549019,0.0724381766691252,0,0
0.4202126984126984,0.0383219598535235,0,0
0.0235838095238095,0.8515828981011919,0,1
0.93089,0.0496376752240925,0,3
0.7615530303030302,0.0657680480295785,0,3
0.1605833333333333,0.3204026923408931,0,0
0.86867,0.0427287427911117,0,3
0.67712,0.0500792281279516,0,3
0.0081970833333333,0.6,0,1
0.2349351851851852,0.7778249609432735,0,1
0.0038371212121212,1.0042475093671148,0,1
0.139270238095238,0.3727969498046418,0,0
0.2539166666666666,0.1463329162441858,1,0
0.0187520833333333,0.8,0,1
0.0476757575757575,1.0106989159559572,0,1
0.7452231884057972,0.0371926597832262,0,3
0.8143611111111111,0.0478628212505623,1,3
0.0113628205128205,2.697415838973367,1,2
0.4230833333333333,0.5192612431675979,0,0
0.0133266666666666,1.0000360542255553,0,1
0.9416733333333333,0.0499431337802259,0,3
0.0323703703703703,1.0009398029556649,0,1
0.8921891666666667,0.0427972725600105,0,3
0.2015333333333333,0.0688591694632236,1,0
0.9353166666666666,0.0615262746908626,0,3
0.946855,0.0395889402450098,0,3
0.0079936274509803,0.5,0,1
0.0078866666666666,0.7508397312859885,1,1
0.4502055555555556,0.0389820207166243,0,0
0.0421383333333333,0.1034991502340679,0,0
0.676795238095238,0.0429243693066651,1,3
0.024099074074074,1.0069358023890174,0,1
0.0027548387096774,0.8,1,1
0.5598607142857143,0.1140810539899144,1,3
0.0273933333333333,1.0371064467766118,1,1
0.0003448717948717,0.0,0,0
0.60146,0.0444106373844334,1,3
0.1421516666666666,0.0375352587766253,0,0
3.709677419354839e-05,1.0,1,1
0.9888208333333334,0.0392288544747356,1,3
0.0227466666666666,1.006825135325959,0,1
0.5550131944444444,0.0473827043990353,0,3
0.1115277777777777,0.5188581207707094,0,1
0.0802416666666666,0.8905533476001223,0,1
0.0917416666666666,0.0381640923394844,0,0
0.8479261904761904,0.0471495779085625,0,3
0.0046239583333333,0.6,0,1
0.0294813725490196,0.3312239221140473,0,0
0.6551166666666667,0.1283169548752749,1,3
0.8726433333333333,0.0402516271363216,0,3
0.1793649572649572,0.1507113584092579,0,0
0.8444666666666667,0.0412326835510428,0,3
0.0124666666666666,1.0,0,1
0.870587037037037,0.0404852413557124,1,3
0.0956586666666666,2.2045290291496022,0,1
0.0148633333333333,2.487256671786176,0,1
0.59605,0.4214247581221805,1,3
0.4041047619047619,0.2204426661558727,0,0
0.0564708333333333,0.4296049168128393,0,0
0.035,0.0,1,0
0.8934666666666666,0.056780048951284,0,3
0.0779217948717948,0.2408030551990702,0,0
0.0306673913043478,0.1509056123676087,0,0
0.0065455555555555,0.7123239436619718,0,1
0.7978871212121211,0.0393553790569011,1,3
0.0918908602150537,1.000223672285098,0,1
0.0102057971014492,1.005329943550631,0,1
0.7964960784313726,0.0464612749360657,0,3
0.0276327956989247,0.8,0,1
0.9762462962962964,0.0353958006445858,1,3
0.0593322222222222,1.0522413376128823,0,1
0.2397266666666666,0.1517678387488207,0,0
0.0230901515151515,1.0048664105938545,1,1
1.0561166666666666,0.1173894893163252,0,3
0.3278166666666666,0.1346153846153846,1,0
0.0539533333333333,0.7188503063904289,1,1
0.7129277777777777,0.049225286941313,0,3
0.4884190476190476,0.0539399386056491,1,0
0.3039666666666666,0.619500871454352,0,0
0.0934673333333333,1.0014293266945915,0,1
0.2028342857142857,0.0318069879218458,0,0
0.0048731884057971,1.013538873994638,1,1
0.5001825,0.1120152594541297,0,0
0.14245,0.5866449738594153,0,1
0.0861033333333333,1.0001596029337858,0,1
0.9945044444444444,0.0359820820266173,0,3
0.0195583333333333,0.9356845882380752,0,1
0.4516083333333333,0.6763242632287905,1,0
0.3688342592592593,0.0375394899520407,0,0
0.6135416666666667,0.0466093812058251,0,3
0.2237845238095238,0.0458757282476896,0,0
0.002895238095238,0.8,1,1
0.333874,0.039600488446137,0,0
0.5808067901234568,0.2286979055747357,0,3
0.0036349206349206,1.0,0,1
0.77446875,0.0322414472834847,0,3
0.73895,0.030478292447902,0,3
0.00475,1.0,0,1
0.84165,0.0416986665178982,0,3
0.9653906666666666,0.0380930223752163,1,3
0.2906433333333333,0.2946874208986094,0,0
0.086456862745098,0.0753036173925922,0,0
0.3753166666666666,0.3066181295872738,0,0
0.570815,0.0429537389746224,0,3
0.8365011904761905,0.0312925810327712,0,3
0.0037717391304347,1.0,0,1
0.2023809523809523,0.4012239866228919,0,0
0.66966875,0.0997124159324731,0,3
0.0786777777777777,0.8076338878085656,0,1
0.9194083333333334,0.0698589486187578,0,3
0.0292413333333333,1.4702877295728534,0,1
0.8827404761904762,0.0421386028584223,1,3
0.0100065217391304,1.0028209184505017,0,1
0.6289458333333333,0.0449753556299784,0,3
0.7871366666666667,0.0384341511314142,1,3
0.4764,0.1289637048942901,1,0
0.9338566666666668,0.034934231735699,1,3
0.144775,0.2581307083021488,0,0
0.2824119047619047,0.074972615623813,0,0
0.0862166666666666,0.8434434234470723,0,1
0.8102833333333334,0.2391123362269379,1,3
0.2248016666666666,0.2199422108683655,0,0
0.9600944444444444,0.0818098019541781,1,3
0.2762314814814814,0.0422174605248998,0,0
1.0159066666666667,0.0419042102887381,0,3
0.0079020833333333,0.859759158747106,0,1
0.0076436507936507,1.0139266120338546,0,1
0.3607685897435897,0.0816065663541386,0,0
0.8197604166666667,0.1750183597106247,0,3
1.5586685185185185,0.0431136185496602,0,3
0.60488,0.0457430413891049,0,3
0.069225641025641,0.094169434675739,0,0
0.6762833333333333,0.4399324540816486,1,3
0.0239666666666666,0.6147696877698287,0,1
0.4401026666666667,0.0380877049292644,0,0
0.2178230769230769,0.6896140254256734,0,1
0.77915,0.0419089377643152,0,3
0.7006266666666667,0.0411349786134576,0,3
0.507875,0.0414679117507731,0,0
0.4132433333333333,0.052320012704465,1,0
0.71791,0.0373315589893733,1,3
0.0014420289855072,1.0,1,1
0.6157416666666666,0.0758184293133588,0,3
0.0955965517241379,0.7193094379298223,0,1
0.6783944444444444,0.0452157972500926,0,3
1.004388888888889,0.0420327462750664,0,3
0.3108645161290322,0.0507968049564409,0,0
0.0526708333333333,0.9681390282080746,0,1
0.5073958333333334,0.0422304707955952,0,0
0.7716380952380952,0.0396142774571661,1,3
0.174675,0.1833262427764669,0,0
0.2921428571428571,0.6771485187200877,1,1
0.0653666666666666,0.1329917909098879,0,0
0.00485,1.0,0,1
0.3999666666666666,0.0924983027294478,1,0
0.3101166666666666,0.1105796512088676,0,0
0.5366291666666667,0.0472299504848631,0,3
0.6876469696969697,0.0491882350536558,0,3
0.0013638888888888,1.1666666666666667,1,1
0.6800466666666667,0.0470680157160202,0,3
0.3890246666666667,0.0311879508496419,0,0
0.065185,0.6,1,1
0.3581984375,0.0377819928078942,0,0
0.0004826530612244,1.0,0,1
0.3413637254901961,0.0466205158774238,0,0
0.0483555555555555,1.052081632653061,0,1
0.897461111111111,0.0496371443979234,0,3
0.0032191666666666,1.0,0,1
0.3075666666666666,0.1016421192653072,0,0
0.7767666666666667,0.0894499727864015,0,3
0.0450241496598639,0.4463625021156917,0,0
0.9420722222222224,0.0560036321740449,1,3
0.0041388888888888,1.0,0,1
1.0061416666666667,0.0377542933847756,0,3
1.025475,0.0943835718204468,0,3
0.6668933333333333,0.0375279931862071,1,3
0.0422790476190476,1.0014180440419411,0,1
0.2245212962962963,0.0487210718635809,0,0
0.6889116666666667,0.0398564059362832,0,3
0.6430966666666666,0.4017511513582422,1,3
0.1209698412698412,0.4222303329030232,0,0
0.0004894736842105,0.6666666666666666,1,1
0.0237623333333333,1.000909886264217,0,1
0.036525,0.676923076923077,0,1
0.0390044444444444,0.2677412849000158,0,0
0.9074055555555556,0.0401246807350327,0,3
0.8411466666666667,0.0542441794030044,0,3
0.0068555555555555,1.0,0,1
0.036165625,1.0,0,1
0.0120431547619047,1.0,0,1
0.0313733333333333,0.5201110605746442,0,1
0.0674282051282051,0.2912640602271982,0,0
0.9899333333333334,0.0676045500858693,0,3
0.0026583333333333,0.8333333333333334,0,1
0.2612923076923077,0.0590605229028437,0,0
0.7054833333333334,0.0298836682278289,0,3
0.5789833333333334,0.0526896955841962,0,3
0.400434,0.3400003046887794,0,0
0.8462166666666667,0.0502110422052143,1,3
0.7804416666666667,0.05755916996333,0,3
0.4154944444444444,0.0914871935557433,0,0
0.9679181159420288,0.0396743025259818,1,3
0.2614280141843971,0.0497959284370701,0,0
0.3374229166666666,0.0456482045039561,0,0
0.1017017857142857,0.0582852354389315,0,0
0.1194113333333333,0.0975033164305481,0,0
0.8644,0.0421021115387593,1,3
0.6820151515151516,0.0522421392163549,0,3
0.7002808333333332,0.0405751487006407,0,3
0.6650472222222222,0.0367528507816185,1,3
1.0025944444444443,0.037401129961553,1,3
0.7472666666666667,0.1411005137692113,0,3
0.115,0.0,1,0
0.4953962121212121,0.4067007503821303,1,0
0.9448177777777778,0.035118453301055,0,3
0.4544933333333333,0.0504849261456671,0,0
0.163375,1.0,0,1
0.5049074074074074,0.1866107408587123,1,0
0.7263666666666666,0.0452572502681132,1,3
0.5971453333333334,0.0372562762520637,0,3
0.9360008333333332,0.039494845730993,0,3
0.9260833333333334,0.0598930275981424,0,3
0.8787933333333333,0.0354240007705167,0,3
0.8689175,0.0409263920969569,0,3
0.2008375,0.0572598061103608,0,0
0.97143,0.0420778853726635,0,3
0.9366333333333334,0.0875471043702684,1,3
0.5238111111111111,0.0469195407492408,0,3
0.1940075757575757,0.0468945748828849,0,0
0.6879156666666666,0.1977414756195952,0,3
0.3916444444444444,0.2722248754150356,1,0
0.3662575757575758,0.0615651299774144,1,0
0.9278791666666666,0.0433236520698424,0,3
0.3114305555555555,0.0622489200171352,1,0
0.9175916666666666,0.0743870196573834,0,3
0.0277666666666666,0.8389710610932475,0,1
0.0645383333333333,0.7796349785429885,0,1
0.1749777777777778,0.3185688527268371,0,0
0.0666813725490196,0.174337556203257,0,0
0.5593309523809523,0.0218732140906537,1,3
0.0097666666666666,1.002051548175056,0,1
0.0290123333333333,1.0040373616865024,0,1
0.0186111111111111,1.0,0,1
0.8578633333333333,0.0465921411456119,0,3
0.289983,0.0609373319607336,0,0
0.2824333333333333,0.0517717205535486,0,0
0.9965954545454544,0.0492091478691539,0,3
0.03746,0.8010620259822524,0,1
0.7640761904761905,0.0427342827493028,1,3
0.020844,1.0,0,1
0.7632916666666667,0.0608912677666588,0,3
0.8464083333333334,0.0595352590695405,0,3
0.7088069444444444,0.0420462993709202,0,3
0.09165,1.0,0,1
0.0703111111111111,0.2909980577526344,0,0
0.0745440476190476,1.229142296366686,0,1
1.2763377777777778,0.0382663366117198,0,3
0.0971433333333333,0.0689016908345591,0,0
0.44102,0.0543745027938559,0,0
0.7667671171171171,0.042914512831733,0,3
0.0711981481481481,0.1093993492825555,1,0
0.9936263157894736,0.0387583545200195,0,3
0.2141111111111111,0.0956792791064826,1,0
0.6948942028985506,0.2322708673783723,0,3
0.9272011904761904,0.0366145017619651,0,3
0.0948093137254902,0.2576866684705972,0,0
0.8240361111111111,0.0595829941314591,0,3
0.478235606060606,0.0441130824342025,0,0
0.8276261904761905,0.0463142956308462,0,3
0.0180731481481481,1.0147554636303524,0,1
0.1031555555555555,0.4100081059884214,0,0
0.8999657407407408,0.0437285034867865,0,3
0.5648405303030303,0.0576696261997774,0,3
0.3407633333333333,0.0454358866707851,1,0
0.7901666666666667,0.1116302676119909,0,3
0.9208875,0.0384677721176802,0,3
0.1678375,0.7601285766648447,0,1
0.0171130952380952,1.2698290658261189,0,1
0.3685574074074074,0.0405454272625138,0,0
0.0255754901960784,1.2008886067914948,0,1
0.7957775862068965,0.1366824118622074,0,3
0.7004066666666667,0.0534588461504214,0,3
0.1474194444444444,0.5288862420809928,0,0
0.9852309523809524,0.0385437319149204,0,3
0.9579115384615384,0.0409947204288772,0,3
0.0285333333333333,1.0048000633066856,0,1
0.8831055555555556,0.0541715180694474,0,3
0.6924866666666667,0.3401781731193183,0,3
0.121275,0.0897110189477423,1,0
0.4921614942528736,0.0946473898231401,0,0
0.4445233333333333,0.0438471445812621,0,0
0.0622946428571428,0.6610954264208473,1,1
0.0303960317460317,1.0039612950661858,0,1
0.25276,0.4494434471192692,0,0
0.6609038461538461,0.0352800646740455,1,3
0.1020400709219858,0.0977194294571823,0,0
0.60315,0.2318812640666566,0,3
0.966438888888889,0.0475883070656243,1,3
0.0767,0.1186056937371074,0,0
0.01425,0.6089106810737408,0,1
0.6125923423423423,0.0380565127257049,0,3
0.6860333333333334,0.1263472086383237,0,3
0.16345,0.3819970994834407,0,0
0.0055633333333333,1.0,0,1
0.6906466666666667,0.0455648100603424,0,3
0.7110183333333333,0.041734969395229,0,3
0.7691316666666668,0.0441352875093591,0,3
0.010495238095238,1.0025674386154333,0,1
0.6799466666666667,0.0555197640817528,0,3
0.4781833333333333,0.5500265934536388,0,0
0.1407533333333333,0.1046301223241363,0,0
0.7721055555555556,0.0398536362211356,0,3
0.8476416666666666,0.0733793635155792,1,3
0.0467515873015873,1.00648340076827,0,1
0.01162,1.0,0,1
0.5083400709219859,0.0418596126077626,0,0
0.4111388888888889,0.0535387520069592,0,0
1.007963333333333,0.0385423873675544,1,3
0.0018564102564102,1.0,0,1
0.2276745833333333,0.3900235643024398,0,0
0.0049189655172413,1.0045614375317924,1,1
0.0188866666666666,1.0,0,1
0.9219666666666666,0.2454590151727506,0,3
0.0294898148148148,0.7526285743182669,0,1
0.7173866666666667,0.0250706831365188,1,3
0.9505833333333334,0.0579383891242851,0,3
0.9955944444444444,0.0376418273896989,0,3
0.2365578431372549,0.0413994894028079,0,0
0.7955380952380952,0.2499827678562853,0,3
0.7357833333333332,0.0471680832534867,0,3
0.1446583333333333,0.3649828329556517,1,0
0.7158857142857142,0.0578912414189744,0,3
0.8139041666666667,0.0481045750988286,0,3
0.7092401041666667,0.2455480573977365,0,3
0.9952761904761904,0.0312452805330915,0,3
0.103,0.1016421192653072,1,0
0.9261125,0.0430387308999277,0,3
0.0050230769230769,0.5012531328320802,0,1
0.1037611111111111,0.4031420996639406,1,0
0.1976316666666666,0.2396017961530502,0,0
0.008357619047619,1.00804663765498,0,1
0.8284458333333334,0.043126644017427,0,3
0.0607413580246913,1.0290448434620738,0,1
0.649655,0.0437351375639091,0,3
0.20935,0.2238555352720365,0,0
0.0025662037037037,1.0020285450448132,0,1
0.5311263157894737,0.0392137541482686,0,3
0.3920158333333333,0.0499979506707024,1,0
0.8015533333333333,0.0490384335246199,0,3
0.1762916666666666,0.4249093107617896,0,0
0.0085861111111111,1.0003374578177726,1,1
1.141122807017544,0.1509730853263729,1,3
0.068068,1.7395045430448977,0,1
0.726575,0.0489872374097451,0,3
0.044975,0.4738796576032226,0,0
0.4248666666666666,0.2489467686225989,0,0
0.0673661904761904,0.0806484264101175,0,0
0.1817666666666667,0.2761355263455965,0,0
0.3707955882352941,0.2200628846249456,0,0
0.1373511111111111,0.2334310531293942,0,0
0.8580990196078432,0.0475873936648972,0,3
0.3623833333333333,0.075590781412628,0,0
0.2251884259259259,0.1426741450681169,0,0
0.466385,0.0462092534959107,1,0
0.0147541666666666,1.0,1,1
0.6627333333333334,0.0346027124386415,1,3
0.9851777777777776,0.06649626386502,0,3
0.5781966666666667,0.0473311471892203,0,3
0.4847888888888889,0.0677505033113018,1,0
0.8383783333333333,0.0381994008516875,0,3
0.0012845238095238,1.0,0,1
0.5403463333333334,0.1890045393352811,0,3
0.8025,0.0546411739062388,0,3
0.2735333333333333,0.362118595279217,0,0
0.516815,0.0347164207858008,0,0
1.0813583333333334,0.0595229347091362,1,3
0.9485083333333332,0.0409254777144319,0,3
0.0663388888888888,0.5587430164721624,0,1
0.0991277777777777,1.0360586448289526,0,1
0.8492016666666667,0.0468940105448674,0,3
0.6419488095238095,0.0521009098828074,0,3
0.1070032407407407,0.1613902664384396,0,0
0.1148329861111111,0.640582795058332,0,1
0.0076722222222222,0.9818164826230608,0,1
0.021,0.0,1,0
0.0514601449275362,0.2050662598622717,0,0
0.0779890804597701,0.1840909352036308,0,0
0.0463888888888888,0.1241599925494551,0,0
0.2322111111111111,1.0,0,1
0.6297125,0.0315857593964082,0,3
0.0105283333333333,1.0031475686271454,0,1
0.8654452380952381,0.1119889190842452,0,3
0.0077818181818181,1.026881643860349,0,1
0.5514638888888889,0.0399896574988429,1,3
0.6345018518518518,0.2258855997123857,0,3
0.3843052083333333,0.066250428488102,0,0
0.4718566666666666,0.1419281687956487,0,0
0.0381603448275862,1.000220956913402,0,1
0.070445238095238,0.0636799673531362,0,0
0.4012,0.3841980332316039,0,0
0.9634444444444444,0.0441216964714923,1,3
0.3742266666666666,0.0684891048944647,0,0
0.0778846666666666,0.0759571662901438,0,0
0.8728166666666666,0.0639161962655969,0,3
0.0062576923076923,0.618169336272947,0,1
0.7991363636363636,0.0312813571449773,0,3
0.3318833333333333,0.0473226238645011,0,0
0.8972645833333334,0.0398554103986941,0,3
0.0077833333333333,0.1016421192653072,0,0
0.9129227272727272,0.0407270068976677,1,3
0.9259203703703704,0.0357835892708392,0,3
0.4031253623188405,0.0440297788567557,0,0
0.0028645833333333,0.8,0,1
0.0026987179487179,0.3333333333333333,0,0
0.7563622222222222,0.0394985789044774,0,3
0.0341666666666666,1.0081887578070785,0,1
0.3733691666666666,0.0384980084852683,0,0
0.97205,0.0410441947879098,0,3
0.4238583333333333,1.6191950464396283,0,1
0.8353533333333333,0.0411645035852899,1,3
0.5985574074074074,0.0648787984029964,0,3
0.77529,0.0354815416865721,0,3
0.7910533333333333,0.2368686931919502,0,3
0.6422770833333333,0.0782561044205719,1,3
0.7259166666666667,0.0423908607770463,0,3
0.0372916666666666,0.6,0,1
0.2602,0.0647066918074781,0,0
0.19898,0.0657894736842105,0,0
0.0003533333333333,1.0,0,1
0.8041466666666667,0.0657298567061998,0,3
1.0241027777777778,0.042390175944409,0,3
1.0303151515151516,0.036105805260954,0,3
0.7979037878787879,0.0353811287438643,1,3
0.5382583333333333,0.4333694853707839,0,0
0.1664627777777778,0.8273590704835154,0,1
0.0126923076923076,1.0,1,1
0.8275527777777777,0.2376247909866498,0,3
0.0002762411347517,1.0,1,1
0.543154,0.04735355325842,0,3
0.6674357142857142,0.0809447575202422,0,3
0.5892066666666667,0.2300752310780234,0,3
0.4725436507936508,0.1102286920493229,1,0
0.8061714285714285,0.0346538141541177,0,3
0.0072273809523809,1.0007891275756249,0,1
0.6561541666666667,0.3619581353792739,0,3
0.2624628205128205,1.0077200525327232,0,1
0.3110176470588235,0.0359309821044076,0,0
0.4404537037037037,0.3528446962035722,0,0
0.5414,0.0444568986054427,0,3
0.9286888888888888,0.0428949184229236,0,3
0.98601,0.0657473216975728,1,3
0.0253875,0.7521676300578035,0,1
0.8078,0.056377940298584,0,3
0.4694981481481481,0.0289254672330534,0,0
0.1488875,0.083934670793206,0,0
0.7102347222222223,0.0383555008285082,1,3
0.0040614583333333,1.0,0,1
0.7413619047619048,0.0425228940281176,0,3
0.0581587719298245,0.2824043319835337,0,0
0.6905666666666667,0.4064011097457533,0,3
0.7131742424242424,0.0887979407147036,0,3
0.8006366666666667,0.0369487637527829,1,3
0.5179888888888888,0.0560031986459357,1,0
0.0123066666666666,1.0049085740441832,0,1
0.1322333333333333,0.0433300255053617,0,0
0.0213369565217391,1.0,0,1
0.5165,0.0884523965730292,0,0
0.597452380952381,0.0935588078128212,1,3
0.0144264705882352,1.4140385391444714,0,1
0.8989833333333334,0.1353415588474309,1,3
0.02309,0.6675334200086676,0,1
0.0120777777777777,1.238341968911917,1,1
0.0040611111111111,4.325349301397206,0,2
0.127505,0.1387553993576752,1,0
0.5839722222222222,0.0892758539133689,0,3
0.0218233333333333,0.983986928104575,0,1
0.955435,0.0375349439335713,0,3
0.9732277777777776,0.0384995886006818,0,3
0.811175,0.0555743238188855,0,3
0.0659895833333333,1.2,0,1
0.6292233333333334,0.0494258842143033,0,3
0.0127398148148148,1.0,0,1
0.7857715686274509,0.0393105524166874,0,3
0.1223992753623188,0.3305188265119629,0,0
0.0698527777777777,0.2677764573443256,0,0
0.4268280701754385,0.0406788522316466,0,0
0.7529533333333333,0.0386152348632623,0,3
0.4330306306306306,0.2309643682999222,0,0
0.0017955555555555,1.0,0,1
0.022790625,1.0063008747611384,0,1
0.7556592592592593,0.0387814794336049,1,3
0.7887666666666667,0.0492014340159137,1,3
0.9811104166666668,0.0437817771804037,1,3
0.0047446428571428,1.0310692427893489,0,1
0.5541861111111112,0.0429686718947109,0,3
0.5329,0.0446135917301436,0,3
0.0026969696969696,2.336666666666667,1,1
0.0936145161290322,0.189054836189396,0,0
0.5235533333333333,0.0385816851518567,0,3
0.2992941666666667,0.043255344222639,0,0
0.5999916666666667,0.1005794970965461,1,3
0.69246,0.0630254775780069,1,3
1.183090972222222,0.0377603227884421,0,3
0.2281238095238095,0.2101849561146533,0,0
0.8491,0.0369164718213398,1,3
0.88338125,0.0351252218820208,0,3
0.6997905555555555,0.0422291990110892,0,3
0.2909974358974359,0.6336253806606542,0,1
0.0226555555555555,0.9164027303015296,0,1
0.8798722222222222,0.0426819981831587,0,3
0.0028888888888888,0.8333333333333334,0,1
0.64607,0.2799701709831736,1,3
0.7961859649122808,0.0414376097336642,0,3
0.1195404166666666,0.076054643793251,0,0
0.3887595238095238,0.0463707964199797,0,0
0.0384092592592592,1.0001514921981518,0,1
0.6965083333333333,0.0422563379073104,1,3
0.8863686274509803,0.0374873081874522,0,3
0.7992933333333333,0.0461483013820932,1,3
0.73529,0.0406463433282796,0,3
0.2861866666666667,0.1748857405987687,0,0
0.0725353174603174,0.3712053812700751,0,0
0.625755,0.0375866274442391,0,3
0.1897916666666666,0.1109516449547361,0,0
0.005885,1.002659574468085,0,1
0.4612078947368421,0.2098529798742725,0,0
0.9483,0.0393043330588189,1,3
0.0650391025641025,0.4707285183961375,0,0
0.6035533333333334,0.0472324164289576,0,3
0.2990733333333333,0.0425441412277765,0,0
0.3994411111111111,0.213016171810752,0,0
0.1287282407407407,0.1606050047622598,0,0
0.8387384615384615,0.0463843190764372,0,3
0.971388888888889,0.312984802786084,1,3
0.2725296875,0.1405266748474238,0,0
0.0092290598290598,1.0,0,1
0.7973366666666667,0.0421670394895726,0,3
0.514071875,0.0407227263932125,0,0
0.639788888888889,0.0815265269638368,0,3
0.2365158333333333,0.1095981146679461,0,0
0.1362148148148148,0.070731918835827,0,0
0.0662791666666666,0.9924222293489716,1,1
0.7207694444444444,0.0414175101892288,0,3
0.9045666666666666,0.0640150163438398,0,3
0.304565,0.2853450438356406,0,0
0.756075,0.0400351584674078,1,3
0.5935766666666666,0.0424854071577813,0,3
0.6038970588235294,0.0417454573211496,0,3
0.9156955555555556,0.0302865047230108,0,3
0.70079,0.0485707514647927,0,3
0.1543759259259259,0.3910326016232462,0,0
0.069300505050505,0.0615267683571071,0,0
0.0266873333333333,0.3316610302169295,0,0
0.1565625,0.1016421192653072,0,0
0.3565546296296296,0.1054216047839686,0,0
0.73663125,0.0425977627612016,0,3
0.8495591269841269,0.0728711380459339,0,3
0.0019907407407407,1.0,1,1
0.0940674242424242,0.0560194906738431,1,0
0.0167839285714285,1.0,0,1
0.08983,0.9844753747833754,0,1
0.0281442028985507,0.6309068916279935,1,1
0.8868625,0.0393611502484976,1,3
0.035075,0.6,1,1
0.3933533333333333,0.0629130531509518,0,0
0.6811119047619048,0.0330766980778286,1,3
0.0971134615384615,0.3586279169475485,1,0
0.0089007936507936,1.0,0,1
0.0082350877192982,0.4762872527157061,0,1
0.6419066666666666,0.2324761064484216,0,3
1.0489095238095238,0.0342519897090731,1,3
0.716275,0.0384407365297215,0,3
0.0039297222222222,1.002022050701327,0,1
0.8526151515151515,0.0399704638560023,0,3
0.3896055555555555,0.2467518203932975,0,0
0.8972947368421053,0.0308701221323523,1,3
0.1717366666666666,0.3369924293088038,0,0
0.4255473684210526,0.0377943115261946,0,0
0.0655586666666666,0.57418131609111,0,1
0.4250958333333333,0.0424618280837308,1,0
0.5635,0.5461792751885389,1,3
0.2039088888888889,0.1487744040783861,1,0
0.76159375,0.0350936080766606,0,3
0.0009803921568627,1.0,1,1
0.057808,0.6300349749113164,0,1
0.3749367521367521,0.1069153275581902,0,0
1.0534358333333331,0.0365730612632043,1,3
0.0025398148148148,0.1016421192653072,1,0
0.0626871794871794,0.1287803266731887,0,0
0.0175638888888888,0.8087259253733199,0,1
0.6547444444444444,0.0396136568275013,1,3
0.6089966666666666,0.1076734567952296,0,3
0.0059096153846153,1.0,0,1
0.0055026666666666,1.2083272376845358,0,1
0.9381357142857144,0.0404985706154742,1,3
0.3134944444444444,0.068148606943964,0,0
0.4908679012345679,0.0481762767575679,1,0
0.8860016666666667,0.0403356528878871,1,3
0.56129,0.0549334359131983,0,3
0.90445,0.3013253509439676,0,3
0.008623,0.7153568994059792,0,1
0.217424074074074,0.3012632005936778,0,0
0.3509761904761904,0.0867109729830463,0,0
0.29125,1.0,0,1
0.1549666666666666,0.1016421192653072,0,0
0.0033255208333333,1.0,0,1
0.0074358974358974,1.0,0,1
0.1808666666666666,0.515346648777775,0,0
0.00975,1.0,0,1
0.8786866666666667,0.0385396272396541,0,3
0.538475,0.0343680607816772,0,3
0.0044416666666666,0.8,0,1
0.8259435897435898,0.0376764588375874,0,3
0.6424,0.1437943726059088,1,3
0.9966133333333332,0.0386003692433196,0,3
0.121783,0.1215204245922502,0,0
0.0229755555555555,0.8196069434885677,0,1
0.5972488095238095,0.0277945225269378,1,3
0.7141883333333333,0.0383833818232166,1,3
0.23996,0.5373593827996862,0,0
0.0318020833333333,1.0,0,1
0.0722541666666666,0.6767350606674551,1,1
0.2411461538461538,0.0949557250945772,1,0
0.842375,0.0399021428335124,0,3
0.9224958333333334,0.0283229144978832,0,3
0.0729936170212766,5.0,0,2
0.8450906862745098,0.0393434732603538,1,3
0.0323732142857142,0.6708445417857756,0,1
0.2916492753623188,0.0395447224803299,0,0
0.1044013333333333,1.0002753809436389,0,1
0.6886,0.0295436535529015,1,3
0.0622416666666666,0.549575354538899,0,1
0.1264583333333333,0.1360484618648541,0,0
0.0339525,1.0578496399589803,0,1
0.236253431372549,0.0532144028464802,0,0
0.8409733333333334,0.044524942470576,1,3
0.35553,0.0655263360429593,1,0
0.0208396825396825,0.6181133837537363,0,1
0.003695238095238,1.2,0,1
0.9481883333333332,0.0348157910340036,0,3
0.5860453703703704,0.043752247249442,0,3
0.780080303030303,0.0383014146177978,0,3
0.0312333333333333,0.913314447592068,0,1
1.0094611111111111,0.0411167558968154,0,3
0.6635881578947368,0.0386422702867676,0,3
0.8888277777777778,0.0388817202594347,1,3
0.04311375,1.074030258244845,0,1
0.26017,0.2311933556992063,0,0
-0.0025708333333333,0.1016421192653072,1,0
0.0064861111111111,1.0,0,1
0.7169333333333333,0.073622305612513,1,3
0.2001469696969697,0.0872535144559467,0,0
0.3425666666666666,0.1346153846153846,1,0
0.226475,0.6548532024355563,0,1
0.0019057971014492,0.1016421192653072,1,0
0.7801142857142858,0.0436215770488421,0,3
0.1317916666666666,1.0,1,1
0.499272619047619,0.0365364453777489,0,0
0.1518546296296296,0.1220555418593175,0,0
0.035933,0.969033811461087,0,1
0.0323928571428571,0.8002609901313107,0,1
0.7043288461538462,0.0480908201070269,0,3
0.2400149122807017,0.0510270448513069,1,0
0.0745782051282051,0.1930504068121363,1,0
0.0042828703703703,1.3665458058192794,0,1
0.6089,0.0697717193563469,0,3
0.2583533333333333,0.105777320128035,1,0
0.65215625,0.0401237459387871,1,3
0.5025348484848485,0.0358289653272948,0,0
0.6278833333333333,0.3809187117724859,1,3
0.2338119047619047,0.036797377967432,1,0
1.00374,0.0397485780419811,0,3
0.6116233333333334,0.0512203083352723,0,3
0.9824666666666666,0.1609170451792972,0,3
0.679414705882353,0.0338454534788764,1,3
0.7157366666666667,0.6105756469512096,0,3
1.053211111111111,0.055551644235626,1,3
0.3645184523809524,0.0394912882989357,0,0
0.0931622641509433,1.2807944930582076,0,1
0.7711606060606061,0.0419108827132832,0,3
1.123425,0.055289202751384,1,3
0.0303131944444444,0.3024584683957943,1,0
0.5853833333333334,0.0446989306364206,0,3
0.0077986111111111,1.0,0,1
0.7651125,0.0386136321328036,0,3
0.7293798611111111,0.0293295753859336,1,3
0.7482984848484848,0.1099435333373838,1,3
0.2927066666666666,0.5399092224780961,0,0
0.0952060606060606,0.2095115336051063,0,0
0.0825274305555555,0.6920729636871085,0,1
0.3881208333333333,0.0431102246060715,0,0
0.0436719858156028,0.7966643870445151,0,1
0.83635,0.0303834733982589,1,3
0.835705,0.0296788432036975,0,3
0.2842615079365079,0.0367021227482944,0,0
0.976120588235294,0.0387844132984725,0,3
0.9178621212121212,0.0630781518725469,0,3
0.6319621212121211,0.037801583403188,1,3
0.6695712121212121,0.0403104613943178,0,3
0.487371875,0.1292657272740637,0,0
0.1419626984126984,0.051711311881581,0,0
0.9124125,0.0387384888663699,0,3
0.8473,0.0490358994151136,0,3
0.0069324074074074,0.7565097765733197,0,1
0.39097,0.075010485750324,0,0
0.0020478260869565,1.0,0,1
0.554961111111111,0.0494132645710532,0,3
0.4111705128205128,0.0371214006936449,1,0
0.4858104166666667,0.0762797954480893,0,0
0.9373455555555557,0.0299327697304456,0,3
0.0142380952380952,1.0101716068642743,0,1
0.81669,0.0409021780001807,0,3
0.4948515151515151,0.0398126771396273,0,0
0.1437875,0.0954628080951941,0,0
0.950125,0.1127068754924487,0,3
0.0091852564102564,1.0004110996916753,1,1
0.1676266666666666,1.000721635707604,0,1
0.7081666666666667,0.0536345743014629,0,3
0.9971333333333334,0.0430271793464825,1,3
0.6751494047619048,0.2719213720550401,1,3
0.1966020833333333,0.0884251794252223,0,0
0.0021625,1.0,0,1
0.0191987179487179,0.5,1,1
0.59692,0.1991264492903007,0,3
0.7680640350877193,0.0417359135052807,0,3
0.0590074074074074,0.5623970527238283,0,1
0.7032666666666667,0.0467368529522674,0,3
0.0558111111111111,0.813953488372093,0,1
0.8003983333333333,0.0915719154843167,0,3
0.1356963768115942,0.256670423501843,0,0
0.3976979166666666,0.0764693654555503,0,0
0.107485,0.8269995392901718,0,1
0.8711706896551724,0.0350901556499182,0,3
0.7263166666666667,0.0325038462365208,0,3
0.0121471264367816,1.000110229276896,0,1
0.46885,0.0281512408481278,1,0
0.2345136363636363,0.0417386030632534,1,0
0.3716309523809524,0.369280115894225,0,0
0.3508083333333333,0.0,0,0
1.109622222222222,0.0615121339494157,1,3
0.8028,0.0909207157530783,0,3
0.0294787037037037,0.6,0,1
0.0034141025641025,0.909150405503124,0,1
0.0074551282051282,1.0029130253849354,0,1
0.0263941176470588,0.6005711447727837,1,1
0.7631055555555556,0.2491911417294573,0,3
0.0075427083333333,1.0,0,1
0.931325,0.0447623010602111,0,3
0.6105714285714285,0.058247322432719,1,3
0.0184983333333333,1.0,0,1
0.0064481481481481,0.3351284175642088,0,0
0.2436777777777777,0.1160204770657182,1,0
0.0268513888888888,0.1016421192653072,0,0
0.89051,0.0403257862698922,0,3
0.0490677083333333,0.8606060606060606,0,1
0.9779333333333332,0.0612801590480308,1,3
0.7891277777777778,0.0857710640568611,0,3
0.0385133333333333,0.7546816799173697,0,1
0.0399401515151515,0.2581964033902533,0,0
0.9307880952380952,0.0359098000702759,0,3
0.1875747311827957,0.0330896501687931,0,0
0.0023117647058823,1.044841097083152,1,1
0.5061566666666666,0.0337816782066005,0,0
0.729325,0.0994423180148954,0,3
0.0392990476190476,1.0034625598102005,0,1
0.0130680952380952,0.6303419447827191,0,1
0.77404,0.043999586138412,0,3
0.0027111111111111,0.5,1,1
0.0235966666666666,1.0039055599039275,0,1
0.628765,0.0372396586371966,0,3
0.1435987654320987,0.0559737912812645,0,0
0.4850166666666666,0.1328692573181904,0,0
0.0146788888888888,1.0044205794205794,0,1
0.0115493055555555,0.9832515595877818,0,1
0.6223,0.0316658575682567,0,3
0.1314,0.7183116076970826,1,1
0.9589722222222222,0.0568869857736075,1,3
0.006565873015873,1.003493941284069,0,1
0.8545761904761905,0.0796203926797684,0,3
0.0115927536231884,1.007972448394409,0,1
0.0085202702702702,1.004287238607347,0,1
0.3037651515151515,0.1381735219635563,1,0
0.0501770833333333,1.0034398186394256,0,1
0.9407583333333334,0.0464164421118392,1,3
0.0065277777777777,1.2,1,1
0.1225633333333333,0.592897971554304,0,1
0.048,0.0,1,0
0.0257366666666666,1.0003194888178917,0,1
0.0121948979591836,1.0,1,1
0.1489833333333333,0.0594124972064652,1,0
0.1499074074074074,1.0497002905868826,0,1
0.2407995495495495,0.6087061158137886,0,1
0.2361928571428571,0.0545670948146889,0,0
0.0264,1.0,1,1
0.9195616666666668,0.0427454086294228,0,3
0.9628166666666668,0.1011626762872733,1,3
0.7621380952380953,0.0445092218935804,0,3
0.0060173611111111,1.781927244582043,0,1
0.0173765625,0.8498563152107682,0,1
0.0216933333333333,0.8016084849449552,0,1
0.0181942028985507,0.5615829061407949,1,1
0.8936,0.0508646116101626,0,3
0.6553863636363636,0.080481003366448,0,3
0.028917,0.6833333333333332,0,1
0.012047619047619,1.2961783439490446,0,1
0.5805232142857143,0.0405128213642734,0,3
0.2340463768115941,0.0391332066142197,0,0
0.0347339506172839,0.95125589563489,0,1
0.8208527777777778,0.0352292695702122,0,3
0.3722878787878788,0.0440534482018844,1,0
0.1211064814814814,0.0765378423384507,0,0
0.467365,0.0455398203582451,1,0
0.8547623015873016,0.029464606628778,1,3
0.3108166666666667,0.0459302158781142,0,0
0.00676,0.5952455328359584,0,1
0.0094666666666666,0.75,1,1
0.8361055555555555,0.0584321078958838,0,3
0.7105,0.1713380033813995,0,3
0.1210833333333333,0.1016421192653072,0,0
0.0039216666666666,1.0,0,1
0.7074766666666668,0.050216415963423,1,3
0.0092104166666666,0.6,1,1
0.1062632183908045,0.0342637319972545,1,0
0.0040238095238095,0.6666666666666666,0,1
0.016625,0.5861702127659575,0,1
0.6285138888888889,0.0432843293176447,0,3
0.6524416666666667,0.04085925642486,1,3
0.9881666666666666,0.046747423773665,0,3
0.96951,0.0469458689054043,1,3
0.813125,0.0595960055808104,1,3
0.0341241935483871,1.004938288108125,0,1
0.9003690476190477,0.041561069156051,0,3
0.6681532258064516,0.0387427036257065,0,3
0.4092933333333333,0.0517206322014011,0,0
0.9131595238095238,0.0247317714806207,0,3
0.189875,0.0639587462928399,0,0
1.06065,0.0448382758377887,0,3
0.0579966666666666,0.0977625205087468,1,0
0.0127035087719298,1.0033078158964182,0,1
0.9728966666666669,0.0399190310736032,0,3
1.087402380952381,0.0343625982911979,1,3
0.6781866666666667,0.1751432719856145,1,3
0.0023991666666666,1.003794785362241,0,1
0.8255466666666667,0.0351763784387045,1,3
0.2241260683760683,0.0404965756640538,0,0
0.7627916666666668,0.0402009926725176,1,3
0.2254533333333333,0.0699288050530225,0,0
0.2575746031746032,0.035876835038252,0,0
0.3990866666666666,0.0901336785429307,0,0
0.0237683908045977,0.8367172626494195,0,1
0.6603071428571429,0.370948141376153,0,3
0.3513033333333333,0.0731822982277942,0,0
0.2544746913580247,0.0457094833434825,0,0
0.010695,0.6413489608315794,1,1
0.1963583333333333,0.0290770101925254,1,0
0.701025,0.033191546311995,1,3
0.0595166666666666,0.9272552236203454,0,1
0.0782661111111111,0.9968475169281982,0,1
0.5177916666666667,0.0,1,3
0.4418916666666667,0.0449562209204618,0,0
0.0358553921568627,1.0005290594464928,0,1
0.0125166666666666,1.00323036560582,1,1
0.8585366666666667,0.0496440866834005,1,3
0.0011866666666666,1.0,0,1
0.9286233333333332,0.0531250234992825,0,3
0.4683566666666666,0.0511430247200434,1,0
1.1407833333333337,0.0741785845347482,1,3
0.725723611111111,0.0983897205989377,0,3
0.3132,0.15,0,0
0.8364055555555556,0.0340665609765832,1,3
0.0540761904761904,0.6436682922305563,0,1
0.3070508771929824,0.0657249281759322,0,0
0.012275,1.0,1,1
0.8414798245614035,0.0515329460240339,1,3
0.0133722222222222,1.0,0,1
0.1589441666666666,0.6382903974860799,0,1
0.0028841666666666,0.6441549537195749,1,1
0.9217483870967742,0.0408880222482864,0,3
1.0178533333333333,0.0541662622535768,0,3
0.5356425287356322,0.0407019016034483,0,3
0.0363791666666666,1.0154261611591413,0,1
0.9098666666666666,0.1046758691822191,1,3
1.4348096153846157,0.0314839951932752,1,3
0.0194916666666666,1.0,1,1
0.5747375,0.0347861271937923,0,3
0.5693677083333333,0.0421116155984542,0,3
0.0446337962962962,1.0006311266281724,0,1
0.6543766666666666,0.0930697451077625,0,3
0.0239416666666666,0.9917177914110428,0,1
0.4121166666666667,0.091622131769023,0,0
0.0038,1.6846227546514978,1,1
0.0071166666666666,1.0,0,1
0.1162214285714285,0.1031491054398049,0,0
0.0196384259259259,1.005909653789237,0,1
0.0264285714285714,0.600127145581691,0,1
0.1777412280701754,0.0973740802368692,0,0
0.9350944444444445,0.0473540180406897,0,3
0.0014367816091954,0.1016421192653072,0,0
0.0797833333333333,0.436460481111861,0,0
0.2786752688172043,0.1396666020281723,0,0
0.1093708333333333,1.0058371437718143,0,1
0.2744433333333333,0.1507701625528683,0,0
0.0054033333333333,1.0002202643171805,0,1
0.00715,1.5531245018332536,0,1
0.1419253333333333,0.3103445227573473,0,0
0.692318115942029,0.1481515214954148,0,3
0.6049222222222223,0.1365469667129149,0,3
0.016280303030303,0.7524868748273004,0,1
0.8897632183908046,0.0546434766593308,0,3
0.3802933333333333,0.0547561736006452,0,0
0.0583297619047619,1.0165877789458029,0,1
0.014551282051282,1.0036486486486489,0,1
0.6492348484848485,0.0333779610834109,0,3
0.6606287878787879,0.0412864977392585,0,3
0.0592465116279069,1.0126579650723984,0,1
0.3617333333333333,0.1157933264345277,1,0
0.0564633333333333,0.2062290955906615,0,0
0.3082416666666666,0.2421307506053268,1,0
0.0032523809523809,1.0,1,1
0.630175,0.4438597235449115,1,3
0.000171875,0.1016421192653072,1,0
0.9593833333333334,0.0378637220513781,0,3
0.7733333333333333,0.0423479529417001,1,3
0.0102296296296296,1.0,0,1
0.46135,0.0482245077297958,0,0
0.865421875,0.0510641888833889,0,3
0.0814020833333333,0.6026169329123683,0,1
0.4169,0.0610690798838359,1,0
0.0573541666666666,0.8,1,1
0.8941533333333332,0.057887527353646,0,3
0.2441655555555555,0.6017789488720238,0,1
0.8357666666666667,0.0351278187039329,0,3
0.1065326666666666,0.2046517692032857,1,0
0.0017222222222222,1.4846242844964073,0,1
0.9579666666666666,0.1032385824862989,1,3
0.5213683333333333,0.039065170573781,0,3
0.1963466666666666,0.4339373028349574,0,0
0.2787633333333333,0.1279890433664881,0,0
0.0250935897435897,1.001689582847821,1,1
0.0488183333333333,0.2506481542279538,0,0
0.8907066666666668,0.0771729253065613,1,3
0.0512217592592592,0.8041517076843261,0,1
0.7213854166666667,0.0388297235935881,0,3
0.9004525,0.0390932234027989,1,3
0.0012125,1.0,1,1
0.5199266666666666,0.0327214314577785,0,0
0.0020208333333333,1.014153314240141,1,1
0.0937643518518518,0.0382409375604145,0,0
0.6379333333333334,0.0376386809544831,0,3
0.4059194444444444,0.0684910077086351,0,0
0.1282595833333333,1.005079624393778,0,1
0.68633,0.0996384978584543,1,3
0.2717444444444444,0.0431893393785713,0,0
0.7017948717948718,0.0410959091327438,0,3
0.0328172222222222,0.997959957262024,0,1
0.3836408496732026,0.0762281385035256,0,0
0.002913492063492,0.6680921834164885,1,1
0.940025,0.0626005892538788,1,3
0.6215675925925926,0.0633953720106201,0,3
0.9214333333333334,0.0496750914222333,1,3
0.1201,0.6141780955789934,0,1
0.41444,0.0491102663424381,0,0
0.685770987654321,0.0421293986670153,1,3
0.7576507936507936,0.0427843369347462,0,3
0.0032567708333333,0.9273545169334728,0,1
0.011137037037037,1.0529863005971898,0,1
0.0132533333333333,1.0,0,1
0.0068564814814814,1.0011976047904192,0,1
0.0117083333333333,0.75,0,1
0.02408125,1.0,0,1
0.3728261904761905,0.2238051636675847,1,0
0.0033027777777777,0.6666666666666666,0,1
0.9253864583333334,0.0399174915228343,0,3
0.6437742857142857,0.042967223649829,1,3
0.0842142857142857,0.0662529379068038,0,0
0.0860315920398009,0.1745299249841694,0,0
0.8346333333333333,0.0405556693621287,1,3
0.8474016666666667,0.0580432312890853,0,3
0.0749238888888888,1.7605410674179915,0,1
0.9438383333333332,0.0428523930091203,0,3
0.083075,1.0,0,1
0.024125,1.00183092664555,0,1
0.0084479166666666,0.1016421192653072,0,0
0.9114944444444444,0.0570909848078305,1,3
0.9557666666666668,0.0469843379212149,0,3
0.0478133333333333,1.6745104570653595,0,1
0.6219866666666667,0.0416813367692963,0,3
0.7337739583333333,0.0436388251220416,0,3
0.9910666666666668,0.0729962799893804,0,3
0.6535577777777778,0.0316538569760074,1,3
0.1963936274509803,0.2031911493816413,0,0
0.8781944444444444,0.3065250952464171,0,3
0.0103181818181818,1.7391304347826086,0,1
0.4308444444444444,0.0386930344661581,1,0
0.9063416666666666,0.0570737181228442,0,3
0.2658650793650793,0.5981893308456259,0,0
0.2968492424242424,0.2555486599293246,0,0
0.3149896666666666,0.4736187076963101,0,0
0.0024873333333333,1.0019463667820068,0,1
0.06354,0.853294111480337,0,1
0.2909522222222222,0.033699787572377,0,0
0.90560625,0.1265648719670993,0,3
0.6246444444444444,0.0448475208973544,0,3
0.013124,1.005408779309206,0,1
0.6482733333333334,0.0560404854853895,0,3
0.031013725490196,0.2417061611374407,0,0
0.8611333333333334,0.0627367176844007,0,3
0.4297933333333333,0.0882009229895135,0,0
0.9805833333333334,0.0732344756290002,0,3
0.0080324074074074,1.0048783684350713,0,1
0.9937428571428571,0.0378319022613016,0,3
0.5223881578947368,0.1370353572181892,0,0
0.7455659090909091,0.0565989376167016,0,3
0.0202028985507246,1.0004473843990669,0,1
0.87046,0.0419907057930092,0,3
0.03328125,1.002352743288634,0,1
0.8585133333333332,0.0508822194461047,0,3
0.02176,1.0,0,1
0.0186,1.0,0,1
0.0187210144927536,1.036732259988074,0,1
0.7840676470588235,0.0324408764007381,0,3
0.35931875,0.0468903948843633,0,0
0.60139,0.098303518835652,0,3
0.33395,0.1261914352163302,0,0
0.92545,0.0730249909536454,1,3
0.9692333333333334,0.0503384194574044,1,3
0.17821875,0.1608748647149794,0,0
0.12139375,0.8,0,1
0.2949114035087719,0.1147056315881702,0,0
0.5936366666666666,0.1550427112812996,0,3
0.0066544871794871,1.0013636363636365,0,1
0.3238233333333333,0.6148213213554957,0,0
0.0267776041666666,1.1715031476845357,0,1
0.8854770833333333,0.0369009992196864,1,3
0.9589277777777776,0.0316268182615139,1,3
0.6146583333333333,0.0811406938047981,1,3
0.0778935185185185,0.2222463774714397,0,0
0.00608,0.5,0,1
0.2022156862745097,0.1652792221688128,0,0
0.9604621212121212,0.0471010617537649,0,3
0.0367572463768115,0.8116867452137126,0,1
0.2530842857142857,0.2235870784760207,0,0
0.0002694444444444,1.0050251256281406,0,1
0.6455277777777777,0.0681472823524368,1,3
0.9518583333333334,0.0715300114184688,0,3
0.5697868055555556,0.0530623346885527,0,3
0.39802,0.0680494851871787,1,0
0.0329590476190476,1.0019895889137012,0,1
0.28365,1.0005830903790087,0,1
0.8959950980392157,0.0,1,3
0.01334,1.0,0,1
0.0021153846153846,0.0,1,0
0.14037,0.0855809581470233,1,0
0.37651,0.3424955113431908,0,0
0.6977395833333333,0.1455448849460965,1,3
0.58635,0.1492129664703992,1,3
0.9892916666666666,0.0557409568334673,0,3
0.73338,0.0454577902769146,0,3
0.9450625,0.0380315112546448,1,3
0.49616,0.0781631788321376,1,0
0.0072802721088435,1.0,0,1
0.0227851851851851,1.0398613518197577,0,1
0.6485241228070175,0.0829386569516185,0,3
0.0104,1.004379801760119,0,1
0.4915703703703704,0.0539233035082709,0,0
0.9886769230769232,0.0400847694292305,0,3
0.6152333333333334,0.050700734842356,0,3
0.0675,0.6446756649319456,0,1
0.9343821428571428,0.0467575585169797,0,3
0.0574780701754386,1.0,0,1
0.6231833333333334,0.0874591652174218,0,3
0.6183433333333334,0.7567330208008004,0,3
0.6885566666666667,0.0560608075884607,0,3
0.1964404166666666,0.0359057508540857,0,0
0.006790909090909,1.002341833665016,0,1
0.0227512345679012,0.6511306710636134,0,1
0.6388472222222222,0.0387184830714118,1,3
0.0080359649122807,1.002560681768348,0,1
0.6680611111111111,0.0978312031839642,0,3
0.0066166666666666,1.0,0,1
0.975425,0.0392710897613775,1,3
0.0036666666666666,0.1016421192653072,0,0
0.0131145833333333,0.7200577200577202,1,1
0.1621888888888888,0.2455333483816541,0,0
0.6785666666666667,0.0339083707865198,0,3
0.00105,1.0588853010984158,0,1
0.01535625,1.0,0,1
0.9675083333333332,0.0364871829824695,0,3
0.9570395833333334,0.0416695518100678,0,3
0.0330869047619047,1.0,1,1
0.4817666666666666,0.041620601258552,0,0
0.5755433333333334,0.0944473505714685,1,3
0.0185058823529411,1.1445910290237469,0,1
0.0361475,0.8001202935161794,0,1
0.564011111111111,0.2168258744882259,0,3
0.20549,0.8094678877224333,0,1
0.878575,0.0755161491092915,1,3
0.0081538461538461,0.4829751267809707,0,1
0.5369555555555555,0.0394872318901683,0,3
0.0257833333333333,1.0005640402637974,0,1
0.0522579710144927,0.1814366830860236,0,0
0.03811,1.0,1,1
0.1070297619047619,1.0,0,1
0.2538576666666666,0.5051122928707341,0,0
0.0483851851851851,0.4942420797706717,0,1
0.7549854166666667,0.0582534362963544,0,3
0.0209170731707317,0.1385760099388679,0,0
0.7825666666666667,0.4200153354710617,0,3
0.0141388888888888,0.5900738605656638,0,1
0.3236068965517241,0.0340714214414971,1,0
0.001625,1.0,1,1
0.9598366666666668,0.0386084194479797,1,3
0.3330878205128205,0.0421905192045176,1,0
0.8064166666666667,0.0507190618862505,0,3
0.1476371212121212,0.0711696237353061,1,0
0.8415883333333333,0.0444605106436764,0,3
0.4571952380952381,0.0430553502152812,1,0
0.0191724637681159,1.004413862021694,0,1
0.0650069105691057,0.1295277714846234,0,0
0.7261333333333333,0.0365779788405485,0,3
0.4697888888888888,0.4979349678155739,0,0
0.0263516666666666,0.642818636586715,0,1
0.8387386904761905,0.0413761722436311,0,3
0.1729077380952381,0.762071139978448,0,1
0.9969916666666666,0.0391118928518215,0,3
0.8361333333333333,0.0436220229164574,0,3
0.43005,0.6021184362758484,0,0
0.5551902777777777,0.0391019833142599,1,3
0.0168891304347826,1.0014030140360834,0,1
0.0250458333333333,0.3093525551880297,0,0
0.12986,0.4705140235744595,0,0
0.3033133333333333,0.0921875459855662,0,0
0.78425,0.1238823676017922,0,3
0.8941158536585366,0.0412056198851093,0,3
0.8103740740740741,0.1676297859663284,0,3
0.828811111111111,0.1023690593770377,1,3
0.6010482142857143,0.043705641722,0,3
0.12554,0.986768018018018,0,1
0.1121277777777777,0.7217345881658691,0,1
0.1892527777777777,0.7022234633977782,0,1
0.2042366666666666,0.6,0,1
0.0052,1.0,1,1
0.0022416666666666,1.0,0,1
0.0089166666666666,0.1016421192653072,1,0
0.0061730769230769,1.0,0,1
0.0660651515151515,0.2619939096226584,0,0
0.0239875,1.592777085927771,1,1
0.6529466666666667,0.4248804674009327,0,3
0.0020525,1.001293661060802,0,1
0.0310458333333333,0.7298707030533297,0,1
1.5021916666666666,0.0884769931747852,1,3
0.4738555555555555,0.3528216963383911,0,0
0.100045061728395,0.0762010317248575,0,0
0.2943633333333333,0.0684128140937643,1,0
0.81945,0.037115825857251,0,3
0.0001857142857142,0.1016421192653072,0,0
0.0010611111111111,0.1016421192653072,0,0
0.3734833333333333,0.0713248084335558,0,0
0.4242023148148148,0.0386229117413209,0,0
0.6516333333333334,0.0375384140611339,0,3
0.501345,0.063750216242569,0,0
0.0065,1.0,0,1
0.0460343434343434,0.4683800303821078,0,0
0.8978266666666667,0.0422281282039188,0,3
0.4005744444444444,0.0365117955226054,0,0
0.0029074074074074,1.0,0,1
0.0012781609195402,1.0,0,1
0.1319583333333333,1.8851178260561887,0,1
0.748724358974359,0.0598968960849506,0,3
1.0498333333333334,0.0666132407003166,0,3
0.0029074074074074,0.8,1,1
0.0762670634920635,0.0915172399855397,0,0
0.9593613636363636,0.0311270186717361,0,3
0.0034619047619047,0.8,0,1
0.46243,0.0619419509120064,1,0
0.4329191666666666,0.123990413549107,0,0
0.01277,1.0,0,1
0.2108333333333333,0.1003503221547213,0,0
0.0084907407407407,1.0,0,1
0.7766,0.4399890476698403,0,3
0.0457636363636363,0.134080333701672,1,0
0.1199277777777777,1.0000183237439075,0,1
0.8806546666666666,0.0409657215219075,0,3
0.8805133333333333,0.0379689530596791,0,3
0.227362962962963,0.2449458024010152,1,0
0.5938233333333334,1.35090544966018,0,1
0.6438066666666666,0.1131591501378649,0,3
0.9949833333333332,0.08537814855167,0,3
0.8852133333333333,0.0406314226994233,1,3
0.0548134259259259,1.0050110132997934,0,1
0.3459166666666666,0.4562763732478926,0,0
0.3144451612903226,0.2043692941672588,0,0
0.0240444444444444,0.5,1,1
0.1963493333333333,0.1998125818518289,0,0
0.5732518518518518,0.0496810729324239,0,3
0.6960971428571429,0.0323611438496794,0,3
0.5514166666666667,0.2982635195428834,1,3
0.2693133333333333,0.061270713736509,0,0
0.1677007246376811,0.510167565309746,0,0
0.7805222222222222,0.038339368158534,1,3
0.2937912698412698,0.0462486427483194,0,0
0.905196376811594,0.041367474479989,0,3
0.0012928571428571,1.0,0,1
0.002859,1.0,1,1
0.1628128205128205,0.0635308308723971,1,0
0.3546666666666667,0.0691612805780993,0,0
0.0901015873015873,0.432708836132702,0,0
0.5400527777777778,0.0380271925768772,0,3
0.0065354166666666,1.0825448613376836,0,1
0.4095133333333333,0.0682567040919479,0,0
0.2310111111111111,0.1275509081377953,0,0
0.0232587301587301,0.2381048138857407,0,0
0.540290909090909,0.0415218733749817,0,3
0.7726642857142857,0.0499213769362903,0,3
0.2331649425287356,0.1181330783031283,0,0
0.0153923611111111,0.8184480234260615,0,1
0.7025722222222222,0.0364171451387396,0,3
0.6642333333333333,0.6534463785514205,0,3
0.6203296296296296,0.0586838743252667,0,3
0.3871986111111111,0.5995243636419926,0,0
0.6108916666666667,0.0521130417818394,0,3
0.270663440860215,0.0433202191132809,0,0
0.0048833333333333,0.7527868147089469,1,1
0.0360375,0.8063221730299732,0,1
0.0162845238095238,1.0,0,1
0.4095066666666666,0.0582636709127416,1,0
0.9338150793650792,0.033632306682927,0,3
0.5015416666666667,1.0223954011607854,0,1
0.0027888888888888,1.0,0,1
0.1178366666666666,0.2263257083777626,0,0
0.1067655172413793,0.1562995261996088,0,0
0.0466384615384615,0.4115259196796496,0,0
0.8881565217391304,0.0385628743577726,1,3
0.9922641025641026,0.0339100381288463,1,3
0.2960803921568627,0.0479713550816584,0,0
0.67579,0.0390091275862928,0,3
0.0302796296296296,0.5546453181541868,0,1
0.1034683333333333,1.0002230920558948,0,1
0.5393764367816092,0.037960336616321,0,3
0.9018666666666666,0.0392359586670441,0,3
0.0099444444444444,1.0,1,1
0.3511933333333333,0.052521251748436,0,0
0.0058155555555555,0.9027278822978232,0,1
0.1243322222222222,0.6797453595583477,0,1
0.4928568965517241,0.0656108687385491,0,0
0.039465,0.416484259570645,0,0
0.6405592592592593,0.0495046450254209,0,3
0.84035,0.0404847079020683,1,3
0.2163408333333333,0.234626606437012,0,0
0.8926674603174602,0.0402808503868656,0,3
0.0786745098039215,0.0467865434756223,0,0
0.065475,0.2355711786153291,0,0
0.1403229166666666,0.0797919817338635,0,0
0.6065541666666666,0.0583175247130461,0,3
1.1267277777777778,0.0190425696073954,1,3
1.0058816666666668,0.1555512983419723,0,3
0.0043633333333333,1.0287616135446165,0,1
0.8040741666666668,0.041144148241567,0,3
0.0673305555555555,0.6249343635136149,0,1
0.6075063218390805,0.0392475015160278,1,3
0.0413407407407407,1.0,0,1
0.0123747863247863,0.8800625732128098,0,1
0.9981619047619048,0.0387608378380748,0,3
0.0730266666666666,1.0020912308354704,0,1
1.3136529411764706,0.0051835804533327,1,3
0.044725,0.868557336621455,0,1
0.8258666666666666,0.100744990556516,0,3
0.1033036231884057,0.2393340935790466,0,0
0.7060333333333333,0.1119065326874933,1,3
0.3098946236559139,0.1221887933782349,0,0
0.0094143333333333,1.0062282074082056,0,1
0.4365366666666666,0.0463659753552117,0,0
0.0045761904761904,1.006959357292319,0,1
0.9832604166666666,0.0495302179937548,1,3
0.1496477777777778,0.0554407247527897,0,0
0.8704416666666666,0.1004536923490275,0,3
0.6785266666666667,0.0440361046441099,1,3
0.0417023809523809,0.6452998447635491,1,1
0.6328958333333333,0.0368471613058249,0,3
0.312085,0.5500605044359087,0,0
0.2879533333333333,0.0709851204856291,0,0
0.0104988095238095,1.0013351909903634,0,1
0.4855468253968253,0.0598332580918114,0,0
0.8052916666666667,0.1228570666626276,0,3
0.6425805555555556,0.0398508835089377,0,3
0.4978910256410256,0.0303996622304554,0,0
0.747405,1.0059694814187758,0,3
0.7068533333333333,0.0370419249996177,0,3
0.9584433333333332,0.0345085998854739,1,3
0.0402377777777777,0.1990033022152681,0,0
0.0182759259259259,1.0,0,1
0.7533454545454545,0.0393484818389948,0,3
0.18746,0.0542843954967986,0,0
0.0095424242424242,1.6491484832357637,0,1
1.0007125,0.0374492052584761,0,3
0.0103075,1.0057520644915832,0,1
0.59993,0.0435874046888295,1,3
0.1367944444444444,1.0060479895518897,0,1
0.522675,0.0450117169983761,0,3
1.5825208333333334,0.038383646511745,0,3
0.0147066666666666,1.0,1,1
0.7904656862745097,0.0555918780353996,0,3
0.68753,0.0396546901371407,0,3
0.997604761904762,0.0390188974742232,0,3
0.925659375,0.0417914872214283,0,3
0.2941145833333333,0.0805706263245397,0,0
0.0012972222222222,0.1016421192653072,1,0
0.5375219696969696,0.0973297775939683,0,3
0.7189694444444444,0.0553789447787632,1,3
0.0064435897435897,1.0,0,1
0.0557953333333333,0.8265871008100755,0,1
0.0920486111111111,0.408227283298204,0,0
0.0882,0.0,0,0
0.0911583333333333,0.1431417138384363,0,0
0.0039913333333333,1.0,0,1
0.5537866666666666,0.0454975161237249,0,3
0.6859991666666667,0.0359697262644327,0,3
0.0019444444444444,1.0,0,1
0.6269916666666667,0.736034893814244,1,3
0.5467888888888889,0.055547909599771,1,3
0.0636952898550724,0.5787211753914999,0,1
0.0074391666666666,1.0,0,1
0.2512166666666667,0.1240861188469833,1,0
0.0040296296296296,1.0,1,1
0.0732166666666666,0.0832257325412272,1,0
0.0839020833333333,0.6067941426351973,0,1
0.8796049019607843,0.0440514560059026,0,3
0.7908916666666667,0.0934768076884671,0,3
1.0551416666666666,0.0724378450456195,0,3
0.1539183333333333,0.0514842834323339,1,0
0.98945,0.0737231121272291,0,3
0.3998901234567901,0.0735275126061987,0,0
0.0418235294117647,1.1578560555787922,1,1
0.0501557971014492,1.054691022570763,0,1
0.8385555555555556,0.0451027474258683,1,3
1.2541,0.0101682851187147,1,3
0.5840333333333334,0.0356302563013628,1,3
0.6115866666666666,0.2833835609191057,0,3
0.2112805555555555,0.0443494123698514,1,0
0.0151625,0.25,0,0
0.2105416666666666,0.1051700943964665,1,0
0.6752166666666667,0.0383100635474309,0,3
0.011537037037037,1.008221589780559,0,1
0.3822238095238095,0.0584666949302279,0,0
0.0031947916666666,1.0,1,1
0.8197333333333334,0.0897333774185644,0,3
0.1841297619047619,0.1370441352408155,0,0
0.6421444444444444,0.0788731730456205,0,3
0.0024014492753623,1.0,0,1
0.0864880952380952,1.0005090767680695,0,1
0.39527,0.078948309860548,1,0
0.0530041666666666,0.310570738279305,0,0
0.0431910714285714,1.037872171924402,0,1
0.0619383333333333,1.0024368166063855,0,1
0.5427833333333333,0.3110670415419471,1,3
0.0116,1.0,1,1
0.9970444444444444,0.0872564117066171,1,3
0.007575,1.0,0,1
0.8674366666666667,0.0435446501615533,0,3
0.0007425925925925,1.018823529411765,0,1
0.1709722222222222,0.1016421192653072,0,0
0.9386666666666666,0.0426256763834239,0,3
0.3495958333333333,0.0371884614110266,0,0
0.0032202898550724,1.0,1,1
0.9661642857142856,0.0411649480972193,0,3
0.0027423076923076,0.1016421192653072,0,0
0.2029166666666667,0.1064422712623225,0,0
0.9248541666666666,0.0368132063599113,1,3
0.667597619047619,0.0477971246067143,1,3
0.7847444444444444,0.0293982007845659,1,3
0.1680361111111111,0.2499656096589469,0,0
0.1956018518518518,0.1188117226103489,0,0
0.0037981481481481,1.0,0,1
0.3573611111111111,0.0298561786486443,0,0
0.0245256666666666,1.0011317735697998,0,1
0.4703166666666666,0.0980020446816025,0,0
0.754738888888889,0.0479087644033935,0,3
0.0543347222222222,0.1197810526131358,0,0
0.0051286458333333,1.0018461538461538,0,1
0.4974166666666666,0.0397513649694965,0,0
0.0120087301587301,1.638326454796618,0,1
0.7498666666666667,0.0461703657770146,0,3
0.6569966666666667,0.0378651323163046,0,3
0.0105392156862745,1.0,0,1
0.0039,1.0,0,1
0.4752166666666667,0.2734200434719195,0,0
0.0108075,1.0872377649124398,1,1
0.00225,1.0,0,1
-0.0095083333333333,5.0,0,2
0.7342433333333332,0.0526140612360491,0,3
0.369846875,1.049726652955933,1,1
0.78848,0.0407836133440216,1,3
0.07011875,0.9528359894217056,0,1
0.0182724358974358,0.50673174015483,1,1
0.0254125,1.0427184594743364,0,1
0.1454466666666666,0.1016421192653072,1,0
0.0127528985507246,0.3158692611956414,0,0
0.6155666666666667,0.5732064018002874,0,3
0.6133895833333333,0.0541503311564382,0,3
0.2148229166666666,0.1412423434618603,0,0
0.6045866666666666,0.055816176037934,0,3
0.2584314814814815,0.0860798004109419,1,0
0.0275307017543859,0.9289019555551316,0,1
0.527486231884058,0.0365216358806059,1,3
0.8310916666666666,0.0543603164677862,0,3
0.0634833333333333,0.9787423687423686,0,1
0.2166984126984127,0.0413708734938326,1,0
0.0147928571428571,0.4002422676249697,0,0
0.2817467592592592,0.0376947534512606,0,0
0.6471,0.6273785410197531,0,3
0.409345652173913,0.224058860896217,0,0
0.4631298611111111,0.2418444138052397,0,0
0.0465433333333333,1.0183915211970076,0,1
0.0985666666666666,0.5371299153785077,0,1
0.080655,0.9367112000788506,0,1
0.4371895833333333,0.0471276351187027,0,0
0.8436833333333333,0.0948090407768078,1,3
0.0307398809523809,0.6900205444338361,0,1
0.0555922222222222,0.3717929894514423,0,0
0.0354680555555555,1.0017662105813314,0,1
0.8265083333333334,0.4409230655915606,0,3
1.0023,0.075126658644799,0,3
0.8304979166666666,0.0434555172570267,1,3
0.1502770833333333,0.5271739720270148,1,0
0.008234,1.0033168938294452,0,1
0.8903596774193548,0.0379671705771699,0,3
0.0128704545454545,1.202621280532927,0,1
0.8111440476190477,0.038561006406362,0,3
0.4822083333333333,0.0815633836657715,1,0
0.6161933333333334,0.0553959943975962,1,3
0.80163,0.0726741382427611,1,3
0.4116138888888889,0.06439267584513,0,0
0.6944333333333332,0.0450138413911304,0,3
0.980040476190476,0.0370888627024211,0,3
0.0896638888888888,0.7959666393634637,0,1
0.278575,1.087961673095332,0,1
0.0026,1.0,1,1
0.0497011111111111,0.5996313639533726,0,1
0.5467833333333334,0.0505260276048935,1,3
0.65825,0.084491167720699,0,3
1.0150966666666668,0.042313881774334,0,3
0.8115666666666667,0.018920233463035,1,3
0.0649833333333333,1.019238617337436,0,1
0.0294434782608695,1.0060814051667126,0,1
0.0128583333333333,1.0003127115757189,0,1
0.5626777777777777,0.065419130811969,1,3
0.026505,1.0,1,1
0.1341583333333333,1.0981530845392231,0,1
0.00167,1.0019350937311025,0,1
0.7946361111111111,0.0588154616374184,1,3
0.0431222222222222,1.004981874704115,0,1
0.9624678571428572,0.0315593345573564,1,3
0.640461111111111,0.0484671999297727,0,3
0.0256625,0.640686550365785,0,1
0.9427,0.0599640532442163,1,3
0.0579083333333333,0.2317831036361138,0,0
0.5368515873015873,0.044043972076106,0,3
0.0108744444444444,1.0,0,1
0.886,0.1134122965259602,0,3
0.286082,0.4045651676019444,0,0
0.0194989583333333,1.0081073365686557,1,1
0.78846,0.0688318427725201,0,3
0.0004546296296296,0.1016421192653072,0,0
0.8348833333333334,0.0452235145395242,0,3
0.7087710526315789,0.1040225905086363,0,3
0.885575,0.0386904949534297,0,3
0.9546833333333334,0.0681388235414003,0,3
0.0086366666666666,0.7594339622641509,0,1
0.1448833333333333,1.0003271180896305,0,1
0.0293689189189189,0.902630243551928,0,1
0.72196875,0.0567822787278104,1,3
0.6033758333333333,0.199865134896702,0,3
0.2617555555555556,0.0578003992996432,0,0
0.5242466666666666,0.0487291157293993,1,3
0.4464075757575758,0.0545335579338011,1,0
0.9047708333333334,0.0392171816534908,1,3
0.786645,0.0407584743804169,0,3
0.0423939393939393,0.2234590906179911,0,0
0.6842513888888889,0.0384939363149297,0,3
0.0535215686274509,0.6731009773475245,0,1
0.0298490196078431,0.5,1,1
0.8707214285714285,0.0406474091712656,0,3
0.4383962585034013,0.0360982173925855,0,0
1.0245433333333334,0.0410144399326593,0,3
0.0143888888888888,1.0,0,1
0.7891633333333333,0.0424118961357086,0,3
0.2070733333333333,0.635632287464873,1,1
0.8290233918128654,0.1048812027245775,0,3
0.0555913978494623,1.4929632818119725,0,1
0.0060114583333333,1.0,0,1
0.0729166666666666,0.75,0,1
0.9974529411764704,0.0401199543166205,0,3
0.1233611111111111,0.5253778132560484,0,1
0.6863235294117647,0.040999186218446,1,3
0.4446166666666666,0.0546193627242126,0,0
0.1163916666666666,0.0591307808128536,0,0
0.768086111111111,0.046724878132165,0,3
0.0087698412698412,0.7587669177502185,0,1
0.1713333333333333,0.1016421192653072,1,0
0.31255,0.0348685305169838,0,0
0.3145710144927536,0.0396970208592489,1,0
0.5081904761904762,0.050975375207432,0,0
0.5770833333333333,0.047408822870191,1,3
0.4503233333333333,0.0528755287914605,1,0
0.1161935897435897,0.6662128661205526,0,1
0.7713166666666667,0.0745030581681059,0,3
0.9729708333333332,0.0547010908969798,1,3
0.3785795698924731,0.0971263316422717,1,0
0.4043375,0.0477609465329588,0,0
0.0133185185185185,1.0,0,1
0.8865083333333333,0.430633401654491,1,3
0.1914493055555555,0.1014649455565072,0,0
1.1657833333333334,0.0575655267127018,0,3
0.0090083333333333,0.8024929999857868,0,1
0.9275388888888888,0.0509844130918257,0,3
0.7614770833333333,0.0387846619800133,0,3
0.7954833333333333,0.0600797521669516,0,3
0.499325,0.0424695597196498,0,0
0.1166323333333333,0.24761013414931,0,0
0.2768666666666666,0.4950701630946273,1,0
0.5132333333333333,0.8726257423020123,0,1
0.5229859649122807,0.1501784637875192,0,0
0.0502755555555555,0.3447625113364373,0,0
0.0040505555555555,1.0,0,1
0.6931447916666666,0.0410475581113293,0,3
0.0109050925925925,1.000310308446596,0,1
0.1053105769230769,0.1015595967704499,0,0
0.0237712962962962,1.0006404657933043,0,1
0.8749916666666666,0.0697893606227944,1,3
0.1278023809523809,0.102286226310295,0,0
0.207449,1.0042845472275306,0,1
0.2876952380952381,0.1872829232000556,0,0
0.7329833333333333,0.04389452500991,0,3
0.0041706666666666,1.0,1,1
0.7015111111111111,0.0570461199699311,0,3
0.0142980392156862,0.8624705401030914,0,1
0.8527843137254902,0.0457632058347444,0,3
0.0362583333333333,1.00010175010175,0,1
0.16545,0.1016421192653072,0,0
0.1286670731707317,1.0293643985110328,0,1
0.41498,0.0387229435000682,0,0
0.7955,0.0828560027693982,0,3
0.9339833333333334,0.0609482804292891,0,3
0.0223294444444444,0.5,0,1
0.0089,1.005973887551352,0,1
0.2582833333333333,0.1016421192653072,0,0
0.0421666666666666,0.1016421192653072,0,0
1.0030511111111111,0.0481262547457779,1,3
0.9431765151515152,0.0345720289165223,0,3
0.9344555555555556,0.0449807794997326,0,3
0.6318583333333333,0.1251345305430499,0,3
0.5164541666666667,0.0408834877069387,0,0
0.4139166666666666,0.0487406248186066,0,0
0.0221744791666666,0.8004459147735625,0,1
0.3835927777777778,0.0373076461361001,0,0
0.0286144444444444,1.0,0,1
0.751325,0.0905926958155061,0,3
0.8529133333333333,0.0822177271615453,0,3
0.02633,1.03069130237479,0,1
0.002225641025641,1.0009186954524574,0,1
0.9940604166666666,0.0287976773194435,1,3
1.0789916666666668,0.0438328528894236,0,3
0.0058203125,1.0048596574068096,0,1
0.3019194444444444,0.4465311215142932,0,0
0.2853619791666666,0.0643638569782641,0,0
0.928025641025641,0.0389070884931911,0,3
0.5923433333333333,0.0490837130365265,0,3
0.9115708333333334,0.0537737083464505,0,3
0.1069805555555555,1.0,0,1
0.9241666666666666,0.088089912302566,1,3
0.0007571895424836,1.0,0,1
1.0123916666666666,0.0552866862641128,1,3
0.7920666666666666,0.0396017018849827,0,3
0.0353826923076923,0.6509580070034267,0,1
0.6310933333333334,0.218510338083998,1,3
0.4020952380952381,0.3845534172369564,0,0
0.0840633333333333,1.0,0,1
0.8372591666666667,0.0895063320308287,0,3
0.0431485294117647,0.6595167705921017,0,1
0.6944506944444444,0.0398698813523805,0,3
0.0079757575757575,1.001964207769533,0,1
0.3796633333333333,0.062035492767005,1,0
0.578742105263158,0.0430298302155423,1,3
0.7110533333333333,0.0368443456123543,0,3
0.9832122222222224,0.039098658276097,0,3
0.2158567708333333,0.0401182311499406,0,0
0.0108875,0.915473441108545,0,1
0.771262962962963,0.0425733052943105,0,3
0.0008069444444444,1.0,0,1
0.0241833333333333,1.0,0,1
0.4325626984126984,0.6212212734277093,0,0
0.9014246376811592,0.0387403769582261,0,3
0.2012958333333333,0.0878321567120345,0,0
0.7076575757575757,0.0375318509436037,0,3
0.0509592592592592,0.8385168652669777,0,1
0.1244583333333333,0.1272264631043257,0,0
0.004135606060606,0.8004892367906067,0,1
0.0559567708333333,0.4917716121806615,1,1
1.0683166666666666,0.0378955890862325,0,3
0.8900630952380952,0.0404987874789352,0,3
0.7873328571428572,0.0384555161617953,0,3
0.0161601851851851,1.0028573817261095,0,1
0.048576282051282,0.110809208387032,0,0
0.67416,0.0478201349383607,0,3
0.0068151515151515,0.75,1,1
0.975009523809524,0.0309818156614787,0,3
0.33037,0.0515177464620942,0,0
0.26489,0.1000872245670615,0,0
0.0026277777777777,1.0,0,1
0.7039383333333333,0.1227965862456833,0,3
0.0357369791666666,1.0,0,1
0.9808722222222224,0.0749040718277382,0,3
0.9219257575757576,0.0402487148569108,0,3
0.7924166666666667,0.2355348516114998,0,3
0.0043141666666666,1.0344827586206895,0,1
-0.0052777777777777,1.0,0,1
0.0017277777777777,1.0,0,1
0.0457977777777777,0.9970590719845328,0,1
1.103883333333333,0.0302781680025775,0,3
0.0217565217391304,1.0,0,1
0.711975,0.086981205810588,0,3
0.821061111111111,0.0296862702701725,0,3
0.0709038461538461,0.7055178382892789,0,1
0.31185625,0.043300775581449,0,0
0.0354320512820512,0.775,0,1
0.1566666666666666,0.2417061611374407,0,0
0.9704916666666668,0.0289095557235426,0,3
0.2370236842105263,0.1346388079484561,0,0
0.0088364583333333,1.006546939775504,0,1
0.0519583333333333,0.8555815384610076,0,1
0.7582933333333333,0.046382309786345,0,3
0.011437037037037,1.005074358874273,1,1
0.9415794871794873,0.0365901245090122,0,3
0.728458,0.131592549396081,0,3
0.3449392156862745,0.0637143097188815,1,0
0.35886,0.0730983997386762,0,0
0.7912333333333333,0.0716865967790928,0,3
0.06616,1.0001731002250305,0,1
0.3981388888888889,0.0771668832630198,0,0
0.05117,0.2909113081899765,1,0
0.4281333333333333,0.0573331426875389,0,0
0.0036970238095238,1.002099540360566,0,1
0.0012035714285714,1.0474485228290062,0,1
5.364308333333334,0.033718722289036,0,3
0.9658583333333334,0.0634558036187593,0,3
0.0143188888888888,0.2986621615075731,1,0
0.8681261904761906,0.0416297314982247,0,3
0.9690046296296296,0.0340658552300692,0,3
0.0002074074074074,0.1016421192653072,0,0
0.0391033333333333,1.000018276523805,0,1
0.4641222222222222,0.0507294119091815,0,0
0.0302483333333333,1.0,0,1
0.6606916666666667,0.0289214984187139,1,3
0.1507788888888888,0.1476527126714634,0,0
0.786775,0.0269919024409377,1,3
0.0242516666666666,0.3424108882035298,0,0
0.0343764367816091,0.7558939480000832,0,1
0.1501973333333333,0.0385990156949167,0,0
0.3210987179487179,0.02,0,0
0.001785,1.0,0,1
0.0319354166666666,4.994939810678807,0,2
0.4518702898550725,0.0495551686610424,0,0
0.0341725,1.383684316620498,0,1
0.6957277777777777,0.1023819980388923,0,3
0.8541351851851853,0.0402388709253218,0,3
0.0100810606060606,0.8931383456863997,0,1
0.9697426666666666,0.0737909362820118,0,3
0.0243525641025641,1.029837542055874,0,1
0.2860666666666667,0.1251352861446239,1,0
0.1711458333333333,0.1016421192653072,1,0
0.5759,0.1323688214972966,0,3
0.0060273809523809,0.8,1,1
0.0258469696969696,1.0051707115500947,0,1
0.506425,0.0831336618730465,0,0
0.1915952380952381,0.1096128729691857,0,0
0.8495444444444444,0.0564431472112252,1,3
0.3006560606060606,0.0514096240352287,0,0
0.6489744444444445,0.0511497439566649,1,3
0.0391572463768115,0.4262632735838784,0,0
0.03405,0.9377703826955076,0,1
0.0856322916666666,0.8474855862298887,0,1
0.7987333333333334,0.0347744286016393,0,3
0.0139075,1.018247726423983,0,1
0.3111916666666667,0.0343328312894175,1,0
0.0293,1.0,0,1
0.6503633333333333,0.0616990628047306,1,3
0.0017458333333333,1.0,0,1
0.0061305555555555,0.25,0,0
0.0812575757575757,0.6,0,1
0.8333142857142857,0.0208980496995342,0,3
0.4826083333333333,0.0513551561221259,0,0
0.7724583333333334,0.0646013659449226,0,3
0.0036787037037037,1.0,0,1
0.84114,0.0398122283382476,0,3
0.1405555555555555,0.472397896951326,0,0
0.0132291666666666,0.7522363702998794,0,1
0.1254510416666666,0.0530176452332301,0,0
0.7624854166666667,0.0331358130751341,0,3
0.0005345238095238,1.0,0,1
0.8010583333333333,0.0429725589218738,0,3
0.0064196969696969,1.0,0,1
0.9353716666666668,0.0324659399626079,1,3
0.5529866666666666,0.0387454564767084,0,3
0.0208666666666666,1.0,0,1
0.7012726190476191,0.0483338267293036,1,3
0.8331766666666667,0.040556058769897,0,3
0.7025861111111111,0.0387004810160774,0,3
0.0025144444444444,1.0,1,1
0.1653245614035088,0.1350390921955288,0,0
0.0203905555555555,1.0,0,1
0.6570083333333333,0.4968873084666218,0,3
0.0125510416666666,1.0,1,1
0.0458466666666666,0.74371209816758,0,1
0.9976666666666666,0.0358181401460691,0,3
0.5161133333333333,0.0417897965594786,0,0
0.3459466666666666,0.0448842546104268,0,0
0.0003571428571428,1.0,0,1
0.9730916666666668,0.0486085492165126,1,3
0.0049111111111111,1.0898051633147912,0,1
0.7790287878787879,0.0363480220874568,0,3
0.5321133333333333,0.1679570672208415,1,3
0.73035,0.1823139457817583,0,3
0.0570666666666666,1.004554437673794,1,1
0.3310724358974359,0.036622470170196,0,0
0.0222528985507246,0.75,1,1
0.68667,0.4292858584959223,0,3
0.1327029761904762,0.3310702980489831,1,0
0.3724833333333333,0.0482423098410803,1,0
0.5977472222222222,0.1468723664151674,1,3
0.3041688888888889,0.0797435608250157,0,0
0.7763416666666667,0.0453100290155279,0,3
0.3971479166666666,0.0513175841660667,0,0
0.0198782407407407,1.0,0,1
0.7903518518518519,0.0451363628210047,1,3
0.0539638888888888,0.0653674503577955,0,0
0.0016090277777777,1.0038992201559689,0,1
0.249829365079365,0.0831086952355551,0,0
0.44322,0.0647581173974575,0,0
0.0513111111111111,1.0064196114257022,1,1
0.0018431372549019,1.0,1,1
0.5985454545454545,0.048700668204687,1,3
0.2164233333333333,0.0392397936754333,0,0
0.9049142857142856,0.0366933587326546,0,3
0.841525,0.0949582834162646,0,3
0.8065722222222222,0.0636351736725318,1,3
0.3524251851851852,0.0729152411386382,0,0
0.5926848958333333,0.038159373768751,0,3
0.4285833333333333,0.093118112035399,0,0
0.013275,0.75,1,1
0.0755326666666666,0.3219521453925328,0,0
0.1015586805555555,1.000539536746652,0,1
0.5302291666666668,0.039297496699429,0,3
0.0153941666666666,1.0,0,1
0.3245916666666666,0.8004899746036569,0,1
0.8889833333333333,0.0826223816897108,1,3
0.0499313333333333,0.051943938151303,0,0
0.1623507246376811,0.1105631073902564,0,0
0.8883842592592592,0.0414116431896709,0,3
0.0046840579710144,0.6450346420323326,0,1
0.0033425925925925,1.0,1,1
0.0300333333333333,0.8,0,1
0.7618148148148147,0.0468197483597035,0,3
0.0011619047619047,1.0,0,1
1.0096857142857143,0.0903790279431095,0,3
0.6930333333333333,0.2154865121773256,0,3
0.7911188034188034,0.0708954861728562,0,3
0.9910541666666668,0.0446967474538511,0,3
0.0762033333333333,0.8979700191574576,0,1
0.5363244444444445,0.0552264135224702,1,3
0.0350162037037037,0.3721087546214402,0,0
0.4369468253968254,0.0579491781309479,0,0
0.2581285714285714,0.1250537387002143,0,0
0.2270333333333333,0.1953968280302476,0,0
0.30806,0.8147086248780578,0,1
0.8174805555555555,0.0500944482330679,0,3
0.85715,0.0659706526728369,1,3
0.7019041666666667,0.2778138278991008,0,3
0.004255303030303,0.0332140015910899,1,0
0.4766444444444445,0.0951684043506483,0,0
0.0530009259259259,0.3742159915395476,0,0
0.2477872549019608,0.0524334229012875,0,0
0.4557625,0.0878520143691358,0,0
0.8734666666666666,0.0938884062514819,0,3
0.011485294117647,1.0,0,1
0.9760875,0.0364184493981745,0,3
0.5689555555555555,0.0417833033309505,0,3
0.0014805555555555,0.1016421192653072,0,0
0.0010208333333333,1.0,0,1
0.7202491228070176,0.0425070253525773,1,3
0.0557523809523809,1.0005072279989855,1,1
-0.0273673611111111,2.0287805831000814,0,1
0.7578633333333333,0.0386234259797844,0,3
0.8789,0.0579431562417113,0,3
0.4504685897435897,0.0539420473007101,0,0
0.73640625,0.0437545864287984,1,3
0.9722753333333334,0.0427945538813779,0,3
0.2123466666666666,0.040125700536042,0,0
0.3041583333333333,0.2208378652665999,0,0
0.6833533333333333,0.0548922994536309,0,3
0.7109608333333333,0.0484798714028921,1,3
0.2406866666666667,0.5105036916234034,0,0
0.6533280141843972,0.0397935218644941,0,3
0.0061314814814814,1.004756242568371,0,1
0.8877933333333333,0.03168466000208,1,3
0.24858,0.0719156225041576,1,0
0.0221833333333333,1.0,0,1
0.0232051282051282,0.4019999999999999,0,0
0.0298087301587301,1.00165001404438,0,1
0.0153883333333333,1.0,0,1
0.7221980769230769,0.054461635996285,1,3
0.6846141025641025,0.0354858405975236,0,3
0.0156388888888888,0.1016421192653072,0,0
0.0100560185185185,0.8,0,1
0.5221633333333333,0.0483453877885234,0,3
1.010725,0.0545873898671,0,3
0.8996833333333334,0.6825428251475139,1,3
0.0353130434782608,1.1223947342936271,0,1
0.0160629166666666,0.5745809755224243,0,1
0.7835546296296296,0.0431562081973428,0,3
0.0765358974358974,0.2889881721459763,0,0
0.7839733333333333,0.0420718418430144,0,3
0.8413520833333334,0.0451322138871727,0,3
0.2712722222222222,0.7681245417663762,0,1
0.0299111111111111,1.0,0,1
0.6373777777777777,0.0614750081600691,0,3
0.0009211538461538,1.0045336787564767,0,1
0.9027029411764704,0.0534193064758207,1,3
0.5733158333333334,0.3101144668720914,0,3
0.8330555555555555,0.0373056243448559,0,3
0.13784375,0.0701981313989085,0,0
0.87767,0.0418305131230521,0,3
0.0025044444444444,1.0014285714285711,0,1
0.2804348484848484,0.5840576501004967,0,0
0.0108177083333333,0.2720595238463968,0,0
0.9294762626262628,0.044259831797764,0,3
0.9972722222222222,0.0423794892857928,1,3
0.1464695833333333,0.0206598117528882,0,0
0.3225979166666666,0.2208639565101468,0,0
0.0058527777777777,1.0,0,1
0.1485891666666666,0.0553654065743166,0,0
0.4581583333333333,0.0409127294544771,0,0
0.0806813953488372,0.1175089402820891,0,0
0.1598708333333333,0.3469358218043529,1,0
0.6749,0.1015461075552943,1,3
0.1172006172839506,1.0000519393099256,0,1
0.4094666666666666,0.1123469257910816,0,0
0.3472912698412698,0.0838309287975637,1,0
0.0548336805555555,0.4015071279733819,0,0
0.0176546511627906,1.7984363898144653,1,1
0.0352416666666666,1.039418987130705,0,1
0.000975,1.0,0,1
0.19064,0.05852633061955,1,0
0.0024611111111111,0.6027326535530224,1,1
0.1451444444444444,0.0481260972537208,0,0
0.5779516666666666,0.0505052490368716,1,3
0.0055009259259259,0.803920489865105,0,1
0.0032449494949494,1.0796869513545635,0,1
0.0787858974358974,0.0632137425482633,0,0
0.6456460784313726,0.0362242309664117,0,3
0.7961416666666667,0.1130978326022309,0,3
0.3399733333333333,0.0779685569373542,0,0
0.5939933333333334,0.0678282614736406,0,3
0.0977442028985507,0.0555465960291555,0,0
0.0579722222222222,0.0643738964976651,0,0
0.1105977777777777,0.1229731526024539,0,0
0.8667766666666668,0.0392607413583651,0,3
0.970775,0.0498293863411177,0,3
0.3338809523809524,0.0398722413678595,1,0
0.0102816666666666,1.0,0,1
0.1591697368421052,0.1676724623652719,0,0
0.14050625,0.2228457740247124,0,0
0.7719366666666667,0.0368686493356424,1,3
0.0160345238095238,0.9637551990493166,0,1
0.8561166666666666,0.1622038885557919,0,3
0.86160625,0.0570777843478813,0,3
0.03275,0.6597894332516981,0,1
0.8211910256410256,0.0361945155097277,0,3
0.1820466666666667,0.0947898692006737,0,0
0.17405,0.9317056514332854,0,1
0.1769233333333333,0.0640340579324645,0,0
0.0013636363636363,0.0,0,0
0.44981,0.0380688737556894,0,0
0.2792185185185185,0.0420612006744912,0,0
0.0217270833333333,0.6666666666666666,0,1
0.0347375,0.3625,1,0
0.9806777777777778,0.0388834646115368,1,3
0.7510633333333333,0.0502274697778296,0,3
0.6843166666666667,0.0882733430607538,0,3
0.901345238095238,0.0406067357059438,1,3
0.0114744444444444,0.1016421192653072,0,0
0.3388163461538461,0.0365762595995132,0,0
0.3034974358974359,0.1700306864986114,1,0
0.0370782608695652,0.524914046539439,0,1
0.1064855555555555,0.0614503943911794,1,0
0.386981884057971,0.0416846716297884,1,0
0.0073,2.0,0,1
0.1553266666666666,0.6982140650105055,0,1
0.8691833333333334,0.0828050880363427,0,3
0.1658251366120218,0.1277181207468938,0,0
0.9796033333333332,0.0500308349117079,0,3
0.4939666666666667,0.1965855771904839,1,0
0.9508520833333334,0.0477830208815635,0,3
0.2475111111111111,0.7802706971526738,1,1
0.4901466666666666,0.0490850545825806,0,0
0.6562761904761905,0.045890738852621,1,3
0.0099989583333333,1.0,0,1
0.5737333333333333,0.4198012277111955,1,3
0.9528284722222222,0.0477344895334712,0,3
0.3597138888888889,1.0,0,1
0.0088458333333333,0.6,1,1
0.3880111111111111,0.10911884048037,0,0
0.3087047619047618,0.0588208879744579,1,0
0.6033333333333334,0.0775017189296293,1,3
0.1547588235294117,0.3870649570470795,0,0
0.0052971014492753,1.0,0,1
0.0619886666666666,1.7402949915647197,0,1
0.3508222222222222,0.0897012560507306,0,0
0.9452666666666668,0.0455843246631276,0,3
0.2328652777777777,0.0456028994076435,0,0
0.2384785714285714,0.0722267031607704,0,0
0.2163563492063492,0.507906609720542,0,0
0.0246796296296296,1.0045441141548506,0,1
0.840825,0.0315686424244539,1,3
0.92105,0.0557747780002842,0,3
0.6731083333333333,0.0551511068589057,1,3
0.6452777777777777,0.0534351414975626,0,3
0.66835,0.2094341124082375,0,3
0.5654791666666666,0.034458170793474,1,3
0.0475033333333333,0.5,0,1
0.5438592592592593,0.047311315784978,0,3
0.8767444444444444,0.0589578047914868,0,3
0.0438166666666666,1.0,0,1
0.985475,0.0545971423839021,1,3
0.5635145833333334,0.0362318115445653,1,3
0.0803989583333333,0.8073157222366152,0,1
0.0210166666666666,1.25,0,1
0.0782479166666666,0.0812279690008474,0,0
0.3025166666666666,0.023201317834853,1,0
0.1169233333333333,0.8389105058365759,0,1
0.4234125,0.0914735044668983,0,0
0.3014266666666667,0.22352297767279,0,0
0.2773859848484848,0.0616617775116305,0,0
0.3696933333333334,0.0653871282616138,0,0
0.1551347222222222,0.0669769395862174,0,0
0.3621727777777778,0.0392097661755199,0,0
0.0037590579710144,0.7606660861993906,0,1
0.0533879166666666,0.1220552256607819,0,0
0.0833333333333333,1.0,0,1
0.836097619047619,0.0790527679090519,0,3
0.098187037037037,1.0,0,1
0.2773923076923077,0.0771111242910438,0,0
0.0223714285714285,0.3599382794365685,0,0
0.1542433333333333,0.8243010290848517,0,1
0.39578,0.0361274902562615,0,0
0.8202071428571429,0.041383570691905,0,3
0.45615,0.0593623869048227,0,0
0.0515333333333333,1.0018006618649018,0,1
0.5557369047619048,0.0436194380845788,0,3
0.0044089285714285,1.0,0,1
0.003195652173913,1.0,0,1
0.0771205128205128,0.0872620243600919,0,0
0.0988027777777777,0.4680809992596961,1,0
0.5404833333333333,0.2283598698461471,0,3
0.0024357142857142,1.0,0,1
0.5568222222222222,0.0593323957589656,1,3
0.0258190476190476,0.1016421192653072,0,0
0.0993291666666666,0.074897720028348,1,0
0.4863294117647059,0.0353937988648285,0,0
0.1527948717948717,0.1278472157179673,0,0
0.5137294871794872,0.0433887810726867,0,0
0.207613768115942,0.0916756967269289,1,0
0.0009419753086419,0.1016421192653072,0,0
0.0050611111111111,1.0,0,1
0.2019574074074074,0.7299511711292846,0,1
0.0031833333333333,1.0085470085470083,0,1
0.4370398550724638,0.0387085182671972,0,0
0.8467531746031746,0.0374180865705749,1,3
0.5876966666666666,0.0443969013342501,0,3
0.7336238095238096,0.2908429547468046,1,3
0.47755,0.1276435497953667,0,0
0.6448283333333333,0.043253057681753,0,3
0.0062852564102564,0.75,0,1
0.1340733333333333,0.0377689272095399,0,0
0.3650766666666666,0.0577197251778646,1,0
0.0107366666666666,1.0009438152342882,1,1
0.0535416666666666,0.1016421192653072,0,0
0.5379233333333333,0.0585257039328849,0,3
0.3996444444444444,0.0372156489856154,1,0
0.9483933333333332,0.031936010002902,1,3
0.0009277777777777,1.0,0,1
0.0684566666666666,1.0034818863191766,0,1
0.5050875,0.043747149559327,0,0
0.6003369047619048,0.0889730218703986,0,3
0.4386444444444444,0.0525019480634986,0,0
0.1672933333333333,0.0881630743397123,0,0
0.1135241666666666,0.620814883499011,0,1
0.1140194444444444,0.3698627487435391,0,0
0.6549070707070708,0.0380672600681113,0,3
0.5426532407407407,0.035180347296277,0,3
0.62499,0.0376420310670178,0,3
0.971825,0.0924452167973641,0,3
0.5889958333333333,0.0425041184123825,0,3
0.1171463768115942,0.7954798095249525,0,1
0.0291953333333333,0.2342138760917156,0,0
0.1130730158730158,1.0,0,1
0.3178566666666667,0.0445663998039126,0,0
0.8756266666666667,0.0369406114118344,0,3
0.0082039215686274,1.0,1,1
0.7617997222222221,0.029355881221182,1,3
0.521495238095238,0.2748139308338276,0,0
0.5556685185185185,0.1148667557524215,0,3
0.058877,1.004706547710029,0,1
0.7899738095238095,0.0419372457643923,0,3
0.7740129629629631,0.2351696716543119,0,3
0.4261261904761904,0.0641422546784287,0,0
0.096124,3.2398619422467854,1,2
0.5450266666666667,0.0512349684403656,1,3
0.0123891666666666,1.0,0,1
0.464275641025641,0.0540072741296135,0,0
0.6521642857142858,0.0327660329636485,0,3
0.00439625,1.0,0,1
0.9706658333333332,0.0489888626120542,0,3
0.68314,0.622702588761527,1,3
0.3892566666666666,0.1026991828256829,0,0
1.0233875,0.0427513401832443,0,3
0.9891222222222222,0.053919079033329,0,3
0.3488,0.0789780955001816,0,0
0.4288450354609929,0.163393974237038,0,0
0.7599666666666667,0.0586299079800947,0,3
0.0377416666666666,1.0326412056328156,0,1
0.8682679487179487,0.0350867983045927,0,3
0.3004238095238095,0.0317699727673809,1,0
0.5019,0.5997784919415857,0,0
0.1972472222222222,0.1015883613024197,1,0
0.0019938271604938,1.011416490486258,0,1
0.5818833333333333,0.2889404308246004,0,3
0.0051018518518518,1.0046701845517283,0,1
0.197847,0.0666668243027561,0,0
0.1417765151515151,1.2073509984175863,0,1
0.4657166666666666,0.0457047910428008,0,0
0.8366880952380952,0.0424141091359207,1,3
0.0764732142857142,1.0005571030640668,0,1
0.8909888888888889,0.0489917058168826,1,3
1.0096611111111111,0.0931563478107285,0,3
0.053457,1.0069119008297205,0,1
0.0132355555555555,1.0011753780733632,0,1
0.5259566666666666,0.0472403223876711,0,3
0.65884,0.0454205782026388,1,3
0.0077492424242424,1.0,0,1
0.0070533333333333,0.5943956256082941,0,1
0.0457123015873015,0.4506756526427719,0,0
0.50825,0.0784657333876082,0,0
0.1310966666666666,0.2508406440106175,0,0
0.0270933333333333,1.005,0,1
0.2573866666666666,0.4458380288792983,0,0
0.0542961538461538,0.403058281371047,0,0
0.0057583333333333,1.0,0,1
0.0670484848484848,0.6362346263008515,1,1
0.8111770833333333,0.0522025934231284,0,3
0.5754380952380952,0.0320710593558926,0,3
0.6866666666666668,0.0548853800508328,1,3
0.3314,0.0975354116966721,1,0
0.8522783333333332,0.0260863053421114,1,3
0.754260752688172,0.0950397424247138,0,3
0.0110805555555555,1.0,0,1
0.0543984375,0.1344039294220441,0,0
0.7993333333333333,0.2916225233428852,0,3
0.2305602150537634,0.0354852061591195,0,0
0.9300279761904764,0.0406842250667234,1,3
0.0159055555555555,1.0,0,1
0.0913916666666666,0.4344173825801868,0,0
0.39527,0.0419915121490989,0,0
0.7856381720430108,0.0471050176712982,0,3
0.6610666666666667,0.3066257381496609,1,3
0.0026616666666666,1.0,0,1
0.4174121212121212,0.0389903295189907,0,0
0.08649,0.600381226574617,0,1
0.6022055555555555,0.0583643386725221,1,3
0.7957166666666667,0.0475686550452328,0,3
0.2388745833333333,0.0439867811070221,1,0
0.89464,0.0565678214263585,1,3
0.3659766666666666,0.0697124435234878,0,0
0.0009433333333333,1.0,0,1
0.9549916666666666,0.0643573979485272,0,3
0.9613444444444444,0.0443521007219577,0,3
0.7317083333333333,0.0618520744016842,0,3
0.6990433333333332,0.0564425987272871,0,3
0.9081983333333332,0.0728629102745338,0,3
0.93125,0.0179165597945928,1,3
0.07645,1.0,0,1
0.2047333333333333,0.1040425887974944,0,0
0.8283284722222223,0.1032916859346589,0,3
1.077351851851852,0.0385798523684128,1,3
0.0609115384615384,0.2093891633006409,0,0
1.0114884615384616,0.0376980486637835,0,3
0.8837833333333334,0.0496604563882857,0,3
0.1385727272727272,0.0614886731391585,0,0
0.0066958333333333,1.0,1,1
0.7763777777777777,0.040948932169243,0,3
0.0052533333333333,0.5,0,1
0.0040071428571428,0.9448275862068964,0,1
0.7293151515151516,0.1819105491747963,0,3
0.000820202020202,1.0,0,1
0.8980025641025641,0.0409967053352164,0,3
0.0873111111111111,0.0661521983540868,0,0
0.94865,0.0545060711753634,1,3
0.3531833333333333,0.0357123990528012,0,0
0.033195652173913,0.3149585624025601,0,0
0.05761,1.0006091552450058,0,1
0.0115037878787878,0.8424125197819589,0,1
0.008640606060606,1.7300675687688918,0,1
0.0471266666666666,1.0036536934074662,0,1
0.0356844444444444,1.0022470701302104,0,1
0.8422733333333333,0.0611460229231058,1,3
0.2074583333333333,4.404601285098366,0,2
0.1373469696969697,0.0635971992620501,1,0
0.0089444444444444,0.8634450992113095,0,1
0.9834,0.0320110168905632,1,3
0.0799344086021505,0.0440731543014355,0,0
0.0390864583333333,0.9402360675332436,1,1
0.2373645833333333,0.4518678585316903,0,0
0.329801282051282,0.0367732373271359,0,0
0.0031308823529411,1.0969258263211203,0,1
0.7179544871794872,0.0289370143025857,0,3
0.7919933333333333,0.2285872894667147,0,3
0.3580446666666667,0.2334848902950747,0,0
0.5550666666666667,0.1732592297284107,1,3
0.0091428571428571,0.5,0,1
0.9866666666666666,0.0435044446703212,0,3
0.0295806666666666,1.0181524152903414,0,1
0.0353010416666666,0.9105263157894736,0,1
0.0144236666666666,1.0,0,1
0.2273678571428571,0.0586309363895849,0,0
0.3884444444444444,0.4801083972612149,0,0
0.2796148148148148,0.0478822307559424,0,0
0.0392433333333333,0.3333333333333333,1,0
0.0261641025641025,0.8,0,1
0.4751672043010753,0.0308967810858812,0,0
0.2358435897435897,0.0528492775076835,0,0
0.0146966666666666,1.0,0,1
0.7142965277777777,0.0367840332892887,0,3
0.985488888888889,0.0317382452711841,0,3
0.2531773809523809,0.0453919385585739,0,0
0.5832293650793651,0.0372855032947073,0,3
0.89055,0.0402928830008344,0,3
0.1270888888888889,1.0019275479228915,0,1
0.574095652173913,0.0389424110578217,0,3
0.9507166666666668,0.0446651929066917,0,3
0.1427708333333333,0.0428505419598174,1,0
0.0104451851851851,1.0,1,1
0.9238133333333332,0.0458664878866477,0,3
0.0646166666666666,0.7512943395680236,0,1
0.0198132352941176,1.0,0,1
0.0015847222222222,0.8,1,1
0.0020731884057971,1.0,1,1
0.0036869791666666,0.8558264299802761,0,1
0.4087472222222222,0.0403299621958075,0,0
0.7681433333333333,0.0461865571656379,0,3
0.0389566666666666,0.3392674109250896,1,0
0.8459666666666666,0.1222636250160203,1,3
0.9062055555555556,0.0551468770247816,0,3
0.5945397435897436,0.0376287527509207,1,3
0.0161471153846153,0.1015828532907671,0,0
0.6301055555555556,0.8706169404461525,0,1
0.4157946236559139,0.0521130350595562,0,0
0.69357,0.03585834802952,1,3
0.4909877777777778,0.0844066704526795,0,0
0.8736277777777778,0.0450551081239218,1,3
0.3034075757575757,0.0853826555788211,0,0
0.7375466666666667,0.0476593068280706,1,3
0.4127595238095238,0.1814833490190976,0,0
0.52865,0.1378996061690887,0,3
0.7888,0.0443682807197601,0,3
0.1492689393939393,0.1467506805190953,0,0
0.68677,0.0384053817283806,0,3
0.0170738095238095,1.002375923970433,0,1
0.7133733333333333,0.0478453857557255,0,3
0.0066364583333333,1.0,0,1
0.9054722222222222,0.064564671889238,1,3
0.4629354166666667,0.1416302674018476,0,0
0.6750552083333333,0.0806929736534884,0,3
0.9054833333333334,0.0465795872409987,0,3
0.1571125,0.0969940562242232,1,0
0.2189696969696969,0.056580589863273,0,0
0.4977583333333333,0.1110438144809505,1,0
0.1333916666666667,0.2741292428770815,0,0
0.0253392857142857,0.6682302452639908,0,1
0.1281927083333333,0.0418152246998836,1,0
0.15684375,0.3227990970654628,0,0
0.0063907407407407,1.0003097125867195,0,1
0.5715364864864865,0.1418769046139953,0,3
0.745,0.0381424340377709,0,3
-0.0013777777777777,5.0,1,2
0.7384466666666667,0.0381036018942614,0,3
0.5875966666666667,0.0397560712395364,0,3
0.9789333333333332,0.0464727393397446,0,3
0.8871583333333334,0.0696487629997357,0,3
0.9052230769230768,0.0454138350910552,0,3
0.1255666666666666,0.046188857865565,0,0
0.032362037037037,0.3952959857493361,0,0
0.0161791666666666,1.0,0,1
0.8772354166666666,0.0467136788215981,0,3
0.4024369047619047,0.0409557544292352,0,0
-0.009540909090909,4.816546253010341,0,2
0.0252384615384615,1.471835339680284,0,1
0.4304366666666666,0.5539524668686227,0,0
0.0287722222222222,1.000596060944031,0,1
0.03070625,0.0942146243855757,0,0
0.332842,0.2278347861218883,0,0
0.6273,0.0450400749715474,0,3
0.478035,0.0423210174156888,0,0
1.00795,0.0449899453387481,1,3
0.01835,0.8052599622724983,0,1
0.1556970085470085,0.0327243073235661,0,0
0.7613447368421052,0.0373823625005794,0,3
0.78366,0.0348224045344098,0,3
0.9247333333333332,0.0463462225059839,0,3
0.0187691666666666,1.021486892995273,0,1
0.3244511904761905,0.0554092851600442,0,0
0.5147755555555555,0.7598982078374108,0,1
0.345847619047619,0.2313843159867802,1,0
0.8980033333333334,0.0427097746289794,0,3
0.7903166666666667,0.0578525654695123,0,3
0.0270154761904761,1.0,0,1
0.0232243589743589,0.6957070549352059,0,1
0.61985,0.0758744905661408,1,3
0.8242083333333334,0.0533188621188835,1,3
0.1466055555555555,0.7675250399024617,0,1
0.134285,0.0900727723486556,1,0
0.004525,1.0,1,1
0.9724416666666666,0.0380681724386645,0,3
0.0047106666666666,1.0,0,1
0.0893766666666666,0.8133620318018249,0,1
0.7593826388888889,0.0417670232202782,0,3
1.0091089743589745,0.0402789432026861,0,3
0.0480266666666666,0.210266263383574,0,0
0.0036125,1.0,0,1
0.9411041666666666,0.0629884238125185,0,3
0.8979892857142857,0.0386307895723467,0,3
0.4748074561403509,0.0647844495870906,0,0
0.4867833333333333,0.1295271788117681,0,0
0.0093927083333333,1.0,0,1
0.5205868421052632,0.0769861861284391,0,0
0.213927688172043,0.0455260436705235,0,0
0.00485,1.0,1,1
0.93174,0.0373710805981579,0,3
0.0287233333333333,0.3420051121840386,0,0
0.5885152777777778,0.0323012938361912,1,3
0.0018488095238095,0.1016421192653072,0,0
0.0949111111111111,0.400170098600296,0,0
0.00136,1.0,0,1
0.003924074074074,0.7919385796545105,0,1
0.0385358974358974,0.8316843895973118,0,1
0.6565766666666667,0.0383830402842512,1,3
0.00325,0.0,1,0
0.4803391304347826,0.045630249332313,0,0
0.0101590579710144,1.0033847818917838,1,1
0.0005555555555555,1.0,0,1
0.0156620689655172,0.2980078596598745,1,0
0.3086204301075269,0.0427344326694949,0,0
0.0031794871794871,0.7,0,1
0.0197442857142857,1.004804873728594,0,1
0.0067791666666666,1.004887091338052,0,1
0.0361416666666666,0.0545456029228418,0,0
-0.0004126984126984,1.0,0,1
0.6347958333333333,0.0580135087426668,0,3
0.0067666666666666,1.0031486281743556,0,1
0.6567055555555555,0.0610723657864205,0,3
0.42397,0.0731055126767545,0,0
0.630145,0.0489103503369077,0,3
0.9200805555555556,0.0368442350756288,0,3
0.0647066666666666,1.0380495657458786,0,1
0.8503030303030302,0.0372933705454169,0,3
0.193553,0.0432618129901887,0,0
0.4840948717948718,0.0444948426331901,0,0
0.0488019047619047,1.0049880409471834,0,1
0.6752777777777778,0.6295616551324364,0,3
0.0150471428571428,0.9011777814143096,0,1
0.0444546296296296,0.4315152621113634,1,0
0.0343,1.0,0,1
0.0126069444444444,1.00163788875984,0,1
0.0143884615384615,0.8977101952140295,0,1
0.0208141025641025,1.0,0,1
0.4850266666666666,0.1559597532512808,0,0
0.2184642857142857,0.042329291465646,0,0
0.0089064102564102,1.0034618410700236,0,1
0.0011188888888888,0.1016421192653072,1,0
0.0126912698412698,0.1016421192653072,0,0
0.6632208333333333,0.1947098314535166,0,3
0.1202083333333333,0.1568067648741703,1,0
0.2244716666666666,0.040310053618985,1,0
0.0153351851851851,1.0024647887323943,0,1
0.6144759259259259,0.45833405201544,0,3
0.5433333333333333,0.0427646867620506,0,3
0.7447925925925926,0.0485902498315832,1,3
0.309736,0.13475004970122,0,0
0.937325,0.0556850908360345,0,3
0.0185763888888888,1.0003612903225807,0,1
0.0370929487179487,0.6814616294456917,1,1
0.003,0.6666666666666666,1,1
0.0801020833333333,0.469511518179295,1,0
0.0022550925925925,1.004953236340134,0,1
0.5450045045045044,0.108619023039216,0,3
0.7215984126984126,0.0413059276631573,0,3
0.6181766666666666,0.0439417814999239,0,3
0.3201390804597701,0.0486403362636788,0,0
0.9107539215686274,0.0457789416979183,0,3
0.1199,0.8039197497581678,0,1
0.7778809523809523,0.2424951731183175,0,3
0.4013520833333333,0.2589392240042228,0,0
0.3364958333333334,0.6010938798976284,0,0
0.0366138888888888,1.0,0,1
0.0018316666666666,0.7516455731001916,0,1
0.96738125,0.207689337199386,0,3
0.6158866666666667,0.0579491422497117,0,3
0.2121533333333333,0.8127455894953263,0,1
0.012378125,0.4,0,0
0.0184379310344827,0.7633892980103966,0,1
0.9959222222222224,0.0444315642681834,0,3
0.8130156862745097,0.0353169288459442,0,3
0.2408133333333333,0.1073674521992986,1,0
0.5943729166666667,0.0412169542656393,0,3
0.569897619047619,0.042621408966286,0,3
0.5986305555555556,0.0716299644296549,0,3
0.7912520833333333,0.0349021372393227,0,3
0.002628,1.0,0,1
0.0225395833333333,1.0005402667567111,0,1
0.0207041666666666,0.8131872717788211,0,1
0.1101154761904761,0.0545801752942618,0,0
0.0006555555555555,1.004043126684636,0,1
0.0021066666666666,0.6,1,1
0.3911166666666666,0.2433257366897625,0,0
0.6254233333333333,0.0382345911303117,1,3
0.0571064814814814,0.3719755743144529,0,0
0.0324981481481481,1.0001007112733682,0,1
0.9037583333333334,0.059423074425782,0,3
0.8416298850574713,0.0837621770203766,0,3
0.3983592592592593,0.0369694745055117,0,0
1.003083333333333,0.0423663061757549,1,3
0.054971875,0.742227694028879,0,1
0.09908125,0.6496141223706007,0,1
0.5441565217391304,0.0368242852986899,0,3
0.2696375,0.0924811896303332,0,0
0.3941702380952381,0.0528483781373754,1,0
0.3436849462365591,0.0507345854698952,0,0
0.5645433333333334,0.0450600508279053,0,3
0.9594738095238096,0.0327133676865232,0,3
0.0110712121212121,0.1016421192653072,0,0
0.02275,0.9,0,1
0.5520916666666666,0.6456047003571755,0,0
0.0180477777777777,1.0,0,1
0.0074542553191489,1.0,1,1
0.9388416666666666,0.0417666406528482,1,3
0.2244553191489361,0.3101529376126588,0,0
0.0100183908045977,1.004743232603153,1,1
0.0313571428571428,0.8900083593646883,0,1
0.3130666666666666,0.2212889545063054,0,0
0.836425,0.0419537382717953,1,3
0.7966966666666667,0.0430463762236647,0,3
0.0503574561403508,0.9542648528092728,0,1
0.0284449275362318,0.5419476480313004,0,1
0.0147628205128205,1.001340882002384,0,1
0.0508422222222222,0.9177029504400748,0,1
0.480735,0.1425401710525138,0,0
0.0020478632478632,1.0,0,1
0.0018416666666666,0.6830601092896175,1,1
0.6411476190476191,0.0380913052179659,1,3
0.0043529411764705,1.0,1,1
0.0916154166666666,0.1485364968188472,0,0
0.9314522222222222,0.0419403691570048,1,3
0.0083229166666666,1.265,0,1
0.004726923076923,0.75,1,1
0.0024208333333333,1.0,1,1
0.0118119047619047,1.0,0,1
0.8448208333333334,0.0725704062301263,0,3
0.9374,0.0846254184491957,1,3
0.84785,0.0454524085331771,1,3
0.1048816239316239,0.1864538918223484,0,0
0.7352083333333332,0.0327805944066846,1,3
0.608225,0.0811498486355343,1,3
0.8233059523809524,0.0431294597741308,1,3
0.0175805555555555,2.019958110470651,0,1
0.8968642857142857,0.038268429816366,0,3
0.6304,0.0447962748746168,0,3
0.76839,0.2753559866022785,0,3
0.7271576923076923,0.0417693096255072,0,3
0.48672,0.1055801635955484,0,0
0.418275,0.0216288336809089,0,0
0.4644879629629629,0.0373854657826965,1,0
0.8117764367816092,0.2874204749408854,0,3
0.1924941666666667,0.0383780109242511,0,0
0.4218861111111111,0.0712035531162651,0,0
0.1540019607843137,0.9318003554592288,0,1
0.3552294117647059,0.0372622579379082,0,0
0.0462954954954954,1.0004863167256928,0,1
0.7089,0.0697492289043831,0,3
0.0181803333333333,1.0173438152163052,0,1
0.4078452380952381,0.0467756054477596,0,0
0.4016577777777778,0.037182378701777,0,0
0.0849155555555555,1.0093831029305496,0,1
0.4503962962962963,0.4399414704943939,0,0
0.008235,1.0,0,1
0.636095238095238,0.0816349351194165,0,3
0.4509633333333334,0.0452172236637166,0,0
0.4589361111111111,0.0609044081936596,0,0
0.5155351190476191,0.1497019499154659,0,0
0.0153291666666666,1.001589272411224,0,1
0.7742641666666668,0.0576840949069977,1,3
0.5420895833333333,0.0315912634466136,0,3
0.9839883333333332,0.0365102652876201,0,3
0.8663533333333333,0.0378475696023967,0,3
0.5983785714285714,0.0315388820070607,1,3
0.4769111111111111,0.0937241016727151,0,0
0.2229513605442176,0.0364197611446035,0,0
0.955902380952381,0.040866842481505,0,3
0.6557333333333333,0.0319605136694103,0,3
0.6777666666666666,0.4601340273348588,0,3
0.5448619047619048,0.0392461171741165,0,3
0.9793708333333334,0.033453393205868,0,3
0.0013805555555555,1.0,0,1
0.0268009259259259,1.0333333333333334,1,1
0.0760783333333333,0.8487667657773592,0,1
0.6480933333333334,0.4839718058273095,0,3
0.8304533333333333,0.0551297545087226,0,3
0.7259907407407407,0.0658604424522804,1,3
0.0166763888888888,1.0005152425933876,1,1
0.6580291666666667,0.2148908225406232,0,3
0.8223875,0.0675200989438174,1,3
0.0524845679012345,0.59770069764401,0,1
0.8788350877192982,0.0488615346209734,1,3
0.0042253623188405,1.0,0,1
0.171195,0.1444970958270822,0,0
0.4139202380952381,0.1121332563517309,1,0
0.72705,0.0401584159369225,0,3
0.4978483333333333,0.0879122725902046,0,0
0.0045383333333333,1.006290542567835,0,1
0.6275666666666667,0.5293001251341615,0,3
0.8275416666666666,0.1001728244360079,0,3
0.0022372549019607,0.8,0,1
0.2095885416666666,0.0906885062365126,0,0
0.2109166666666666,0.1280261749289217,0,0
1.012588888888889,0.0411770863567249,0,3
0.909475,0.0606238788411173,1,3
0.2383416666666666,0.1915992924685536,0,0
0.2203,0.2662795463178103,1,0
0.0003037037037037,0.6666666666666666,1,1
0.025,1.0,1,1
0.0005493827160493,1.6891615541922291,0,1
0.1885747619047619,0.1235166158594696,0,0
0.3686583333333333,0.2092563027521611,0,0
0.0080083333333333,1.0,0,1
1.10575,0.0475869715420017,0,3
0.4069944444444445,0.1573253093771139,0,0
0.0052625,1.0,0,1
0.8548536231884059,0.1363906992557604,0,3
0.0043347222222222,1.022609567844605,0,1
0.0083539215686274,1.147956884145226,0,1
0.0142586956521739,1.0029140141277424,0,1
0.0133841269841269,1.004741709227878,0,1
0.1068680555555555,0.1315732174329217,0,0
0.932485,0.0381286564820652,1,3
1.004,0.0766107153869356,0,3
0.3979519047619047,0.0396736510159056,0,0
0.0109960144927536,0.9041148383759668,0,1
0.0296162698412698,1.0054736477396522,0,1
0.45358,0.608369871928873,1,0
0.2485854166666666,0.7633237556770784,0,1
0.4498543650793651,0.2762886271961194,0,0
0.2834681818181818,0.1115613487866288,0,0
0.2405527777777777,0.0460160779329035,0,0
0.8335833333333333,0.0451126092795751,0,3
0.144002688172043,0.0487318621436326,0,0
0.0238333333333333,1.8154943934760448,0,1
0.0776296296296296,0.801537916540551,0,1
0.0516708333333333,0.3382378554799,0,0
0.4218285714285714,0.0602367798138736,0,0
0.4095947222222222,0.2667126866757145,0,0
0.0262744444444444,0.2043234966600935,0,0
0.0739355555555555,0.791451099527992,0,1
0.91559,0.043381344980894,0,3
0.955,0.0374932802830885,0,3
0.8679233333333333,0.0422098807612689,1,3
0.0273717948717948,0.8047813036020584,0,1
0.0201653846153846,1.0,0,1
2.0719854166666667,0.0346363974576485,0,3
0.6813079365079364,0.0390807526734261,0,3
0.1078142857142857,0.6882022926111196,0,1
0.6102433333333334,0.0377201625671896,1,3
0.0470355072463768,1.0,0,1
0.0978455555555555,0.1548843319038931,0,0
0.4385777777777778,0.065687660690174,1,0
0.3703122807017543,0.1420211922658296,0,0
0.0488644444444444,0.5082804792107117,0,1
0.0224496527777777,1.0072713306253835,0,1
0.5352472222222222,0.045528437332761,1,3
0.0357142857142857,1.0,0,1
0.6268055555555556,0.0700313296586926,0,3
0.3631533333333334,0.0764140913943698,1,0
0.8389333333333334,0.0901367118645375,1,3
0.8124766666666667,0.0358112038968064,0,3
0.0007475,4.677268475210477,0,2
0.9679722222222222,0.1059483919314484,0,3
0.59919,0.0405386061976125,0,3
0.0002714285714285,0.3333333333333333,1,0
0.60666,0.0446801388118308,0,3
0.08854,0.7801771503737547,0,1
0.55715,0.0288850433565494,0,3
0.2612273809523809,0.0445011491618575,0,0
0.9472925,0.039989589706698,1,3
0.6125166666666667,0.0717206008623673,1,3
0.7805583333333334,0.0657585653621879,1,3
0.0021416666666666,1.0,0,1
0.812466091954023,0.0359455328720603,0,3
0.1222424242424242,0.1233528373812373,0,0
0.0630583333333333,0.5960327455919395,1,1
0.4319958333333333,0.0573806685788273,0,0
0.0017751851851851,1.0,0,1
0.1897644444444444,0.6194089263574251,0,1
0.49979375,0.0456239807423311,0,0
0.2504854166666666,0.2322408648146346,1,0
0.9743333333333334,0.0507460797669527,0,3
0.8226233333333333,0.0378555194731279,0,3
0.021551282051282,1.0055418462628445,0,1
0.8392024509803921,0.0407371847040624,0,3
1.0893964743589744,0.0438327291141626,0,3
0.36128,0.3964215112063984,0,0
0.2014265151515151,0.7535912696824196,0,1
0.1559411458333333,0.0461032988079174,0,0
0.517,0.0712543110551596,0,0
0.0870785714285714,0.4228830894603298,0,0
0.970340476190476,0.0426733532984489,0,3
0.4546818627450981,0.0387068627296011,0,0
0.0687766666666666,0.0814211863713158,0,0
0.3039166666666666,0.5300246919588006,0,0
0.1590866666666666,0.3125926635139858,0,0
-0.0007494444444444,1.108058608058608,1,1
0.77665,0.0966997904047274,0,3
1.4234416666666667,0.0632705550803846,1,3
0.1863261904761904,0.1368625076150497,0,0
0.6342233333333334,0.2725508071785626,1,3
0.1865579710144927,0.066191447511351,0,0
0.0669861111111111,0.2432506132658396,0,0
0.0639388888888888,1.286854531532386,0,1
0.1810555555555555,0.0490010043782239,0,0
0.0222,0.7829861111111112,0,1
0.034523,0.6,0,1
0.0452958333333333,1.0,1,1
0.971874074074074,0.0390425108305167,0,3
0.0121677536231884,0.9479955697195204,0,1
0.3225144444444444,0.6107619343552445,0,0
0.973775,0.0607458108312461,1,3
0.47888,0.0321762274215111,0,0
0.0096845238095238,0.823669151858091,0,1
0.0109953703703703,0.4608294930875576,0,0
0.0107847222222222,1.016062413951354,0,1
9.074074074074076e-05,1.0,0,1
0.0642875,1.001965230536659,0,1
0.936861111111111,0.0490186568945344,0,3
0.4425310606060605,0.0405916486368425,0,0
0.0005,1.0,0,1
0.0195471014492753,0.8001463363645867,1,1
0.0890830952380952,0.4220944891326475,0,0
0.7627416666666667,0.0375009138176215,0,3
0.0089294871794871,0.6908396946564885,0,1
0.26065,0.1276736957020901,0,0
0.2724333333333333,0.206555871930856,1,0
0.7535333333333333,0.0402316213316451,0,3
1.0146833333333334,0.2254426881588619,0,3
0.0440638888888888,1.4438345578159022,0,1
0.052940909090909,0.3252952790856613,0,0
0.8434083333333334,0.0484462387774072,1,3
0.6028611111111111,0.0500217534253537,0,3
0.2530466666666667,0.0977835723598435,0,0
0.2170261904761904,0.5448673090380578,0,0
0.0088196428571428,0.8847826086956522,0,1
0.1102766666666666,0.8339955322879715,0,1
0.0424063492063492,1.0502397614246743,0,1
0.0168990566037735,1.000375590343788,0,1
0.6679622222222222,0.0402600461180611,0,3
0.746475641025641,0.0319697238953579,0,3
0.3001230769230769,0.0487092060399415,0,0
0.004875,1.0,0,1
0.3166566666666667,0.4896350607509151,0,0
0.80942,0.0611131225427779,0,3
0.7707333333333333,0.0544892345782557,1,3
0.2213166666666666,0.4817478992355886,0,0
0.0047738095238095,0.8,0,1
0.54215,0.2274576954265942,1,3
0.00964,0.4737519185695711,0,1
0.36426,0.7581911782708188,0,1
0.0362311403508772,1.0269752573019797,0,1
0.8009711111111112,0.0380393492909476,0,3
0.8792583333333334,0.0306495728619389,1,3
0.97242,0.0396483295792723,1,3
0.62686,0.2439418767124265,0,3
0.2356166666666666,0.2120039873638777,0,0
0.38597,0.0516970200874785,0,0
0.9544277777777778,0.0362294767230507,1,3
0.6647166666666666,0.0549405629116184,1,3
0.1465519607843137,0.1362667980230248,1,0
0.1967833333333333,0.1064061894181352,0,0
0.4649166666666667,0.1428476777313986,0,0
0.5696166666666667,0.0580647956076878,0,3
0.1733966666666666,0.0378229131207685,0,0
0.2260306666666666,0.0430100850983507,0,0
0.3130574074074074,0.3675206164544443,1,0
0.9261,0.0531911417294573,0,3
0.3970333333333333,0.0480045478093302,0,0
0.1014083333333333,0.9363538295577132,1,1
0.4672651515151514,0.0350469696746207,1,0
0.7615333333333333,0.0891934256620482,0,3
0.8971154471544714,0.0362555610847349,0,3
0.0121511111111111,1.0028290896987853,0,1
0.0162295238095238,1.0,1,1
0.0033339743589743,1.002890830862076,0,1
0.0640416666666666,1.0863988922666046,0,1
0.0005315476190476,0.5,1,1
0.0077475,1.0,1,1
0.4838840579710144,0.0387593503645397,0,0
0.00285,1.0,0,1
0.0238460784313725,0.8,0,1
0.6423833333333333,0.0367711827100421,0,3
0.1227583333333333,0.6266352413266403,0,1
0.0062739130434782,1.0,0,1
0.0932538095238095,1.0047531430984031,0,1
0.4333005952380953,0.035357804167242,0,0
0.59072,0.0448872437480463,1,3
0.1539222222222222,1.0427492536616343,0,1
0.26382,0.2257067960414161,0,0
0.01206875,1.164087167205469,0,1
0.56577,0.0377974122127739,1,3
0.0043333333333333,1.0,1,1
0.2562166666666666,0.1521843781923575,1,0
0.1019333333333333,1.031765563759001,0,1
0.3144818181818182,0.1178967736160962,0,0
0.5296873983739837,0.5239832828682178,1,0
0.887225,0.07349710013916,0,3
0.7795333333333333,0.0395685119848925,0,3
0.1702266666666666,1.0240017338460417,0,1
0.0256070512820512,0.91000638872532,0,1
0.1524597701149425,0.5950607633115352,0,1
0.1405722222222222,0.5289545787300425,0,0
0.1315111111111111,0.2601083128131233,0,0
0.0149615384615384,0.6059485744982199,0,1
0.0373527777777777,1.0168184649857686,0,1
0.38763625,0.2532320774554873,0,0
0.1635433333333333,0.5360942031685892,0,0
0.0027508333333333,1.0893655049151028,0,1
0.0165,0.8094440567573855,0,1
0.7871212962962963,0.0507863437658575,1,3
0.4322133333333333,0.0378755749503717,0,0
0.9517361111111112,0.0333753912988549,0,3
0.067858,0.4339448329505113,0,0
0.2075041666666666,0.0768438678527762,0,0
0.0025086021505376,1.0,0,1
0.6620565217391304,0.0368300882113495,1,3
0.0205291666666666,0.1016421192653072,0,0
0.4592638888888889,0.0709428512387265,0,0
0.0048922222222222,1.0,0,1
0.001945,1.0025706940874035,0,1
0.0259101449275362,1.000084539786537,0,1
0.2908583333333333,0.1787059795768833,1,0
0.4152066666666666,0.0458427693413462,0,0
0.7299857142857142,0.0447380065427578,0,3
0.0804366666666666,0.1092683393088,0,0
0.8463833333333334,0.0712981598140865,0,3
0.0045719512195121,1.0,0,1
0.6315666666666667,0.0537053963803768,0,3
0.0447333333333333,0.6230239019320906,1,1
0.7318203703703703,0.0600095187912742,0,3
0.1690589743589743,0.0773034089574474,0,0
0.8836,0.041724852132835,1,3
0.0015416666666666,1.0,1,1
0.6482833333333333,0.0337431945561468,0,3
0.027075,0.7136375561579411,0,1
0.7869583333333333,0.0447141535063016,1,3
0.3909166666666666,0.4983755564947569,0,0
-0.0002711111111111,1.211827435773146,0,1
0.9361690476190476,0.0411295552154678,1,3
0.253895,0.1437438602834937,0,0
0.032685,0.3513736121501879,0,0
0.9901833333333332,0.0333491774931394,1,3
0.5266333333333333,0.0504325676057949,0,3
0.7052,0.1328617339578593,0,3
0.0357597222222222,0.863525307750687,0,1
0.0464475308641975,1.0027458692788045,0,1
0.0017416666666666,1.0,0,1
0.617726388888889,0.2210441344462352,0,3
0.0748397435897435,0.7220877367375227,0,1
0.6682,0.1397025864528564,0,3
0.9076833333333334,0.1310705950444965,0,3
0.0175270833333333,0.8,0,1
0.6387392857142857,0.0429100288286199,0,3
0.2547333333333333,0.1011338239102124,0,0
0.1094696969696969,0.2822815914126396,0,0
0.0078015151515151,0.7048034934497817,0,1
0.8531488372093023,0.07021554919734,0,3
0.847275,0.1382157839504047,0,3
0.00439625,1.0,0,1
0.2818416666666666,1.0435236553446507,0,1
0.37606,0.075633666196781,1,0
0.10531,0.1952992590795961,0,0
0.7633583333333334,0.1794812030022872,0,3
0.0269453703703703,0.6869924120002314,0,1
0.610401388888889,0.0567750385120078,1,3
0.059290625,0.1277014042142037,1,0
0.2206892473118279,0.0690982502515406,0,0
0.140695652173913,0.5149495659313456,0,0
0.7341366666666668,0.0321430208035199,1,3
0.0339071428571428,1.0013475116998665,0,1
0.1046111111111111,0.1016421192653072,0,0
0.5861133333333334,0.0270336190989945,0,3
0.8475314814814814,0.0560142964914817,0,3
0.3307966666666666,0.0908894582398375,0,0
0.0037878787878787,0.0,1,0
0.1795125,0.1458462010186655,0,0
0.3106243589743589,0.0335932930227629,0,0
0.0010787356321839,1.0,0,1
0.8076766666666667,0.0432389270849799,1,3
0.5391971014492754,0.1297461072698954,0,3
0.956386111111111,0.0377071378385833,0,3
0.0844974358974359,0.4470646178742815,1,0
0.2717216666666667,0.0551268924325793,0,0
0.479425,0.4572488926604556,0,0
0.7083845238095238,0.0507042738131446,0,3
0.979887037037037,0.0341511472116449,1,3
0.0365614583333333,0.3930844581815925,1,0
0.7783833333333333,0.0588614532031376,1,3
0.0002543478260869,1.0,0,1
0.2740564516129032,0.118673972631521,0,0
0.0767935897435897,0.1392361433096974,0,0
0.0421216666666666,0.6123866882663295,0,1
0.1820888888888889,1.0007027725696367,0,1
1.022166666666667,0.0293295449337793,1,3
0.4508880952380952,0.0364470056318396,0,0
0.0080491666666666,1.0,0,1
0.0122911111111111,1.0,0,1
0.00901875,1.0,0,1
0.4442666666666667,0.5390904944947553,0,0
0.30435,0.0682290458181498,0,0
0.010859420289855,1.0,0,1
0.1002276315789473,1.0017535557920174,0,1
0.98938,0.0336752694163662,0,3
0.9588,0.0695973384409283,1,3
0.0135123188405797,1.004839897148286,0,1
1.0330722222222222,0.0216174134200199,0,3
0.2867125,0.5064133782789767,0,0
0.2839055555555555,0.0501099426866177,1,0
0.5248555555555555,0.2963201830406905,0,0
0.620528787878788,0.2318231611206584,0,3
0.4902733333333333,0.2053350484580321,0,0
0.0721725,0.0724215819828178,0,0
0.18568,1.101300766808049,0,1
0.0165226666666666,0.7311408257672589,0,1
0.6534880952380953,0.0480236521560821,1,3
1.0388555555555556,0.0309530863031792,0,3
0.2779873333333333,0.051878939812012,0,0
0.7460523809523809,0.7043848059034256,0,3
0.8737666666666666,0.0770607427240769,1,3
0.3830833333333333,0.0436345022233614,0,0
0.008955,1.0016638935108153,0,1
0.6040166666666666,0.0888035447008144,1,3
0.2013150793650793,0.0365402765979984,0,0
0.8460313725490196,0.0385510574107733,0,3
0.6473106060606061,0.0324680768242311,0,3
0.0971072222222222,1.0043709266162928,0,1
0.5884916666666667,0.0493318254666608,0,3
0.11738,0.2198997560056294,0,0
0.00232,1.0,0,1
0.0841,0.984220050669562,0,1
0.0130441666666666,0.8,0,1
0.7741866666666667,0.0535047132484378,0,3
0.83490625,0.0482004711950651,0,3
0.0431925,1.0,0,1
0.350035,0.048245182411666,1,0
0.3816625,0.6,0,0
0.4468466666666666,0.0597682511868018,1,0
0.7809583333333333,0.0767058386176386,0,3
1.0160966666666666,0.0282738391044296,1,3
0.02998,0.75,0,1
0.1099316666666666,0.6208055026928866,0,1
0.3811418803418803,0.0597807288328357,0,0
0.91008,0.0562906924040076,0,3
0.3744416666666667,0.1115296549459619,0,0
0.0001041666666666,0.1016421192653072,0,0
0.2730722222222222,0.0193060566515698,1,0
0.0557366666666666,0.8040070713022981,0,1
0.9535833333333332,0.0235185606276527,0,3
0.4416,0.1140287962519624,1,0
1.000192857142857,0.0411336997716544,0,3
0.4087916666666666,0.3233926393911826,0,0
0.0006964285714285,1.0,1,1
0.65931,0.113103613720154,0,3
0.4948366666666666,0.1263042462278279,0,0
0.0979587121212121,0.4488172492580024,0,0
0.4994980769230769,0.0290752308664642,0,0
0.0226245098039215,1.0,0,1
0.5615888888888889,0.0480866643902597,0,3
0.6915742424242424,0.0358135208230373,0,3
0.0469475,0.5691760592114237,0,1
0.0005733333333333,1.0,0,1
0.4522833333333333,0.0983491891350145,0,0
0.5971133333333334,0.0923462967960728,0,3
0.0262666666666666,0.5924102123507075,0,1
0.0390295238095238,0.6205819897458825,0,1
0.0942047619047619,0.1239500738800532,0,0
0.0235076923076923,0.7177758745373344,0,1
0.0031694444444444,1.0,0,1
0.8551960784313726,0.0444394114394321,0,3
0.8110533333333333,0.0813938127883762,1,3
0.86418,0.0500953754421223,1,3
0.8505155555555555,0.0337760096388486,1,3
0.0010791666666666,0.8,1,1
0.8463583333333334,0.0859124588874867,1,3
0.7855166666666668,0.1686537225527457,0,3
0.9923,0.0510800339512134,0,3
0.7102944444444445,0.0529025450588524,1,3
0.2042066666666666,0.2118123772420427,0,0
0.4270666666666667,0.4507014033795077,0,0
0.4609266666666666,0.166115433062205,0,0
0.295847619047619,0.0641449324397464,1,0
0.1801071428571428,0.2403649562115442,0,0
0.2549039682539682,0.0823963639167979,0,0
0.04201,0.6796421677404647,0,1
0.07164,0.4349266362577623,0,0
0.4742883333333333,0.068060557381016,0,0
1.1025277777777778,0.0412665111419707,0,3
0.9426863095238096,0.0380051796882456,1,3
0.2921018518518519,0.9167864011845008,0,1
0.8157020833333333,0.0378345780913689,0,3
0.0393916666666666,1.0034186566185168,0,1
0.1249444444444444,0.2127740218093595,0,0
0.1474,0.7056605211406096,0,1
0.3722364583333333,0.9918631750961352,0,1
0.0047158333333333,1.0,0,1
0.6154933333333333,0.4039635853436832,0,3
0.0094077777777777,1.0007785130400937,0,1
0.7145055555555556,0.0794595786688135,1,3
0.2144966666666666,0.0658441644732604,0,0
0.8679007246376811,0.0377344449668795,0,3
0.0067333333333333,0.1016421192653072,0,0
0.0069270833333333,1.2017171837875864,1,1
0.9174281609195404,0.0443251404416533,1,3
0.0051515151515151,1.0003704046670987,0,1
0.9256881944444444,0.0393059007735464,0,3
0.4491566666666666,0.0558564717805143,1,0
0.0766180555555555,0.9374051454325204,0,1
0.2436591666666666,0.0439287290803374,0,0
0.8262690476190476,0.0521760903616869,0,3
0.0898755555555555,1.000080032012805,0,1
0.6907966666666667,0.228540562114279,0,3
0.0001613095238095,1.0,0,1
0.1865944444444444,0.1507962268496117,0,0
0.0342070175438596,1.0005,0,1
0.1253921875,0.7937097221071351,0,1
0.2887777777777778,0.255400859933793,0,0
0.0162885416666666,1.0,0,1
0.0058130769230769,1.0047362545591088,0,1
0.4822216666666666,0.0393077309389553,0,0
0.378575,0.210730681749554,0,0
2.3871083333333334,0.0466823366597137,0,3
0.9492666666666668,0.0383442343020977,0,3
0.7482133333333333,0.0432191891121322,0,3
0.5615111111111111,0.056168802500848,0,3
0.2830880952380952,0.3795328913141582,1,0
0.3466916666666667,0.330666910608771,0,0
0.5563782051282051,0.0380384631410683,0,3
0.2981961538461538,0.2044888497686973,0,0
0.8709416666666667,0.0473943189154364,0,3
0.3169041666666666,0.2480336935719477,0,0
0.4977633333333333,0.1937943433554647,0,0
0.0077866666666666,1.7555723038023925,0,1
0.1304944444444444,0.0547457654548005,0,0
0.4301888888888888,0.6885568834904813,0,1
0.6987666666666666,0.9099947642297176,0,3
0.082713492063492,0.9704853203065305,0,1
0.8887904761904762,0.060674451735683,1,3
0.9222944444444444,0.0222653392283469,0,3
0.5433616666666666,0.0417154717778142,0,3
0.0040078431372549,1.0,0,1
0.9731125,0.0397290198200473,0,3
0.5376244047619048,0.2463848146473406,0,3
0.7283,0.0411420514751633,0,3
0.8700648148148148,0.0354390175484022,0,3
0.9243666666666668,0.0286909440583275,0,3
0.0020733333333333,0.6666666666666666,0,1
0.5308777777777778,0.0882500247744106,0,3
0.0831488888888889,0.4067001438703911,0,0
0.8973583333333334,0.2462182609658717,0,3
0.093681884057971,0.1529351036570001,0,0
0.0702388888888888,0.2129537806570727,0,0
0.7557357142857143,0.0358822097669365,0,3
0.8990866666666667,0.0376495356709951,1,3
0.3198423076923077,0.0392939819070953,0,0
0.1501970588235294,0.1800963735388742,0,0
0.14318,0.0971822191759933,0,0
0.3441888888888889,0.7480073135554364,0,1
0.0071785714285714,1.0039218799048992,0,1
0.85635,0.0421439762127106,0,3
0.0025224137931034,0.9041005291005292,1,1
0.1025444444444444,0.3996842671241688,1,0
0.949125,0.0693562947638955,0,3
0.0247569892473118,1.0066528937756023,0,1
0.0691666666666666,1.0,0,1
0.35905,0.0723767423651251,0,0
0.3783366666666666,0.0837737358929735,0,0
0.6024727272727273,0.0684246472692498,0,3
0.3089541666666666,0.1013470237080427,0,0
0.7011166666666667,0.0354571320253185,1,3
0.0441530303030303,0.2165697999016272,0,0
0.0297804597701149,0.1240069497474108,0,0
0.0501666666666666,1.0,0,1
0.3325333333333333,0.1328626091256348,1,0
0.0153027777777777,1.0176401231483472,0,1
0.7053480392156863,0.0363194157365672,1,3
0.79298,0.0307534262904766,1,3
0.0945839285714285,0.0492395386579605,0,0
2.726269444444444,0.04704636448742,0,3
0.0861381944444444,0.6094165920317358,0,1
0.0446058333333333,1.0017443609022556,0,1
0.595325,0.0806424842480304,0,3
0.981090251572327,0.0406430960210048,1,3
0.8851,0.1993889099709071,0,3
0.0050071428571428,0.1016421192653072,1,0
0.9465633333333332,0.0426896172193695,0,3
0.0140018518518518,0.7563734862970045,0,1
0.0395475,0.8084727874064048,0,1
0.7751033333333333,0.0385236589032827,0,3
0.2816008771929824,0.2774769100604971,0,0
0.3937214285714285,0.0508184650852635,0,0
1.0000640350877192,0.0363968553842269,0,3
0.8720833333333334,0.1105413428160345,1,3
0.7422064814814814,0.1839528577336387,0,3
0.0074166666666666,1.0,1,1
0.985485,0.0293740237022404,1,3
0.0471739583333333,0.2777424054732667,0,0
0.2348877777777777,0.3539884388329196,0,0
0.4598513888888889,0.0396430670109476,0,0
0.3310755319148936,0.0405530055293003,0,0
0.0980351851851851,0.2602093866262695,0,0
0.9588733333333332,0.0276889581627113,0,3
0.0041816666666666,0.3333333333333333,0,0
1.0389333333333337,0.1411242945129993,0,3
0.0070083333333333,0.8,0,1
0.0082013888888888,1.0,0,1
0.276,0.8077363763080145,0,1
0.3450333333333333,0.3230498196948724,0,0
0.6146611111111111,0.1271724194348316,0,3
1.0146433333333331,0.038747001281462,1,3
0.7308666666666667,0.0797961193809232,0,3
0.1005314814814814,0.5114000935490449,0,1
0.5356573333333333,0.0435925404431678,0,3
0.7176132183908046,0.0340281011185684,0,3
0.4017920634920635,0.0413286145086846,0,0
0.6904895833333333,0.038581915379289,0,3
0.2075029166666666,0.5223007555447233,0,0
0.0190708333333333,0.6,1,1
0.6630130303030304,0.0437197132220385,0,3
0.3990777777777778,0.2990894463718527,1,0
0.4239285714285714,0.0658329548050665,0,0
0.0071541666666666,1.0004239533651298,0,1
0.8344416666666666,0.0526777584871899,0,3
0.9968138888888888,0.0374032521414057,1,3
0.7762166666666667,0.2153212184553467,0,3
0.3987729166666666,0.0424133956319063,0,0
0.573225,0.085198024451973,0,3
0.5786533333333334,0.0830237272356443,0,3
0.7995083333333333,0.0803686747792331,1,3
0.5041696969696969,0.0377666870406286,0,0
0.4296766666666666,0.0542875916772494,0,0
0.4888446428571428,0.0540735632357172,0,0
-0.0094633333333333,1.0,0,1
0.1750133333333333,0.8019999999999999,0,1
0.6097566666666666,0.0577026828236619,0,3
0.2721222222222222,0.0901026841726689,0,0
0.2577591954022988,0.0583812515738555,0,0
0.4979444444444444,0.0602346367021841,1,0
0.005099537037037,0.7466395112016293,0,1
0.0269883333333333,1.0,0,1
0.075401282051282,0.1294887474617754,0,0
0.1729866666666666,0.1784780881664052,1,0
0.6563333333333333,0.0428808639924564,1,3
0.0009428571428571,1.0099255583126552,1,1
0.9624166666666668,0.0504432714116263,0,3
0.0520371794871794,0.1207227747668709,0,0
0.2820398550724637,0.0476324426971178,0,0
0.4765983333333333,0.0559296177214091,0,0
0.00403,0.1016421192653072,1,0
0.3079587301587301,0.090810469513211,0,0
0.0742535087719298,0.4746395678089833,1,0
0.8362183760683761,0.1375654024387577,0,3
0.0171699275362318,0.7694172551642792,0,1
0.5107866666666666,0.0481668376028214,0,0
0.4467833333333333,0.0377006020388352,0,0
0.0604402777777777,1.000698619183669,0,1
0.0888222222222222,0.5950274262517556,0,1
0.9519944444444444,0.0492027654860175,0,3
0.0647388888888888,0.859009961236816,0,1
0.0011903508771929,0.8023212521343395,0,1
0.0015508333333333,1.003367310831326,0,1
1.1530861111111113,0.0309311865124207,0,3
0.2610785714285714,0.0552648279254098,1,0
0.5140027777777778,0.5254372563192199,0,0
0.3404981481481481,0.2495984148998208,0,0
0.3244844444444444,0.0502173881917994,0,0
0.0413560975609756,0.6897091373199208,0,1
0.56298125,0.0358767302440118,0,3
1.0275907894736842,0.0219926185899844,1,3
0.0036066666666666,1.0049019607843137,1,1
0.9116333333333334,0.0720246770607682,0,3
1.3362571428571428,0.0323279984572528,0,3
0.9336150793650794,0.0857206730862298,0,3
0.8288916666666667,0.0357513178548678,0,3
0.4298233333333333,0.0651815711804439,1,0
0.3310083333333333,0.1307836733428482,0,0
0.0020047619047619,1.6991518274820163,1,1
0.0018015873015873,1.0,0,1
0.4999611111111111,0.0715346012811306,0,0
0.8727606666666666,0.0543127434362064,0,3
0.6412583333333334,0.0392360572199869,0,3
0.0893966666666666,1.0443964095567182,0,1
0.6638088888888889,0.0529214767726187,0,3
0.1320092592592592,0.5667554799836083,0,1
0.7609555555555556,0.0878538115725822,1,3
0.66855,0.0590957825487888,1,3
0.7708118055555556,0.0354554434724413,0,3
0.1844492063492063,0.1482439818301386,0,0
0.2720777777777777,0.1076613582146397,0,0
0.0255014705882352,1.00021393999519,0,1
0.0572770833333333,0.7550034017462297,0,1
0.255005,0.4144208931071649,0,0
0.0779727272727272,5.0,0,2
0.0035,0.5025,0,1
0.827875,0.0380273906300684,0,3
0.0223866666666666,0.8,0,1
0.1415416666666666,0.0625102705933109,0,0
0.1976211111111111,0.5188910442436017,0,0
0.4816916666666666,0.0395236938601304,1,0
0.0613666666666666,0.5214038491084596,0,1
0.142585,0.1403167242251746,0,0
0.0358833333333333,0.9866586880532424,0,1
0.62174,0.0407042748294197,1,3
0.0049354166666666,1.0051032676793985,0,1
0.2793026666666667,0.2953613240311187,0,0
0.5330333333333334,0.057270341686403,0,3
0.0110727272727272,1.0033323355625978,0,1
0.0053083333333333,1.0,0,1
0.0041340579710144,0.8,0,1
0.5876305555555555,0.06611819794538,0,3
0.6997212121212121,0.0592731442680853,0,3
0.0047344444444444,1.0047246635224545,0,1
0.003005,1.0,0,1
0.9152611111111112,0.0367391447906229,0,3
0.3435288461538461,0.4130719870099241,0,0
0.8875462962962963,0.0401182392007923,0,3
0.2725416666666666,0.8,0,1
0.00595,1.0044977511244375,0,1
0.0135925925925925,1.0,0,1
0.1664444444444444,0.3258204334365325,1,0
1.042125,0.0650638025643518,0,3
0.5768333333333333,0.0736827177691932,1,3
0.0131616666666666,1.0058991002110478,0,1
0.0021615942028985,1.0,0,1
0.09721,0.670491660628388,0,1
0.0129305555555555,1.0,0,1
0.92004,0.0406080684189709,0,3
0.0969743333333333,0.8792603963478374,0,1
0.5625190476190477,0.0501280370668509,0,3
0.5053688405797101,0.0372934743349709,0,0
0.1304516666666666,0.0551487014698055,1,0
0.0286924242424242,0.5329892750188352,0,1
0.5071583333333333,0.2729072119769511,1,0
0.6131,0.0641723069169136,0,3
0.0225746666666666,1.539383418388689,0,1
0.0683091666666666,0.8831603032714282,0,1
0.1021725490196078,0.0560121416693685,0,0
0.8602375,0.0377548962399858,0,3
0.1315448717948718,0.0603232296450041,0,0
0.0021188405797101,1.0,0,1
0.9401916666666666,0.0533491752122179,0,3
0.996396153846154,0.0399464085463695,0,3
0.7264233333333333,0.0459069185164974,1,3
0.0235916666666666,1.6865380838376036,0,1
0.1738404761904762,0.1678166501731659,1,0
0.823451282051282,0.0367595094373333,0,3
0.1763453703703703,0.6861496302062559,0,1
0.0380966666666666,0.6010556875164952,0,1
0.7981966666666667,0.0377729504097416,0,3
0.1665738095238095,0.0792754160814279,0,0
0.6791666666666667,0.0500807795932038,0,3
0.0078390243902439,1.000322441960447,0,1
1.0012515151515151,0.03155101091247,1,3
0.3505633333333333,0.272538129907015,0,0
0.5246233333333333,0.2976531617771851,0,0
0.1368175925925926,0.1011655649327762,0,0
0.7904409090909091,0.0370263980899627,1,3
0.00271875,1.0,0,1
0.9049916666666666,0.0500755620347171,0,3
0.0650143333333333,0.7810155806818184,0,1
0.1183590277777777,0.2888508036626134,0,0
0.6052642857142857,0.0405651577594698,0,3
0.0051272222222222,1.0,0,1
0.93728,0.2192669403426597,0,3
0.0068514492753623,1.0,0,1
0.8544433333333333,0.0403136229652758,0,3
0.0214172839506172,0.132229679120974,0,0
0.0175362745098039,1.0019010480136483,0,1
0.7352904761904763,0.0349184432708946,1,3
0.7629277777777778,0.116540287738588,0,3
0.0395760869565217,0.8060703054261819,0,1
0.0676777777777777,1.017588932806324,0,1
0.0144769841269841,1.129182535549287,0,1
0.934426851851852,0.0263454155430378,0,3
0.3744966666666666,0.0702480250582597,0,0
0.0100376068376068,0.513575825956466,0,1
0.9328888888888888,0.03848592818146,0,3
0.0002166666666666,0.1016421192653072,0,0
0.1636166666666667,0.5281346236785335,0,0
0.0033638888888888,1.001138952164009,0,1
0.4916277777777778,0.2022599621123998,0,0
0.9589552631578948,0.0358892448819032,1,3
0.59806,0.1181512301065768,1,3
0.0043407407407407,0.5,0,1
0.7465633333333332,0.0445911722206255,1,3
0.5742854166666667,0.1697526807604646,0,3
0.4973416666666667,0.0486294239789416,0,0
0.9063229166666666,0.049323811014386,0,3
0.36682,0.2545177933685164,0,0
0.0519104166666666,1.0,0,1
0.0111546875,1.000879917184265,0,1
0.7955474358974359,0.0558258298598263,1,3
0.2751277777777777,0.034480492314825,0,0
0.0105,1.0,0,1
0.8391633333333333,0.0384600622811122,0,3
0.0008727272727272,1.0,0,1
0.0634880208333333,1.0045135336696225,0,1
0.4594982142857143,0.0366513689065356,0,0
0.0512863095238095,0.8048853179739324,0,1
0.008541304347826,1.002854044175184,0,1
0.34205,0.0664502218701952,1,0
0.6897066666666667,0.045799366669132,0,3
0.0624702380952381,0.1402458779399656,0,0
0.0335118279569892,2.130468476005784,0,1
0.8767984375,0.0308919188441662,1,3
0.2118047619047619,0.095306013151331,1,0
0.0042850574712643,1.0,1,1
0.0153811111111111,0.7610226576852419,0,1
0.3823579365079365,0.0421861311371374,0,0
0.6048619047619047,0.0435963437059409,0,3
0.0038943089430894,1.0057738871298194,0,1
1.0080944444444444,0.0318798367237784,0,3
0.5143366666666667,0.0732517749169268,0,0
0.9621083333333332,0.0402086049382123,1,3
0.0080402777777777,1.006896109997293,1,1
0.4914208333333333,0.0802009094375705,0,0
0.0116275641025641,0.8,0,1
0.0028733333333333,1.5,0,1
0.8933984848484848,0.0299013900221286,1,3
0.2994058333333333,0.0638071152930128,0,0
0.0020902298850574,0.8,0,1
0.4081,0.2606060092663535,0,0
1.0218346153846154,0.0487242591157475,0,3
0.1224343137254901,0.181719170473268,0,0
0.1666666666666666,1.0,0,1
0.8213833333333334,0.1530742196163986,0,3
0.2778466666666667,0.4322347756654501,0,0
0.7345016666666667,0.0371601943548308,0,3
0.5940222222222222,0.1368202498559049,0,3
1.0892572916666663,0.0424417564905226,0,3
0.1086962121212121,0.0495548733848015,0,0
0.0298866666666666,1.0,0,1
0.3803071428571428,0.0490444871568024,1,0
0.1717985507246376,0.0352955470323678,0,0
0.9371833333333334,0.050131974912063,1,3
0.1251738095238095,0.220189832084724,0,0
0.0688333333333333,0.1016421192653072,0,0
0.6227666666666667,0.0647220889004684,0,3
0.2874722222222222,0.1026420922900702,0,0
0.0264886363636363,1.0035452968873653,0,1
0.732112962962963,0.0305718630463101,1,3
0.1555833333333333,0.6408852361434269,0,1
0.63167,0.01,0,3
0.0168060606060606,0.590816534310731,0,1
0.5112666666666666,0.0532368525368077,1,0
0.002687037037037,0.5967892283790782,1,1
0.92695,0.039562191726881,0,3
0.0359122222222222,1.042958126152099,0,1
0.9404073170731708,0.0403831054440744,0,3
0.0386222222222222,1.0013468013468014,0,1
0.0019083333333333,0.1016421192653072,0,0
0.2996362068965517,0.0569141677624732,0,0
0.2845466666666666,0.0459734581179202,1,0
0.515437037037037,0.8578109124182618,0,1
0.1076819248826291,0.2346863500671959,0,0
0.6076833333333334,0.0522003935377845,0,3
0.9814361111111112,0.0403929345489217,0,3
0.7819472222222222,0.0414406728352804,1,3
0.8499255208333334,0.0429224579526356,1,3
0.4736354166666667,0.5385875792062536,0,0
0.0611300925925925,0.0673236026252983,0,0
0.105552688172043,0.1758564928202536,0,0
0.9372916666666666,0.0627001551384043,1,3
0.9739388888888888,0.0592113358901094,1,3
0.0769166666666666,0.210135900743883,0,0
0.4221166666666666,0.0606725831809417,0,0
1.0116805555555557,0.0225881755261045,1,3
0.8500481481481481,0.0323570329091738,1,3
0.6366277777777778,0.182316640590414,0,3
0.7212166666666666,0.0611653969058629,0,3
0.8121916666666666,0.0458577770282149,0,3
0.3329144444444444,0.3706441264487764,0,0
0.7337433333333333,0.1450285225355141,0,3
0.95659,0.0416269772288673,0,3
0.1457916666666666,0.0427505167082234,0,0
0.692171164021164,0.0413511848046341,0,3
0.2291282051282051,0.055216704844702,1,0
0.9164333333333334,0.0606466258966691,0,3
0.721001488095238,0.0333107515417739,0,3
0.2435666666666666,0.1346153846153846,0,0
0.0013590909090909,1.0,0,1
0.0008333333333333,1.0,0,1
0.1615436666666666,0.8474230090969653,0,1
0.3632933333333333,0.1178226129775227,0,0
0.0343301587301587,0.1861848659195986,0,0
0.9992761904761904,0.0520214078109179,1,3
0.6817083333333332,0.0435041257275208,0,3
0.5181233333333334,0.2915908368647142,1,0
0.1962648936170212,0.2141985540704548,1,0
0.0343565217391304,0.1148613530063528,0,0
0.8415675925925925,0.0615099972198847,0,3
0.8132266666666668,0.0245978683949071,1,3
0.0029333333333333,1.0,0,1
0.4266266666666666,0.0409518398379983,1,0
0.40915,0.2532352221223364,0,0
0.1009,0.1236447547262395,0,0
0.0087333333333333,1.019655093768293,0,1
0.0269333333333333,1.0,1,1
0.4516733333333333,0.0625030220018504,0,0
0.109203,0.2782367515495212,0,0
0.0574153846153846,0.8918189330639977,0,1
0.78245,0.0359160925551215,0,3
0.1332407407407407,0.1016421192653072,0,0
0.7744958333333333,0.0569081114474748,0,3
0.1759666666666667,0.77885443583118,0,1
0.9146666666666666,0.0708475981734711,1,3
0.478525,0.2933445944447879,0,0
-0.0544705128205128,0.2286551284932944,0,0
0.9011083333333334,0.0558181782436008,0,3
0.8674047619047619,0.0405663193727927,0,3
0.3366285714285714,0.4855492431608585,1,0
0.7720425925925926,0.0384452038478506,0,3
0.6845533333333332,0.0370494299755906,1,3
0.1299714285714285,0.032938788001337,0,0
0.62227,0.050944414796092,0,3
0.4017119047619047,0.3059308602943103,0,0
0.0128333333333333,1.0,0,1
0.8534583333333333,0.0617082197067794,1,3
0.02973,1.0,0,1
0.5869433333333334,0.05383550642624,0,3
0.0060366666666666,0.1016421192653072,0,0
0.2111666666666666,0.5717375773478178,0,1
0.0080840579710144,1.0014300306435138,1,1
0.0082037878787878,1.0005681818181815,0,1
0.7728305555555556,0.042212193450532,0,3
0.8316766666666667,0.0482119107425983,0,3
0.9839833333333334,0.0552066857841165,0,3
0.5326788888888888,0.0566590855727518,0,3
0.4952266666666666,0.045258223397288,1,0
0.1476071428571428,0.0768124780394748,0,0
1.017110416666667,0.0471626283967508,1,3
0.0021166666666666,1.0,0,1
0.3955629032258064,0.0394341153870977,0,0
0.8428833333333334,0.0644530243651832,0,3
0.2554939814814814,0.0410212103690004,0,0
0.1542666666666666,0.0954271485025005,0,0
0.4911833333333333,0.0701653548537873,0,0
0.8184741666666667,0.0388052559811325,0,3
0.0229736666666666,1.018242520664948,0,1
0.0264788888888888,0.3333333333333333,0,0
0.0376366666666666,1.0,0,1
0.5415333333333334,0.0378749193055064,0,3
0.9773421568627452,0.0404858976929998,0,3
0.4896166666666666,0.0161500196908327,0,0
0.0050840909090909,0.5247524752475248,0,1
0.0236719512195121,1.064852608362798,0,1
0.2201666666666666,1.0,0,1
0.0032416666666666,1.0875518436569442,0,1
0.0402674603174603,1.002753295420017,0,1
0.1688679487179487,0.0599026581804567,1,0
0.2941760416666666,0.0545568036625519,0,0
0.9520141666666668,0.046212833048739,1,3
0.5040362745098039,0.0429710064101877,0,0
0.192875,0.0767178408971891,0,0
0.6087645833333333,0.045060876350368,0,3
0.2895527777777777,0.0337708013726219,0,0
0.5377131313131314,0.0365893841924974,0,3
0.0825022222222222,0.0661831109454155,0,0
0.0357118055555555,0.507785192246584,0,1
0.3657555555555555,0.0912302007814483,0,0
1.1269222222222222,0.029303096414354,0,3
0.0027453703703703,1.0,1,1
0.4082833333333333,0.0380684511092266,1,0
0.3362717948717948,0.1357473514848363,1,0
0.0103027777777777,0.8,0,1
0.6989027777777778,0.0917871782147006,0,3
0.83249,0.1519916977113293,0,3
0.4521571428571428,0.0961719032831976,0,0
0.9378416666666666,0.0538535798732775,1,3
0.21918,0.3820761459613276,0,0
0.6594866666666667,0.0602113817235799,1,3
0.0380177419354838,0.9356300013563,0,1
0.8219233333333333,0.1340926544679196,1,3
0.7789266666666668,0.0336170466595139,0,3
0.3668277777777778,0.0966392597545996,0,0
0.9460958333333334,0.0436936193344841,0,3
0.0124493589743589,1.0,1,1
0.0716548611111111,0.0763183011838065,0,0
0.3021366666666666,0.7082234874516907,0,1
0.6586740740740741,0.0359425520856034,1,3
0.4883166666666667,0.0458469938177035,0,0
0.0004188034188034,1.0,1,1
0.0050548611111111,1.0,0,1
0.0008441860465116,1.0,0,1
0.8968683333333333,0.0525455318273068,0,3
0.9895833333333331,0.037892983971308,0,3
0.01731,0.9538461538461538,0,1
0.018956884057971,0.1172743877342368,0,0
0.00863,1.0002769571639587,0,1
0.5339466666666667,0.0505607004045105,0,3
0.0952045454545454,0.1451691746575125,0,0
0.0877842857142857,0.0791066400141521,0,0
0.0205375,1.0,0,1
0.5748333333333333,0.0423561254123671,0,3
0.5199611111111111,0.0685551549439596,0,0
0.0267583333333333,1.0,0,1
0.5353794117647059,0.0658291622802076,0,3
1.0023045454545454,0.0494609043846035,1,3
0.7578833333333334,0.1393820460587064,0,3
0.000974,1.0,0,1
0.0008333333333333,1.0,0,1
0.1525630434782608,0.0595608107448165,0,0
0.0726424242424242,0.7902365963820177,0,1
0.5607543209876543,0.0322174598850937,0,3
0.9445847222222222,0.0412836903877963,0,3
0.0137201754385964,0.8,1,1
0.0151258333333333,1.0058700209643603,0,1
0.0435944444444444,1.0,0,1
0.0323833333333333,1.0,0,1
0.6554738095238095,0.0478691543426102,0,3
0.6378083333333333,0.1263374416772036,1,3
0.8620583333333334,0.0746471626498949,0,3
0.0075333333333333,1.0,1,1
0.0113858333333333,1.0,0,1
0.0014578703703703,0.5174291938997821,0,1
0.698238888888889,0.0556781202270614,0,3
0.6915733333333333,0.1049696938826389,1,3
0.681,0.8275943704827403,0,3
0.226998,0.1953180753272353,0,0
0.6739966666666667,0.0408261542945979,0,3
0.6401,0.0597550581420722,1,3
0.0025063492063492,0.5,0,1
0.0564862745098039,0.1126153939114927,0,0
0.9430083333333334,0.0540842059724948,1,3
0.1099725,0.6846093997237143,0,1
0.0003435897435897,0.8,1,1
0.83795,0.1038889063033869,0,3
0.8623777777777777,0.0787128390629684,1,3
0.3770777777777778,0.8187518443083228,0,1
0.9923166666666666,0.0196100734825521,1,3
0.0193215686274509,1.0,1,1
0.0041385416666666,1.0,1,1
0.009595,0.6139810872222238,0,1
0.8445666666666666,0.1128555190043559,0,3
0.0090423333333333,0.1094690949664117,0,0
0.0203974358974358,1.0919431279620853,0,1
0.5148666666666667,0.0731186352231231,0,0
0.0003235294117647,1.0,1,1
0.6960907407407407,0.0407694973042394,1,3
0.0437715686274509,1.002656675749319,1,1
0.0087362745098039,1.0,0,1
0.1541683333333333,0.905,0,1
0.66334,0.046746189600475,0,3
0.825395,0.0404301895944928,0,3
0.5336895833333333,0.0416481862077728,0,3
0.1203844444444444,0.0800414861440903,0,0
0.5426785714285715,0.1741161846527844,1,3
0.0094844444444444,1.1353333333333333,0,1
0.1019627192982456,0.2765626320673564,0,0
0.1575333333333333,0.2261484373468196,0,0
0.0247161764705882,0.5035728530692849,0,1
0.5301083333333333,0.0907879653741488,1,3
0.2449029761904761,0.0365303778810855,0,0
0.00641875,1.0024291497975708,0,1
0.9006333333333334,0.1002366675599669,1,3
0.3137041666666667,0.0407017540954286,0,0
0.0016129629629629,1.0047028644719966,0,1
0.8620944444444444,0.0425856145994424,0,3
0.0065708333333333,0.8,1,1
0.342475641025641,0.8009882958191863,0,1
0.7152733333333333,0.0400072471440691,0,3
0.0373083333333333,2.9315496098104794,1,2
0.3898430555555555,0.0392585507781507,0,0
0.931975,0.036530537151111,0,3
0.038871875,0.8,0,1
0.0342708333333333,0.8,0,1
0.1763043859649123,0.0435245501548863,0,0
0.840075,0.0846236847876976,0,3
0.0126492753623188,1.0024057738572574,0,1
0.003301923076923,0.7820642978003385,1,1
0.5641133333333334,0.0481211067289964,0,3
0.8365227272727273,0.0414778847508396,0,3
0.0538797619047619,0.6609861029964623,1,1
0.062525,1.0,0,1
0.8899333333333334,0.0482044650825329,0,3
0.4169078703703704,0.0391306114118448,0,0
0.002925,0.875,0,1
0.4286833333333333,0.8250925082831722,0,1
0.8696533333333333,0.04418295480196,0,3
0.5962166666666666,0.3455594564069413,1,3
0.9278816091954024,0.0379182387872831,0,3
0.7699625,0.1317861123542306,0,3
0.0366705882352941,1.0017467289556323,0,1
0.432778,0.9542122773884228,0,1
0.1650075,0.2221995708883039,0,0
0.0010833333333333,1.0,0,1
0.4668666666666667,0.4352996328791079,0,0
0.1184730769230769,0.0329088380541268,1,0
1.001188888888889,0.0350891027406797,0,3
0.0181806666666666,1.0061815260568865,0,1
0.978346153846154,0.0447082746588808,0,3
0.0269311594202898,0.6894505898221969,1,1
0.0064410714285714,0.75,0,1
0.39069375,0.046479443817069,1,0
0.6493,0.0874732401501039,0,3
0.01318125,1.0002039567611667,0,1
0.8732190476190477,0.0422884884838224,0,3
1.02667,0.0489238163108775,0,3
0.1818236111111111,1.000150762383344,0,1
0.0496507246376811,1.0,0,1
0.9250992248062015,0.041495224564054,0,3
0.0105975,1.0,0,1
0.0182911764705882,0.6508120850355673,1,1
0.4448266666666666,0.044182829206273,1,0
0.02699,0.8935712630742751,0,1
0.0547029411764705,1.0,0,1
0.6686179487179487,0.0422134958786305,0,3
0.674125,0.0488623225178084,0,3
0.0156773333333333,0.6122662658751505,0,1
0.7751433333333333,0.1525092315511152,0,3
0.003318,1.3333333333333333,0,1
0.8254333333333332,0.0586126540781524,0,3
0.0692089743589743,0.3385856318980291,0,0
0.0600597222222222,0.1449641894707551,0,0
0.0236055555555555,1.012644895505873,0,1
0.0074095238095238,0.6041025641025641,0,1
0.72016,0.0623320765920646,0,3
0.2904282051282051,0.7242434728631798,0,1
0.5745305555555555,0.1218206663481978,0,3
0.0876,0.2227272727272727,0,0
0.2699166666666667,0.2309654416064518,0,0
0.9885694444444444,0.0402998996264691,0,3
0.0052152777777777,0.1016421192653072,1,0
0.6918166666666666,0.0619095314087374,1,3
0.02953,1.0033586334478162,0,1
0.9522016666666668,0.0320763464659403,0,3
0.0190654761904761,1.005257153144154,0,1
0.583020202020202,0.1086678119227316,0,3
0.61197,0.0833427166389971,0,3
0.7576133333333332,0.0756443464437242,0,3
0.1336885416666666,0.2422946365039196,0,0
0.5996948717948718,0.0483107652500783,1,3
0.0682075,0.2645216674173079,0,0
0.2033416666666666,0.7371794871794872,0,1
0.38645,0.0477668975400047,1,0
0.0771941666666666,1.001522552092074,0,1
0.35394,0.0597292398217517,0,0
0.0425733333333333,0.8087406015037594,0,1
0.0961541666666666,1.001954732510288,0,1
0.62105,0.0769516992506361,1,3
0.9589375,0.0359118897808454,0,3
0.0017402777777777,0.7820085357522961,1,1
0.46155,0.0445867967332169,0,0
0.0117,1.0079335332333832,1,1
0.3640777777777778,0.1032552382790791,0,0
0.9712697916666666,0.0410221874132921,0,3
0.1728711538461538,0.41166907532021,0,0
0.4699555555555555,0.0829570434551016,0,0
0.2985920634920635,0.0488456760167845,0,0
0.0026049019607843,1.0,0,1
0.61515,0.0265226776715308,1,3
0.0092958333333333,1.0033898604282812,0,1
0.0203491666666666,1.0087317524424089,0,1
0.1283625,0.9475549189031724,0,1
0.0052,1.0,0,1
0.8772492753623189,0.0357959075817051,1,3
0.029334375,0.1447371221754753,0,0
0.2779971264367816,0.0403169802994666,0,0
0.7257166666666667,0.0593214115804688,1,3
0.886830701754386,0.05402283487638,0,3
0.0062535714285714,0.75,0,1
0.1700563333333333,0.2229816051169904,1,0
0.4596946428571428,0.0651384981134227,0,0
0.008403,0.7983310072247269,0,1
0.9841916666666666,0.0524740505720579,0,3
0.161162037037037,1.014868073878628,0,1
0.7795333333333333,0.0500294793568411,0,3
0.4630766666666666,0.0532992779957171,1,0
0.00474,1.0,0,1
0.0115043209876543,1.5193078410108916,0,1
0.3723681818181818,0.3031322135400316,0,0
0.6518458333333333,0.2289558538822305,0,3
0.01235,1.0,0,1
0.4832866666666666,0.0614496288029753,0,0
0.7754,0.2958119107365905,0,3
0.5074422222222222,0.03348714365688,0,0
0.8368875,0.0425427542256558,0,3
0.0216666666666666,0.217391304347826,0,0
0.5771433333333333,0.0505711886752648,0,3
0.0980416666666666,0.2255255298867134,0,0
0.044285,0.3719512195121951,1,0
0.1895416666666666,0.0636579566353088,0,0
0.5626557971014493,0.3300769097283696,0,3
0.0124986842105263,0.6768678537342454,0,1
0.8105388888888889,0.0449067120512774,1,3
0.0038976666666666,1.4,0,1
0.0084633333333333,5.0,0,2
0.0063833333333333,0.8,1,1
0.0840666666666666,2.197216564833673,0,1
0.0345412037037037,0.9169239732012816,0,1
0.990825,0.0515243834940372,1,3
0.0335293103448275,0.8,0,1
0.7190981481481482,0.0396207646388605,0,3
0.84365,0.1137792075562127,0,3
0.2175333333333333,0.7308052801850605,1,1
0.7877984375,0.0535650207725228,0,3
0.231975,0.0401762708035806,0,0
0.4395733333333333,0.4107113475954237,0,0
0.0168006666666666,0.3261568963634009,0,0
0.9047076923076924,0.0565852617989742,0,3
0.0459967592592592,0.5319466564323623,0,1
0.7170423076923077,0.0415389739616912,1,3
0.9950166666666668,0.0354420946522175,0,3
0.0642,0.5,1,1
1.0577055555555557,0.0672328425508152,0,3
0.2034595238095238,0.0637628601367602,0,0
0.875845,0.034144456976773,0,3
0.8346366666666667,0.0402632887469511,1,3
0.004875,1.0,1,1
0.6306530303030302,0.0700293470390847,1,3
0.1964611111111111,0.0661230323422746,1,0
0.4997325396825396,0.0319871332541514,0,0
0.2554166666666667,0.5056338288319662,0,0
0.0055244444444444,0.7341611823595702,0,1
0.0034722222222222,0.0,1,0
0.8538902777777777,0.047840947430916,0,3
0.0237,1.0012383900928794,0,1
0.0060766666666666,0.436752444854978,1,0
0.12688,0.24502795701393,0,0
0.4715133333333333,0.1422314799894037,0,0
0.1213115384615384,0.6073953614051534,0,1
0.7647759259259259,0.2481678833021708,0,3
0.7087166666666667,0.0677712147908105,0,3
0.3471541666666666,0.0289834782663051,0,0
0.998035,0.0395958032871932,1,3
0.0029157407407407,0.0,0,0
0.4339187943262411,0.0402660089445042,0,0
0.0841916666666666,0.4366908495633831,0,0
0.1472634615384615,0.1048587003641833,0,0
0.8659166666666667,0.0304774865506964,1,3
0.0004675925925925,1.0,1,1
0.2714333333333333,0.0723516657124502,0,0
0.3954066666666666,0.055337926040495,0,0
0.8855722222222223,0.0512061256007959,0,3
0.4522059523809524,0.0487514668317494,0,0
0.5137448275862069,0.0559564531400302,1,0
0.8252555555555555,0.3760084077772398,0,3
0.0030032051282051,0.8214010777521171,0,1
0.00515,1.0120545073375262,0,1
0.001709375,1.0036363636363634,0,1
0.5394477777777779,0.0534118686818736,1,3
0.1089333333333333,1.3333333333333337,0,1
0.7535133333333333,0.0359318895170921,0,3
0.0076888888888888,1.2,1,1
0.6163309523809524,0.0371004926190385,0,3
0.0052319047619047,1.0,0,1
0.3449269230769231,0.0463665638948553,0,0
0.0188549549549549,1.002810105973882,0,1
0.3565545454545454,0.0318674981333771,1,0
0.9978435185185186,0.0313238494113897,1,3
0.3217138888888889,0.0355908145747255,0,0
0.0063555555555555,1.0,0,1
0.6665227272727273,0.0353676163465109,0,3
0.1652366666666666,0.0974813427883941,1,0
0.6789729166666667,0.0374892790867852,0,3
0.5110184210526316,0.0495326685163207,0,0
0.8728873333333333,0.088702386474189,0,3
0.00138,0.1016421192653072,0,0
0.0046722222222222,1.0,0,1
0.7148,0.0362014527900828,0,3
0.9735333333333333,0.0623533830471068,0,3
0.5606888888888889,0.0647612000820473,1,3
0.8450466666666667,0.0400201653957145,0,3
1.7325833333333334,0.0859303158436545,0,3
0.3487933333333333,0.0697740911714945,0,0
0.9469803921568628,0.0387376917275116,0,3
0.5737239130434783,0.0584241310629503,0,3
0.0007725,1.0,0,1
0.1782416666666666,0.6065931105184432,0,1
0.59665,0.0566729077987397,0,3
0.60969375,0.064374131706701,0,3
0.016575,1.0033185840707963,1,1
0.2337233333333333,0.0805180375056234,0,0
0.1849633333333333,0.6713925016080696,0,1
0.8523243055555556,0.035635346272021,0,3
0.2557,0.305724197745013,0,0
0.1156601851851851,1.0,0,1
0.6949974358974359,0.3527067990376712,0,3
0.0722311403508771,1.006023221378204,0,1
0.7512222222222222,0.0658104721760821,0,3
0.0554583333333333,0.25,0,0
0.0088246376811594,0.5036763266373224,0,1
0.002461574074074,1.1019278414369773,0,1
0.1651077380952381,0.3283458982529423,0,0
0.6116033333333334,0.0540654872783732,0,3
0.0096153846153846,0.0,1,0
0.8765277777777777,0.0470019785630495,0,3
0.8727037037037036,0.0391903124077154,1,3
0.00125,1.0,0,1
0.9046440476190476,0.030110656577006,0,3
0.1193782051282051,0.4310930285787532,0,0
0.2769023809523809,0.0621704834213296,0,0
0.3585333333333333,0.1785743810688578,0,0
0.00121875,1.0,0,1
0.1297276666666666,0.0425160173776885,0,0
0.020235,1.0023809523809524,0,1
0.3210333333333333,0.6355242667123855,0,1
0.4726146666666667,0.0427627514978745,0,0
0.0027022222222222,1.0,0,1
0.0339766666666666,0.8086349678210268,0,1
0.4129690476190476,0.037182014034427,0,0
0.8215833333333334,0.2174874291845566,0,3
0.128788492063492,0.0394026831379022,0,0
0.5030727272727272,0.0470194455454446,0,0
0.1701159420289855,0.1182256502310276,0,0
0.3266273504273504,0.0676478511788368,0,0
0.8785222222222222,0.0389649463627484,0,3
0.9787583333333334,0.0563981072781083,1,3
0.6868225490196078,0.085849568841671,0,3
0.4113666666666667,0.0877472799552739,0,0
0.0984428571428571,0.4128047101569636,1,0
0.7214369047619048,0.0411773427453389,0,3
0.2100630952380952,0.1711056997783016,0,0
0.0018,1.0,0,1
1.0116133333333333,0.0376252434074132,0,3
0.7237071428571429,0.0402807456770294,1,3
0.3204875,0.0467749124251455,0,0
0.6919222222222222,0.2251907984078328,0,3
0.2391030303030303,0.4216898394679648,0,0
0.7584,0.0391286784139536,1,3
0.6045077235772357,0.0425385503518993,0,3
0.0072410256410256,1.0019022875039052,0,1
0.0348166666666666,1.0,0,1
0.1512504761904761,1.0069107259611858,0,1
0.9707152777777778,0.0411319693417434,0,3
0.0137243333333333,1.0,0,1
0.9763984848484848,0.0444432562946939,0,3
0.45793125,0.169000149254853,0,0
0.037215,0.8,0,1
0.036837356321839,0.1137755378562937,1,0
0.4635878787878787,0.0377478056135469,0,0
0.1159423076923076,0.5215716781103712,0,1
0.0518583333333333,1.0,0,1
0.1187366666666666,0.3369546373178781,1,0
0.95586,0.0429526233989893,0,3
0.2807452380952381,0.0323584505231339,1,0
0.0604129901960784,0.2692466209260797,0,0
0.0030869047619047,1.0049112202493389,0,1
0.7876583333333333,0.0510471177807759,0,3
0.9312166666666668,0.0522629502950607,1,3
0.2041628205128205,0.0484243096359303,1,0
0.1288583333333333,0.2,0,0
0.8197519230769231,0.0457636495591715,0,3
0.0237583333333333,1.1737652547962347,0,1
0.3226285714285714,0.0784066722394728,0,0
0.0007680555555555,0.1016421192653072,0,0
0.0027013888888888,1.0,0,1
0.8668833333333333,0.1305677711269214,0,3
0.9639388888888888,0.0364864991572754,0,3
0.9484666666666666,0.0744632614164228,1,3
0.8791,0.0556313266557857,0,3
0.0305724637681159,0.501781194337677,0,1
0.0037064814814814,1.0,0,1
0.8306933333333333,0.0362789877103442,0,3
0.8693916666666666,0.0642180515436356,0,3
1.3788133333333334,0.0565832176388752,0,3
0.0080958333333333,1.0,1,1
0.7477796296296297,0.0388173224023811,1,3
0.0775435185185185,0.7525,0,1
0.8033533333333333,0.0314334124387678,0,3
0.4462010416666667,0.08792331733091,1,0
0.9557104166666668,0.0354092684031814,0,3
0.673,0.3525285630243129,0,3
0.43146875,0.0456757201964697,0,0
0.74915,0.3654990951109906,0,3
0.0001342592592592,1.0,0,1
0.5329119047619048,0.0428957782869362,0,3
0.0137753623188405,1.0,0,1
0.0051777777777777,1.0,0,1
0.6267,0.0465030448854225,1,3
0.7656989898989899,0.0395110065895105,1,3
0.6066333333333334,0.1537338230350036,0,3
0.068328125,0.8385716643771319,0,1
0.8834761904761905,0.0440169976392514,0,3
0.4240666666666667,0.242490827266599,0,0
0.0537875,0.5976436996587837,0,1
0.00291,1.0,0,1
0.976075,0.0248587084718992,0,3
0.1577909722222222,0.0712254893841809,1,0
0.2092323529411764,0.1687565004611246,0,0
0.6175745098039216,0.0526667758349761,0,3
0.2433895833333333,0.0398462709109112,0,0
0.0508314814814814,0.8400653870485101,0,1
0.6918583333333334,0.0454017723990257,0,3
0.6718833333333334,0.0502619545546139,0,3
0.0304216666666666,0.75,1,1
0.931861111111111,0.0495607537645724,1,3
0.8863633333333333,0.0650342096897746,0,3
0.8543944444444445,0.0748909831378845,0,3
0.2335718390804597,0.0431253016655139,0,0
0.0090242424242424,0.7524420024420024,0,1
0.0668626666666666,0.4344477251743856,0,0
0.8928133333333332,0.049789592433934,0,3
0.0429111111111111,0.310900601598276,0,0
0.35976,0.0458905600941803,0,0
0.433725,0.3505550143517126,1,0
0.9524027777777776,0.0559498666261613,1,3
0.2174733333333333,1.0014140745039286,1,1
0.0170679824561403,0.8107914601399057,1,1
0.16665,0.8040768836494105,1,1
0.1683738095238095,0.1227790656455331,0,0
0.0806234234234234,1.2132525866725423,0,1
0.8235666666666667,0.0537465673140303,0,3
0.8649933333333333,0.0312781389156407,1,3
0.0095962962962962,1.0,0,1
0.5650933333333333,0.045232595361501,0,3
0.129138596491228,0.3036100816871829,0,0
0.7797583333333333,0.0789157876645949,0,3
0.0392685185185185,1.1113945102912517,0,1
0.3223777777777778,0.1872788246822338,0,0
0.5034129629629629,0.0607362539216169,1,0
0.002505303030303,1.0,0,1
0.05,0.0,0,0
0.8019035714285714,0.0410363714779596,1,3
0.0721458333333333,0.0831663581813314,1,0
0.0043722222222222,0.6648408972352634,1,1
0.6895277777777777,0.1683608797044541,1,3
0.3074359375,0.0420648230465625,1,0
0.348375,0.0462893497423363,0,0
0.0120046666666666,1.0008114687584528,0,1
0.1943388888888889,0.6023610408076612,0,1
0.81543125,0.0389531358271196,1,3
0.61692,0.4272167067922718,0,3
0.4870375,0.049646370600884,1,0
0.0058666666666666,0.5582491582491582,0,1
0.7759018518518519,0.0451342144062427,0,3
0.0010833333333333,1.0,1,1
0.012955,1.3824109173616377,1,1
0.2198733333333333,0.0684667234833856,0,0
0.029345,1.0117024322269874,0,1
1.0144322222222222,0.0328458057811339,0,3
0.0163283333333333,0.4364108253684277,0,0
0.0149148148148148,2.164962037244446,0,1
0.0694475,0.1475907671198046,0,0
0.3779766666666666,0.5880016238485671,0,0
0.6800378787878788,0.0444603442844358,0,3
0.0517578703703703,0.7764711670930919,0,1
0.0103682539682539,0.8785801291488313,0,1
0.3142196969696969,0.040054875203351,0,0
0.955021875,0.0480934221041248,0,3
0.5958833333333333,0.0411172742283338,0,3
0.19895,0.4180496925763964,0,0
0.19945,0.5967842334999837,1,1
0.699,0.04859507014126,0,3
0.3148240740740741,0.0636005503638807,0,0
0.9797722222222224,0.0302716756441653,0,3
0.0068928571428571,1.0,1,1
0.2738515151515152,0.0494334131568873,0,0
0.7205541666666667,0.0454284750891217,0,3
0.5551347222222223,0.2330254610539628,0,3
0.425547619047619,0.0349472265148106,0,0
0.336813475177305,0.0402958913608872,1,0
0.0416990196078431,0.5397456279809221,0,1
0.447985,0.0804877040109582,0,0
0.8105193181818182,0.0309554578468203,0,3
0.1172753968253968,0.533816425120773,0,1
0.0516766666666666,1.0024783147459726,0,1
0.03052,0.1016421192653072,1,0
0.0259255952380952,1.030326929659929,0,1
0.6926666666666667,0.0562370215494063,0,3
0.0804954166666666,0.2676283896447788,0,0
0.9186166666666666,0.0436125176193222,1,3
0.0016692307692307,1.0004842615012106,0,1
0.7543333333333333,0.0946118842094713,0,3
0.0373166666666666,0.5,0,1
0.4686611111111111,0.4155001696366234,0,0
0.1434758333333333,0.2629422936175445,0,0
0.4855567307692308,0.0374393186183165,0,0
0.0086388888888888,1.000935695612793,0,1
0.7753279761904762,0.1038192040781776,0,3
0.1331481481481481,0.1016421192653072,1,0
0.0056253086419753,0.8611111111111112,0,1
0.8887444444444444,0.0491745570548491,0,3
0.5697666666666666,0.2543796487895446,0,3
0.0043438596491228,1.0002574002574005,0,1
0.8014333333333333,0.0708668359031377,0,3
0.3493791666666667,0.0417478235081864,0,0
0.7644666666666666,0.0467847117849615,0,3
0.2095901515151515,0.0545855017755347,0,0
0.1036666666666666,0.2374656466181055,0,0
0.58648,0.2451942882808729,0,3
0.0014180555555555,1.0,0,1
0.0592691056910569,0.5092220840894568,0,1
0.9886241666666667,0.0347142616872659,0,3
0.0219643333333333,0.7605978825093473,0,1
0.1068583333333333,0.1200690694347221,1,0
0.1203420289855072,0.3037948389122159,0,0
0.0416477777777777,0.6363579327111599,1,1
0.1094458333333333,0.5523889354568315,1,1
0.026940625,1.0010661221381238,0,1
0.002859649122807,1.0,0,1
0.6811621794871795,0.0453028965303646,0,3
0.7964083333333333,0.0292525856210113,1,3
-0.0382833333333333,0.8653131773606777,0,1
0.0006074074074074,1.0,0,1
0.76264,0.0380882972099531,1,3
1.1249866666666668,0.0008867141153912,1,3
0.7395196078431372,0.0875548113798775,0,3
0.8062,0.1172762241210152,1,3
0.9963366666666668,0.0787635355698357,0,3
0.0179927536231884,0.4002411252511721,0,0
0.0706214285714285,1.0,0,1
0.5417833333333334,0.0578380881863674,0,3
0.9236222222222222,0.0515389536546805,1,3
0.0527128205128205,0.8752984798982626,0,1
0.7300296296296297,0.0563439980256439,1,3
0.8270638888888889,0.0418721170506957,0,3
0.8427738095238095,0.0597049319958496,0,3
0.4951932291666667,0.0524436568030799,0,0
0.0233153846153846,1.0,0,1
0.5156361111111112,0.0442570686196009,1,0
0.3842023809523809,0.0412655911445401,1,0
0.2404266666666666,0.7167118479713823,0,1
0.7150702380952381,0.0390831372027546,0,3
0.0026922222222222,1.0,0,1
0.3253416666666666,0.1535366835099843,0,0
0.0605195652173913,0.2531310836423604,0,0
0.4610916666666666,0.0399418929058988,0,0
0.7134,0.1514873844817805,0,3
0.7268083333333333,0.0551097659835459,0,3
0.1655,0.2627591706539074,0,0
0.7004833333333333,0.0513192860939176,0,3
0.00292,0.6666666666666666,0,1
0.0052,0.0,1,0
0.0282763333333333,1.009679301594952,0,1
0.9363704545454544,0.0377464996542637,0,3
0.4940666666666667,0.0709771125847308,0,0
0.5962233333333333,0.3590071848695331,1,3
0.761881746031746,0.0295401369050139,1,3
0.1177820833333333,0.5881718801791691,0,1
0.2205078431372549,0.0745187100100944,0,0
0.2506,0.2134421190577054,0,0
0.0251492424242424,1.0049040579356163,0,1
0.77046,0.0487160167671483,0,3
0.1692677777777778,0.0981789452459465,0,0
0.1332314814814814,0.0557549291267656,0,0
0.7850066666666667,0.0397203719544156,0,3
0.0997174603174603,0.2544072950976032,0,0
0.9852166666666666,0.0945265110703769,1,3
0.3275416666666667,0.0510699147132424,1,0
0.0083333333333333,0.0,0,0
0.0119201149425287,1.003839848820966,1,1
0.0430116666666666,1.0008997429305913,0,1
0.0222520833333333,1.0,0,1
0.7183642857142857,0.0553228493921843,0,3
0.3029267857142857,0.0478092580623974,1,0
0.0991825,1.5750756204193457,1,1
0.0434953125,0.9385508439302344,0,1
0.70113125,0.0404422528683348,0,3
0.7620357142857143,0.0349004133892844,1,3
0.189428431372549,0.0692017940811611,0,0
0.8868907407407408,0.0377972980481442,0,3
0.02124,0.2453867363815733,1,0
0.6114547619047619,0.4455378359446979,0,3
0.4242686868686868,0.0455744648641524,0,0
0.0278520833333333,1.0,0,1
0.4483208333333333,0.0468172052398215,0,0
0.4045531746031746,0.0247112164316013,0,0
0.39523,0.0423161733170067,1,0
0.8630864583333334,0.0320835831554049,0,3
0.64433125,0.0479067178035281,0,3
0.6526895833333333,0.044605267549571,0,3
0.2722904761904762,0.7117938420534976,0,1
0.1657780701754385,0.0358530246047344,0,0
0.810288888888889,0.0533685605079521,0,3
0.7079238095238095,0.0563349171117376,0,3
1.002247916666667,0.0729645616921543,1,3
0.2127296296296296,0.8204348686947931,0,1
0.8098366666666666,0.0387530285673638,1,3
0.0202541666666666,1.0095238095238095,1,1
0.0179626984126984,0.5001398927488925,0,1
0.0497458333333333,1.0045506284896113,0,1
0.2799,0.3714646312037096,0,0
0.0043480769230769,0.1016421192653072,1,0
0.0258022222222222,1.0,1,1
0.4002705128205128,0.2316016650165291,0,0
0.0085422222222222,1.0009844723822077,0,1
0.02301,0.5728226041363239,0,1
0.0099586666666666,1.0022170978104037,0,1
0.384842,0.216832583121224,0,0
0.3878202380952381,0.0366882582888832,0,0
0.0372833333333333,0.5066146409767728,0,1
0.0129522222222222,1.0,0,1
0.0405293859649122,0.8339128843852333,0,1
0.0110420289855072,0.8272360580839708,0,1
0.5280327956989247,0.0715974640968341,0,3
0.7949476190476191,0.040855477853798,1,3
0.6760666666666667,0.07537628956431,0,3
0.3324666666666667,0.3861713719663199,0,0
0.0514090476190476,0.7197937253794919,0,1
0.0207645833333333,0.6545595054095827,0,1
0.0105166666666666,1.0,0,1
0.4653166666666666,0.0749575801107162,0,0
0.2281361111111111,0.0333866135049674,0,0
0.04369375,0.6325989623100752,0,1
0.8280333333333334,0.0166349809885931,0,3
0.7311083333333332,0.0663827355002836,1,3
0.03308,1.006812657492556,0,1
0.4369407407407407,0.0434812000495396,0,0
0.0440622549019607,1.0,0,1
0.1055,0.3547579693800154,0,0
0.6165387254901961,0.0434730265099425,0,3
0.0019449074074074,0.1016421192653072,1,0
0.2428981481481481,0.0677701363824117,0,0
0.0293911111111111,0.7545315363935752,0,1
0.9889333333333334,0.0413186888190953,1,3
0.9426666666666668,0.0808247551559093,1,3
0.3798981481481481,1.0077424855682335,0,1
0.2321268518518518,0.0418532618823808,0,0
0.19059375,0.1125812847021373,0,0
1.208128888888889,0.0821103767070051,0,3
0.2333089743589743,0.0360351920802859,1,0
0.026,1.0,0,1
0.8227583333333334,0.1150337696133445,0,3
0.0201759259259259,1.0032606580232808,0,1
0.4594266666666666,0.0619934598568852,1,0
0.0085492753623188,1.000726216412491,1,1
0.8866666666666666,0.0478106312123984,0,3
0.536394,0.0344999841298905,0,3
0.2705346153846154,0.0818124474193199,0,0
0.0032055555555555,0.1016421192653072,0,0
0.307,0.0408822926680154,0,0
0.7612666666666666,0.0543839302749399,1,3
0.0737594444444444,0.1258591682340069,0,0
1.0138681818181818,0.0453948826068741,0,3
0.0380817307692307,1.0003196069960918,0,1
0.7404466666666667,0.094793180098552,0,3
0.6238302631578947,0.2411114626497314,1,3
1.0035083333333334,0.0607758807654946,1,3
0.7303738095238095,0.0797504750663278,0,3
0.5239307692307692,0.0446187956940229,1,3
0.0254166666666666,0.4954146215448204,1,1
0.0499734567901234,0.0751454672044965,0,0
0.01645,1.0122655999220778,0,1
0.1667129629629629,0.6897718419588204,1,1
0.9733166666666668,0.0378742750464293,0,3
0.2855629629629629,0.053375273161794,0,0
0.70806,0.0460140587396126,0,3
0.3578714285714285,0.3121247153973571,0,0
0.003725,1.0012514220705346,0,1
0.0086014492753623,0.6025927280350203,1,1
0.7896692307692308,0.0499719282534308,0,3
0.3081433333333333,2.89823193572398,0,2
0.9709377777777776,0.0516641777348212,0,3
0.0013722222222222,0.1016421192653072,0,0
0.6597166666666667,0.0770966357070359,0,3
0.49825,0.0288706923907836,1,0
0.8532211111111111,0.0607453342979231,0,3
0.1400433333333333,0.805019578747206,0,1
0.0521553333333333,1.0017810390900486,0,1
0.6578572463768115,0.0374488156127023,0,3
0.1017738095238095,0.4242751185567454,0,0
0.002015,0.1016421192653072,0,0
0.3540166666666666,0.8915472409537315,0,1
0.005024074074074,1.0,1,1
0.1375743055555555,0.0347986611635297,0,0
0.927485,0.0438409158173943,0,3
0.0045833333333333,0.1016421192653072,0,0
0.3564974358974359,0.0485783786226685,1,0
1.3404770833333337,0.3527548997231333,0,3
0.658625,0.0996702949088881,0,3
1.1017833333333331,0.0526217038876815,0,3
0.3034979166666666,0.0899820253808444,0,0
0.1688611111111111,0.0615090870216159,0,0
0.0010833333333333,1.0,0,1
0.0608191666666666,1.02962662954139,0,1
0.5154666666666667,0.0937636584948189,1,0
0.2285229166666666,0.2126795651852602,0,0
0.1839555555555555,0.8518460529206479,0,1
0.2401233333333333,0.3356165416342907,0,0
0.00264,1.0,0,1
0.8069138888888889,0.0503954215006009,0,3
0.0294125,0.4008971291866028,0,0
0.0028966666666666,0.5086206896551724,0,1
0.0069642857142857,1.0,0,1
0.0570725,1.0586999477650532,0,1
0.6269761904761905,0.0427146644883452,0,3
0.2856425925925925,0.0430963383821854,0,0
0.14486,0.3732695141179548,0,0
0.0682833333333333,0.2067553929938156,0,0
0.6489983333333333,0.1244078855242687,0,3
0.0013,1.0,0,1
0.00208,0.875,1,1
0.8883333333333333,0.0954242238438662,0,3
0.554,0.0995824584547573,1,3
0.5551833333333334,0.0354449253284613,1,3
0.0111333333333333,1.0,0,1
0.9447888888888888,0.057087960963262,0,3
0.0554731481481481,1.007178003953856,0,1
0.5221953703703704,0.0487422983875935,1,3
0.3294466666666666,0.058156468346709,1,0
0.0019722222222222,1.0,0,1
0.527458,0.0891422090899315,0,3
0.1931546875,0.155186373171646,0,0
0.2332147058823529,0.0591772625456753,0,0
0.002425,1.0,0,1
0.6251844444444444,0.0368618946891938,0,3
0.6384104166666666,0.0411011870488185,0,3
0.0035454545454545,1.0,0,1
0.03734,1.0,0,1
0.3579277777777777,0.0694917701423775,1,0
0.4320392857142857,0.0353659700317215,0,0
0.0044880952380952,0.6897391304347826,0,1
0.0142361111111111,0.7568956468543665,0,1
0.0039380952380952,0.5,1,1
0.95647,0.1509336181931233,0,3
0.0580592592592592,0.9926851600682556,0,1
0.6930083333333333,0.0534149665565377,1,3
0.0841416666666666,5.0,0,2
0.8384785714285714,0.0423518645596167,0,3
0.0363856666666666,1.0040336586328995,0,1
0.02625,1.0,0,1
0.5216528985507246,0.1348946076393835,0,0
0.1906555555555555,1.0,0,1
0.2867583333333333,0.6951469125294818,0,1
0.0222055555555555,1.0084745762711864,0,1
0.081167,0.6114103479011018,0,1
0.0287066666666666,0.0,0,0
0.0090455555555555,5.0,0,2
0.0544983333333333,1.0,0,1
0.0102,1.1,0,1
0.01823125,0.7551801801801802,0,1
0.8515,0.1894116340315305,0,3
0.1279791666666666,0.5550784957458715,0,1
0.0322559523809523,1.0494199535962878,0,1
0.2596805555555556,0.222565614822908,0,0
0.002125238095238,1.0,0,1
0.0013440860215053,0.1016421192653072,1,0
0.5822694444444444,0.4307621113342293,0,3
0.9797666666666668,0.0411421738686126,0,3
0.0258552083333333,1.4035398230088496,0,1
0.9412472222222222,0.0408998921525625,0,3
0.8531766666666667,0.0360213987405291,1,3
0.2605083333333333,0.1823990838136598,1,0
0.0867844444444444,0.5,0,0
0.0052958333333333,1.0,0,1
0.1616555555555555,0.0419264436010307,1,0
0.0029697916666666,0.1016421192653072,0,0
0.6381583333333333,0.0399583492349716,1,3
0.6906433333333333,0.0463941008029485,1,3
0.5150857142857143,0.2685195138399757,0,0
0.0268338235294117,0.7076056420891614,0,1
0.1667125,0.1897717186216961,0,0
0.7489866666666667,0.0388420699058821,0,3
0.8499416666666666,0.0713911156040239,1,3
0.18,1.0,0,1
0.1638466666666666,1.0014246387458396,0,1
0.0085783333333333,0.8,1,1
0.4973666666666667,0.0979383333547061,0,0
0.0036050505050505,1.3349372995042286,0,1
0.0368055555555555,0.471743475695434,0,0
0.0249913333333333,0.3027044088143268,0,0
0.0327629629629629,1.0,0,1
0.0767875,0.7818289392428,0,1
0.0268916666666666,1.0049522921628016,0,1
0.6124666666666667,0.0811640391198288,1,3
0.3098166666666667,0.5758884368844903,1,0
0.2167658333333333,0.2274622931191191,0,0
0.9707222222222224,0.0460496438902499,0,3
0.7363547619047619,0.0448950529361662,0,3
0.883775,0.0827802825286461,1,3
0.0286805555555555,1.0,0,1
0.4847311111111111,0.0382755324196186,0,0
0.7329444444444444,0.0317996836292046,0,3
0.9515666666666666,0.307200109329759,0,3
0.3299966666666666,0.8936598684913208,0,1
1.3145383333333334,0.2167421286076579,1,3
0.006191304347826,1.0062859316711117,0,1
0.8336833333333334,0.1204038984499996,0,3
0.6172861111111111,0.0472902776516922,1,3
0.0393055555555555,1.0,1,1
0.0278522222222222,1.0024191683382715,0,1
0.0351733333333333,0.5803803855404819,0,1
0.9883714285714286,0.0418068716856655,0,3
0.5806866666666667,0.0619877406542966,0,3
0.0087611111111111,1.0,0,1
0.7304416666666667,0.0332428849783874,0,3
0.4553833333333333,0.4337130879491142,0,0
0.0201979166666666,0.8,1,1
0.154409,0.2453061279038726,0,0
0.8224466666666668,0.3627356451010576,0,3
0.8453880952380952,0.0409116225270119,1,3
0.1086666666666666,0.877088341875005,0,1
0.9387833333333334,0.0693768004244351,0,3
0.0631842592592592,0.5780184185474494,0,1
0.0669944444444444,1.0004800983000135,0,1
0.3601044444444444,0.0391830587176392,1,0
0.8359111111111112,0.0395405432124584,0,3
0.0159253333333333,0.8116544691977772,0,1
0.8577128205128205,0.0387814191175501,0,3
0.9139095238095236,0.0344768538806936,1,3
0.56605,0.0583293001577392,0,3
0.0513,0.7119109950400389,0,1
0.5932833333333334,0.0492496121604147,0,3
1.024080434782609,0.0304264680118171,0,3
0.0012875,1.0,0,1
0.0020215686274509,1.002413515687852,0,1
0.493175,0.0482018052321194,1,0
0.083774,0.6203105288742566,0,1
0.001227,1.0,0,1
0.2801222222222222,0.039565333180622,0,0
0.8792854166666666,0.0367083420304621,0,3
0.0024375,0.875,0,1
0.4396633333333333,0.2387226983832723,0,0
0.5355958333333333,0.0450643832707607,0,3
0.1746211111111111,0.2832603599732933,0,0
0.126876923076923,0.0336086527313418,0,0
0.7844229166666667,0.0530434878983144,0,3
0.0064684523809523,0.7101798108945802,0,1
0.7361857142857143,0.0372072227845584,1,3
0.7371626984126983,0.0430729312029836,0,3
0.03130375,0.0705537707559087,0,0
0.8187538461538462,0.0395561633723303,0,3
0.8926287037037036,0.0453779242551686,0,3
0.0417088888888888,0.7502122120989192,0,1
0.3981133333333334,0.1401567463114838,1,0
0.7026022222222222,0.2304084481080023,0,3
0.3190922222222222,0.0462946203674496,0,0
0.2470092592592592,0.5610620704604948,0,0
0.0096523809523809,0.6666666666666666,0,1
0.1484333333333333,1.0007375507375509,0,1
0.9741566666666668,0.0414164656594195,0,3
0.6152233333333333,0.055122647104052,0,3
0.0022217592592592,1.0,0,1
0.0070339743589743,1.0,0,1
0.841963888888889,0.0272684037949335,1,3
0.0418841269841269,0.5870698347449432,0,1
0.0137907407407407,0.6887921617953141,0,1
0.0012222222222222,1.0705128205128205,0,1
0.8268020833333334,0.0611859490331747,0,3
0.0089483333333333,0.8638356164383563,0,1
0.7278476190476191,0.0380833146559364,0,3
0.3988090909090909,0.057541274147872,0,0
0.7804055555555556,0.1195241219269313,0,3
0.0106707482993197,1.0030343451341115,0,1
0.1971380341880342,0.0886214517475948,0,0
0.9415270833333332,0.0389955533231948,0,3
0.04985,1.0,0,1
0.5125547619047619,0.2665843923017678,0,0
0.5550770833333334,0.0382240158949433,0,3
1.1150666666666669,0.0753400163439031,0,3
1.5605722222222222,0.0512795556856534,0,3
0.0844361111111111,0.9586342833005128,0,1
0.0268775,1.000469641060047,0,1
0.5568225,0.0495466209444374,1,3
0.0022733333333333,0.8510230179028133,0,1
0.144,0.1016421192653072,0,0
0.655972619047619,0.0453706361984189,0,3
0.5301555555555555,0.1001413776335854,1,3
0.5996305555555556,0.0463369316987248,0,3
0.5209444444444444,0.0428103831578735,0,3
0.924725,0.0428652495195855,1,3
0.0039633333333333,0.1016421192653072,0,0
0.5029416666666667,0.5316867726666659,1,0
0.02065,0.8,0,1
0.2972016666666667,0.2031609810488301,0,0
0.26975,0.6943059497328118,0,1
0.0290888888888888,1.0029011335475633,0,1
0.5625833333333333,0.3415383278086339,0,3
0.4740555555555555,0.1247224353616605,0,0
0.6480555555555556,0.0453664449590091,0,3
0.0393958333333333,0.1606293241083441,0,0
0.4886583333333333,0.0470391296678757,0,0
0.8577142857142858,0.0367394049687336,0,3
0.3012716666666666,0.121245985890284,0,0
0.3244208333333333,0.0973121717707651,0,0
0.7689514492753624,0.0314458481489326,0,3
0.0265952898550724,1.020833434255253,0,1
0.6924898550724637,0.0445482366938607,0,3
0.0053464285714285,0.6752136752136751,0,1
0.1038714285714285,1.002152474267324,0,1
0.2978666666666666,0.11988365943945,1,0
0.4049155555555556,0.217196006872694,0,0
0.1992,0.0557667635951593,0,0
0.0361909722222222,0.1818181818181818,0,0
0.2054380952380952,0.0408896171597912,0,0
0.0278719696969696,0.6,0,1
0.51395,0.1105561504128778,0,0
0.132302,0.6007716874699756,0,1
0.3255690476190476,0.0466427011458752,0,0
0.2617466666666667,0.0264960813371581,1,0
0.6612611111111111,0.0534173190708856,0,3
0.4204244444444444,0.0470401106878894,0,0
0.4573705882352941,0.0389303366167689,0,0
0.0138166666666666,1.0,0,1
1.0132921052631578,0.042453128475866,0,3
0.0364027777777777,0.919929520646234,0,1
0.2997888888888889,0.0966524188340012,0,0
0.8810666666666666,0.0573469883209824,0,3
0.0626416666666666,0.7032220943613348,1,1
0.0038090909090909,1.0,1,1
0.2164923333333333,0.8113616175791541,1,1
0.4355393162393162,0.0519018145726592,0,0
0.1903833333333333,0.8205191013352244,0,1
0.129213492063492,0.9287428478109052,0,1
0.6980454545454545,0.059369792953949,0,3
0.9899166666666666,0.0568953259293048,0,3
0.0322888888888888,1.005251909325812,0,1
0.4946,0.1187550305956629,1,0
0.2968916666666666,0.1115695748954883,0,0
0.5046910256410256,0.4235841638393379,0,0
0.076835,0.1192619106602676,0,0
0.4764333333333334,0.0384416065596009,0,0
0.2888589285714286,0.0450231761331884,0,0
0.1691848484848484,0.072575193529572,0,0
0.2236711111111111,0.3628328794760897,0,0
0.1295541666666666,1.1453511058243455,0,1
0.0545361111111111,0.1090114904342432,0,0
0.1035311827956989,0.242347258905474,0,0
-0.0048938596491228,0.1016421192653072,0,0
0.9472666666666668,0.0454415479300801,1,3
0.1343236666666666,1.0153564336825114,0,1
0.3712875,0.0594227922169793,0,0
0.9354336734693878,0.0379026221105273,0,3
0.0912777777777777,0.5333333333333333,0,1
0.01,0.5,0,1
0.0153685714285714,0.920096815480698,0,1
0.0081194444444444,1.001361510684899,0,1
0.4282307692307692,0.0306583072076119,0,0
0.8672333333333334,0.1219581812132625,0,3
0.0297683333333333,1.0035879391570668,0,1
0.3905846153846153,0.0862920048874257,0,0
0.5745666666666667,0.1141257807093159,0,3
0.0243407407407407,0.4982980691513384,0,1
0.0946966666666666,0.0754911012283751,0,0
0.5750233333333333,0.1610943921798989,0,3
0.0020569444444444,0.3777148253068933,0,0
0.7084625,0.0482024137662255,1,3
0.9117666666666666,0.820714402653787,0,3
0.3214,0.0404626313406485,0,0
0.5565151041666667,0.0321356255475189,1,3
0.9614166666666668,0.044314876976762,1,3
0.0204412698412698,1.0,0,1
0.1688362318840579,0.0944735172403645,0,0
0.0236769841269841,1.0042444821731749,1,1
6.944444444444444e-05,1.0,0,1
0.5002766666666666,0.0614362726331536,0,0
0.0160333333333333,0.5,0,1
0.6924849206349207,0.0321907142350661,0,3
0.0010824074074074,0.1016421192653072,1,0
0.7177875,0.5730918629970001,1,3
0.1395907407407407,0.2423557439014151,0,0
0.5879333333333333,0.0732399473938145,0,3
0.8970194444444444,0.0292393979846752,1,3
0.6660782051282051,0.0579795188303876,0,3
0.0044245098039215,1.0,0,1
0.67273,0.0351137036529567,1,3
0.0119436507936507,0.8,0,1
0.7341833333333333,0.0320598831171306,1,3
0.0297666666666666,1.0,0,1
0.0228973958333333,1.0004694553114657,0,1
0.4830866666666666,0.0779326522709682,0,0
0.2979007407407407,0.0572954199086492,0,0
0.0169166666666666,0.4,1,0
0.6980627450980392,0.1234892717643862,0,3
0.22745,0.0799326318829993,0,0
0.1457275,0.1528391531217588,0,0
0.8598637254901962,0.0399488695243691,0,3
0.6913166666666667,0.065112614672258,1,3
0.6908166666666667,0.1550735777930509,0,3
0.0139770833333333,1.0022643062988883,0,1
0.6774046296296296,0.0361624025861392,0,3
0.3842141975308641,0.0447110484045944,0,0
0.0146373983739837,1.0,0,1
0.84535,0.0965051174960115,1,3
0.3786935185185185,0.0397619403373571,0,0
0.6679233333333333,0.1169061111626918,0,3
0.0327690476190476,1.0,0,1
0.3840866666666666,0.0715097714463196,0,0
0.4206163636363636,0.0403743463032294,1,0
0.0911953333333333,0.770944823933219,1,1
0.7993466666666668,0.0446758181305873,0,3
0.4234425925925926,0.0401034585494314,0,0
0.8277166666666667,0.0425796733149125,0,3
0.0068037037037037,1.0043219860964283,0,1
0.4546537878787878,0.586219099262116,0,0
0.03645,1.0,0,1
0.0546675,1.0004984662576688,0,1
0.5818055555555556,0.0955560207754856,0,3
0.7127166666666667,0.5292817965777175,0,3
0.1601411764705882,0.0703795094001841,0,0
0.947875,0.1150096339840617,0,3
0.3471511494252873,0.046514452837635,0,0
0.7721033333333333,0.0396082180112764,0,3
0.0020615942028985,1.0,0,1
0.0014759259259259,0.5035924484610684,0,1
0.6774309523809523,0.04685996556112,0,3
0.043235119047619,1.0,0,1
0.4813051282051281,0.0425061955197847,0,0
0.8041333333333333,0.0796913521206955,0,3
0.0024466666666666,0.5,0,1
0.0766333333333333,1.0,1,1
0.5058431623931624,0.0305760801537091,0,0
0.4062555555555556,0.223566228327857,0,0
0.014231746031746,1.0001621402513172,0,1
0.08201,0.3877474353567216,0,0
0.8746666666666666,0.0673855280198978,0,3
0.7136883333333333,0.2050170805608989,1,3
0.54630625,0.0376896592879134,1,3
0.0443518518518518,0.5227876400826708,1,1
0.7293011904761905,0.03527559619801,0,3
0.9863892857142856,0.030468297674946,1,3
0.0006481481481481,0.1016421192653072,0,0
0.4496642857142857,0.0593701237131106,0,0
0.7780954545454546,0.0363394981854571,0,3
0.0398985507246376,1.0,0,1
0.5386366666666667,0.0635703681414469,0,3
0.0393411764705882,1.0,0,1
0.7999833333333334,0.0404627604693897,1,3
0.9140294871794872,0.0418746423824436,0,3
0.9232333333333332,0.2154933893399879,0,3
0.00151,1.0,0,1
0.508225,0.1386181270777839,0,0
0.5303266666666666,0.4030933485472706,0,0
0.5727595238095238,0.0660725348931909,0,3
0.0520226851851851,1.000083153633596,0,1
0.2235689655172413,0.0458958047193048,0,0
0.1365289855072463,0.1285639576192378,0,0
0.0011574074074074,0.1016421192653072,0,0
0.3304566666666666,0.0593765462642256,0,0
0.0493361111111111,0.6494746407494508,0,1
0.5747583333333333,0.1321908666678929,0,3
0.6095651515151516,0.0377915199717166,0,3
0.0507325,1.0115459871962762,0,1
0.466225,0.0947924515627359,0,0
0.0544833333333333,1.8055131726172315,0,1
0.02326,0.4408163265306122,0,0
0.58418,0.0724520750231854,0,3
0.7800433333333333,0.0301949772041189,0,3
0.3165166666666666,0.0821859456068767,0,0
0.0237266666666666,0.5865267807840973,0,1
0.0520233333333333,1.0055871893760877,1,1
0.0729673913043478,1.003591384061767,0,1
0.0257570833333333,0.6190523766125774,0,1
0.5446071428571428,0.0217452143969166,1,3
0.70597,0.0377134413724282,0,3
0.8228818181818182,0.0316493794209718,0,3
0.9427833333333334,0.0892270066791085,0,3
0.7522,0.0356284267976114,0,3
0.3047833333333333,0.6126364620115214,0,0
0.0070555555555555,0.1016421192653072,0,0
0.9860935185185186,0.0406786686237324,1,3
0.7598533333333333,0.0401718093809441,0,3
0.8242409090909091,0.0344462691487659,0,3
0.0074222222222222,0.4370625773571078,1,0
0.6497041666666666,0.3856923703780844,0,3
0.5730316666666667,0.0369247712429999,0,3
0.6336893939393939,0.0529103812267099,0,3
0.2937583333333333,0.1123266897746967,0,0
0.0841666666666666,0.1414634146341463,1,0
0.3954766666666666,0.2851822394627362,0,0
0.0577427536231884,0.3509924773042282,0,0
0.4986566666666666,0.4,1,0
0.0857916666666666,0.4127186448574418,0,0
0.9465722222222224,0.0604851721483441,0,3
0.0106871794871794,0.6000240009600384,0,1
0.6777333333333333,0.1050774191240094,0,3
0.4947833333333333,0.2771315871473948,1,0
0.387415,0.0327937612419436,0,0
0.4833291666666667,0.1400654799553402,0,0
0.651209375,0.0459052241580179,0,3
0.0063955555555555,0.7123239436619718,1,1
0.4860287037037037,0.2898340379087047,0,0
0.0033222222222222,0.8,0,1
0.0015132183908045,1.0517541342080088,0,1
0.6948052083333333,0.168712203424363,0,3
0.89525,0.0832836654408423,1,3
0.0183229166666666,0.4504998540064793,0,0
0.7297849206349207,0.0397058334696901,0,3
0.0005541666666666,1.0,1,1
0.4280694444444444,0.0511288411035337,0,0
0.3044513605442177,0.2878489273063925,0,0
0.3643648148148148,0.0683110047205356,0,0
0.7784416666666667,0.109472929825994,1,3
0.2848236111111111,0.1693440662848457,0,0
0.3966621794871795,0.0381156406298026,0,0
0.03781875,1.0,0,1
0.0167661111111111,0.3681908408606766,0,0
0.4652666666666666,0.0411241106679692,0,0
0.0022365079365079,0.1016421192653072,0,0
0.977565925925926,0.0391470457686978,0,3
0.0041022222222222,5.0,0,2
0.4681944444444444,0.0411672299011968,1,0
0.6975354166666667,0.0405556556606505,0,3
0.1352361111111111,0.4061752852866021,0,0
0.0125,0.0,1,0
0.7236888888888889,0.0727456160517906,0,3
0.4192888888888889,0.0782688218529274,1,0
0.5189628205128205,0.046631017294621,0,0
1.07516,0.0515379611182085,0,3
0.0738481481481481,1.0003006414204465,0,1
0.4589202898550725,0.0359274390270903,0,0
0.8394183333333333,0.039799462252475,0,3
0.3222633333333333,0.073256469951873,1,0
0.1074841666666666,0.9668546950058314,0,1
0.5383208333333332,0.0476055959020589,0,3
0.1130323809523809,0.5775090328426334,0,1
0.0310893518518518,0.907826262706656,0,1
0.2687,0.707498675163053,0,1
0.9183030303030304,0.0244138282943321,1,3
0.3980068181818181,0.1679225412512789,0,0
0.1212966666666666,0.527900228781876,0,1
0.5279136363636364,0.2212729454598316,1,0
0.0691766666666666,0.4140357605580602,1,0
0.1568833333333333,0.3843305863157497,1,0
0.0287225,0.2847346391372839,0,0
1.3029777777777778,0.0483456271427241,1,3
0.0711979166666666,1.0034084427793597,0,1
0.5487954545454545,0.1513316948599138,0,3
0.6982527777777778,0.1591249788341818,0,3
0.0975111111111111,0.0518126774405972,0,0
0.2036222222222222,0.682063492063492,1,1
0.2593740740740741,0.0559676759847822,0,0
0.0216357142857142,1.0,1,1
0.67181,0.0640582444053056,0,3
0.9711,0.2529491688336534,0,3
0.8223611111111111,0.0827819963524879,0,3
1.0154935185185183,0.037719967007071,0,3
0.8264033333333333,0.0525571213285406,0,3
0.2631466666666667,0.3622445630510021,0,0
0.4342666666666667,0.127546116778476,1,0
1.0247266666666668,0.0330028440913683,1,3
0.0437558333333333,0.721315997960946,0,1
0.39286,0.0540962959559239,1,0
0.8553,0.0370320196155921,0,3
0.1526191666666666,0.8704895932323053,0,1
0.6558944444444444,0.0473871417839254,1,3
0.0227883333333333,1.0,0,1
0.8776083333333334,0.0751931303402142,1,3
0.7494833333333333,0.0415565895510504,0,3
0.0053407407407407,1.004981152396338,0,1
0.90675,0.0576803588899852,0,3
0.6859358974358974,0.036225090636625,0,3
0.1738800925925926,0.2776195857899952,0,0
0.7336805555555556,0.0329122228686673,0,3
0.0019571428571428,1.0,0,1
0.8537833333333333,0.1371328147038762,0,3
0.8783666666666666,0.070373931293953,0,3
0.9259083333333334,0.0823798449414814,0,3
0.0009455555555555,1.0,0,1
0.0673932291666666,0.6074150400077609,1,1
0.9829333333333334,0.0571773505629915,1,3
0.98815,0.0,0,3
0.0070708333333333,1.0,0,1
0.9860833333333334,0.0592891060500489,0,3
0.5872298611111111,0.0373395840038385,1,3
0.0196993333333333,0.9304347967118828,0,1
0.6258966666666667,0.1187801799530583,1,3
0.6250366666666667,0.0568466285290993,1,3
0.9719316666666667,0.0441248716909099,0,3
0.6592611111111111,0.0542289236049624,0,3
0.0307833333333333,1.0,0,1
0.0018391304347826,1.0,0,1
0.0068571428571428,0.0,1,0
0.0009532407407407,1.0,0,1
0.014074074074074,0.163265306122449,0,0
0.6467833333333333,0.0395803688769976,1,3
0.7569333333333333,0.0570147290023555,0,3
0.4627814814814815,0.0347887222696844,1,0
0.139424074074074,0.8052717477649234,0,1
0.01712,0.8055871893760876,0,1
0.002077027027027,1.0,0,1
0.0149731884057971,0.807773971444124,0,1
0.2481825757575757,0.0319140363213234,0,0
0.2414125,0.0422984356421312,0,0
0.5766888888888889,0.0740024379269368,1,3
0.0463435185185185,1.0057472888183463,0,1
0.00193375,0.4052581027973237,0,0
0.18478,0.1165599805060896,0,0
0.6685675925925926,0.2473487695389395,1,3
0.1666145299145299,0.0771561503502797,0,0
0.1122556666666666,0.1153348081433107,0,0
0.8716708333333334,0.2861605245931517,0,3
0.9055766666666668,0.0487578371205021,1,3
0.2234395833333333,0.1282322592761554,0,0
0.7111972222222223,0.0471598701622414,0,3
0.6292222222222222,0.0551945875482973,1,3
0.3345396551724138,0.0369706501229625,0,0
0.0250886666666666,1.0054680317872868,0,1
0.2807509259259259,0.0431621159924199,1,0
1.0029683333333332,0.0888979717989525,0,3
0.5879108333333334,0.0401598907919637,0,3
0.6747833333333333,0.045493714999046,0,3
0.8726222222222223,0.0373615650851015,0,3
0.0134391666666666,1.0002293577981651,0,1
0.7653810185185186,0.0741325936393269,1,3
0.247675,0.0835979061937459,0,0
0.271537356321839,0.0421601180246788,0,0
0.2344909722222222,0.5014418162070063,0,0
0.2585196078431372,0.5787985708774857,0,0
1.0578166666666666,0.1217010724860839,0,3
0.0008436666666666,1.0,0,1
0.0972083333333333,0.1016421192653072,0,0
0.0578383333333333,0.698452051746607,0,1
0.0049763888888888,1.0,1,1
0.1085703703703703,0.9002380654053377,0,1
0.892075,0.0375949163719864,0,3
0.4352388888888888,0.0649024616031743,0,0
0.4589824786324786,0.0406655247215596,0,0
0.82955,0.0610762725697765,0,3
0.0075095238095238,1.0,1,1
0.0168725490196078,0.8,1,1
0.3222533333333333,0.1080497028633171,0,0
0.4629205882352941,0.6761963779817837,0,0
0.2362176666666666,0.0449249782166488,0,0
0.0097226666666666,0.5841789029909201,0,1
0.03526,1.0005758710048949,0,1
0.5648166666666666,0.1225211680024375,0,3
0.6497133333333334,0.0543005255209795,1,3
0.3201533333333333,0.080068547422639,0,0
0.1926583333333333,0.0943650079798859,0,0
0.4830666666666666,0.029628860935946,1,0
0.9211388888888888,0.039550387549197,1,3
0.0014485294117647,1.0,0,1
0.0205253968253968,1.0013499180406904,0,1
0.0355416666666666,0.3715641541255601,0,0
0.8923433333333333,0.0915923096641529,1,3
0.1048533333333333,0.1223482236616787,1,0
0.0369883333333333,0.6210572605645798,0,1
0.0841629629629629,1.0049502683644198,0,1
0.1973666666666666,0.2342144412140825,1,0
0.6535240740740741,0.0412449500177715,0,3
0.0548645299145299,1.0,0,1
0.4344266666666666,2.123233596897794,0,1
0.0156083333333333,0.1016421192653072,1,0
0.013696875,1.0008449264966608,0,1
0.5783458333333333,0.1502168799191753,0,3
0.9752843137254904,0.0379714815885019,0,3
0.1019229166666666,0.1716832232792505,0,0
0.1026188888888889,0.0684936238117388,0,0
0.1297763440860215,0.0771254408654843,0,0
0.6479966666666667,0.0488482552470531,1,3
0.0320858695652173,0.3923191746676229,0,0
0.1713333333333333,0.1016421192653072,0,0
0.49473,0.0384639574624499,1,0
0.5502140350877194,0.0439933003362943,0,3
0.51755,0.4443568356507346,0,0
0.0018847826086956,1.0216346153846154,0,1
0.6802555555555556,0.1409535477882768,0,3
0.8512133333333333,0.0482604197117277,0,3
0.8405965517241379,0.039426223150602,0,3
0.1841083333333333,0.2876375268017147,1,0
0.0640130434782608,0.216334187178605,0,0
0.2198222222222222,0.0725790941925651,0,0
0.1910023809523809,0.0864271889122497,0,0
0.6673875,0.0377972311584681,0,3
0.5366388888888889,0.0513086649023586,0,3
0.90634,0.0479166282137783,0,3
0.9478166666666666,0.0548455241093557,0,3
0.021176,1.003277171215892,0,1
0.5491628205128205,0.0404454383712229,1,3
0.7156095238095238,0.0780384689119577,1,3
0.0014930555555555,1.0029817916002126,1,1
0.0078989898989898,1.00467246745897,0,1
0.01625,0.5,0,1
0.00455,1.0,0,1
0.0374895833333333,1.0012345679012344,0,1
0.3260066666666666,0.0430152370681288,0,0
0.7458041666666667,0.0375449656336868,0,3
0.4337214285714286,0.0931721008804124,1,0
0.0767083333333333,0.6404809944491627,0,1
0.94965,0.0364318941099296,0,3
0.1818125,0.6655185936996457,0,1
0.377013725490196,0.0453852973101018,0,0
0.8623104166666666,0.0546726300482844,0,3
0.4033066666666666,0.1025478404625366,0,0
0.0326143939393939,1.0000324991875202,0,1
0.0937125,1.341694059232171,0,1
1.0787,0.0523240955268843,0,3
-0.0214166666666666,0.1016421192653072,0,0
0.1265166666666666,1.000942139322421,0,1
0.8138321428571429,0.0353210480096284,1,3
0.12741,1.0207381076986803,0,1
0.2743144444444444,0.2324985438482036,0,0
0.9370333333333334,0.0721433321077526,0,3
0.7804031746031745,0.0342191843263761,0,3
0.0171232323232323,1.947318277619354,0,1
0.09014,0.1254730912389071,0,0
0.9757726666666666,0.0369482567565449,0,3
0.9550188405797102,0.0354786964981878,0,3
0.9351309523809525,0.037493785137798,0,3
0.6689416666666667,0.0431302808502656,1,3
0.3815166666666666,0.1633658365122648,0,0
0.0048761904761904,1.0057405281285878,0,1
0.00616,0.8,0,1
0.0083333333333333,1.0,1,1
0.9228784722222224,0.0427569470667828,0,3
0.231,1.0,0,1
0.052963768115942,0.8949880747372791,0,1
0.4460675,0.0875420911486886,0,0
0.1901013333333333,0.0612193257225671,0,0
0.3293035714285714,0.0532026714506442,0,0
0.7133233333333333,0.0371155200053071,0,3
0.5763733333333334,0.0922588839007255,0,3
0.0147975308641975,0.75504666811374,0,1
0.565588725490196,0.0526012571039361,0,3
0.4432416666666667,0.0540947791284424,0,0
0.3936266666666666,0.0484952428921868,0,0
0.0007921296296296,0.8009615384615385,0,1
0.33179,0.5239693487452267,0,0
0.0069166666666666,1.0,1,1
0.9102166666666668,0.0780012350266854,0,3
0.6740466666666667,0.0647701899871008,0,3
0.6573833333333333,0.0980481415852803,1,3
0.6180633333333334,0.2953236042263792,0,3
0.7216339743589744,0.039412812913575,0,3
0.1520925925925926,1.0041856687699169,0,1
0.6417666666666667,0.1067217719382067,1,3
0.7589333333333333,0.0751710753514025,1,3
0.8257277777777777,0.1596402179265178,0,3
0.8637275,0.0389155590547254,0,3
0.1359105555555555,0.0415095716586509,0,0
0.7759611111111111,0.0571435828845371,1,3
0.5883759259259259,0.289747638398159,0,3
0.3480847222222222,0.0269006163204843,1,0
0.4509166666666667,0.3065090880641374,0,0
0.1236222222222222,0.5081165076827041,0,0
0.20347,0.0973277974209568,0,0
0.5696666666666667,0.0449228398999159,0,3
0.2449866666666666,0.7670092846025348,1,1
-0.0180416666666666,0.926470588235294,0,1
0.7665388888888889,0.0621130229084255,1,3
0.8711425,0.044533990396005,0,3
0.2089,0.1938154159653645,0,0
1.0504583333333335,0.0803666222670893,0,3
0.9172592592592592,0.0383806306357919,0,3
0.7348888888888889,0.0485884272628538,1,3
0.0058763333333333,1.0106942889137738,0,1
0.9489333333333332,0.0313093519612983,1,3
0.002495238095238,1.0,0,1
0.058325,0.8049843192916459,0,1
0.59729375,0.0322712996474329,1,3
0.0254787234042553,0.6934583612413485,0,1
0.0005384259259259,1.0,0,1
0.77153125,0.0386162828967088,0,3
1.1315388888888889,0.0430839739340548,0,3
0.4871433333333334,0.0719388713568543,0,0
0.0639591666666666,1.0,0,1
0.04998125,1.00454204287789,0,1
0.2895690476190476,0.0613327254207577,0,0
0.8749095238095238,0.0398363346545771,0,3
0.15757,0.2239097304777049,1,0
0.0397888888888888,0.1016301829380623,0,0
0.2243125,0.153523904829592,0,0
0.4705358333333334,0.0371927408952948,0,0
0.0005141414141414,5.0,0,2
0.0393388888888888,0.75,0,1
0.6065466666666667,0.2755518597904001,0,3
0.7010833333333333,0.0403770481872941,0,3
0.0335098958333333,1.0,0,1
0.1460363095238095,0.0853991985205839,0,0
0.0358733333333333,1.001286304680788,0,1
0.7889525641025641,0.0411689187356543,1,3
0.8892263888888889,0.0396179898530651,0,3
0.0108929487179487,0.6681769014904336,0,1
0.1718316666666667,0.8038161445894509,0,1
0.1302458333333333,0.5718529914215177,0,1
0.013,0.3333333333333333,1,0
0.0372666666666666,1.0,0,1
0.0087622222222222,1.0023863350916855,0,1
0.5469583333333333,0.1148159968948914,0,3
0.060896,1.0,0,1
0.8845,0.0530462825022358,0,3
0.751345,0.0349495920078117,1,3
0.7218416666666667,0.0406473620641443,0,3
0.8434258333333333,0.0470959117590645,1,3
0.0104896551724137,0.75,0,1
0.0064766666666666,1.004890416064751,0,1
0.11275,0.0,1,0
0.1288344086021505,0.0550320990314398,0,0
0.7459742424242425,0.0379521869337018,0,3
0.000184,1.0,0,1
0.0128275,0.6666666666666666,1,1
0.5654466666666667,0.0618598734447891,0,3
0.9704055555555556,0.0495596270044227,0,3
0.2173211538461538,0.0680686784060633,0,0
0.0812679487179487,0.6072679400393807,0,1
0.8865454022988506,0.0420093030224386,0,3
0.7538116666666668,0.0385353905470179,0,3
0.0029115942028985,1.0,0,1
0.7784944444444444,0.4662390709736578,1,3
0.852075641025641,0.041847208319769,0,3
0.0024722222222222,1.0,0,1
0.0024908045977011,1.0,0,1
0.8688126436781609,0.0385751681849517,0,3
0.8464611111111111,0.0340988936950972,0,3
0.4435833333333334,0.066856839419043,1,0
0.3699866666666666,0.0739483801767328,0,0
1.04295,0.0476110859025362,1,3
0.81565625,0.0431544643085907,0,3
0.0104017857142857,0.4271760835088145,0,0
0.6077866666666667,0.035605729113008,1,3
0.4781583333333333,0.0921246492171839,0,0
0.1251966666666666,0.6019323671497585,0,1
0.5933533333333334,0.0549346880592635,0,3
0.0605287037037037,0.0990806769681345,0,0
0.0371223809523809,0.8,0,1
0.2754166666666667,0.80437101145205,0,1
0.0189722222222222,0.8812967581047382,0,1
0.054587037037037,0.0,0,0
0.0213316666666666,0.6121206138818402,0,1
0.5957901960784313,0.2644869124740302,0,3
0.0153009803921568,0.6677852348993288,0,1
0.0048633333333333,1.016430890242776,0,1
0.0414933333333333,0.2767964545742323,0,0
0.0250849206349206,0.4981777597608114,0,1
0.0528263333333333,0.8,1,1
0.3104633333333333,0.0763968480670213,0,0
0.9888571428571428,0.0449556534222467,0,3
0.0096877777777777,1.0,1,1
0.3788233333333333,0.0838152300258427,0,0
0.4428833333333333,0.1980165603384806,0,0
0.9768583333333334,0.0406033813816583,0,3
0.7481533333333333,0.0484227913760782,0,3
0.0692777777777777,1.000982800982801,0,1
0.3286340579710144,0.0441385991546732,0,0
0.0963148148148148,0.0969796170165446,1,0
0.0051013888888888,0.2678571428571428,0,0
0.0340355072463768,0.1115181633262432,1,0
0.0011297101449275,1.0004819277108434,0,1
0.0160375,0.887344956782482,0,1
0.5734022222222221,0.0422889775535149,0,3
0.2531183333333333,0.0744430933640156,1,0
1.090162962962963,0.2308659010084504,0,3
0.0680653333333333,0.8094813524880642,0,1
0.869725,0.0946053902856487,1,3
0.4816805555555555,0.0489207317962123,0,0
0.1230266666666666,0.1283118261716117,0,0
0.312565,0.0519399548962912,1,0
0.323020202020202,0.0610080452171428,0,0
0.0424327777777777,0.6001598561294834,1,1
0.3586435897435897,0.0401818532214169,0,0
0.5899321428571429,0.0576091294896175,0,3
0.0078,1.0,1,1
0.0752963768115942,0.0642032869755421,0,0
0.1057405797101449,0.993146114862882,0,1
0.9957680555555556,0.0458244861852503,0,3
0.1725033333333333,0.139103185266882,0,0
0.5633385416666667,0.0351895993559834,0,3
0.4534854166666667,0.0520828276803576,0,0
0.6139888888888889,0.0690610276018833,0,3
0.5725033333333334,0.045353209438766,0,3
0.9868869047619048,0.039778656387271,0,3
0.5998809523809523,0.0777870019511592,1,3
0.7327055555555556,0.0378314258542816,0,3
0.5374769230769231,0.0392034517907565,0,3
0.0203166666666666,0.4396700618518391,0,0
0.0025130434782608,1.0024213075060533,0,1
0.4485166666666666,0.1138221288005702,1,0
0.72891,0.0395336736957112,0,3
0.3869229166666666,0.1190665255818959,0,0
0.4236048611111111,0.059091629500425,0,0
0.2386190476190476,0.5736170371318786,0,0
0.1598561904761904,1.009078341478838,0,1
0.0088619658119658,1.0216113416320884,0,1
0.1825904761904762,0.0857884701754832,0,0
0.6969458333333333,0.0614092712170569,1,3
0.8890833333333334,0.0346354784052015,1,3
0.1282291666666666,0.184158714606395,0,0
0.3938166666666666,0.0603582399170223,0,0
0.006934375,1.0,0,1
0.0620518518518518,0.979591836734694,0,1
0.0715,0.5049594899929123,0,1
0.0115291666666666,1.0,0,1
0.6979129629629629,0.0282461088364391,0,3
0.8104666666666667,0.0680716535954632,1,3
0.1200253333333333,0.1473014506616275,0,0
0.3283377777777778,0.1568394885534479,0,0
0.51172,0.0539899406891336,1,0
0.0324313953488372,1.0049605822550274,0,1
0.5229803418803419,0.0722611262815305,1,0
0.006188,1.0,0,1
0.7583833333333333,0.1722684377561839,0,3
0.9882966666666668,0.2334280695378282,0,3
0.0160845238095238,1.0,0,1
0.095825,1.0,0,1
0.31943,0.1719259867309427,0,0
0.2346566666666666,0.7748710619524016,0,1
0.410660606060606,0.056955751905787,0,0
0.4352714285714286,0.2899490703117992,0,0
0.8872166666666667,0.0586757003336562,1,3
0.8006133333333333,0.0440302488628215,1,3
0.2177152542372881,0.0411865967625107,0,0
0.6736666666666667,0.0643373153315789,0,3
0.5255613095238095,0.0411474684439572,0,3
0.1268403333333333,0.683408450283121,0,1
0.9402533333333332,0.0487824631115221,0,3
0.2651833333333333,0.6507664419429523,0,1
0.29465,0.0624556104842688,1,0
0.4333333333333333,0.3755878117476221,0,0
0.3882621212121212,0.4478256316773869,0,0
0.0021230769230769,1.110500624941661,0,1
0.2040893939393939,0.0638103353201207,0,0
0.6592666666666667,0.0425545972646564,0,3
1.1761194444444445,0.0326573399093093,1,3
0.6521476190476191,0.0373932707717451,1,3
1.0048388888888888,0.0328892826388647,1,3
0.2023659420289855,0.0366570207321576,0,0
0.0060090476190476,1.004376002686065,0,1
0.6068416666666667,0.8042660765762768,0,3
0.6692666666666667,0.0482461611086754,1,3
0.851525,0.0350446310623594,0,3
0.01369,0.8495840820007968,1,1
0.0751421052631579,0.8368932647685939,0,1
0.2711488095238095,0.0615262168549228,0,0
0.01453375,0.8004433833560709,0,1
0.502812962962963,0.0478533808886719,0,0
0.7117633333333333,0.2372992137176651,1,3
0.7077166666666667,0.2441416586144223,0,3
0.01175,0.8998272311011857,0,1
0.9123166666666666,0.0390461455726489,0,3
0.5152511111111111,0.0319825484786526,0,0
0.3405791666666666,0.0456482045039561,0,0
0.6591333333333333,0.253882860462903,1,3
0.3640115384615384,0.1688164115362227,0,0
0.0064388888888888,1.0,0,1
0.06,0.0,1,0
0.9255944444444444,0.0487772030536988,1,3
0.000565,1.0,0,1
0.821975,0.0454549202619142,0,3
0.2456686274509803,0.0687744412462407,0,0
0.4513115384615385,0.2593646388565527,0,0
0.0392944444444444,1.0045275090960994,0,1
0.03404375,1.0084566723895738,0,1
0.0006130952380952,0.1016421192653072,0,0
0.0078616666666666,1.0005656108597285,0,1
0.3460166666666666,0.116099848170366,1,0
0.1884633333333333,0.6723681523039389,0,1
0.5493588235294118,0.042695399366562,0,3
0.0228244186046511,0.6,0,1
0.5787326086956521,0.0744168397669412,0,3
1.14755,0.0422296013437222,0,3
0.9221560606060608,0.0422870344883028,0,3
0.0215958333333333,1.0,0,1
0.8035666666666667,0.0620543065059382,1,3
0.698125,0.0815072249766405,0,3
0.7989333333333334,0.233078592462161,0,3
0.0038109523809523,0.7511275773195876,0,1
0.0115108333333333,0.750942141432055,1,1
0.0405076923076923,0.7663373047802173,0,1
0.0004583333333333,1.0,0,1
0.7043928571428572,0.0288161909710425,1,3
0.1083523809523809,1.0113345832623146,0,1
0.8013916666666667,0.0775214485762638,0,3
0.0023039682539682,1.0,0,1
0.8952551282051282,0.0413044996456364,0,3
0.3856795454545454,0.0492041878878164,0,0
0.6044166666666666,0.2465167523149473,0,3
0.0362895061728395,1.0065399284036594,0,1
0.2722733333333333,0.1220999029783261,1,0
0.0251474358974358,1.1967479674796748,0,1
0.0086472222222222,5.0,1,2
0.7274466666666667,0.0515193412594012,0,3
0.0884913333333333,0.4161822349103857,0,0
0.4748607142857143,0.2900151960736222,0,0
0.0182608333333333,1.0538504464481444,0,1
0.035854964539007,0.6035849445342538,0,1
0.2139766666666666,0.1121407596551179,1,0
0.4507433333333334,0.4106959790071576,0,0
0.01256875,1.001075794621027,0,1
0.7399857638888889,0.0546221311771476,0,3
0.0097775641025641,0.2553573300920729,0,0
0.004274074074074,1.0,0,1
1.02025,0.1038163220989532,0,3
0.978375,0.0443741656020366,0,3
0.1407020833333333,0.0767319956393211,0,0
0.3765825396825397,0.0520944939641631,1,0
0.249,0.5300896672082807,0,0
0.0124333333333333,1.0,0,1
0.0096285714285714,0.6,0,1
0.0009259259259259,0.1016421192653072,0,0
0.6117916666666667,0.0446531513874442,0,3
0.1744166666666666,0.2,0,0
0.0052722222222222,1.0038787023977431,0,1
0.91418,0.0333894548700986,0,3
0.1930208333333333,0.4634756632334487,0,0
0.0498266666666666,0.1026586493103337,0,0
0.0211948717948717,5.0,0,2
0.065889,0.8026106706076526,0,1
0.0015523809523809,1.0,1,1
0.44419,0.0590384067857161,0,0
0.0379453703703703,0.5078225254303828,0,1
0.4242796296296296,0.1762592006047253,0,0
-0.0001672222222222,0.6721536351165981,0,1
1.0053745098039215,0.0401709749281355,0,3
0.4803266666666666,0.0411691797193906,0,0
0.4790166666666666,0.0464907837625554,0,0
0.0466173913043478,0.0704394947819582,1,0
0.8133375,0.0444965195993033,0,3
0.5390606666666666,0.0432103435591266,0,3
0.0182583333333333,1.0,0,1
0.0177333333333333,1.0,0,1
0.0507323529411764,0.4806651554455391,0,0
0.01515,0.1016421192653072,1,0
0.80517,0.1179694708090797,0,3
0.2265071428571428,0.0210659363808721,0,0
0.0064259259259259,1.0185917554349475,0,1
0.7078777777777777,0.0799101514959563,1,3
0.78390625,0.0391471885981665,0,3
0.2277708333333333,0.2538141109826801,0,0
0.3977861111111111,0.0759260554667546,0,0
0.3974744444444444,0.0381025834199872,1,0
0.0049591954022988,1.0,1,1
0.4119,0.8150825839064245,0,1
0.05984,1.0139174597018812,1,1
1.0023297619047618,0.039424972468905,0,3
0.3353916666666666,0.5538901403909291,0,0
0.8703444444444444,0.0591847188242279,0,3
0.0014555555555555,1.0003432887058017,0,1
0.0077425925925925,0.5993862938970338,0,1
0.0450425925925925,1.0,1,1
0.0284266666666666,1.0082401699416397,0,1
1.3153214285714283,0.0057381533821743,0,3
0.69029375,0.0400133265104108,0,3
0.000545,1.0,0,1
0.0416027777777777,0.2309926613478924,0,0
0.0164968253968254,0.4694752647788034,0,1
0.4353166666666667,0.049658316955311,0,0
0.9061561403508772,0.0407057176650182,1,3
0.014001923076923,1.0,0,1
0.7726924242424242,0.0361739318856965,0,3
0.6046604166666667,0.0509544017600783,1,3
0.0242121212121212,1.013168811828529,0,1
0.5551666666666667,0.0445821296194007,0,3
0.0105791666666666,1.0,0,1
0.4920138888888888,0.0451502975704847,0,0
0.95545,0.0830489804730204,0,3
0.0117833333333333,0.526567481402763,1,1
0.605974074074074,0.0376709113002804,1,3
0.0080488095238095,1.0,0,1
0.1609523809523809,0.0662015605606236,0,0
0.227491,0.0430530303819054,0,0
0.0066791666666666,1.0055577879771365,0,1
0.6890666666666667,0.0685182078832991,1,3
0.5144166666666666,0.0629993101609209,1,0
0.0708455555555555,0.7033030256331227,0,1
0.0161077777777777,0.4832120993834001,0,1
0.0521541666666666,1.1937919385796545,0,1
0.1301041666666667,0.7124012743080904,0,1
0.0517770833333333,0.1515257488595098,0,0
0.1356532520325203,0.6038104804824258,0,1
0.8649,0.1117517436589686,0,3
0.0215291666666666,0.6448222565687789,0,1
0.0645270833333333,0.7546391752577319,0,1
0.2405266666666666,0.2591025936708575,0,0
0.0031392156862745,1.025,0,1
0.1040425925925926,0.2941199005509864,0,0
0.3983994791666666,0.1406332629571325,0,0
0.9360833333333332,0.0280826490744495,0,3
0.2407063492063492,0.166672147092851,0,0
1.0194777777777777,0.0372251488610196,0,3
0.00242,0.5,0,1
0.0599655555555555,0.1284166425650995,0,0
0.2019611111111111,0.068498617662335,0,0
0.003874074074074,0.1016421192653072,0,0
0.838570634920635,0.037130940842586,1,3
0.2452729885057471,0.295159151146298,0,0
1.0775555555555556,0.0463931761970878,0,3
0.6967547619047619,0.0419829709746675,0,3
0.3293411111111111,0.0759618096534291,0,0
0.0438422619047619,1.0,0,1
0.5038564814814815,0.0381438741163832,0,0
0.2257690476190476,0.0767599926180815,0,0
0.5710966666666667,0.029086193554999,0,3
0.9676041666666666,0.0250877351861454,0,3
1.03125625,0.0316196938706729,1,3
0.4376633333333333,0.1501296023241686,0,0
0.0275438888888888,0.6894697058501255,0,1
0.3111911111111111,0.0476661178641449,0,0
0.0386905797101449,1.0046421586206862,0,1
0.8716579710144928,0.0469470657634566,0,3
0.0006868055555555,1.001675041876047,0,1
0.9352333333333334,0.0578782600000096,1,3
0.5695033333333334,0.0715612132591405,0,3
0.0011465277777777,1.0,0,1
0.783473611111111,0.0394943839489241,0,3
0.0456979166666666,0.2381945228589143,0,0
0.2315144927536232,0.0483836434781195,0,0
0.72949,0.136246544988852,0,3
0.1120074074074074,0.5166666666666667,0,1
0.0028233333333333,0.6,0,1
0.9874141025641026,0.0367024108619908,0,3
0.0066175925925925,0.970123839009288,0,1
0.0279421296296296,0.7169346516195612,0,1
0.0047282945736434,1.0,0,1
0.2024190476190476,0.1393103725844006,0,0
0.2716466666666666,0.0396248887185575,0,0
0.80779,0.0303678499769157,0,3
0.1171143939393939,0.6178501303059513,0,1
0.1414697916666666,0.1362634266731231,0,0
0.2716211111111111,0.5405110878847541,0,0
0.9297444444444444,0.0463905671079589,0,3
0.793479365079365,0.0404962907420878,0,3
0.9984354166666668,0.0393443284327554,0,3
0.4917166666666667,1.1849273945346692,0,1
0.7064066666666667,0.0367965347532234,1,3
0.6274,0.0365720267768881,1,3
0.3364,0.0556972490510687,1,0
0.7913666666666667,0.0462460496857451,1,3
0.0572339506172839,0.610258726358391,0,1
0.7154,0.0487350092918966,0,3
0.9832083333333334,0.0497599862713814,0,3
0.0408066666666666,0.1016421192653072,1,0
0.0096277777777777,0.0,1,0
0.3296543333333333,0.2854438688597801,0,0
1.1702243589743588,0.0318115609104747,0,3
0.7598166666666667,0.0159159637116027,1,3
0.0920847826086956,1.0,0,1
0.27325,0.0414784708911412,0,0
0.1823319444444444,0.2434710066659502,0,0
0.0592317708333333,0.9999666722212964,0,1
0.339335,0.1826603498937284,0,0
0.0004410256410256,1.0,0,1
-0.027221264367816,1.00699562882699,0,1
0.065167,1.0,0,1
0.0709916666666666,0.2749231356902096,0,0
0.0107848148148148,1.0,0,1
0.2965047619047619,0.0600395689688749,0,0
0.7439020833333333,0.0357350915399583,0,3
0.0385403333333333,1.0,0,1
0.0081301282051282,0.7551020408163265,0,1
0.0112,1.0,0,1
0.24861875,1.0000585333221843,0,1
0.2979203125,0.228964966516582,0,0
0.0033158333333333,0.6666666666666666,1,1
0.03129,5.0,0,2
0.0226845238095238,1.0,0,1
0.9069555555555556,0.078210324472214,0,3
0.50492,0.0367484023554752,1,0
0.196505,2.8753393550891766,0,2
0.4486666666666667,0.2867703599602858,0,0
1.4502625,0.5328087269399597,0,3
0.3263966666666666,0.2577789515499232,0,0
0.9129333333333334,0.0557586260583618,0,3
0.2052805555555555,0.7719321202390188,0,1
0.0279575,1.022930139437615,0,1
0.0262861111111111,0.9684919966301602,0,1
0.4575933333333333,0.0806981541842167,0,0
0.0015958333333333,1.008174386920981,1,1
1.0133666666666663,0.00604,0,3
0.35015,0.0331505765801117,1,0
0.021481746031746,0.7550080317490314,0,1
0.0033191666666666,1.0,0,1
0.1026555555555555,0.1016421192653072,0,0
0.42266,0.3203306498993333,0,0
0.746895,0.0406289382018446,1,3
0.3233491666666667,0.8801451290876731,0,1
0.9474833333333332,0.0396240897215864,0,3
0.5466895833333333,0.3971587427870304,0,0
0.1343192307692307,1.120624125103872,0,1
0.2679717948717949,0.2549069960768078,0,0
0.0239608974358974,0.9827393062693548,0,1
0.0190291666666666,1.0,1,1
1.0209261904761904,0.0337961328263369,1,3
0.392175,0.1173293709234563,0,0
0.08,0.0,1,0
0.5771815789473684,0.0373906557666588,1,3
0.4437222222222222,0.0850120775716903,0,0
0.0098338541666666,1.0,0,1
0.9366877777777776,0.0433700753466557,1,3
0.7544927536231885,0.0310880617804975,0,3
0.0064880952380952,1.0,0,1
0.940825,0.0770505473285562,1,3
0.4676395833333333,0.0464341284846383,0,0
0.0239601449275362,0.5718432773540851,0,1
0.1078055555555555,0.7766467704114262,0,1
0.1160975308641975,1.003815424751345,0,1
0.034985,0.2727020004897015,0,0
0.00833125,1.0034641639154611,0,1
0.589672619047619,0.3630340689995749,0,3
0.0666549019607843,1.0002145651899532,0,1
0.4283642857142857,0.0472086034959665,0,0
0.0337483333333333,1.0,0,1
0.7731833333333333,0.286106271681903,0,3
0.8356222222222223,0.0514276630208455,0,3
0.6649291666666667,0.048609878305172,0,3
0.0133692307692307,1.0,0,1
0.4838361111111111,0.0488569394099995,0,0
0.0016666666666666,0.1016421192653072,1,0
0.5207416666666667,0.054377239727898,0,0
0.1132416666666666,0.1190189806407585,0,0
0.411838596491228,0.051162175160154,0,0
0.1571455555555555,0.0433677102589373,0,0
0.5388708333333333,0.0122231989420103,0,3
0.0045326086956521,1.0013559322033898,0,1
0.018315,0.3982271533658894,0,0
0.5797979166666667,0.3563793044604235,1,3
0.1935520833333333,0.0372845855995113,0,0
0.0082208333333333,0.1016421192653072,0,0
0.0891222222222222,1.0004508380902573,0,1
0.2296710144927536,0.0360054126725277,0,0
0.0133077777777777,1.0,1,1
0.5212257575757576,0.23864299866885,0,0
0.638638888888889,0.0938295714258185,0,3
0.0007261111111111,1.0,1,1
0.1767194444444444,0.6953379731146916,1,1
0.3017433333333333,0.0473203980479729,0,0
0.3560455555555555,0.5399540862816605,0,0
0.5489141025641026,0.0368866103212205,1,3
0.8742563218390805,0.0377683084886173,0,3
0.6408884615384616,0.042730881024003,0,3
0.4661095238095238,0.0464986186399332,1,0
0.758575,0.3086624884724551,0,3
0.6579285714285714,0.0421915094773115,1,3
0.6503566666666667,0.1047546230252277,0,3
0.0188935897435897,0.4029434722082536,0,0
0.0223770833333333,1.0018602810211754,0,1
0.01855,1.043070301956892,0,1
0.0034601851851851,1.1606628242074928,0,1
0.278089898989899,0.5395689481467675,0,0
0.0037916666666666,0.9494792589735302,0,1
0.2610666666666666,0.0806702015739461,1,0
0.1001416666666666,0.0860476590911873,0,0
1.1174333333333335,0.0872633134160591,0,3
0.9200166666666666,0.0852214412715625,1,3
0.5958763888888889,0.0353391770539729,0,3
0.5331111111111111,0.0605878988005036,0,3
0.0010166666666666,0.1016421192653072,0,0
0.4947233333333333,0.0543836632830352,0,0
0.04577,0.8044673648543774,0,1
0.78449,0.0389722397208196,0,3
0.0103954545454545,1.0014992503748126,0,1
0.9171583333333334,0.2573287016837648,0,3
0.670811111111111,0.0746958890375999,1,3
0.0193429824561403,1.0054130388214984,0,1
0.0767566666666666,1.0227429498884153,0,1
0.9603708333333332,0.2324174386427822,0,3
0.0182763888888888,0.6,1,1
0.0061777777777777,0.1016421192653072,1,0
0.456875,0.098849936245781,0,0
0.9912340579710144,0.0417550435469241,0,3
0.0015305555555555,1.0,1,1
0.12745,0.5709662573507566,0,1
0.7521966666666667,0.2784909183699177,0,3
0.3363125,0.4774302605263106,0,0
0.5452433333333333,0.0489290617585593,0,3
0.6674033333333332,0.050651628759003,1,3
0.0051652777777777,1.0,0,1
0.3401833333333333,0.0314978030610147,0,0
0.0408822222222222,0.7935776245241497,0,1
0.5496277777777777,0.0581889020127856,1,3
0.105,0.0,1,0
0.0349628205128205,1.0050109609288909,1,1
0.0024761904761904,0.8,1,1
0.0281833333333333,0.6586773925361531,0,1
0.48588,0.0416449923634938,0,0
0.161355,0.0592998553439294,0,0
0.9239541666666666,0.0302043564161195,1,3
0.0341863636363636,1.2966724261732256,0,1
0.0700677777777777,0.0584745793037361,1,0
0.0459763888888888,0.5940777017257569,0,1
0.90743,0.0254471228933309,1,3
0.652375,0.0518083537183966,0,3
0.9110409090909092,0.0415509841877645,0,3
0.020760119047619,1.000537634408602,0,1
0.5001537037037037,0.0482020467282422,0,0
0.1775833333333333,1.0107994224307033,0,1
0.790395238095238,0.0407544657312934,0,3
0.7750743589743591,0.0417288328306578,0,3
0.3708833333333333,0.0498352290265078,1,0
0.0295283333333333,0.2767289330436967,0,0
0.6910333333333333,0.1012144135020791,0,3
0.9069833333333334,0.0589260906199601,0,3
0.7810095238095238,0.1234563613121336,0,3
0.7938301282051282,0.0329610461913836,0,3
0.3369697530864197,0.0371456571770291,0,0
0.4045066666666666,0.2742618662990401,0,0
0.0256050505050505,1.3904761904761904,0,1
0.3102546296296296,0.6117615520045728,0,0
0.9867125,0.0455058805540509,1,3
0.1501098765432098,0.267045999170249,0,0
0.0025541666666666,1.0962669077066756,0,1
-0.0002166666666666,0.1016421192653072,1,0
0.0098358333333333,0.6666666666666666,0,1
0.0736730769230769,0.2690544368480596,0,0
0.8647833333333333,0.1928944200860076,1,3
0.0098636904761904,1.0,1,1
0.7167617647058824,0.0538062747980076,1,3
0.8528833333333334,1.6046820440660376,0,1
0.0330133333333333,0.4167400881057269,1,0
0.0975277777777777,1.0,0,1
0.1360133333333333,0.4783047354137896,1,0
0.2446133333333333,0.4202937736568404,0,0
0.000512037037037,1.0,0,1
0.07126875,1.5812053056686082,0,1
0.2531083333333333,1.0102140977309908,1,1
0.5830416666666667,0.1989446293681267,1,3
0.6744611111111112,0.0308598181592223,1,3
0.0352333333333333,0.2118583848938355,0,0
0.54283,0.0939315783661735,0,3
0.4108560606060605,0.2459076173548023,0,0
0.4727551282051281,0.0359123198851652,0,0
0.3233533333333333,0.6737342789798607,0,1
0.0307553333333333,0.4190372586347566,0,0
0.0007771428571428,1.0005730659025789,0,1
0.6144166666666666,0.0600947596233827,0,3
0.4694694444444444,0.0714644101730675,1,0
-0.0050636363636363,0.1016421192653072,0,0
0.2216197916666666,0.0733978480830569,0,0
0.0146729166666666,0.6666666666666666,0,1
0.194336231884058,0.0486236058247591,0,0
0.940648148148148,0.056895424630362,0,3
0.8579333333333334,0.0690833281475764,0,3
0.0021579365079365,1.0989304812834224,1,1
0.0730291666666666,1.007529617299804,0,1
0.2600916666666666,0.0346334108352675,0,0
0.7411466666666667,0.0374909984951093,0,3
0.7069645833333333,0.0513495505752908,0,3
0.0558812865497076,0.1139608199816671,0,0
0.51511,1.1733973185239686,0,1
0.0119777777777777,0.8363636363636363,0,1
0.0137908333333333,1.0,1,1
0.56167,0.0102602369181979,1,3
0.3644633333333333,0.4719967463773556,0,0
0.5169611111111111,0.0355851681785589,0,0
0.3770205128205128,3.4645612880519834,1,2
0.9247633333333332,0.0390941364584737,0,3
0.7069166666666666,0.0722039053225397,1,3
0.5637354166666667,0.3585077360981666,0,3
1.0318893939393938,0.0416687421083037,0,3
0.4268366666666666,0.0896706615999931,0,0
0.4947444444444445,0.0500085953840271,0,0
0.0039798611111111,0.1016421192653072,0,0
0.0062670833333333,0.5933535500094405,0,1
0.9632444444444443,0.0445336149732551,0,3
0.7186166666666667,0.0486652637794347,0,3
0.0889552083333333,1.0004426756424605,0,1
0.0286234848484848,0.8007817321538777,0,1
0.0029203703703703,1.0,0,1
0.4511287878787878,0.0365614860195121,0,0
0.5657333333333333,0.0774492659912229,1,3
0.4817166666666667,0.0778142735312136,0,0
0.0038636363636363,0.0,1,0
0.1719403333333333,0.448439835960318,0,0
0.461025,0.1116553639606746,1,0
0.1523086666666666,0.3990792273122534,0,0
0.003,0.1016421192653072,0,0
0.5862433333333333,0.0606345131662021,1,3
0.0288324074074074,1.002015126571565,0,1
0.6025166666666667,0.0367486002556822,0,3
0.3245952380952381,0.0511513099833447,0,0
0.0180219298245614,1.000722939381174,0,1
0.2770277777777777,0.5208501716500473,0,0
0.5779214285714286,0.0394682362705378,0,3
0.839325,0.0858996151011617,0,3
0.0944875,0.7033361483961065,0,1
0.0825,0.0,1,0
0.5756366666666667,0.0442590199100449,0,3
0.0533270833333333,0.953748868498702,0,1
0.574075,0.7008230415875195,0,3
0.39863,0.2541689443884846,0,0
0.4675566666666666,0.316034568233309,0,0
0.05641875,1.0,0,1
0.59555,0.1359517430446478,0,3
0.5371296296296296,0.0713390333832578,0,3
0.002137037037037,0.7237165359467795,1,1
0.19720625,0.0587792931838226,0,0
0.0311407407407407,0.1016421192653072,1,0
0.9506375,0.0326858175258409,0,3
0.26568,0.0782840665189845,0,0
0.471535,0.0441327500675296,0,0
0.0797766666666666,0.4303545994572962,0,0
0.2473607843137255,0.1553514339821415,0,0
0.0005656862745098,1.0,0,1
0.9671166666666666,0.1070491237367462,0,3
0.1124021739130434,0.7940245542875444,0,1
0.1298602564102564,0.2629097313397458,0,0
0.0261888888888888,0.8162513542795233,0,1
0.392318,0.042259869648435,0,0
0.1686585714285714,0.4306430137666863,0,0
0.00195,1.0,0,1
0.8798133333333333,0.1075268865223914,0,3
0.83106,0.1947412672868576,0,3
0.3259077235772357,0.1268818565498924,0,0
0.003195238095238,1.0,0,1
0.0004642857142857,0.1016421192653072,0,0
1.11655,0.0435217233216578,0,3
0.69111,0.0447295519723334,0,3
0.7425049019607843,0.037570487963727,0,3
0.0098833333333333,1.0113332013901484,0,1
0.1452985507246376,0.0711254673522357,0,0
0.1222354166666666,2.052631578947368,0,1
0.1217533333333333,0.1129367584840539,0,0
0.683039393939394,0.0422355336065333,0,3
0.954290476190476,0.0443775994766997,1,3
0.5011825396825397,0.0364330070514994,1,0
0.0825611111111111,5.0,0,2
0.1527633333333333,0.3697932441011136,0,0
0.0023288888888888,1.0,0,1
0.9791633333333332,0.0387264952351404,0,3
0.8194580459770116,0.2325412509314104,1,3
0.8798555555555555,0.0372295767703279,0,3
0.0016666666666666,0.1016421192653072,0,0
0.0318554166666666,0.2806031538902497,0,0
0.8146757575757575,0.0402184517996401,0,3
0.0147925925925925,1.0,0,1
0.7996166666666668,0.046713454065301,1,3
0.0631333333333333,0.5,0,1
0.7029233333333332,0.1032000114232767,0,3
0.97085,0.1338327575590828,0,3
0.701386231884058,0.0401164479241127,0,3
0.68249,0.0384050307364123,1,3
0.7400458333333333,0.0504164032358284,0,3
0.0177663934426229,0.8638893038730654,0,1
0.688565,0.0504493720221297,0,3
0.9814266666666668,0.0390670902057432,1,3
0.0765098484848484,0.6387724499599405,0,1
0.0340709219858156,0.0644536892898487,1,0
0.9493145833333334,0.0460678711763624,0,3
0.00438,1.0,1,1
0.48705,0.0806690634871009,1,0
0.7244611111111111,0.0590959661100891,0,3
0.8956083333333333,0.0586230616290808,0,3
0.0236338541666666,0.6826289955704538,1,1
0.9631555555555557,0.032748990969414,1,3
0.7352027777777778,0.0591970207254737,0,3
0.7437144444444445,0.4461042020655003,0,3
0.4373469696969697,0.0461550552848846,1,0
1.0170242424242424,0.0390696935962559,0,3
0.8794906666666666,0.0322140784251143,0,3
0.1473770833333333,1.0022306573635045,0,1
0.0079629629629629,1.0,1,1
1.2028833333333333,0.0644254554982035,0,3
0.0238630434782608,0.5552385135502665,0,1
0.0503041666666666,0.2,1,0
0.0162965277777777,0.4330631827473867,0,0
0.005676923076923,0.8048367891334223,0,1
0.15815,0.0909286755220014,1,0
0.3023625,0.0494565921999642,0,0
0.0029991666666666,1.0,0,1
0.80273,0.0464785554066167,0,3
0.8528237179487179,0.0361709024626908,1,3
0.0024362745098039,1.0,0,1
0.2405458333333333,0.3038008802628426,0,0
0.0097160256410256,1.0034161974287423,0,1
0.0154351851851851,1.0,0,1
0.6442833333333333,0.0471989183892672,0,3
0.6330642857142857,0.127654210195893,0,3
0.002,1.2820512820512822,0,1
0.115660606060606,0.611249005862688,1,1
0.0891022222222222,0.3765552695235123,0,0
0.509045,0.1707373104803323,0,0
0.52558,0.0448831335545618,1,3
0.5649366666666666,0.0461964683975941,0,3
0.0068994047619047,1.0063505228015674,0,1
0.8225722222222223,0.0963255612218451,0,3
0.1193416666666666,0.1528217844467717,0,0
0.7790450980392156,0.0386017928539292,0,3
0.63769,0.0368521059448107,1,3
0.4261166666666667,0.069911070651874,0,0
0.4811993333333333,0.0397105032000871,0,0
0.726145,0.0356982016207642,0,3
0.6926246913580246,0.0428935344698223,0,3
0.790625,0.0382445113027195,0,3
0.0239468992248062,1.0,0,1
0.06748,0.8562789365064443,0,1
0.7551505555555555,0.0317392074101233,1,3
0.2423650793650793,1.0,0,1
0.0199666666666666,0.1016421192653072,1,0
0.08285,0.1425861979198677,0,0
0.3831,0.3906756211293486,1,0
0.0633111111111111,1.1237963062166756,0,1
0.201875,0.1821563385974061,0,0
0.0148685185185185,0.8050613375474924,0,1
0.0697285714285714,0.3129484830031446,1,0
1.4373958333333334,0.0265449230912903,0,3
0.7416,0.0464627929645455,0,3
0.1886208333333333,0.0397107841630718,1,0
0.8807270833333334,0.0476526992254674,0,3
0.0445341666666666,1.0662497384750806,0,1
0.3621648148148148,0.0454250609019834,0,0
0.4702055555555555,0.0459079583415325,0,0
0.1703442028985507,0.0412544329686696,0,0
0.2425416666666666,0.1037994962161306,0,0
0.9891444444444444,0.2191574361074109,0,3
0.3824159090909091,0.0493672792762853,0,0
0.1641786666666666,0.2868590101148205,0,0
0.7967883333333333,0.0444702819938782,0,3
0.0458416666666666,1.004388566006405,1,1
0.7294841666666667,0.040696134851831,0,3
0.0910388888888888,0.4494685923374323,0,0
0.7967318181818182,0.040874351670807,1,3
0.1427583333333333,0.0039234919077979,1,0
0.0074375,1.0,0,1
0.2062466666666667,0.2845775630090896,0,0
0.7076666666666667,0.0584794189972345,0,3
0.0917796296296296,0.783974914655853,0,1
0.3167770833333334,0.0355290404165345,0,0
0.0199666666666666,1.0,0,1
0.8882583333333334,0.0414922440984782,0,3
0.6757125,0.038659946206891,0,3
0.9272916666666666,0.0816727464937765,0,3
0.0636166666666666,0.4186779224356278,0,0
0.5920489583333333,0.0416995571897834,0,3
0.62945,0.0380294306334285,1,3
0.0324575757575757,0.7462715959085673,0,1
0.9192138888888888,0.2448188933465975,1,3
0.0061666666666666,1.125,0,1
0.3281291666666667,0.0569129581187968,0,0
0.7692866666666667,0.0348275992812043,0,3
0.1029366666666666,1.0,0,1
0.5103467948717948,0.0344717781159111,0,0
0.3786890804597701,0.0643763683235153,0,0
0.0013102564102564,0.1016421192653072,1,0
0.0257148148148148,0.25472139069781,0,0
0.101144017094017,0.0396566650912073,0,0
0.3605033333333333,0.0764766223781238,0,0
0.2129833333333333,0.7378087737602717,0,1
0.8512666666666666,0.0380300997909717,1,3
0.4429166666666666,0.1580628286478577,0,0
0.0004273333333333,1.0,0,1
0.12,0.0,1,0
0.2154277777777777,0.0511294639346347,1,0
0.9266833333333334,0.059247678185923,1,3
0.7857396825396826,0.0818258684550383,0,3
0.1703645833333333,0.0696891501387859,0,0
0.8659345238095237,0.0443550068800835,1,3
0.942505,0.0400409214131199,0,3
0.4740743589743589,0.0407417612385131,0,0
0.1092233333333333,0.0668810818593445,0,0
0.0112611111111111,0.3270218418255738,1,0
0.7711133333333333,0.0397944909706267,0,3
0.214675,0.1133850012159113,1,0
0.3783066666666666,0.068115230383234,0,0
0.0548256944444444,0.8163420805412265,0,1
0.0127006666666666,0.5495889002293957,0,1
0.0037142857142857,0.6,0,1
0.05055,1.0,0,1
0.0241525,0.8,0,1
0.0046886363636363,1.0,0,1
0.359136507936508,0.0408679757246192,0,0
0.00456875,1.0017045454545457,0,1
0.2589666666666667,0.1346953064802107,0,0
0.4061,0.1421983309860131,1,0
0.7973333333333333,0.0358093768797522,0,3
0.0047208333333333,1.0,0,1
0.97109375,0.0476265286773347,0,3
0.959675925925926,0.0371581727153709,0,3
0.0052,1.0,1,1
0.58235,0.0430097887673751,1,3
0.0009103448275862,1.0,0,1
0.5698729166666667,0.0287921571277923,1,3
0.002165,1.0,0,1
0.1236729166666666,0.0905387000726221,1,0
0.7841111111111111,0.1015258415220013,0,3
0.9664033333333332,0.0319161234841376,1,3
0.0119916666666666,1.0,0,1
0.5127133333333334,0.2397634490537069,0,0
0.5102349206349206,0.044055123259683,0,0
0.8939118279569893,0.0397117524370422,0,3
0.4273738095238095,0.0579935098189761,0,0
0.0093730769230769,1.0,1,1
0.6521183333333334,0.0455842286117502,0,3
0.0077291666666666,1.0046032136360197,0,1
0.6732204545454545,0.0792904755026078,1,3
0.3819984848484848,0.0440635206646102,0,0
0.4923433333333333,0.045310424493184,0,0
0.7191633333333333,0.0468842070027497,0,3
0.64067,0.0458409459786217,0,3
0.1544285714285714,0.0877290149315686,0,0
0.7823566666666667,0.2848167701954386,0,3
0.5472611111111111,0.3144146217510353,0,3
0.0272266666666666,0.4,1,0
0.4174351851851851,0.0430282061294602,0,0
0.7648509803921569,0.0396056623056925,0,3
0.6050333333333333,0.0714460339972201,1,3
0.0076833333333333,1.0272417707150965,0,1
0.2682944444444444,0.0763596149790855,0,0
0.9899333333333334,0.0343602370294699,0,3
0.0647452380952381,0.6775455114371205,0,1
0.1324723809523809,0.1659595014836212,0,0
0.0182941666666666,1.0015121572037444,0,1
0.015585,1.8500843019954585,0,1
0.0390407407407407,0.5573672294594276,0,1
0.1154833333333333,0.3205701636911909,0,0
0.5461055555555555,0.1205351592497651,1,3
0.85119,0.0463180893036628,0,3
0.1069849206349206,0.368396067323283,0,0
0.0509854166666666,0.0975289441286652,0,0
0.0077650793650793,1.0027297311828738,0,1
0.039145,1.0,0,1
0.8259833333333333,0.2310209348256829,0,3
0.0027058823529411,1.0,0,1
1.0075888888888889,0.0467955443109998,0,3
0.777788888888889,0.0609874167583526,0,3
0.1609166666666666,0.428825856778356,1,0
0.0071990196078431,1.0031152647975077,0,1
0.6821472222222222,0.0480019922332813,0,3
0.0013738095238095,1.0047685543373652,0,1
0.963725925925926,0.0223678464196399,1,3
0.0375298611111111,2.1886091898966606,0,1
0.9059075757575756,0.0325477962059708,1,3
0.0227034722222222,1.0002920214603406,0,1
0.5568833333333333,0.0936321543915169,1,3
0.7766583333333333,0.0674935591278885,1,3
1.0993880952380952,0.0394684935322162,0,3
0.0033333333333333,1.0,0,1
0.7037666666666668,0.0405375160064921,0,3
0.0308491666666666,0.7847435093108531,0,1
0.0572523809523809,1.0,0,1
0.7334933333333333,0.055693053494532,0,3
0.8761074074074074,0.0680659500425731,1,3
0.0673416666666666,1.0,1,1
0.000584693877551,0.7854827122460823,1,1
0.2874244444444444,0.0563313675074005,0,0
0.7403479166666667,0.0361801879467702,0,3
0.0529302083333333,1.1336802331403395,0,1
0.4149777777777778,0.0747793389117731,1,0
0.0470666666666666,0.5250030793996735,0,1
0.0205933333333333,1.0072818302778486,0,1
0.0094444444444444,1.0,0,1
0.2028391304347826,0.1780006923960523,0,0
0.3142943333333333,0.3857357704691517,0,0
0.5931176470588235,0.144125429479914,0,3
0.7128666666666666,0.0581694503952858,1,3
0.3492616666666667,0.0403968861280386,0,0
0.0020208333333333,1.0,0,1
1.0076544871794872,0.0364233834348623,0,3
0.8261075757575758,0.1621259400723963,0,3
0.059104,1.0059222719698984,0,1
0.882497619047619,0.0355076032903086,0,3
0.0084520833333333,0.6666666666666666,0,1
0.1187458333333333,1.0,0,1
0.5333333333333333,0.02062952308583,0,3
0.6576433333333332,0.0364627734755403,0,3
0.2149033333333333,0.3722590413270903,0,0
0.5759551282051283,0.0420331332949308,0,3
0.6440363636363636,0.0402153157762907,0,3
0.7564547619047619,0.2460735033195689,0,3
0.0243565217391304,0.4215583886243838,0,0
0.023313768115942,1.0332992741492966,0,1
0.5761948717948717,0.0478121578919054,1,3
0.5918229166666666,0.0457623815200907,1,3
0.7824666666666666,0.0961040400095458,0,3
0.25642,0.4474479524793858,1,0
0.0038919354838709,1.0057684384013186,0,1
0.4055565040650406,0.0291628581168177,1,0
0.5500463541666667,0.0358465869585929,0,3
0.058051724137931,1.0087526498240755,0,1
0.8155909090909091,0.0521744548353014,0,3
0.5693611111111111,0.0544914096960067,0,3
0.8566833333333334,0.0713307512616841,0,3
0.7454466666666667,0.0526371790849378,0,3
0.0076639784946236,1.0005931198102016,0,1
0.2888541666666666,0.3274353428692593,1,0
0.0172128787878787,1.0023622047244094,1,1
0.6492233333333334,0.2186367578384083,0,3
0.0202979166666666,1.0,0,1
0.0016194444444444,1.0585185185185186,0,1
0.0057736111111111,1.0,0,1
0.0419072649572649,1.1406460682928603,0,1
0.191045,0.3647001371546539,0,0
0.0427729166666666,0.848889068068301,0,1
0.2112559523809523,0.0459185413629259,1,0
0.59758,0.0490888967688415,1,3
0.0306192307692307,1.0266339869281045,0,1
0.8190166666666667,0.0346462278009907,0,3
0.0706616666666666,0.9891069733840848,0,1
0.0002069444444444,0.1016421192653072,0,0
0.7588493055555556,0.0364692862088616,0,3
0.7517025641025641,0.0494525592883587,0,3
0.6161055555555556,0.0097912505385187,1,3
0.0128119047619047,1.0,0,1
0.5028933333333333,0.0471676434523177,1,0
0.7283333333333334,0.0367860176614899,1,3
0.0844617647058823,1.024212830556949,0,1
0.0143744047619047,1.0007069380179034,0,1
0.1339962962962962,0.0594992702369453,0,0
0.108262,0.593348323400771,0,1
0.1215428571428571,0.17448275854893,0,0
0.0023148148148148,0.5,1,1
0.42586,0.0303376102869548,0,0
0.0048125,1.022222222222222,0,1
0.45931,0.0535973209258616,1,0
0.0058775,1.000248972986431,1,1
0.1918444444444444,0.8,0,1
0.4251545454545454,0.2323542287130829,0,0
0.4386133333333333,0.1386520164731423,0,0
0.7514380952380952,0.0427535967774398,0,3
0.4211333333333333,0.0006773920406435,0,0
0.7902333333333332,0.0335005578677558,1,3
0.5007703703703704,0.0463827300993461,0,0
0.0079011111111111,0.0,0,0
0.8026407407407408,0.0859610039931553,0,3
0.2333428571428571,0.357203179974842,0,0
0.0001533333333333,1.9748073405014035,0,1
0.519975,0.04599186008066,0,0
0.7764382352941176,0.0380251795317672,0,3
0.0203111111111111,0.1016421192653072,0,0
0.0465473958333333,0.2694696179753511,0,0
1.8007619047619048,0.0381725932801009,0,3
0.7122,0.1034833077290869,0,3
0.6892583333333333,0.0745909959797642,0,3
0.0258516666666666,0.6829565585276972,0,1
0.0185209150326797,1.0006268324739662,0,1
0.2104911764705882,0.186336141748466,0,0
0.7128225,0.0423074372523399,0,3
0.0019652777777777,1.004885211687537,0,1
0.011925,1.0,0,1
0.0802708333333333,0.9102840338176372,0,1
0.0050369791666666,1.0,0,1
0.87261,0.0494983036484217,0,3
0.9132,0.0408280214603897,1,3
0.8200177777777778,0.0770385057925788,0,3
0.9679166666666668,0.0394183386962695,0,3
0.36525,0.0721362031700039,0,0
0.3205944444444444,0.0581440703576554,1,0
0.0735064814814814,0.0584910304069136,0,0
0.8693365079365079,0.0465435904772965,1,3
-0.0011766666666666,0.0,1,0
0.009435294117647,1.0,0,1
0.0208513333333333,1.0,0,1
0.0867507575757575,0.6207575910259615,0,1
0.005411574074074,1.0037416630117637,0,1
0.0246855555555555,1.119754338517016,0,1
0.36937,0.2427325070559575,0,0
0.50085,0.054210855141753,0,0
0.056088596491228,0.7119084946463691,0,1
0.1577683333333333,0.6565043024568781,1,1
0.1027357142857142,0.9255611323270794,0,1
0.0218611111111111,1.000369978858351,0,1
0.6581,0.0549974213297384,0,3
0.273252,0.0471848368153002,0,0
0.5117476190476191,0.0346648059791764,1,0
0.0607592592592592,0.6002991812504269,0,1
0.8703555555555555,0.0475157098914718,1,3
0.0025608695652173,0.9197110065740058,1,1
0.0043380952380952,0.8,0,1
0.7506711538461538,0.0281435892298679,0,3
0.8821966666666667,0.0645320831804172,0,3
0.8543796296296297,0.0449514833356774,0,3
0.0101230158730158,1.0,0,1
0.1838978494623656,0.1992427116440132,0,0
0.1151572463768116,0.0584610780575837,0,0
0.0319326666666666,1.0051290899216987,0,1
0.2939130434782608,0.0390494602362777,0,0
0.3878793333333333,0.2207961415960043,0,0
0.0086181818181818,0.6934271023129333,0,1
0.568175,0.0987979874572499,0,3
0.0710208333333333,1.0,0,1
0.9293333333333332,0.0706498413814322,0,3
0.062445,1.0009231604670106,0,1
0.7099733333333332,0.0534248412917842,1,3
0.9469333333333332,0.0444630368277537,1,3
0.0007025,1.0,0,1
0.7610166666666667,0.0373345375206134,1,3
0.0354791666666666,0.75,0,1
1.079751724137931,0.036972077364347,0,3
0.0143712962962962,1.000805709023941,0,1
0.0170759259259259,1.0004614497212074,0,1
0.238387037037037,0.4273423114866176,0,0
0.5109083333333333,0.0857668360247625,0,0
0.8100217948717948,0.04658399064254,0,3
0.2864541666666667,0.5722991170030085,0,0
0.16148,0.0477985381545009,0,0
0.0007166666666666,1.0,1,1
0.0041666666666666,0.0,1,0
0.5862846153846154,0.0424475916117127,1,3
0.0621479166666666,0.254419980176569,0,0
0.0121222222222222,0.2298588984979517,1,0
0.2706576923076923,0.0487547899400538,0,0
0.0984774509803921,0.3775047120077426,0,0
0.6359666666666667,0.4691420663667463,0,3
0.88111,0.0460691954648576,0,3
0.3668717948717949,0.0848972446325475,0,0
0.6299895833333333,0.0644049759988677,1,3
0.5575611111111111,0.0238866039666585,1,3
0.0868127659574468,0.0831701345478301,0,0
0.600260606060606,0.0375730085517172,0,3
0.0688974358974359,1.0,0,1
0.82901,0.0392047802964367,0,3
0.1394333333333333,0.1647481630387474,0,0
0.220513768115942,0.087989980951559,0,0
0.8966666666666666,0.0811684286663203,0,3
0.0027310185185185,1.0146464646464648,0,1
0.0155865079365079,0.399796704006898,0,0
0.2853111111111111,0.1501118329750323,0,0
0.39055,0.0426304874635177,0,0
0.997,0.0434740217444387,0,3
0.7496891304347826,0.0361222016247291,0,3
0.002,1.0,0,1
0.0092583333333333,0.6,1,1
0.5822066666666667,0.0522785107255561,0,3
0.0064432539682539,0.5136526270870521,0,1
1.0226666666666668,0.0373132000585886,0,3
0.2758648148148148,0.4399060110114833,0,0
0.9610166666666666,0.0732035003849952,1,3
0.4512208333333333,0.0486993316945275,0,0
0.0042816666666666,1.1589002795899348,0,1
0.6742254166666667,0.036835383130664,0,3
0.994295238095238,0.0372163393269061,1,3
0.0062875,0.5,0,1
0.46999,0.2591992599784987,0,0
0.3013260416666666,0.0466439536883017,0,0
0.5754433333333333,0.1288096881975088,1,3
0.23745,1.7560865445006062,0,1
0.1802960317460317,0.2125850340136054,0,0
0.0039266666666666,0.8,0,1
0.377766049382716,0.6885189986410117,0,1
0.3144055555555555,0.0515057177977428,1,0
0.0232,1.0,1,1
0.6440111111111111,0.2425169089024318,0,3
0.7696509803921568,0.0354984430133013,0,3
0.5421285714285714,0.0648927124028806,0,3
0.8647916666666666,0.0412462778964146,0,3
0.2049845238095238,0.0435302201446017,0,0
0.3721182539682539,0.5270651488421323,0,0
0.0457,1.000976946131032,0,1
0.1714233333333333,0.0005647528513561,1,0
0.9295522222222224,0.0377972012938787,0,3
0.0113050925925925,0.8,0,1
0.46252,0.0510894373860691,0,0
0.736580303030303,0.0528071994603756,0,3
0.9423888888888888,0.022512661306939,1,3
0.2161045454545454,0.8876941141388206,0,1
0.4587833333333333,0.8334803772335435,1,1
0.3604983333333333,0.0534937584847965,0,0
0.0669879629629629,1.0047360139485293,0,1
0.9530233333333332,0.0616695583935139,1,3
0.4861888888888889,0.0592407553368031,0,0
0.9093766666666668,0.0438344906600439,0,3
0.9719777777777776,0.0560213437126938,0,3
0.943645238095238,0.0505516343700144,0,3
0.4066033333333333,0.0498729636996641,1,0
0.226182,0.1235986587378482,1,0
0.0718480392156862,1.0007869748496776,0,1
0.0403466666666666,0.6097308125071166,0,1
0.0292454022988505,0.5292923451764602,0,1
0.976011111111111,0.0890952956243747,0,3
0.5242380208333333,0.1754266915011163,0,0
0.0133122222222222,1.0,0,1
0.0723944444444444,0.8275155327752441,0,1
0.664930303030303,0.0750862237670277,0,3
0.4657489583333333,0.0388483531330568,0,0
0.0013391666666666,1.0,0,1
0.712975,0.0933393461200778,1,3
0.4744571428571428,0.3336672142313394,0,0
0.3275625,0.0644797652682757,1,0
0.0174023333333333,1.0067487979889882,0,1
0.2529533333333333,0.4663782063528036,0,0
0.9091645833333334,0.0327394778124583,0,3
0.2989111111111111,0.0932394080521099,0,0
0.1142175925925925,0.0431858728622858,0,0
0.8343703703703703,0.0393732934568459,1,3
0.4655388888888889,0.0322373446760888,0,0
0.2508833333333333,0.0416023911812857,1,0
0.14502,0.039765803557169,0,0
0.1278361111111111,0.5236938031591738,0,0
0.8627888888888889,0.0500788303738422,0,3
0.0164574074074074,0.3732534930139721,0,0
0.6173972222222223,0.0380297122310595,0,3
0.006713768115942,1.0,0,1
0.16744375,0.6078309641491587,0,1
0.2586458333333333,0.0877300466176244,0,0
0.9722766666666668,0.0309564414020031,1,3
0.81535,0.1326345500924645,1,3
0.3309466666666666,0.057979640575887,0,0
0.0032333333333333,0.5,0,1
0.818961111111111,0.0395931052543673,1,3
0.0143515625,0.4102012353058378,0,0
0.0519139455782312,0.3173025772197049,0,0
0.9672404761904762,0.0361557281076773,0,3
0.0340291666666666,1.0,0,1
0.7645566666666667,0.0485775649609137,0,3
0.0011818181818181,1.0,0,1
0.49221,0.0522784893502061,1,0
0.56375625,0.1132948291992297,0,3
0.0171144444444444,0.3664705265055917,1,0
0.6399166666666666,0.04343927110636,0,3
0.9886833333333334,0.0408479900248155,0,3
0.8858611111111111,0.0328182066975828,1,3
0.0390344444444444,0.5212345960689039,0,1
0.0497423076923076,1.0,0,1
1.0009452380952382,0.0607512039304613,0,3
0.7711111111111111,0.3168194810123609,0,3
0.0230058333333333,1.0,0,1
0.9979716666666668,0.0379406665152593,0,3
0.1440228571428571,0.1056163141920103,0,0
0.3171266666666666,0.6170720728513617,0,0
0.09,0.0,0,0
0.0219125,0.6211631663974152,0,1
0.8312253472222223,0.0407505059345336,0,3
0.1378929487179487,0.0395536408864322,0,0
0.0213291666666666,1.0,0,1
0.4338111111111111,0.080085557260799,0,0
0.03381,1.0,0,1
0.90444375,0.0386100643015479,0,3
0.0085260416666666,0.4,0,0
0.0273037037037037,1.0,0,1
0.9778666666666668,0.0539938962682766,0,3
0.93983,0.0386068668147232,0,3
0.9983166666666666,0.0438771465596055,0,3
0.0338083333333333,0.5946754525486632,0,1
0.8157983333333333,0.0390708039523211,0,3
0.799825,0.0756901312697967,0,3
0.0352755555555555,1.0043234653233857,0,1
0.0083166666666666,0.1016421192653072,1,0
0.76881,0.0496691434210956,1,3
0.82995,0.062846441122815,0,3
0.1836030303030303,0.1146009927713402,0,0
0.8478766666666667,0.0655961444826784,0,3
0.9182675925925924,0.043487860410185,0,3
0.0676704761904762,0.05160237142905,0,0
0.8852214285714286,0.0470787496453164,0,3
0.0046797619047619,1.000340533177661,0,1
0.7276570512820513,0.0385874360611487,0,3
0.65684375,0.0389673878493284,0,3
0.0072557692307692,1.0,0,1
0.5402833333333333,0.1331285813342307,0,3
0.22209,0.7560232386807334,0,1
0.5803194444444444,0.0446500738420852,1,3
0.0090228205128205,2.566160899116787,0,1
0.0317691666666666,1.0,0,1
0.0024,1.3333333333333333,0,1
0.0804366666666666,0.6098881035313886,0,1
0.4979166666666667,0.1290989191723122,0,0
0.0283088888888888,0.4009278841235079,0,0
0.0432833333333333,0.7568535844327491,0,1
0.005076923076923,0.5,0,1
0.6319694444444444,0.0458948282846002,0,3
0.4987166666666666,0.2172123005896127,1,0
0.5696106666666666,0.05985247996671,0,3
0.170755303030303,0.043818517251043,1,0
0.8307644444444445,0.0406782042394044,0,3
0.4383761904761905,0.0436202947906447,0,0
0.1296833333333333,0.4697852332116118,0,0
0.7884,0.1060993344545599,1,3
0.0010305555555555,1.0,0,1
0.5804277777777778,0.0859779947838137,0,3
0.0251617647058823,1.2983676385305187,0,1
0.0439871794871794,0.1129943502824858,0,0
0.84075,0.053222265678347,1,3
0.614575,0.0457380183579034,0,3
1.0153357142857142,0.0410529284786459,0,3
0.7538055555555556,0.0441245871388378,0,3
0.9676166666666668,0.0422054835398124,0,3
0.0181483333333333,1.0002362204724409,0,1
0.2508761904761905,0.4247007683069517,0,0
0.1761583333333333,0.325961150174641,0,0
0.3220425925925926,0.2960460082811484,1,0
0.7316030303030303,0.1321481799306983,1,3
0.894375,0.0435586078549455,0,3
0.4563738095238095,0.0606494745412818,0,0
0.3728388888888889,0.0506299147570727,0,0
0.9498055555555556,0.0526971140916194,1,3
0.0251558333333333,1.0003959611958029,0,1
0.9078333333333334,0.0358480878280014,1,3
0.5406395833333333,0.0370217202210433,1,3
0.0235770833333333,0.5793742757821553,0,1
0.3842761904761905,0.0435954996625295,1,0
0.9170333333333334,0.232138744687595,1,3
0.1641462962962963,0.0487779509413156,1,0
0.1412233333333333,0.0593538201258249,1,0
0.0568833333333333,1.0024968025746115,0,1
0.0010075757575757,0.6666666666666666,0,1
0.8330166666666666,0.082075674183827,1,3
0.9566444444444444,0.069677959106497,0,3
1.0009233333333334,0.0460855181588987,0,3
0.0206752032520325,0.804937058685278,0,1
0.360490625,0.1851366912151684,0,0
0.80291875,0.0698238535493963,0,3
0.2399166666666666,0.1450747852119792,0,0
0.0123884057971014,0.6,0,1
0.2627722222222222,0.1120516118763362,0,0
0.0102525,1.0531165854816251,0,1
0.0089719696969696,1.0,0,1
0.0659633333333333,1.3526859311782504,0,1
0.7964354166666667,0.0305864293379424,1,3
0.9476,0.0508512008820707,1,3
0.0104626984126984,1.0047401247401249,0,1
0.00555,1.0,0,1
0.006275,1.0,0,1
0.4468966666666666,0.0561856818321746,0,0
0.3615311827956989,0.0631906216496679,0,0
0.9408976190476188,0.0719832767392057,0,3
0.4252907407407407,0.0398645456884018,1,0
0.4299333333333333,0.2933578958599411,0,0
0.4888590909090909,0.0402515500292773,0,0
0.0053277777777777,1.815909374177734,0,1
0.0814280487804878,0.0864024158320947,0,0
0.239801282051282,0.4648292008393603,1,0
0.8671333333333334,0.0923046084722565,0,3
0.940672435897436,0.1272557982464899,1,3
0.8006366666666667,0.0620103790898033,0,3
0.5021270833333333,0.0490908893077938,0,0
0.525174358974359,0.0747857744825381,0,3
0.490478125,0.0398658958184649,1,0
0.0056072222222222,1.0,0,1
0.0424333333333333,0.0,1,0
0.3231435897435897,0.2767581760902017,0,0
0.0137011111111111,1.0027396184253554,0,1
1.188425,0.0438762522029207,0,3
0.0046236111111111,1.0,0,1
0.0456638888888888,1.0143803329554268,0,1
0.1643194444444444,0.5894206549118388,1,1
0.0152097222222222,0.1434090181878576,1,0
0.3155648148148148,0.0463409605464119,0,0
0.362825462962963,0.0469232338224058,1,0
0.1416791666666666,0.2731453478546799,0,0
0.7397275,0.0463014118026942,0,3
0.0340958333333333,1.048425347550793,1,1
0.72785,0.2206282922579143,0,3
0.3075159090909091,0.0361748545412353,0,0
0.8803944444444444,0.2340759516145104,0,3
0.0198136363636363,1.0004746366063482,0,1
0.0441958333333333,0.4027074599835505,0,0
0.7181351851851852,0.0513641902194276,0,3
0.4631075,0.0494486255017733,0,0
0.40665,0.0464613048602444,0,0
0.2664666666666666,0.0701321936789004,0,0
0.0050946666666666,0.5049288061336255,0,1
0.7386916666666667,0.0484264044596905,0,3
0.1698811403508772,0.1666745580335155,0,0
0.4828761904761905,0.0609005024062473,1,0
0.176225,0.2302568456913463,0,0
0.8182388888888888,0.0426848015589143,0,3
0.1095944444444444,0.5024329550986716,0,0
0.1727952898550724,0.093116624219894,0,0
0.0135244444444444,1.0033333333333332,0,1
0.0251439393939393,1.001779481014942,0,1
0.1904964285714285,0.0512336602776282,0,0
0.7406559523809524,0.032674691975309,1,3
0.726225,0.0865761877848325,1,3
0.0056383333333333,1.0042532723146016,0,1
0.97275,0.0349556982849268,1,3
0.0022464285714285,1.0,0,1
0.4040214285714286,0.0540568302927516,0,0
0.8133333333333334,0.1405872474373355,0,3
0.6615361111111111,0.0730537480092264,0,3
0.027245045045045,1.134234368431995,1,1
0.94735,0.0777750608899962,0,3
0.054979365079365,0.8039926148165243,0,1
0.0945213675213675,0.501549181406828,0,0
0.3767452380952381,0.0428416334985412,0,0
0.2363059829059829,0.2852959223171232,0,0
0.7303166666666667,0.0588307013091786,1,3
0.75365,0.0452914705924773,0,3
0.0120083333333333,0.0,1,0
0.0552912698412698,0.314321184721921,0,0
0.1207921568627451,0.0604245186015051,0,0
0.8302511904761906,0.0457356151238622,0,3
0.0918739130434782,0.1024079531151432,0,0
0.7366166666666667,0.1725556026533327,1,3
0.2240144736842105,0.1721053455437032,0,0
0.8595916666666668,0.0396293238971119,1,3
0.9892566666666668,0.0389441056309436,1,3
0.576824358974359,0.0334009524379444,0,3
0.0214133333333333,0.5,1,1
0.3615880952380952,0.0525339120519909,1,0
0.0139925925925925,1.0354609929078014,0,1
0.0647146666666666,1.1688095859644023,0,1
0.5987966666666666,0.6039986404622428,0,3
0.0203471544715447,0.8040112713409581,0,1
0.8908966666666667,0.0495813740624354,1,3
0.0150766666666666,1.0760591672753834,0,1
0.6295540540540541,0.1626017199213233,0,3
0.0292566666666666,1.0,0,1
0.02547,1.0001342448447212,0,1
0.4387375,0.0,0,0
0.62705625,0.0740941056060703,0,3
0.7801833333333333,0.0362474784512123,0,3
0.9079333333333334,0.0780970449129031,0,3
0.5104541666666667,0.0375138769189602,0,0
0.0937972222222222,0.3790912120943794,0,0
0.9505083333333334,0.0403336075656487,1,3
1.0138166666666666,0.042570797896437,0,3
0.0013020833333333,0.1016421192653072,1,0
0.8618416666666666,0.0718822579217722,1,3
0.3256333333333333,0.1064562203542609,0,0
0.0217333333333333,1.0634920634920637,0,1
0.5397796296296296,0.0447552251078963,0,3
0.2404133333333333,0.0358775188014598,1,0
0.0049673076923076,0.8,0,1
0.005978125,1.000251857448684,0,1
0.0187636666666666,0.8265053615617267,0,1
0.0039523809523809,1.0,0,1
0.0295565476190476,0.3541193914375601,0,0
0.0426759259259259,0.653835864165745,0,1
0.0727885057471264,1.0,0,1
0.0045382716049382,1.0,0,1
0.1036166666666666,0.1016421192653072,0,0
0.0310035714285714,0.8692894179638987,0,1
0.9808520833333334,0.0421262850806981,0,3
0.9775380952380952,0.0392324154868364,0,3
0.1536725,0.0858491132764877,0,0
0.6077602564102563,0.0460554088410119,0,3
0.8848625,0.0369055150722126,1,3
0.3435020833333334,0.0499628436374284,0,0
0.04575,0.282518823408003,0,0
0.3548866666666666,0.0534189501801509,0,0
0.1101766666666666,0.1712016555985462,1,0
0.0155314814814814,1.0,0,1
0.0421940476190476,1.0005341404789458,0,1
0.0110333333333333,1.0,0,1
0.001485,1.0,0,1
0.6562277777777777,0.270057521469536,1,3
0.3273212121212121,0.3460568419958096,1,0
0.0515526041666666,1.0046414637532726,0,1
0.0266990196078431,1.001964244519311,0,1
0.6300833333333333,0.240742703824855,0,3
0.0525907407407407,1.0030844547443478,0,1
0.01041875,1.0,0,1
0.0012444444444444,0.1016421192653072,1,0
0.25409375,0.0462287104622871,0,0
0.7381348484848484,0.0516280692692768,0,3
0.03953,1.0393705379672191,0,1
0.0331375,1.0110581976535475,0,1
0.3484364583333333,1.0710338090125398,1,1
0.5061633333333334,0.0457769439095667,0,0
-0.0016248062015503,0.1016421192653072,0,0
0.879795,0.0378613371454387,0,3
0.0410840277777777,0.8266666666666665,0,1
0.0115021739130434,0.1959388842804112,0,0
0.5291033333333334,0.0750691511024573,1,3
0.0339816666666666,5.0,0,2
0.0122893518518518,0.2621605552777223,1,0
-0.0498611111111111,5.0,1,2
0.4150508333333333,0.0385227294688742,0,0
0.023427536231884,0.9421716722942952,0,1
0.2826266666666667,0.0770607594361384,0,0
0.070053448275862,0.1611965317848565,0,0
0.7047433333333333,0.084995943034114,0,3
0.0024375,1.0,0,1
0.1979541666666666,0.5329272518196982,0,0
0.2576866666666667,0.1001072441387648,0,0
0.2591,0.0745940295605794,0,0
0.9575757936507936,0.039434468351914,1,3
0.224325,0.5403248993674525,0,0
0.7662916666666667,0.0434542091126828,0,3
0.7996277777777778,0.0588999307721786,0,3
0.2910782051282051,0.0398428374075602,0,0
0.1847145833333333,0.1934341058487854,0,0
0.00406625,1.0,0,1
0.5196354166666667,0.0675619102551417,0,0
-0.14985,1.0,0,1
0.0115638888888888,1.0006677118363472,0,1
0.0847333333333333,1.0,0,1
0.0030048611111111,1.006775705521693,0,1
0.7193166666666667,0.0559712631989554,0,3
0.1593444444444444,0.1202080078364781,0,0
0.0047448717948717,1.011210666594753,0,1
0.8273333333333334,0.0809888019729397,1,3
0.0012845238095238,0.1016421192653072,0,0
0.4237566666666666,0.0511665324188314,0,0
0.6101733333333333,0.0471139580676754,1,3
0.797725,0.046229723865212,0,3
0.1457181818181818,0.9154114495456366,0,1
0.074486574074074,0.0475033827221589,0,0
0.4201611111111111,0.225221642101659,0,0
0.0227777777777777,0.1016421192653072,0,0
0.0662026315789473,1.0538649952402854,1,1
0.1833926666666666,0.0521241574617851,1,0
0.5431636363636364,0.0433545549675796,0,3
0.8846916666666667,0.064153427034122,1,3
0.0062647058823529,1.0010183299389002,0,1
0.3639193333333333,0.0359583787108853,0,0
1.0389277777777777,0.0751479783677454,1,3
0.8548966666666666,0.0342245756616857,0,3
0.1037586206896551,1.0003712760665775,0,1
1.022469230769231,0.0479650157343719,0,3
0.7068666666666666,0.0398671168566741,0,3
0.66907,0.0374944338187263,0,3
0.6934363636363636,0.0473304923147594,0,3
0.6181444444444444,0.05009432175177,1,3
0.003095,1.0286108110063363,0,1
0.0700755555555555,1.01232822928936,0,1
0.1944623333333333,0.0429652656347857,0,0
0.2232261904761904,0.0421811944591419,0,0
0.8485444444444444,0.0525359931018728,1,3
0.000968992248062,1.0,1,1
0.7777583333333333,0.0374357345675485,1,3
0.0470777777777777,0.6699657240788346,0,1
0.0059493589743589,0.2743313384917347,1,0
0.49447,0.0473671524769927,1,0
0.800385,0.0398797142871854,0,3
0.25565,0.6349920594206256,1,1
0.2642691919191919,0.6256303663575572,0,1
0.0102962585034013,0.7560836725011268,0,1
0.7293801075268818,0.0405484817971709,0,3
0.2785759803921568,0.2181608169880338,1,0
0.0079101851851851,1.0,1,1
0.0005558333333333,0.1016421192653072,0,0
0.9099055555555556,0.0577884848299754,0,3
0.0944627450980392,0.0542377096876739,0,0
0.0667529411764705,0.1238551243963975,0,0
0.2626366666666667,0.0933637725202381,1,0
0.5700433333333333,0.045474649559804,1,3
0.79979,0.0609760197025879,0,3
0.1381388888888889,1.0017777121654496,0,1
0.3360666666666667,0.0439094023318022,0,0
0.8312203703703703,0.0661873560695929,0,3
0.7009083333333334,0.1216847934303434,0,3
0.1208970238095238,0.6235606526485238,0,1
0.5752233333333333,0.0528869920643343,1,3
0.4750533333333333,0.0988781240257452,0,0
0.76725,0.0664125453795029,1,3
0.9394333333333332,0.0777743216125211,0,3
0.084618,0.7091367416756167,0,1
0.0417438095238095,0.1099827239869969,0,0
0.5311395833333333,0.0568991875205614,0,3
0.3371880952380952,0.5113078379045812,0,0
0.87285,0.0631392950085826,0,3
0.0099824074074074,1.0,1,1
0.8741875,0.0365181192927028,0,3
0.5542733333333334,0.284974850106769,1,3
1.0060333333333331,0.054619504690895,1,3
0.2826541666666667,0.0558365636725709,0,0
0.0538754629629629,0.0801783702489562,0,0
0.0277322222222222,1.0804878048780486,0,1
0.8618833333333333,0.0419775965193,1,3
0.3696454545454545,0.0533623893012404,0,0
0.1952933333333333,0.1082198241427737,0,0
0.006595,1.0,0,1
0.5525866666666667,0.0489377137994447,0,3
0.003681690140845,0.642476234639462,1,1
0.8660722222222222,0.0758468994760356,0,3
0.3081145833333333,0.0577003721887687,0,0
0.0481333333333333,0.75,0,1
0.7261777777777778,0.0591630538515574,1,3
0.3481766666666666,0.0905799886747325,0,0
0.7833766666666667,0.0430366649468187,1,3
0.5156839506172839,0.0393153012618846,1,0
0.608675,0.0334728833011613,0,3
0.1677025,0.3319444809239148,0,0
0.5368888888888889,0.0822310447299175,0,3
0.0351055555555555,0.8441723449267865,0,1
0.3624777777777778,0.2564910397668548,0,0
0.9758180555555556,0.0489825084374801,0,3
0.1565457264957265,0.0751699731439977,0,0
0.5997233333333334,0.0456584810017057,0,3
0.0015340579710144,0.912509629699168,0,1
0.6977726190476191,0.2434723991472775,0,3
0.2076280952380952,0.0442305994065811,0,0
0.5739761904761904,0.0348787907194497,0,3
0.669525,0.032725506254918,0,3
0.4975666666666666,0.1003973924595084,1,0
0.021581,0.5418942887548777,0,1
0.0013833333333333,0.4531645569620253,0,0
0.0072818181818181,1.0,0,1
0.6176380952380952,0.1522488054601068,1,3
0.5213242424242424,0.1671430856916397,0,0
0.62145,0.4219381251941406,0,3
0.1261944444444444,0.2271344884422604,0,0
0.9172888888888888,0.050736418333424,1,3
0.9619361111111112,0.0385254866436005,1,3
0.0238052631578947,0.25,0,0
0.2733065656565657,0.1406558782245993,0,0
0.3307055555555555,0.0458084854790366,1,0
0.9808972222222224,0.0404805337978293,0,3
0.5233866666666667,0.257333579755981,0,0
0.1904657407407407,0.0530057622359048,0,0
0.3988133333333333,0.3441815018451559,0,0
0.193159829059829,0.2917628290049694,0,0
0.3495933333333333,0.458932945162313,0,0
0.2023416666666666,0.0963854125391121,0,0
0.2880805555555555,0.0336756417681667,0,0
1.012233333333333,0.0719683339330694,1,3
0.0220270833333333,0.18700041007543,0,0
0.6802619047619048,0.3904023799672149,1,3
1.0091113636363636,0.0314211510070083,0,3
0.1461066666666666,1.0,0,1
0.5602287878787878,0.0364066477582745,0,3
0.063385,1.0039264055011887,0,1
0.5350333333333332,0.1574697589291301,1,3
0.8077,0.0710343900230315,1,3
0.0797208333333333,0.1016421192653072,0,0
0.0286823809523809,1.0061589342068251,0,1
0.0553333333333333,1.0,0,1
0.1363056666666666,0.7807877904602465,0,1
0.8662441176470588,0.0394871993173732,0,3
0.0986027777777777,0.4659069880691373,0,0
0.0604746376811594,0.0954930328098255,0,0
0.0381398550724637,1.0,0,1
0.0099077777777777,1.0,0,1
0.0027777777777777,0.1016421192653072,0,0
0.0200527777777777,0.6448435689455388,0,1
0.0119233333333333,1.0,0,1
0.9548777777777776,0.1299938323807235,1,3
0.6599785714285714,0.040777706418364,0,3
0.7379733333333334,0.038986031875182,0,3
0.1065261904761904,0.1442420976020844,0,0
0.0280133333333333,0.5148071625344353,0,1
0.0393153846153846,1.0,0,1
0.3123868055555555,0.0370836148518098,0,0
0.0736976744186046,1.0003333371544192,0,1
0.0719760869565217,1.0811196572940789,0,1
0.8024111111111111,0.0215122098590327,0,3
2.1184,0.1396772456597287,0,3
0.003395238095238,1.0,1,1
1.0093064102564104,0.0436711283941814,0,3
1.0992966666666668,0.041859918018138,1,3
0.98825,0.0671264998738526,0,3
0.0045926666666666,1.0,0,1
0.9669566666666668,0.0527837088904825,0,3
0.0108266666666666,0.1016421192653072,0,0
1.0288055555555555,0.0390636230018514,0,3
0.0032488888888888,0.5746753246753247,1,1
0.8004977011494253,0.039723934524158,0,3
0.0570426666666666,0.1873508209866914,0,0
0.0916666666666666,1.0,0,1
0.4273809523809524,0.0337406802127575,0,0
0.7853866666666667,0.270094705625478,0,3
0.01819,1.0019225081336882,0,1
0.6051037037037037,0.0535702683358545,0,3
0.0014865079365079,0.6457357075913777,0,1
0.1452023809523809,0.2103906705521434,0,0
0.2802083333333333,0.0872549589901692,0,0
0.7547671296296297,0.0258386966365554,0,3
0.972929411764706,0.0394749258288762,0,3
0.2871407801418439,0.1198761581299423,0,0
0.5755722222222223,0.1223705465922231,0,3
0.0627545977011494,0.0567644379861408,0,0
0.0749166666666666,0.4074511842722008,1,0
0.8141916666666666,0.0997472815549598,0,3
0.9418333333333334,0.0627045710337607,0,3
0.5114766666666667,0.08451497229957,0,0
0.0046119047619047,1.0056659466091886,0,1
0.6947027777777778,0.0334685070831981,1,3
0.8389333333333334,0.0708352957440915,0,3
0.51132,0.0239454671981267,1,0
0.8216712962962963,0.0374177440061372,0,3
0.4035,0.0523638126682908,0,0
0.017925,1.0,1,1
0.2091444444444444,0.0942810094226637,1,0
0.00658625,1.0011718931267624,0,1
0.91605,0.0378425802026733,0,3
0.2743644444444444,0.0479989438066191,1,0
0.052239,0.0504316368797884,0,0
0.168981746031746,0.1376525016351923,0,0
0.7993592592592592,0.045760098154377,0,3
0.6842214285714285,0.0503388195911172,1,3
0.6798,0.1365929133096545,0,3
0.058415909090909,1.0,1,1
0.0166133333333333,0.4275527200891062,1,0
0.6547516666666666,0.0618657475953871,0,3
0.0008933333333333,0.5,1,1
0.0049731481481481,1.0,0,1
0.3682363247863248,0.0454580553650269,0,0
0.2914091666666666,0.1944695823645025,0,0
1.0085111111111111,0.0510555125418353,0,3
0.0198686666666666,1.0,0,1
0.0116863636363636,1.0008795074758134,0,1
0.68112,0.0430554077737062,1,3
0.0059353448275862,0.6790567982697963,0,1
0.01578,0.8288879026456083,0,1
0.2082397435897436,0.4789612120914425,0,0
0.2731916666666666,0.0397109705014059,1,0
0.6928666666666666,0.042095293161413,1,3
0.3649366666666666,0.0940193529309561,0,0
0.3512758333333333,0.0634922700616958,1,0
0.1091375,0.0556386287263689,1,0
0.8754773333333333,0.0296784486529039,1,3
0.1359877777777778,0.0739784864216755,0,0
0.3059815476190476,0.0385286303115197,0,0
0.5171322222222222,0.0126150142999495,0,0
0.0074055555555555,0.5,0,1
0.2207166666666666,1.0256870939181073,0,1
0.7401885416666667,0.0328514100187655,0,3
0.2682055555555556,0.4128963576638207,0,0
0.2956583333333333,0.0528497192227105,0,0
0.0028291666666666,0.6031916661215522,0,1
0.2662516129032258,0.0504174237823744,0,0
0.7176117647058824,0.0486177768446719,1,3
0.931425,0.0751410153408783,0,3
0.3530525641025641,0.0705431436261055,0,0
0.1950491228070175,0.0611050311141437,0,0
0.1787323529411764,0.1762758904277989,0,0
0.7588859375,0.361903534705243,0,3
0.0231074561403508,1.00042226487524,0,1
0.0517239130434782,0.4742882522046932,0,0
0.0008121794871794,1.0,0,1
0.03043125,1.0,0,1
0.1929111111111111,0.2834711308372038,1,0
0.4717770833333333,0.0495832205554041,0,0
0.9240541666666668,0.053813073781889,1,3
0.0219416666666666,0.4010340370529944,0,0
0.7334,0.0672990523122278,0,3
0.8844222222222222,0.0462016316615122,0,3
0.0913066666666666,0.3458605664488017,1,0
0.8063867647058823,0.0380885269561449,0,3
0.2070916666666666,0.5666132500009895,0,0
0.3702083333333333,0.1119030836156931,0,0
0.6144018518518518,0.033852813269639,0,3
0.1430366666666666,0.8100282462268723,0,1
0.9007145833333333,0.0315954090377578,0,3
0.856624537037037,0.0372242272912497,1,3
0.034053125,0.8588913409605667,0,1
0.0061375,1.1299435028248588,0,1
0.1887083333333333,0.2538915952357747,0,0
0.5983615384615385,0.0624630974748165,0,3
0.0104,0.8,0,1
0.1575734848484848,0.2080738328709601,0,0
0.6661666666666667,0.0540909066042782,0,3
0.8207631944444445,0.0227903873640443,1,3
0.7876166666666667,0.0620280758718086,0,3
0.0195354166666666,1.0003394145099702,0,1
0.92062,0.0325189062984346,1,3
0.6193222222222222,0.0874450703964348,1,3
0.0075479166666666,0.5,0,1
0.0170231884057971,0.2560754011919312,0,0
0.8340440476190476,0.0466214337130133,0,3
0.0571833333333333,1.2805011470689234,0,1
0.6823416666666666,0.0358739296577892,0,3
0.4188825757575757,0.0326729585279812,1,0
0.8921333333333333,0.0383513027888994,0,3
0.8919219512195122,0.0389665288045227,1,3
0.331225,0.0445263119874242,1,0
0.1888702380952381,0.0633800792913383,0,0
0.9488489247311828,0.0359623430798042,0,3
0.0467708333333333,0.8687298439475158,0,1
0.6783266666666667,0.0476668179315529,0,3
0.9211333333333334,0.0465053148733853,0,3
0.133253,0.0540508707313982,0,0
0.88508125,0.0353669085939978,0,3
0.4258922222222222,0.0437676087683136,0,0
0.040025,1.0,0,1
0.0678198412698412,0.3713112244166623,0,0
0.2513233333333333,0.2038041392935537,0,0
0.1257786666666666,0.1270977343022877,0,0
0.0876397435897435,0.4805416244821818,0,0
0.7670314814814815,0.0372853471398448,0,3
0.8609166666666666,0.0510969793912296,0,3
0.8550222222222222,0.0496356148619627,1,3
0.0030461538461538,1.0,0,1
0.8927809523809523,0.0432280487251598,0,3
0.6876145833333333,0.0496282597605483,1,3
0.0102128205128205,1.0040268036184552,0,1
0.3974078014184397,0.0365300179850577,0,0
0.776578125,0.045979772335257,0,3
0.8061463768115942,0.038861698041521,0,3
0.1810878787878788,0.5353747065794977,0,0
0.234237037037037,0.0494492879536643,0,0
0.2298764957264957,0.0366354866672736,0,0
0.2518729166666666,0.0589028560631524,0,0
0.4636466666666666,0.1080990142343004,0,0
0.5208285714285714,0.1202335204994129,0,0
0.4257166666666667,0.2577816780592176,0,0
0.0065988888888888,0.75,0,1
0.39305,1.0625726548444754,0,1
0.0636752873563218,1.009422420843241,0,1
0.3108444444444445,0.4976397545581241,0,0
0.071234074074074,0.8038243617607985,0,1
0.32385625,0.0490075718276825,1,0
0.6490422222222222,0.0509876884588341,0,3
0.6924208333333333,0.0866282640717345,0,3
0.0010231481481481,1.0,0,1
0.0159454545454545,1.0,0,1
0.07705,1.0,0,1
0.1082142857142857,0.1016421192653072,0,0
0.8720102150537635,0.0478324251769401,0,3
0.0014787878787878,1.0,0,1
0.0456479166666666,0.8015142999421438,0,1
0.3458015873015873,0.3506510004962461,0,0
0.1583266666666666,0.9702088733038572,0,1
0.12,0.0,1,0
0.0321666666666666,0.6241055902391744,0,1
0.0399173611111111,1.0,0,1
0.0162,0.6668641000329055,0,1
0.1303736666666666,1.018013112918926,0,1
0.129504365079365,1.0166305113020992,0,1
0.9783083333333334,0.0352887305812942,0,3
0.9143159722222224,0.0380578978301199,0,3
0.0204861111111111,0.2753105836730403,1,0
0.0025089285714285,0.6666666666666666,0,1
0.4041053571428571,0.2618610817110042,0,0
0.1449597701149425,0.0517865179911084,0,0
0.408819,0.0386347506754288,0,0
0.0550388888888888,0.4986845875964352,0,1
0.3177583333333333,0.2599038644437375,0,0
0.4752916666666667,0.0751926822893459,0,0
0.1607072916666666,0.6187535852908982,0,1
0.0419854166666666,1.0,1,1
0.1099166666666666,0.9858548154296004,0,1
0.1635053571428571,0.5284409751296961,0,0
0.67092,0.0318426669328073,0,3
0.77926,0.0840513792027136,0,3
0.0010726666666666,0.75,1,1
0.0384541666666666,1.002452554151949,0,1
0.5286766666666667,0.045449515672427,0,3
0.9468333333333334,0.044422913474472,1,3
0.7187333333333333,0.0267988744472732,1,3
0.3667820512820512,0.0572382127289016,0,0
0.5421033333333334,0.0523309988185306,0,3
0.7139666666666666,0.0584500129015993,0,3
0.606725,0.0418390247751586,0,3
0.7478981481481481,0.0390666802772952,0,3
0.0038555555555555,0.1016421192653072,0,0
0.0719766666666666,1.0,0,1
0.0031294117647058,1.0047899431228702,1,1
0.7777266666666667,0.0397771575561807,1,3
0.800725,0.0538364120637721,0,3
0.9237083333333334,0.0642573949690048,0,3
0.9595351851851852,0.0429306261434992,0,3
0.4343421052631579,0.0578669952981247,0,0
0.8784333333333334,0.0930960034286938,0,3
0.3042648148148148,0.0458625894368992,0,0
0.8349483333333333,0.0340592116759976,1,3
0.0148760683760683,0.902015690448055,0,1
0.0026041666666666,1.0,1,1
0.0381004385964912,0.0775345665001327,0,0
0.0231947916666666,1.026995689146733,1,1
0.9054844444444444,0.0476430152697391,1,3
0.1361951612903225,0.0401359908377183,0,0
0.0065020833333333,1.0,0,1
0.591002,0.1213408028494645,0,3
0.4474861111111111,0.0411784497487103,0,0
0.1759583333333333,0.8370239429583762,0,1
0.2739666666666667,0.0835898617963914,1,0
0.5541358024691357,0.0439978960798245,0,3
0.0287211111111111,0.6860918303173961,0,1
0.5783866666666666,0.0429200131075035,0,3
0.0168516666666666,1.0047193168613155,0,1
0.076708547008547,0.9526438319219436,0,1
0.4102833333333334,0.36958142345328,0,0
0.6644713675213676,0.0371114950659863,0,3
0.00163,1.0,0,1
0.0026,1.0,1,1
0.8101611111111111,0.0378662896966807,0,3
0.7035166666666667,0.3178167929443894,0,3
0.06860625,0.0560431851438193,0,0
0.1447229166666666,0.0909412878937075,0,0
0.0014666666666666,1.0,0,1
0.1989333333333333,0.8713669258362561,0,1
0.7191282051282052,0.0391298568975821,0,3
0.8164625,0.0404240693241428,1,3
0.4588320512820513,0.0352939840572721,0,0
0.5321333333333333,0.5040598197904936,0,0
0.80097,0.0438635701801502,0,3
0.02525,0.967741935483871,0,1
0.8981444444444444,0.0362706392521971,0,3
0.01525,5.0,0,2
0.0339354166666666,1.0523241453483445,0,1
0.1433233333333333,0.4493781968664173,0,0
0.1590153846153846,0.3633105216410651,0,0
0.8631,0.0626630918997069,1,3
0.2375966666666666,0.041001016236853,0,0
0.5297083333333333,0.2568305625770949,1,0
0.0264655555555555,1.0012820831919125,0,1
0.0013656862745098,0.8,1,1
0.6863633333333333,0.0359613487770637,0,3
0.8327,0.0732508136997756,1,3
0.0061560185185185,1.0001619564337194,0,1
0.0134177777777777,0.9775188783368356,0,1
0.0989015151515151,1.0,0,1
0.9004,0.0618085226238792,0,3
0.8662805555555556,0.0320104597366237,1,3
1.04665,0.0408144190935784,0,3
0.001961574074074,1.0,0,1
0.2516657407407408,0.0694212251022674,0,0
0.0008633333333333,0.1016421192653072,0,0
0.4748722222222222,0.6790123456790124,0,0
0.8363566666666667,0.0430210046882771,0,3
0.7716133333333333,0.037298503377293,0,3
0.3568380952380952,0.0361980708574898,0,0
0.9466625,0.0573206170114238,0,3
0.0074858974358974,1.0,1,1
0.6607858333333333,0.1042313605243426,0,3
0.72388125,0.1371253872531202,0,3
0.3208833333333333,0.0720439353330119,0,0
0.9432,0.0929428037850985,0,3
0.63622,0.1416974138905881,1,3
0.0201366666666666,0.1819402336997483,0,0
0.9304791666666666,0.0409167988297598,0,3
0.0709409090909091,0.9676094890510948,0,1
0.6770272727272727,0.0786124599256574,0,3
0.8742166666666666,0.0574250990646883,0,3
1.1864,0.0563614603812724,0,3
0.091845,1.0053873362673835,0,1
0.0134926666666666,0.8525872277952612,1,1
0.7226319444444445,0.0303598797652127,0,3
0.0104441666666666,0.7267310901297811,0,1
0.9710666666666666,0.0552183682318029,0,3
0.044075,0.5802829580428938,0,1
0.7534181818181818,0.0390340751913004,0,3
0.003695,0.1016421192653072,0,0
0.0214333333333333,1.0017751413532927,0,1
0.55037,0.05213565239417,0,3
0.0125,1.0331293374877126,0,1
0.5624708333333333,0.3810595217334793,0,3
0.7041,0.0435071335189163,0,3
0.0452719696969697,0.7829803662033973,0,1
0.6782738095238094,0.0485087476444227,0,3
0.0211086666666666,1.0,0,1
0.5415166666666666,0.4728725463519058,0,0
0.2048566666666667,0.076052924831311,0,0
0.3971572463768116,0.0383034893898423,0,0
0.0125472222222222,0.7502035002035001,1,1
0.982155,0.0384169497499663,0,3
0.0339029761904761,0.907056172311129,0,1
0.4733641666666666,0.0531995969559778,0,0
0.0084619047619047,1.0,0,1
0.0562005555555555,1.0,0,1
0.859265,0.0404480194167991,0,3
0.42045,0.063935597016041,0,0
1.0892833333333334,0.0459069332502265,1,3
0.054124074074074,0.6184787788189573,0,1
0.0066828703703703,0.7311689411425313,0,1
0.0246659420289855,0.8,0,1
0.3436712121212121,0.2566229544662205,0,0
0.0041921768707482,1.0,1,1
0.0084430107526881,1.0049577908221292,0,1
0.2495863945578231,0.0490057574669168,0,0
0.4974433333333333,0.0362231343060656,0,0
0.5150933333333334,0.0468314711782666,1,0
0.0880037037037037,1.0,0,1
0.0013128205128205,1.1601221185688886,0,1
0.5834910256410256,0.0398202570114843,0,3
0.0407412698412698,0.572875017850489,1,1
0.0045265873015873,1.0044523009491335,0,1
0.0053557971014492,0.8979266950169741,0,1
0.0046138888888888,0.6666666666666666,0,1
0.0036977777777777,0.8,1,1
0.2419104166666666,0.1751657022347543,0,0
0.8805,0.2901711609967497,1,3
0.5307566666666667,0.0462147113788214,1,3
0.6245713333333334,0.0404857854921378,0,3
0.3202433333333333,0.067174846695861,0,0
0.00635625,0.1016421192653072,0,0
0.3741,0.1869953860930427,1,0
0.2538966666666666,0.0217829330719381,0,0
0.1228666666666666,0.0647559585224571,1,0
0.8101333333333334,0.0551760023865808,0,3
0.0964688888888889,1.000157178643352,0,1
0.0009671428571428,1.001359779614325,0,1
0.0392416666666666,0.8113555729333033,0,1
0.8203916666666666,0.1265665377931328,1,3
0.067345652173913,0.4476970193987519,0,0
0.6240277777777777,0.1221003153367513,0,3
0.09005,1.0,0,1
0.5713833333333334,0.1298930419535573,0,3
0.9927291666666666,0.0306354021287218,0,3
0.4245326086956522,0.0578581583890928,0,0
0.0064011904761904,1.004614519707053,0,1
1.077148787878788,0.0300774569613063,0,3
0.001875,1.0,0,1
0.1623368421052631,0.0556694961321723,0,0
0.0040300925925925,1.0001656451880072,0,1
0.4719703703703704,0.0359162453397578,1,0
0.8466119047619048,0.0491250585467159,1,3
0.7051305555555556,0.0210626534763656,0,3
0.352260294117647,0.1918080836643821,0,0
0.0013666666666666,1.0,1,1
0.0254944444444444,0.9197216564833672,0,1
0.9242571428571428,0.044764790854389,1,3
0.7320555555555556,0.0535336370540384,0,3
0.1574966666666666,0.1069783301538448,0,0
0.0034731481481481,1.0,1,1
0.401575,0.0986243861090343,0,0
0.9780043859649123,0.0370000402159164,0,3
0.0122833333333333,1.0,1,1
0.4654045454545454,0.0394201470877277,1,0
0.2856288888888889,0.1853082096283308,0,0
0.2749675925925925,0.0554608079354527,0,0
0.0153463768115942,0.5221993984594653,0,1
0.479175,0.0653968614940372,0,0
1.162116666666667,0.0,0,3
0.170543,0.0616005838654166,0,0
0.9767065476190476,0.0366097520686727,0,3
0.015485,1.0006866110838648,0,1
0.2856766666666667,0.0550443109360968,1,0
1.035526388888889,0.0481784162000319,1,3
0.0047673333333333,1.0020698911531225,0,1
0.0034097222222222,1.0,0,1
0.1055688888888888,1.0006687718972884,0,1
0.4929933333333333,0.059751121696886,0,0
0.8887520833333334,0.0384580007452308,0,3
0.8311683333333333,0.0391814940812544,1,3
0.4034814814814815,0.2346330864429067,0,0
0.0665366666666666,1.0,0,1
0.0900976851851851,1.0023281869373957,1,1
0.3482166666666666,0.240098564881103,0,0
0.2076527777777777,0.049132353952462,0,0
0.246845652173913,0.0464947688699461,1,0
0.1484901041666666,0.0453480734680873,0,0
0.0115076923076923,1.0,0,1
0.1954236111111111,0.0371937442838772,1,0
0.0087951851851851,0.5598238107951599,0,1
0.8974166666666666,0.0814605515033156,0,3
0.0207075268817204,0.1558164690334036,0,0
0.004564,1.00075,0,1
0.0021565476190476,0.3333333333333333,0,0
0.0205890476190476,1.0602657004830918,0,1
0.1804628787878788,0.1606134575985973,0,0
0.7720583333333333,0.0346215782394496,1,3
0.0021977777777777,0.6,0,1
0.0087532407407407,1.0045816754448054,0,1
0.8014107142857143,0.0375758870129825,1,3
0.0261802083333333,0.3583023642894902,0,0
0.7741555555555556,0.0630287183927854,1,3
0.1603666666666666,0.7865176745544844,0,1
0.0038688888888888,0.8,0,1
0.0038538461538461,5.0,0,2
0.0743193333333333,0.4618477407149264,0,0
0.0241416666666666,0.8000653915317966,0,1
0.7407555555555556,0.2462289451370313,1,3
0.5982411111111111,0.0395170530256466,0,3
0.6632666666666667,0.1554891285941534,0,3
0.0612958333333333,1.0012445055907553,0,1
0.1159243055555555,0.1043869137980207,0,0
0.0260574074074074,1.000505944852011,1,1
0.0250770833333333,1.0,0,1
0.6987416666666667,0.1162204242977914,0,3
0.0057055555555555,0.3,1,0
0.4063559523809524,0.0789922392393347,0,0
0.7122066666666668,0.0416987076172703,0,3
0.4766192307692308,0.0256906726361254,0,0
0.1203279761904762,0.75,0,1
0.1254444444444444,1.0,0,1
0.3428555555555555,0.1329989861570197,0,0
0.5566,0.07653038377647,0,3
0.299478125,0.0412465100371726,1,0
0.739312962962963,0.0401608259934729,0,3
0.5730138888888889,0.2544637206064547,0,3
0.0039861111111111,0.1016421192653072,0,0
0.0033847826086956,1.0,0,1
0.3316628571428571,0.2374161386595262,0,0
0.1867225,0.0543230216342952,0,0
0.0095383333333333,1.0,0,1
0.9587833333333332,0.0503647862596039,1,3
0.59264,0.5023420036534061,0,3
0.7086908730158731,0.0376727724106169,1,3
0.00815,0.8943625880845613,0,1
0.6026225,0.0344314912276521,1,3
0.6863230769230769,0.2483562806007716,1,3
0.4106333333333333,0.0364510721450748,0,0
0.0052873333333333,1.7664984087449842,1,1
0.2785571428571428,0.1019761525506981,0,0
0.0301857142857142,0.5318627450980392,1,1
0.9700083333333334,0.0689412037352964,1,3
0.7280104166666667,0.0416741056505541,0,3
0.014646875,0.6666666666666666,0,1
0.5428145833333333,0.0440388039569321,0,3
0.0265185185185185,0.7684094256259204,0,1
0.1830041666666666,1.0004630853058505,0,1
0.58213,0.0469785824543683,1,3
0.5623690476190476,0.1036004322036982,1,3
0.0146125,1.0054876920126528,0,1
0.8986833333333333,0.0449651475234334,0,3
0.9041277777777778,0.0427674152599552,0,3
0.2779410256410257,0.0,1,0
0.0035211111111111,1.0,0,1
0.3127691666666666,0.0350626419688337,0,0
0.0482959770114942,0.7540657695454624,0,1
0.7018766666666667,0.0370162399647891,0,3
0.8091852564102564,0.0359206430841631,1,3
0.6382948717948718,0.0358488001643711,0,3
0.7748071428571428,0.1479665519456938,1,3
0.0253128205128205,0.8641067605758403,0,1
0.6394533333333333,0.0396105258773812,0,3
0.0091239130434782,0.8,1,1
0.9738144444444444,0.0385545846831396,0,3
0.6805637254901961,0.0674569751855688,0,3
0.2389266666666666,1.000352208952208,0,1
0.2094884615384615,0.0515990511972445,1,0
0.7675666666666667,0.0435598623337552,0,3
0.2088063492063492,0.6662946448265945,0,1
0.1966662037037037,0.6711217016367643,1,1
0.4894473684210526,0.0334479536344754,1,0
0.6157625,0.0666979791669548,1,3
0.5452111111111111,1.0008990615373594,0,1
0.00111,1.197142857142857,0,1
1.20345,0.025842057186723,1,3
0.931747619047619,0.0441596256451248,1,3
0.0050971014492753,1.0,0,1
0.3122222222222222,0.761081560283688,0,1
0.0080725806451612,1.0020484143103467,0,1
0.5248803921568628,0.1165581322972662,0,0
0.1549474358974359,0.0418218583566445,1,0
0.4655254901960784,0.0507046427207027,0,0
0.0007661111111111,1.0,0,1
0.0445435897435897,0.1703657270353142,0,0
0.23355,1.0001614987080103,0,1
0.7362642156862745,0.0365664167646396,0,3
0.0039280952380952,0.8,0,1
0.3602266666666666,0.0534486901659937,0,0
0.872997435897436,0.4662860279516174,0,3
0.0106083333333333,1.0,1,1
0.00198,1.0,0,1
0.1538174603174603,0.0902351754116165,0,0
0.0339743589743589,1.0,0,1
0.02792,1.0,0,1
0.0469743333333333,0.9241830828492904,0,1
0.0621930555555555,1.0,0,1
0.0251166666666666,1.0562380331489116,0,1
0.0028444444444444,1.0,1,1
0.467939393939394,0.110013376289442,0,0
0.0240108333333333,1.0056072232880386,0,1
0.7600851449275363,0.0367844107379706,0,3
0.4755962962962963,0.0418672139360313,0,0
0.0118083333333333,0.8024018696939941,0,1
0.0058125,1.0,1,1
0.32605625,0.0783722929229968,0,0
0.1376026666666666,1.0218462506105337,0,1
0.2789645833333333,0.0477924659698494,0,0
0.0161041666666666,1.0,0,1
0.276465625,0.4120229299102124,0,0
0.8726722222222223,0.053608810194549,1,3
0.6327452380952381,0.1528947439190287,0,3
0.0003592592592592,1.0,0,1
0.4294777777777778,0.6456554632709517,0,0
0.0539833333333333,0.2754376367614879,1,0
0.0873280303030303,0.0641484951464872,0,0
0.78825,0.0789661977927752,0,3
0.0035058823529411,1.0,0,1
0.0122533333333333,1.0,0,1
0.0783629629629629,1.0,1,1
0.2728555555555556,0.2808029518265699,0,0
0.1934111111111111,0.6157634181144032,0,1
0.6702423076923076,0.0383206531050486,0,3
0.6584933333333333,0.6791746318133328,0,3
0.7720774509803922,0.0509186177443382,0,3
0.0100388888888888,1.0,0,1
0.9460777777777778,0.0412698794267866,0,3
0.1212475,0.7331640759794824,0,1
0.18866,0.0540364263705139,0,0
0.0097190476190476,0.75,0,1
0.58147,0.052574045261624,1,3
0.8628104166666666,0.0433689829688575,0,3
0.779919,0.0337657148084251,0,3
0.2590011904761904,0.0498929198916166,0,0
0.0470141304347826,1.0076267279363424,0,1
0.1265,1.0006629505528069,1,1
0.565188888888889,0.257637783882632,0,3
0.0136589430894308,1.0423313831727246,0,1
0.02974,1.0,1,1
0.012469,0.5516127792066983,0,1
0.790525,0.0417750955961837,0,3
0.0093496296296296,0.1016421192653072,0,0
0.7470958333333333,0.0492447857960464,0,3
0.48283,0.0412502803846094,1,0
0.0183674731182795,0.7512411865326046,0,1
0.4859916666666666,0.3366840822295083,0,0
0.0029710144927536,1.0,0,1
0.4683966666666666,0.0517322455872216,0,0
0.0574761111111111,0.056612261143838,0,0
0.2714433333333333,0.0562109646079111,0,0
0.195025,1.6192056309703369,0,1
0.0237509803921568,1.0,0,1
0.01285,1.0,0,1
0.6429166666666667,0.1799595218813119,0,3
0.0289266666666666,0.6151761517615176,0,1
1.0027528985507246,0.0559274978925034,0,3
0.9304444444444444,0.031328400756681,1,3
0.6707166666666666,0.0322808782958874,0,3
0.2947291666666666,0.0559165948206903,0,0
0.0149720238095238,0.9002047614752925,1,1
0.5569666666666666,0.0807822265137181,1,3
0.1208576923076923,0.0639501708701045,0,0
0.0242441176470588,1.0031030128089482,0,1
0.34437,0.0943668172765879,0,0
0.9687666666666666,0.0577622501705709,1,3
0.2278333333333333,0.1782637114504724,0,0
0.0014901041666666,0.5020618556701031,1,1
0.2913645833333333,0.0594408688073135,0,0
0.9011313953488372,0.0401078168989049,0,3
0.4331020833333333,0.0716828073671916,1,0
0.0487275641025641,0.8,0,1
0.0384918918918918,0.8208893290319293,0,1
0.0316208333333333,0.77920690448372,0,1
0.33848125,0.0536320380542672,0,0
0.6956166666666667,0.0408582663189849,1,3
0.0963884057971014,0.0658769071285916,0,0
0.2029958333333333,0.2360793693065908,0,0
0.784675,0.2428443330368961,0,3
0.991075,0.0419817297255547,1,3
0.047184375,0.0,1,0
0.7445166666666667,0.0649887835989872,0,3
0.7657027777777777,0.0499849960021543,1,3
0.4870414414414414,0.2114271057213261,0,0
0.4293333333333333,0.059491157708325,0,0
0.032940625,0.3553439282260573,0,0
0.99309,0.0647228467476488,0,3
0.6303547619047619,0.05897266996785,0,3
0.7853166666666667,0.3591680572535043,0,3
0.007118,0.8601567760210866,0,1
0.8822966666666667,0.041120233313237,0,3
0.0203666666666666,0.5545688575993547,0,1
0.3170766666666667,0.1705044294516579,0,0
1.008025,0.0520685857742923,1,3
0.38094,0.0481137862916085,1,0
0.5774833333333333,0.0601705242023621,0,3
0.6587916666666667,0.0371963216817828,0,3
0.2317777777777777,0.0524634727473539,0,0
0.0370741666666666,0.7825033495349619,0,1
0.4406433333333333,0.0357642895284182,0,0
1.0116444444444443,0.022410029042506,1,3
0.0115,0.0,0,0
0.0322446666666666,0.618180411921121,0,1
0.1235118055555555,0.7333333333333334,0,1
0.3462227272727273,0.0583161551912869,0,0
0.0320176666666666,1.0,0,1
0.9261444444444444,0.0432840353054866,0,3
0.0383333333333333,0.0,1,0
0.0197583333333333,1.006265095897984,0,1
0.4817770833333333,0.0794297541889084,0,0
0.0865266666666666,0.8073108958458445,0,1
0.015225,1.0,0,1
0.4878550314465408,0.0432283940284272,0,0
0.8635904761904762,0.0710873371462912,0,3
0.76933,0.2736647571147267,0,3
0.6611557692307692,0.0394351736518053,0,3
0.8857141025641025,0.0414199204468413,0,3
0.5825916666666667,0.7031634187149854,0,3
0.0363916666666666,0.523833476754269,1,1
0.5519729166666667,0.0428593235709616,0,3
0.1088894308943089,0.0913523066578446,0,0
0.0040916666666666,1.0,0,1
0.70775,0.0447778738684094,1,3
0.1945962962962963,0.1130186080712816,0,0
0.0078564814814814,0.5041559788071607,0,1
0.9429533333333332,0.045351804988941,0,3
0.5935333333333334,0.3749330485990324,0,3
0.6976520833333333,0.0359691667413525,1,3
0.0181666666666666,1.0,1,1
0.6674666666666668,0.051601757592946,0,3
0.3808214285714286,0.0612191081143723,0,0
0.4304666666666666,0.0404500009576985,0,0
1.0687863636363637,0.043785878574873,0,3
0.1906666666666666,0.3095194146412792,0,0
0.5209722222222222,0.0990335590353495,1,0
0.017857,1.000316027088036,0,1
0.8611277777777778,0.0416126408259097,0,3
0.7529611111111111,0.0366574002153225,1,3
0.9655333333333334,0.04775579071122,0,3
0.8537382352941176,0.06518549362342,0,3
0.0327991666666666,1.0857894736842106,0,1
0.7842285714285714,0.0511637758295097,1,3
0.9073185185185184,0.0432876057429552,1,3
0.0289568181818181,0.3396388446663728,0,0
0.5510735294117647,0.0520228108013449,0,3
0.2432016666666666,0.0357102411623429,0,0
0.0095508333333333,1.0021074815595363,0,1
0.5036958333333333,0.0483466232260929,0,0
0.0824875,0.159688545181488,0,0
0.43011,0.2924392943700309,0,0
0.77435,0.1143184080628499,1,3
0.0518759259259259,1.0148071625344353,0,1
0.8262416666666667,0.0361420846184968,1,3
0.0016576923076923,5.0,1,2
0.0289111111111111,1.0034001214329085,0,1
0.0150564516129032,1.1414623562594923,0,1
0.8110541666666667,0.0449158701147847,0,3
0.0156742424242424,1.0701630049610205,0,1
0.0196866666666666,0.6605528287264273,1,1
0.9945527777777776,0.0385574116134791,1,3
0.0352346153846153,1.0004280363830926,1,1
0.0366666666666666,0.0,1,0
0.9102125,0.047182540909005,0,3
0.2483266666666666,0.4721163752063367,0,0
0.0246074074074074,1.0077328358406437,0,1
0.0806766666666666,1.000941943370093,0,1
0.6938946666666667,0.128860618604326,0,3
0.7454074074074074,0.0462440527216069,0,3
0.0071807291666666,0.6137475105785816,0,1
0.8059884615384615,0.0356699970887382,0,3
0.0444010416666666,1.0077694155732433,0,1
0.7712727272727272,0.2249531294323571,1,3
0.1389382352941176,1.0,0,1
0.0878105263157894,1.0,0,1
0.0279590476190476,1.0049263283727492,0,1
0.0037042735042735,1.0,1,1
0.0579044444444444,0.2065372358496447,0,0
0.484855,0.0494486091380229,1,0
0.890361111111111,0.0804913742894751,1,3
0.7642666666666666,0.0414206529937474,0,3
1.000085,0.0430325815624511,0,3
0.9619298611111112,0.0404661430822278,0,3
0.0013541666666666,1.0,0,1
0.2280866666666667,0.1057488036535262,1,0
0.9754833333333334,0.0484554686873494,0,3
0.4908666666666666,2.5963572990261063,1,1
0.8252527777777777,0.2315581081301489,0,3
0.0120592261904761,0.4917329883073417,0,1
0.8547125,0.0421791957317162,0,3
0.017263768115942,1.0,0,1
0.8626145833333334,0.0394901833445349,1,3
0.0172988095238095,1.0,1,1
0.2627333333333333,0.1040756399506348,0,0
0.62049,0.0440433800923934,1,3
0.4597043650793651,0.037900422238801,0,0
0.7002520833333333,0.0361433559880487,0,3
0.1871041666666666,0.1479057278366737,0,0
0.3861833333333333,0.031074459184893,0,0
0.8284366666666667,0.0359142243986724,0,3
0.5361991666666667,0.1794113948927962,0,3
0.0276326388888888,1.0003645477329688,0,1
0.0043354166666666,1.0,0,1
0.7964333333333333,0.0394208478549038,0,3
0.728375,0.0582823779833101,1,3
0.1807083333333333,1.0,0,1
0.025137,1.0,0,1
0.1133424242424242,0.0873596384769477,0,0
0.0001325396825396,0.1016421192653072,0,0
0.0263451219512195,1.0,0,1
1.038353888888889,0.0362630406193342,1,3
0.0193826666666666,0.6953447481662473,0,1
0.5096309523809524,0.0446051983882285,1,0
0.0093712962962962,1.0,0,1
0.0715033333333333,1.004128246419986,0,1
0.0068591666666666,1.002478879126238,0,1
0.6579287037037037,0.0353341329192757,1,3
0.0350463333333333,0.5298081420339548,0,1
0.452522619047619,0.0364687233237925,0,0
0.032225,1.0050675739684412,0,1
0.0428,1.0,0,1
0.1621533333333333,0.4428313502620657,0,0
0.89195,0.0356563575361695,0,3
0.4845004629629629,0.2821440850339155,0,0
0.8867,0.0811793126294849,1,3
0.8307145833333334,0.0543116349480426,0,3
0.0105266666666666,0.1016421192653072,0,0
0.0787666666666666,0.334448160535117,0,0
0.481112,0.0510058412497786,0,0
0.8991979166666666,0.0238962452967738,0,3
0.9969625,0.236929835880308,1,3
0.0036333333333333,0.8,1,1
0.1146694444444444,0.6558117970367109,0,1
0.0970666666666666,0.8329514120707703,0,1
0.06320625,0.781874683375686,0,1
0.0070911111111111,0.62873999157185,0,1
0.7864175,0.2307115248741746,0,3
0.0150962121212121,0.7,0,1
0.5344916666666667,0.4039867091070954,0,0
0.0030198412698412,0.1016421192653072,0,0
0.3171421875,0.0407010162212499,0,0
0.8339,0.0538919373022133,0,3
0.0018695652173913,1.0,1,1
0.044778125,1.004644460308707,0,1
0.0127023809523809,0.1898020568793789,0,0
0.7101683333333333,0.0413721581187249,1,3
0.5419076923076923,0.0345169866942345,0,3
0.1093113333333333,0.8062681238069779,0,1
0.5404266666666666,0.0392449578254317,0,3
0.4295888888888888,0.0797045267289514,0,0
0.0092551851851851,1.0010566356720203,0,1
0.3568596153846153,0.0414041904377075,0,0
0.0801583333333333,1.0008859491487878,0,1
0.0062333333333333,1.021186440677966,1,1
0.1015712121212121,0.9636533280804028,0,1
0.5165,0.1127184985790369,0,0
0.827775,0.0583027558212244,0,3
0.0151868055555555,1.0,0,1
0.901711111111111,0.0552512748623917,0,3
0.9120866666666668,0.0533856262196627,0,3
0.1877433333333333,0.9696789723895848,0,1
0.8377,0.0414649265718857,1,3
0.0486844444444444,0.8,1,1
0.8313416666666666,0.0936453232664457,0,3
0.5484666666666667,0.2768604339843282,0,3
0.0011,1.0,0,1
0.00482,1.0,0,1
0.2632844444444444,0.0601678498868345,0,0
0.6423466666666666,0.0725326794968733,1,3
0.9461666666666666,0.1017467037100667,0,3
0.0780371794871794,0.630706243602866,0,1
0.53241875,0.0410792869519448,1,3
0.84708,0.0475154215865939,0,3
0.0934556666666666,1.0002468065882195,0,1
0.627325,0.0418426952254723,0,3
0.2433841666666666,0.0250388336930415,0,0
0.5635268939393939,0.0343855362081745,0,3
0.7446277777777778,0.0416429466940004,0,3
0.2640455128205128,0.0368828676021717,0,0
0.0692841085271317,0.2146741927289355,0,0
0.0078682539682539,1.34992031850946,1,1
0.0025063492063492,1.0,0,1
0.6241525,0.0361718417135046,0,3
0.6083104166666667,0.0352493839753238,0,3
0.4604366666666666,0.0604371291243899,0,0
0.1102856481481481,0.3559568412922547,0,0
0.0565028735632183,0.1882232774275659,0,0
0.0204333333333333,1.0,0,1
0.1362866666666666,0.1170874620511139,0,0
0.669561111111111,0.3000377233077661,0,3
0.7267434782608696,0.1163459587163963,0,3
0.04979625,0.8,0,1
0.0233625,0.9944007479712738,0,1
0.8211208333333334,0.0426765566074214,1,3
0.0674343137254902,1.0005060240963854,0,1
0.7923866666666667,0.0379387269248003,0,3
0.105,0.0,1,0
0.7981604166666667,0.0426735967208515,0,3
0.5069284153005464,0.8048697833344818,0,1
0.8223333333333334,0.0490063149389095,1,3
0.6870416666666667,0.0728720497352438,0,3
0.3096838383838384,0.0478864757950159,0,0
0.0447548611111111,0.4615860081703798,0,0
0.6325833333333334,0.0461438047273482,0,3
0.112,1.1112561416953153,1,1
0.7888933333333333,0.084777022272187,0,3
0.0024064102564102,0.9806967984934089,1,1
0.0016364583333333,0.8486294175997303,0,1
0.0175275,1.0,0,1
0.1739692307692307,0.5757120586888589,0,1
0.0440898148148148,0.6140779763389489,0,1
0.4819348039215687,0.0412184793904895,0,0
0.783925,0.22199892403117,1,3
0.2430666666666666,0.8900726720982511,0,1
0.9014111111111112,0.0413257383649015,0,3
0.6842366666666667,0.0802676837481791,0,3
1.3157733333333337,1.2061858992886243,1,3
0.0638908333333333,0.4413297726468626,0,0
0.0101113636363636,1.001076762764849,1,1
0.0033398809523809,1.0,0,1
0.0337416666666666,0.7609041852566134,1,1
0.0526791666666666,0.9444935145904828,1,1
0.8257566666666667,0.1456713948859695,1,3
0.7497583333333333,0.4905212569879493,0,3
0.5276275362318841,0.1862026542142007,0,0
0.0130225,1.0,0,1
0.6949958333333333,0.039952998850169,1,3
0.004509375,1.002511616849747,0,1
0.3818576923076923,0.0382461106521165,1,0
0.5085833333333333,0.2288163772049526,0,0
0.5640527777777777,0.281326867829018,0,3
0.2547480392156863,0.0501270390580825,0,0
0.0269888888888888,0.5798157571166108,0,1
0.9572666666666666,0.2515775736262687,0,3
0.0015826923076923,1.031405044819679,1,1
0.3631994791666666,0.0482727708836098,0,0
0.0095297619047619,1.0011784511784512,0,1
0.105,0.0,1,0
0.1088433333333333,0.5418556701030928,0,1
0.0085333333333333,1.0,0,1
0.7045055555555556,0.1286711831566671,1,3
0.0632561403508771,0.967509025270758,1,1
0.0249488888888888,0.1669170422300117,0,0
0.3626349206349206,0.0413146580590343,0,0
0.4704280701754386,0.2300903636355436,0,0
0.946875,0.0508704894142295,1,3
0.4192733333333333,0.0561780216355447,0,0
0.37445,0.0812488192998528,1,0
0.5782969696969696,0.0481682789122103,0,3
0.9974566666666668,0.0389382722026316,1,3
0.8928954545454545,0.0378619677687197,0,3
0.7645833333333333,0.0378333636397279,0,3
0.0282695652173913,0.5259584295058078,0,1
0.8171344444444445,0.1159397978600462,0,3
0.3972233333333334,0.0510578592475077,1,0
0.0413345833333333,0.8696601388119521,0,1
9.78494623655914e-05,0.5,0,1
0.0431074074074074,0.2963973760164669,0,0
0.6549444444444444,0.0509639612866093,1,3
0.3965934210526315,0.0399733002408714,0,0
0.0246833333333333,1.0,0,1
0.0111823529411764,1.0,0,1
0.9714291666666666,0.0432070363927824,0,3
0.9592729166666666,0.0588688427675022,0,3
0.3843964285714286,0.2416540703044876,0,0
0.7888,0.0458842462270465,1,3
0.5558083333333333,0.4070714516512994,0,3
0.0116857843137254,1.0053886065215414,0,1
0.6971222222222223,0.0421381183125971,0,3
0.6522166666666667,0.0973227820534852,0,3
0.7859583333333333,0.0072896226644733,1,3
0.6719733333333333,0.2264361386787614,0,3
0.1002296296296296,0.3537520600555454,0,0
0.707,0.1820539207059311,0,3
0.8038933333333332,0.0492247804619652,0,3
0.0516377777777777,0.5840979009598162,0,1
0.0797312121212121,0.1440407437865621,0,0
0.5704683908045978,0.0432287000550752,0,3
0.0370578703703703,0.9404597312880084,0,1
1.0109216666666667,0.0408912139187515,0,3
0.1531083333333333,0.1121535526352547,0,0
0.4288,0.0417913745242896,0,0
0.2378019607843137,0.0478720542067977,0,0
0.9683583333333334,0.0521011158735819,0,3
0.5946766666666666,0.14219101631296,1,3
0.0435166666666666,0.1016421192653072,0,0
0.7501553333333334,0.0467169083019582,1,3
0.0180097222222222,1.0023495402742206,0,1
2.019525,0.0350616048478966,0,3
0.68587,0.0392006557165253,0,3
0.0951153846153846,0.3076869822075554,0,0
0.0411282051282051,0.3567390206966179,0,0
0.2060366666666666,0.3681269291314499,0,0
0.2827036231884058,0.0479308030223015,0,0
0.0047277777777777,1.0,1,1
0.0020579365079365,1.0,0,1
0.7925333333333333,0.4076551932172834,0,3
0.0299289855072463,1.02687477238813,0,1
0.6460033333333334,0.121653773601964,0,3
0.7411566666666667,0.0519562658948359,0,3
0.0251125,1.0,0,1
0.0437473333333333,0.0980594580900078,0,0
0.2708214285714285,0.1821775386140661,0,0
0.0010809523809523,1.0,0,1
0.8871875,0.0369815872728364,1,3
0.8760104166666666,0.0399930967632213,0,3
1.0709174242424242,0.0,1,3
0.2666154761904761,0.0636187418183269,0,0
0.5403202380952381,0.0370730213902496,0,3
0.0034222222222222,0.1016421192653072,0,0
0.6240604166666667,0.3286274221683792,1,3
0.8917625,0.0401390826792845,0,3
0.93465,0.0676126529054498,0,3
0.0533411111111111,1.0554657051925895,0,1
0.0070053191489361,1.00016831474858,0,1
0.7100333333333333,0.2335440364630328,1,3
0.0661935897435897,0.1496532909659823,0,0
0.15261,0.1552542536102708,1,0
0.6384633333333334,0.0510538744122158,0,3
0.8815083333333334,0.0606937809529594,0,3
0.4696708333333333,0.1167936746926577,0,0
0.0675494444444444,0.2756636038226897,0,0
0.2715333333333333,0.1672936074936361,0,0
0.0466535714285714,1.0054111287999157,0,1
0.7772857142857142,0.0389598359192571,0,3
0.60523,0.3100538147014464,1,3
0.3814944444444444,0.0331026975020778,0,0
0.4636,0.0455813054239283,0,0
0.88275,0.053577963274642,0,3
0.275305,0.2553679935366429,0,0
1.015171111111111,0.0348217388256594,0,3
0.658574358974359,0.0367310438683202,0,3
0.262860119047619,0.2393395503566319,0,0
0.0170155555555555,1.0027322963132843,0,1
0.0345755555555555,1.0,0,1
0.6582648148148148,0.0422136042179045,0,3
0.4517166666666667,0.1022232210867793,1,0
0.3621733333333333,0.0540481634351762,0,0
0.9222715277777778,0.0422892990106287,1,3
0.0059861111111111,0.3333333333333333,0,0
0.0213469696969696,0.61584643920765,0,1
0.3968253623188406,0.0421249882692872,0,0
1.1685816666666666,0.0818735197803749,1,3
0.0006449074074074,1.0,0,1
0.7721845238095237,0.0396621825190136,0,3
0.0248895833333333,0.75,0,1
0.795275,0.0382674829902081,0,3
0.8084611111111111,0.0584293265705893,0,3
0.9678583333333334,0.056093195943119,1,3
0.2732358333333333,0.0654074499386366,0,0
0.4789743589743589,0.0338731704406795,0,0
0.0214583333333333,1.136557064832373,0,1
0.0019587962962962,1.0028011204481793,0,1
0.6725833333333333,0.0366654792888867,0,3
0.85355,0.0476995786890396,0,3
0.0062536231884057,1.0010474860335197,0,1
0.4756346153846154,0.0867197361247262,0,0
0.1498333333333333,0.3393814801573114,0,0
0.923236111111111,0.0474512052398922,0,3
0.0633866666666666,1.484830935923781,0,1
0.1965314814814814,0.0320046682352057,0,0
0.0219941666666666,1.001954887218045,0,1
0.3890064102564102,0.0444653814009534,0,0
0.0249869047619047,1.0054789865825766,0,1
0.0229166666666666,1.1192660550458715,0,1
0.002006862745098,1.0,0,1
0.9735743589743592,0.0367491650791398,0,3
0.1608088888888889,0.0442632704944529,0,0
0.0615988095238095,1.0003149275666596,0,1
0.2479486111111111,0.0709972374717322,0,0
0.9353156862745098,0.0373057681134906,0,3
0.1603708333333333,0.1016421192653072,0,0
0.8486007575757575,0.0495379437735558,0,3
0.1538461538461538,0.1016421192653072,0,0
0.01311,1.3244046977843955,0,1
0.8961044444444444,0.0434727416027808,0,3
0.1581888888888889,0.1305230873110174,0,0
0.1903,0.1986485241211941,0,0
0.0534898550724637,1.0046843853820595,0,1
0.5568030303030304,0.0369769523971657,0,3
0.641575,0.0371538633909325,0,3
0.0587,0.8,0,1
0.14995,1.0,0,1
0.5587424242424243,0.1260941343166061,1,3
0.0087027777777777,1.0018045112781957,0,1
0.0137922222222222,1.0049495526365886,0,1
0.0013115384615384,1.0,0,1
0.5414005747126437,0.131919680944727,0,3
0.0016521739130434,1.0,1,1
0.3613448717948718,0.0611910160211542,0,0
0.0628125,1.002115531282793,0,1
1.1076121212121213,0.0664038339289685,0,3
0.004875,0.4,0,0
0.0073513888888888,1.0053549900336851,0,1
0.3726933333333334,0.0699733337004157,0,0
0.0195658333333333,0.598844606304666,0,1
0.3175833333333333,0.0411394646859331,0,0
0.9762364197530864,0.0411427735710444,0,3
0.4079333333333333,0.2495736270656388,0,0
0.2659711111111111,0.7308818684565963,0,1
0.0014008333333333,1.0022388059701492,0,1
0.7116866666666667,0.4058051885235687,0,3
0.69405,0.0532778430365282,0,3
0.13673125,1.0,1,1
0.4009944444444445,0.0598194102815578,1,0
1.0055378787878788,0.033730442039795,1,3
0.4744866666666666,0.0461268291082339,0,0
0.0167537037037037,0.1642285445762238,0,0
0.643625,0.1117961760630669,0,3
0.0966213541666666,0.8051684543769607,0,1
0.0044133333333333,0.5,1,1
0.6128833333333333,0.4714802540167421,0,3
0.0051851851851851,1.0017699115044247,0,1
0.3013388888888889,0.1600346750239719,0,0
0.0104408045977011,0.9809939069085578,0,1
0.0161984126984126,1.0,0,1
0.7698444444444444,0.0762036631613267,1,3
0.3599722222222222,0.0408263265815221,0,0
0.2914025641025641,0.0556154405378772,0,0
0.00163,1.0,0,1
0.00725875,1.0011494252873565,0,1
0.064746,0.7115407052403903,0,1
0.0143597222222222,1.0,0,1
0.05027,0.1200192030724916,1,0
0.6336227272727273,0.0318551371139658,1,3
1.0087045454545454,0.0360954977475156,1,3
0.0320383333333333,0.6669174741362555,0,1
0.0330769607843137,1.0000647691698752,0,1
0.6716020833333333,0.0453247213863254,0,3
0.4158,0.107038387954095,0,0
0.6662866666666667,0.4512556068019939,0,3
0.1024059829059829,1.0425571105811322,0,1
0.979975,0.0613084585352226,0,3
0.7436602564102563,0.1990357321288044,0,3
2.093916666666667,0.0371734620615425,1,3
0.2348211111111111,0.0860918716527125,0,0
0.0421333333333333,0.388034188034188,0,0
0.0013193548387096,0.6726865133062697,1,1
0.3408666666666666,0.0940973811619222,0,0
0.8312899122807018,0.2302682126034591,0,3
0.6651270833333333,0.1357913836233244,1,3
0.9535703703703704,0.0489381435935512,0,3
0.4223566666666666,0.4354070790245645,0,0
0.22452,0.4884598642558425,0,0
0.028388492063492,0.6418597295801376,0,1
1.0069833333333331,0.0416621820349113,0,3
0.0733083333333333,0.0892597401772163,0,0
0.3209149425287356,0.2145969762815849,1,0
0.5360083333333333,0.0455629050897138,0,3
0.0205,0.8032299741602067,0,1
0.26045,0.6939532853088846,1,1
0.0003521739130434,0.6666666666666666,0,1
0.8646555555555555,0.0365687086111967,1,3
0.0911291666666666,0.5713464423500457,0,1
1.1458916666666663,0.0616530122703272,0,3
0.6208921875,0.0472412824640792,0,3
0.5679075757575758,0.0446156490152013,0,3
0.9779153846153846,0.0466138065837024,0,3
0.0070196666666666,1.0,1,1
0.0957955555555555,0.1427670736073545,0,0
0.86793,0.0339365489184936,0,3
0.2889077777777777,0.4429080637017401,0,0
0.0040625,1.0,1,1
0.2620847222222222,0.6490487276113537,0,1
0.8360447368421052,0.0445724786718058,0,3
0.001995238095238,1.00035765379113,0,1
0.57609,0.800376284343222,0,1
1.0071766666666666,0.0410024206112838,0,3
0.98006875,0.3027443884101625,0,3
0.9632533333333332,0.044692133564106,0,3
0.0109638888888888,0.8,0,1
0.0090625,0.8,0,1
0.5555733333333334,0.0426375769233814,0,3
0.2008729166666666,1.0,0,1
0.32498125,0.0623693860591014,1,0
0.0046151041666666,1.3735833576035748,0,1
0.3148233333333333,0.0386508001013613,0,0
0.1375891025641025,0.4791364571083467,0,0
0.54935,0.304376927531639,1,3
0.9941777777777776,0.0434061219038597,0,3
0.0105619047619047,1.0110335875385363,0,1
0.3207916666666666,0.9580775500859422,0,1
0.7155611111111111,0.0684228870905843,0,3
0.0069586956521739,0.6666666666666666,0,1
0.7115055555555555,0.0330990392833892,0,3
0.2506632183908046,0.0763643763230991,0,0
1.017623333333333,0.0330708092552244,0,3
0.64922,0.0626981656264855,0,3
0.8774888888888889,0.0402319765236953,1,3
0.3036880952380952,0.3214333044386148,0,0
0.659595238095238,0.045551650809751,0,3
0.0055009259259259,0.5,1,1
0.0785907407407407,1.1774807648388466,0,1
0.0532101851851851,1.0002919708029196,0,1
0.013,0.5,1,1
0.2524666666666667,0.4335034123633932,0,0
0.6000138888888888,0.0386100631120609,0,3
0.38516,0.0897624347135994,1,0
0.7967733333333333,0.2288588216378206,0,3
0.992638888888889,0.0472229184774333,0,3
0.6213378787878788,0.2551748539764672,0,3
0.74426,0.2556087602778966,0,3
0.2680337719298245,0.0535210716836274,0,0
1.0290833333333331,0.0395699431972603,0,3
0.4289433333333333,0.1567683545810994,0,0
0.6978574074074073,0.0435279041702952,0,3
0.0584233333333333,0.8476358984001908,0,1
0.9454783333333332,0.0417301267227077,1,3
0.9402738095238096,0.0328567865465256,0,3
0.1533333333333333,0.1016421192653072,1,0
0.0893545238095238,0.6280130562519932,0,1
0.021681746031746,1.000104741289016,0,1
0.0459644444444444,0.404682157200785,0,0
0.013875,0.75,0,1
0.196356,0.0814282628099571,0,0
0.0810882352941176,0.6044099899799401,0,1
0.5217944444444444,0.2565066942152382,0,0
0.0041166666666666,1.0839328537170263,0,1
0.6632555555555556,0.0930959751869635,0,3
0.0549444444444444,1.0,1,1
0.0340194444444444,0.1430675934937287,0,0
0.73805,0.0648728797427048,0,3
0.5034833333333334,0.0772547398030087,0,0
1.1051796296296297,0.0366536023345157,1,3
0.0986923333333333,0.4161052938746564,0,0
0.3009988505747126,0.2646122922029209,0,0
0.4824666666666666,0.0947952739423941,0,0
0.23338,0.0696917847789895,0,0
0.6999619047619048,0.1735484315779533,0,3
0.0585464912280701,0.633839543125769,0,1
0.6487166666666667,0.0748193372893236,1,3
0.2073220430107527,0.1072356694173577,0,0
0.8678333333333333,0.0784233653543919,1,3
0.0235127450980392,0.5,1,1
0.532870238095238,0.0426629331782961,0,3
0.009964,1.0005692599620493,0,1
0.93481,0.041719861257855,0,3
0.423075,0.0717071319389253,0,0
0.0511872340425531,0.0730749507612485,0,0
0.6606253968253969,0.2641694309423714,1,3
0.6548701754385965,0.064914059990207,0,3
0.917,0.0425661066949966,0,3
0.58881,0.7189988357761443,0,3
0.4163583333333333,0.0683064616158476,1,0
0.0107064814814814,1.0,0,1
0.9327083333333334,0.0445436585113354,1,3
0.7996888888888889,0.0516105925460153,0,3
1.0080142857142858,0.0410073822805811,1,3
0.000984,1.0,0,1
0.3943583333333333,0.2398648671253385,0,0
0.5506933333333334,0.6963159766902931,0,0
0.0083241666666666,4.751086938560344,0,2
0.2421047619047618,0.0585530967358872,1,0
0.8937111111111111,0.0388148877044849,0,3
0.7283617886178861,0.0549984604964747,0,3
0.0112079710144927,1.0,0,1
0.1918388888888889,0.0643161451306972,0,0
0.8516055555555556,0.0409986476779019,0,3
0.0451710144927536,0.8050917237306979,0,1
0.2139516666666666,0.0490924490634474,0,0
0.8001833333333334,0.0430768087625428,0,3
0.003103448275862,0.6666666666666666,0,1
0.8609880952380952,0.1055802490677996,0,3
0.1221611111111111,0.1532882109938157,0,0
0.5714183333333334,0.0415720366521705,0,3
0.828845,0.0316383730155557,0,3
0.6855106666666666,0.0387298486715517,0,3
0.21898,0.1733562476007685,0,0
0.0556406862745098,1.0,0,1
0.6075017857142857,0.5172045031767566,0,3
0.2501916666666666,0.1958802903390067,0,0
0.0703492753623188,1.226442782088548,0,1
0.3117909722222222,0.0434289000908087,0,0
0.9811192307692308,0.0396055590483287,0,3
0.007440625,0.6686650338812833,0,1
0.4658840579710144,0.0598423889000474,0,0
0.7443555555555555,0.0631642320777881,1,3
0.0056666666666666,0.307103490508267,0,0
0.08308,0.815565290109063,0,1
0.2683782051282051,0.5226497808085728,0,0
0.0158911111111111,1.0020843766544207,0,1
0.81975,0.0394376456290246,0,3
0.226424074074074,0.047883414295628,1,0
0.165965,1.0020796953914743,0,1
0.0075833333333333,0.6,0,1
0.96381875,0.0478220242903103,0,3
0.1880916666666666,0.0633225967393063,0,0
0.4992222222222222,0.6957596600409377,0,0
0.0487319444444444,0.6656073287724038,0,1
0.53992,0.0436776514294205,0,3
0.5555872549019607,0.0471716684773088,0,3
0.0584696969696969,0.2681983198892735,0,0
0.690747619047619,0.0693990174999332,0,3
0.3783272727272727,0.0391372212601738,0,0
0.1281589743589743,0.02,0,0
0.0432383333333333,1.0057371974039,0,1
0.0821366666666666,1.076147980834517,0,1
0.8580416666666666,0.0689928285733662,0,3
0.2977299242424242,0.0745230199495237,0,0
0.7844333333333334,0.0352024253020416,1,3
0.7905524509803921,0.0379038277118353,0,3
0.6728733333333333,0.0449959777660687,0,3
0.1316083333333333,0.6039990911156555,1,1
0.109204,1.0,0,1
0.2809458333333333,0.2820412416273221,0,0
0.0771706349206349,1.0040063940881092,0,1
0.0112208333333333,0.6011881276459407,0,1
0.129075641025641,0.1704099487846601,0,0
0.01448,1.0,1,1
0.8012476190476191,0.03520335029605,0,3
0.0274833333333333,1.0128205128205128,0,1
0.0155277777777777,0.9764135132751168,1,1
0.0055916666666666,1.0,0,1
0.17121,0.686264532016928,0,1
0.1906234567901234,0.2654315497635819,0,0
0.0055555555555555,1.0,0,1
0.9810269230769232,0.04034064176863,1,3
0.2503007936507936,0.2172091827487182,0,0
0.0260088541666666,0.4016975888646896,0,0
0.2399546296296296,0.0395626951685001,0,0
0.7826166666666666,0.038748491790426,1,3
0.74367,0.0790365911968992,0,3
0.0063641025641025,1.0345839272399473,0,1
0.952338888888889,0.0545520427261816,0,3
0.0202541666666666,0.5822208097429826,0,1
0.7938333333333334,0.2221934544739195,0,3
0.1461866666666666,0.1728505751773919,0,0
0.8537433333333333,0.0387780077602463,0,3
0.2799743589743589,0.1431525191376629,0,0
0.4455333333333333,0.0815022636445414,1,0
0.2687520833333333,0.073381114541335,1,0
0.7808833333333333,0.0481988351598361,0,3
0.82843125,0.0461964744487203,0,3
0.0049833333333333,0.9913875598086124,1,1
0.0114126984126984,1.0083993660855783,0,1
0.9224625,0.0405293664342941,0,3
0.8529842105263158,0.0420731354014755,0,3
0.123645,0.6270182178524115,0,1
0.0161986111111111,0.5443322321087181,0,1
0.8234824561403509,0.0432941625392639,1,3
0.0043232142857142,1.0025,0,1
0.5039574712643677,0.0337400407744618,0,0
0.0882841666666666,0.9236428527422867,0,1
0.0735974358974358,0.5381099199668864,0,1
0.90725,0.0469844571678481,1,3
0.0136888888888888,0.8,1,1
0.1520474358974359,0.2522921325996433,0,0
0.0069060185185185,0.6703749432134539,0,1
0.6611833333333333,0.0180860776972399,0,3
0.0194094444444444,0.5762475338983204,0,1
0.3722266666666666,0.3297380443068585,0,0
0.1745333333333333,0.1188690905855992,1,0
0.8210666666666666,0.3622494326687154,0,3
0.0187434782608695,0.5292156165567352,0,1
0.4580541666666667,0.125073865414232,0,0
0.6834833333333333,0.030518942350594,0,3
0.927425,0.0285977591370585,1,3
0.1791323809523809,0.0402909912780649,0,0
0.9215666666666668,0.0285553203301202,1,3
0.0171633333333333,0.1016421192653072,0,0
0.7835088888888888,0.0435905269448608,0,3
0.1701541666666666,0.3170324000200066,0,0
0.0271463768115942,0.8093409455520508,0,1
0.9096833333333332,0.0506008397234073,0,3
0.5363147435897436,0.0416561301721199,0,3
0.0393944444444444,0.1016421192653072,0,0
0.021434,0.8,0,1
0.3766192307692307,0.0290982499605674,0,0
0.341964,0.0553394446925988,0,0
0.31876,0.0945879776342078,1,0
0.8221863636363637,0.0313585777774129,0,3
0.0033363636363636,1.0,0,1
0.6507619047619048,0.0434867185386951,0,3
0.1509452991452991,0.2405010183544809,0,0
0.0052316666666666,0.5,1,1
0.8476975,0.0410019709186603,0,3
0.9754222222222224,0.0537849965088017,0,3
0.0540555555555555,0.1016421192653072,0,0
0.5854111111111111,0.0803050288600535,0,3
0.89049,0.0482604197117277,0,3
0.2781510416666666,0.0665575172802339,0,0
1.1275272727272727,0.0355715117725748,1,3
0.0445952380952381,1.0001576251149351,0,1
0.0444325,0.2507327511847956,0,0
0.5875819444444444,0.0394101699486593,0,3
0.0174888888888888,1.001736299511666,0,1
0.0086568181818181,1.0896983940462202,0,1
0.80844375,0.038632946845151,0,3
0.8478666666666667,0.0764030012009045,1,3
0.1267981481481481,0.0509902899730626,1,0
0.6988958333333333,0.0790298886316575,0,3
0.947325,0.0545019623972759,0,3
0.1871722222222222,0.9900303973609116,0,1
0.0198385416666666,0.6060257395583841,0,1
0.0334583333333333,1.0,0,1
0.4102125,0.0444376123217001,0,0
0.0148112903225806,0.3816987451208933,0,0
0.4086293103448276,0.0418387440288084,0,0
0.6902875,0.0664284377173571,0,3
0.879,0.0969876437043183,0,3
0.3697333333333333,0.0566470930341248,0,0
-0.0011333333333333,1.0,0,1
0.2701666666666666,0.088473298876917,0,0
0.5999544871794872,0.2706543458410622,0,3
0.0494566666666666,0.9,0,1
0.3373051282051282,0.0399121893573431,0,0
0.90282,0.0501170066533396,1,3
0.2778666666666666,0.121046316863712,0,0
0.4175888888888888,0.7723148961076969,0,1
0.9078666666666666,0.1178492064696574,0,3
0.0040296875,1.0,1,1
0.3669366666666666,0.0824272910762403,0,0
0.083038596491228,0.0677264469160454,0,0
0.006974537037037,0.6,0,1
0.0101696428571428,1.098847021260421,0,1
0.0021888888888888,0.1016421192653072,0,0
0.3123309523809524,0.1266094987069541,1,0
0.9136033333333332,0.0468933308336496,1,3
0.4965021276595744,0.0541954209660676,0,0
0.4453423076923077,0.0481374309463517,1,0
0.0021666666666666,0.75,0,1
0.7347133333333333,0.0212843722963415,0,3
0.3726192307692307,0.028904114201198,0,0
0.4540166666666667,0.0881969928200051,0,0
0.0003125,1.0,0,1
0.0600833333333333,0.2611829204439288,1,0
0.9802944444444444,0.0503393305092444,1,3
0.011812037037037,1.0003246753246753,0,1
1.0340522222222224,0.0,1,3
0.3277011111111111,0.3841224248058137,0,0
0.0195,0.6666666666666666,0,1
0.0838428571428571,0.6573057490279794,0,1
0.7396114035087719,0.0394116214781285,0,3
0.0691583333333333,0.104417086412619,0,0
0.01625,0.8333333333333334,0,1
0.8925366666666668,0.0491792740754111,0,3
0.0142972222222222,1.0,0,1
0.74503,0.0520061576084574,0,3
0.0129791666666666,1.0004731630469812,1,1
0.4888625,0.4266996261145659,0,0
0.6748833333333333,0.0356514267604854,1,3
0.9935416666666668,0.0417718075814426,1,3
0.0050829545454545,0.7137316314746391,0,1
0.64675,0.0502531772885761,0,3
0.4356615384615385,0.0479012148540516,0,0
0.5771714285714286,0.047757188333966,0,3
0.0061059523809523,1.000420256356377,0,1
0.0173805555555555,1.0046504162944438,0,1
0.0237735632183908,0.6735282510620084,0,1
0.000324074074074,1.0,1,1
0.34898,0.077086431399504,0,0
0.8567240740740741,0.0368672248309236,1,3
0.0096608695652173,1.0,0,1
0.0403125,1.0007185628742516,1,1
0.8438944444444444,0.114976211892143,0,3
0.8537416666666666,0.0504470614532789,0,3
0.4564819444444444,0.2272135245714913,0,0
0.8323682795698925,0.0445071316217206,0,3
0.0294023809523809,1.1841777665300732,1,1
0.3852066666666666,0.0760242789746769,0,0
0.0037030303030303,1.0,0,1
0.0883393162393162,0.2406630178074402,0,0
0.01385625,1.0134871339840283,0,1
0.2091843333333333,0.7098239183359862,0,1
0.0411044444444444,0.8535701584915847,1,1
0.0025381720430107,1.0,0,1
0.1406909090909091,0.0684979528118426,0,0
0.8278722222222222,0.0621792156775391,0,3
0.5528066666666667,0.2955325921290453,0,3
0.7948059523809523,0.2183070884444979,1,3
0.8567895833333334,0.0501164247756226,0,3
0.53665,0.0408191740848714,1,3
0.4997259259259259,0.0463883852746811,0,0
0.0195347222222222,1.0004599668396,0,1
0.5798133333333334,0.0462608955872841,0,3
0.0056875,0.8,1,1
0.8999690476190476,0.0439047835313286,0,3
0.0002608695652173,0.1016421192653072,0,0
0.2729433333333333,0.4194459199105543,0,0
0.9303444444444444,0.042976036399079,1,3
0.1401009259259259,0.6239308569896576,0,1
0.0157361111111111,1.0,0,1
0.3110264705882353,0.1205182871317112,0,0
0.1922166666666666,0.0566311245315419,0,0
1.0002833333333334,0.0890152454800043,0,3
0.6346583333333333,0.4467577670173712,0,3
0.8270944444444444,0.0541385964935739,0,3
0.6418385057471264,0.0410626137583359,0,3
0.796613888888889,0.2332014545330826,0,3
0.5316350877192982,0.3862846146725699,0,0
0.1090996031746031,0.2836664860733902,1,0
0.9179444444444445,0.0413559445256132,0,3
-0.0565266666666666,0.1016421192653072,0,0
0.3189583333333333,0.240148891966759,1,0
0.2397898148148148,0.0490747055841311,0,0
0.5460166666666666,0.0798394500304529,1,3
1.2335625,0.030031762513369,1,3
0.4020366666666666,0.4185473199211207,0,0
0.9759854166666666,0.0941599056615178,0,3
0.2370388888888889,0.193890138642877,0,0
0.0016541666666666,0.8804035395775391,0,1
0.8561666666666666,0.0768340373429916,0,3
0.4887166666666667,0.1549652530435352,1,0
0.5420033333333334,0.0520732783869287,0,3
0.7787766666666667,0.0394365859707345,1,3
0.5858333333333333,0.0675925581577544,0,3
0.039174537037037,1.005224793316874,0,1
0.0249825,0.8511212923101625,0,1
0.0727611111111111,0.9075722326488752,0,1
0.8083111111111111,0.0451123616421999,0,3
0.9484166666666668,0.0364409145827655,0,3
0.7799666666666667,0.0371716595516294,1,3
0.2211143518518518,0.0859337734699378,0,0
0.8549277777777777,0.053608810194549,1,3
0.6748686274509804,0.0444602650934059,0,3
0.4716642857142857,0.036009800427882,0,0
0.8611916666666666,0.0542099633397335,0,3
0.7336366666666667,0.147891571369972,1,3
0.816656862745098,0.0450561346359359,0,3
0.9106166666666666,0.0550855426931344,0,3
0.5293166666666667,0.0505887613528102,0,3
0.2277369047619047,0.2921638789163562,0,0
0.7838833333333333,0.0652792817636877,0,3
0.0502508333333333,1.0,0,1
1.0041055555555556,0.0655417323887356,0,3
0.2901280303030303,0.0687230383522854,0,0
0.0386488888888888,1.022638314871174,0,1
0.9471151515151516,0.033504672651181,0,3
1.1418366666666666,0.0369172839365884,1,3
0.09257,1.0066657820012277,0,1
0.0195,1.0,0,1
0.01594,0.1016421192653072,0,0
0.0211473333333333,1.0,0,1
0.0199104166666666,1.0039130319172422,0,1
0.0597129629629629,4.966467065868264,0,2
0.1277916666666666,0.5047004677357465,0,0
0.5123520833333333,0.0960270685456226,0,0
0.5282066666666666,0.6216565658613324,0,0
0.0257729166666666,0.7098608282416836,0,1
0.2002503205128205,0.0396032951868702,0,0
0.0210925,0.0920002954646181,0,0
0.8056333333333333,0.1507998480551574,1,3
1.0450333333333337,0.0092332987659849,1,3
0.8018131944444444,0.0343409046159159,0,3
0.9027282051282052,0.0479893417084928,0,3
0.8126166666666667,0.1281974351896926,0,3
0.7599409090909091,0.0402626897417299,1,3
0.3599,0.8133217092394824,0,1
0.0632536666666666,0.0553374986715235,0,0
0.5039233333333334,0.0399131882756328,0,0
0.1816783333333333,0.6005177444692811,0,1
0.05928,0.6041203320355488,0,1
0.3431522727272727,0.0585872304408651,0,0
0.8803166666666666,0.2526460811405541,0,3
1.2709833333333334,0.0228986974146232,0,3
0.0378791666666666,1.1460814207273646,0,1
0.97041875,0.0305508683879106,1,3
1.0159966666666669,0.031055017923587,0,3
0.1770166666666666,1.015221416041501,0,1
0.7226916666666666,0.0561267935599054,0,3
0.4939966666666666,0.0402109423066809,0,0
0.5230766666666666,0.1427921736539533,0,0
0.0139768518518518,0.8244678248103744,0,1
0.5835166666666667,0.0306301905603272,1,3
0.8905983333333333,0.0398556073580724,0,3
0.8484,0.0576315466695401,1,3
0.7977323529411765,0.0443404175376807,0,3
0.38245,0.138323700710218,0,0
0.4706651515151515,0.0408258167528391,0,0
0.83131,0.0571903702443607,0,3
0.1635638888888889,0.5290486154375427,0,0
0.1776609649122807,0.6463503915530604,0,1
0.03139375,0.75,1,1
0.0279805555555555,1.0,0,1
0.0740653508771929,0.6554237481441288,0,1
0.0054470588235294,0.1016421192653072,0,0
0.0569166666666666,1.0,0,1
0.1706166666666666,0.0,1,0
0.7187166666666667,0.0478954373320192,0,3
0.671,0.0777387714747018,0,3
0.714,0.0393437094409735,0,3
0.8997194444444444,0.2404850717772995,1,3
0.0024833333333333,1.0,0,1
0.0859166666666666,0.1016421192653072,0,0
0.0349416666666666,0.8221235006663704,0,1
0.4311633333333333,0.074198482133186,0,0
0.0256236842105263,0.3414191608136169,0,0
0.4973866666666666,0.0556528068623825,0,0
0.0814104166666666,0.1558101348450663,0,0
0.992005,0.0140300574583049,1,3
0.0106614583333333,1.0,0,1
0.0172285714285714,1.0,0,1
1.0122444444444445,0.266974751338765,0,3
0.38745,0.0353279683652808,1,0
0.4315277777777778,0.0513873450738995,0,0
0.0041388888888888,1.0,0,1
0.0988733333333333,1.0,0,1
0.7109566666666667,0.0684976002260508,0,3
0.1304038461538461,0.9701258931609392,0,1
0.0069,1.0,0,1
0.5205138888888888,0.0473086460830154,0,0
0.0300018518518518,1.0,1,1
0.0102358333333333,1.0,0,1
0.248347619047619,0.0618344446391335,0,0
5.892857142857143e-05,0.1016421192653072,0,0
0.1173577777777777,0.1557181540584172,0,0
0.6205111111111111,0.0608496305319991,1,3
0.149335294117647,0.9027314814814816,0,1
0.0522410256410256,1.025107691436439,1,1
0.08,0.0,1,0
0.1252424242424242,0.1880051266286025,0,0
0.3258808333333333,0.0473383921939069,1,0
1.1776866666666668,0.0366318206534405,0,3
0.001285,1.0,1,1
0.7739825,0.1369824148335154,0,3
0.19461875,0.0969020130374659,0,0
0.7487458333333333,0.0347499290510126,0,3
0.0190956666666666,0.8174315193473716,0,1
0.9537343137254902,0.038516610913789,1,3
0.19785,0.0850185695151443,0,0
0.9589733333333332,0.1055110562784904,1,3
0.0373944444444444,0.1016421192653072,0,0
0.1844373015873016,0.0575090364023118,0,0
0.7701116666666667,0.0377510111814909,0,3
0.9062689393939394,0.0389883690068496,0,3
0.0111015873015873,1.0,0,1
0.0758465277777777,0.0648717465543305,0,0
1.3541797619047615,0.0204855732459474,1,3
0.4761096153846154,0.0374286705963658,0,0
0.8427852564102564,0.0383466113722024,0,3
0.73719375,0.0449869097616036,0,3
0.4132346666666667,0.0364109489119209,0,0
0.0021673333333333,1.0,0,1
0.0979479166666666,0.6011805013444358,0,1
0.089926923076923,0.432168092050514,0,0
0.9501083333333334,0.0440668445839867,0,3
0.6230666666666667,0.1020638991147952,0,3
0.3136059523809524,0.463378019565116,0,0
0.5741,0.0502795136438324,0,3
0.8246033333333332,0.0320863009922584,1,3
0.51317,0.073040834618503,0,0
0.3018944444444444,0.2837906732240722,0,0
0.0054166666666666,1.0032523643994915,0,1
0.9812266666666668,0.0407491704015729,0,3
0.6529703703703704,0.0484253710506904,0,3
1.0080984848484849,0.0392822386333442,1,3
0.04396,1.0288682466973569,1,1
0.0035,0.5,0,1
0.876575,0.0345324318367432,1,3
0.8099871212121211,0.0398175168432437,0,3
0.1303916666666666,1.0,0,1
0.2704833333333333,0.0662450145582535,0,0
1.1735479166666667,0.0399648992547903,1,3
0.7003333333333334,0.0869239101627145,0,3
0.3047947916666667,0.0350417800519293,0,0
0.79425,0.0649065433839054,1,3
0.0327166666666666,1.0,0,1
0.973897435897436,0.043419326061718,0,3
0.7639666666666667,0.1193557737736169,0,3
0.7252,0.0351954678166016,0,3
0.1602466666666666,0.0846432264736297,0,0
0.3961314814814815,0.0606651498323282,0,0
0.07173,0.1193979440248248,0,0
0.0290072463768115,1.0032362221287336,0,1
0.0259016666666666,1.2095680631793473,0,1
0.3522066666666666,0.066975270819132,0,0
0.98276,0.0381318182159217,0,3
0.8072229166666667,0.0488053918941976,0,3
0.1981875,0.4911226227088947,1,0
0.4317339743589743,0.0459491984529772,0,0
0.1604517543859649,0.0167203673581885,0,0
0.6709666666666667,0.0968564994102657,1,3
-0.016394074074074,1.0761694058154236,1,1
0.043746875,1.02613307644526,0,1
0.5879583333333332,0.0458198109432011,1,3
0.5206666666666667,0.2329459048662556,0,0
0.0816666666666666,0.0,1,0
0.7182916666666667,0.242861109235991,0,3
0.1241279069767441,0.800054747855709,0,1
0.8358438888888888,0.0436872221400194,1,3
0.0164744047619047,0.6852683564316786,0,1
0.3779825,0.0409636242515391,0,0
0.0985566666666666,0.286406769292071,0,0
0.0212560606060606,0.6564511473018758,0,1
0.3392253333333333,0.1031545317980427,0,0
0.7833576388888889,0.0382667987494465,1,3
0.035325,5.0,1,2
0.6942895833333333,0.0271245245784928,1,3
0.4280658333333333,0.0449644126269886,0,0
0.0275333333333333,0.1016421192653072,0,0
0.0005711111111111,0.1016421192653072,1,0
0.4024838383838383,0.0310195291524216,0,0
0.6195,0.0943544610185484,0,3
0.70036,0.0432140631083358,0,3
0.0851087301587301,0.6918511623700365,0,1
0.2122966666666667,0.051663979933205,0,0
0.65791,0.0402293948552805,0,3
0.1674984375,0.3276715048746015,0,0
0.7542777777777777,0.0431538963189922,1,3
0.9337722222222222,0.0236959236606999,0,3
0.2872972222222222,0.2010344646436068,0,0
0.2953352564102564,0.0307985076810943,0,0
0.2698633333333333,0.1588364345390225,1,0
1.00978,0.0346673979318069,0,3
0.8124333333333333,0.0620351739269291,1,3
0.430465,0.1273220256981316,1,0
0.8013759259259259,0.04269092227093,0,3
0.12515,0.5653708707399983,1,1
0.0013181818181818,1.0,0,1
0.6085933333333333,0.0378603961631014,0,3
0.2150555555555555,0.0847853328357337,0,0
0.023075,1.0,0,1
0.0040615384615384,0.6,0,1
0.6258055555555555,0.036066656039621,0,3
0.8552273809523809,0.0409464555180422,0,3
1.0254333333333334,0.0490040050680156,1,3
0.640167619047619,0.1771109554315753,0,3
0.0707195652173913,0.1507022123127419,0,0
0.0276422222222222,0.4129629819372561,0,0
0.7825566666666667,0.0831917265871724,0,3
0.2343766666666666,0.1191565895691271,0,0
0.88385,0.0548752961680336,0,3
0.0284387096774193,1.7305384348639852,0,1
0.1709722222222222,0.1016421192653072,0,0
0.6641138888888889,0.0292287861199644,0,3
0.3399541666666666,0.7824292487669282,0,1
0.9982666666666666,0.004,0,3
0.2525166666666666,0.7886398763523956,0,1
0.0078595238095238,1.0,0,1
0.001511574074074,1.0046335299073297,0,1
0.3774333333333333,0.0692671211884339,0,0
0.1457055555555555,0.0290377769427482,1,0
0.1582383333333333,0.0620699494393702,0,0
0.1347703703703703,0.1436274644324802,0,0
0.8066895833333333,0.051260389205084,0,3
0.6331,0.0733027778949942,0,3
0.0201185185185185,0.7239867186160558,0,1
0.9855651041666668,0.0366105036484852,0,3
0.5904638888888889,0.037509396163384,0,3
0.0062611111111111,0.7,0,1
0.9703227272727272,0.0413075463158076,0,3
0.610374,0.0416771184608457,0,3
0.0156129629629629,1.9896594020042404,0,1
0.867775,0.0808348539302199,1,3
0.9167782051282052,0.0390843434100548,0,3
0.9554516666666668,0.0441151716639209,0,3
0.0845383333333333,0.7762790707141004,0,1
0.5119983333333333,0.4570340513214047,0,0
0.0058493333333333,0.7969752416782477,0,1
0.2202711538461538,0.3867298340398217,0,0
0.1427285714285714,1.5212059164216425,0,1
0.4338588888888889,0.0379872782280169,0,0
0.0145230769230769,1.0,0,1
0.12150625,0.0505133384271452,0,0
0.8102111111111111,0.0857719473173776,1,3
0.0517614583333333,0.1971378662085761,0,0
0.5877355555555556,0.16936970264685,0,3
0.0217184523809523,1.1320651180945691,0,1
0.6485866666666666,0.0438020282289142,0,3
0.0111652777777777,0.4780434728628647,0,1
0.6650958333333333,0.0366947746823304,0,3
0.88997,0.0328554087466589,1,3
0.5321166666666667,0.0826251842183196,1,3
0.0169979166666666,1.0014083405054377,0,1
0.019679365079365,0.5730655640874188,0,1
0.0472021739130434,0.8568080164626046,0,1
0.0693333333333333,0.1016421192653072,0,0
0.0138680555555555,1.0022696033709884,0,1
0.2509333333333333,0.3310603145777823,0,0
0.0473920833333333,0.4987619371769828,0,1
0.8808833333333334,0.233550712051187,0,3
0.3695375,0.0698954358028795,0,0
0.4674166666666667,0.0356864353929204,1,0
0.0340366666666666,0.1614381407350665,0,0
0.8985961538461539,0.0353002624012539,1,3
0.0104703333333333,0.8009125817166483,0,1
0.7651972222222223,0.1216149589735921,0,3
0.0761027777777777,1.0001114827201785,0,1
0.99179375,0.0372420418445609,0,3
0.0047541666666666,0.8,1,1
0.0018571428571428,1.0,1,1
0.4970071428571428,0.0462358390385402,0,0
0.0422883333333333,0.624855254170628,0,1
0.4507166666666667,0.1868298914647193,0,0
0.2889190476190476,0.053663928664823,0,0
0.4457566666666666,0.0527371306046635,1,0
0.2641190476190476,0.0421827642858512,1,0
0.3507297619047619,0.0323994084417615,0,0
0.018085,1.0010459795162343,0,1
0.8222763888888889,0.0332784577230122,1,3
0.7887333333333333,0.0582675602570722,0,3
0.1211355072463768,0.0468233473608227,0,0
0.6590083333333333,0.0775836589902249,0,3
0.4792017543859649,0.0463885734942182,0,0
0.8743055555555556,0.048141161670032,0,3
0.4291962962962962,0.0271983135442327,0,0
0.0262833333333333,0.7807911135193715,0,1
0.0114988888888888,0.5098321971683273,0,1
0.0231802631578947,0.8898027910749077,0,1
0.4532611111111111,0.0489000101491032,0,0
0.0027525641025641,0.7899543378995434,0,1
0.0005115942028985,0.1016421192653072,0,0
0.496875,0.033522869508566,1,0
0.2317456666666666,0.3007575243651967,0,0
0.0288787878787878,0.9697591648153092,0,1
0.4111472222222222,0.2041388820887754,0,0
0.0296722222222222,1.0,0,1
0.6017866666666667,0.0422929074208202,0,3
0.1303272222222222,0.1016421192653072,0,0
0.08425,0.1990533124663976,0,0
0.2060051282051282,0.1849537699642214,0,0
0.25024,0.0905897447478207,1,0
0.199840625,0.0926555093805098,0,0
0.9740166666666666,0.047045137809126,0,3
0.0011574074074074,0.1016421192653072,0,0
0.0146977777777777,1.0070440766016442,0,1
0.0506238095238095,0.1496028947032241,0,0
0.3541827956989247,0.0479388311718722,0,0
0.7782688405797102,0.0386112179643799,0,3
0.6162566666666667,0.0897025906086379,0,3
0.0354875,1.0,0,1
0.0537696666666666,0.924934833473513,1,1
0.0707890625,0.0582788694498595,0,0
0.9610333333333334,0.0665730941743625,1,3
0.8048487179487179,0.0411032326290767,0,3
0.7734166666666668,0.2018315071053303,0,3
0.7829133333333333,0.0395130164580648,1,3
0.2174058333333333,0.172208293180426,0,0
0.5754777777777778,0.2173136785535478,0,3
0.4755633333333333,0.0326885005566497,0,0
0.8105902777777777,0.0468444545158292,0,3
0.60261,0.0498790173911449,1,3
0.0404770833333333,1.0160269985678791,0,1
0.7767466666666667,0.1007992761392008,1,3
0.40527,0.2549810744340332,0,0
0.700715625,0.039043773202178,0,3
0.8769117647058824,0.0358032600382961,0,3
0.0149846153846153,1.0,1,1
0.0021777777777777,1.0,0,1
0.5529357142857143,0.0519113751098724,0,3
0.09644375,0.0655897704754333,1,0
0.6933296296296296,0.052229499129286,1,3
0.7958916666666667,0.0521460403614813,0,3
0.01828125,1.0,0,1
0.6436166666666667,0.0733800705988783,1,3
0.7783833333333333,0.035564915559314,0,3
1.21326,0.051608444119212,1,3
0.1058133333333333,0.6629841877284836,0,1
0.2447862745098039,0.0740696190307906,0,0
0.3145119047619047,0.0338669022252121,0,0
0.0524854166666666,0.4300069477936296,0,0
0.0047708333333333,2.0,0,1
0.1308263888888889,0.5126756573037886,0,0
0.4109912698412699,0.0366812185326201,0,0
0.99223,0.0394816522956904,0,3
0.8463304347826087,0.0526128594655984,0,3
0.9535777777777776,0.0446438134922298,0,3
0.8724983333333333,0.0570918045830842,1,3
0.0825,0.0,0,0
0.0031896825396825,0.4,0,0
0.0250708333333333,1.014222648872789,0,1
0.0802733333333333,0.8214829592524886,0,1
0.4330517543859649,0.0441969854937012,0,0
0.8484666666666667,0.0407449016732968,0,3
0.5452560606060606,0.0813237387468019,0,3
0.9125,0.0571532918816827,1,3
0.0520258333333333,0.556210800785796,0,1
0.0215908333333333,1.0031772103541194,0,1
0.017100406504065,1.0270954575881632,0,1
0.0025888888888888,1.0,0,1
0.3848787878787879,0.2567381111440144,0,0
0.4314055555555555,0.0512001685646624,1,0
0.43447,0.2092091015066731,1,0
0.1995433333333333,0.2416320414226244,0,0
0.7663574074074074,0.0392387529663263,0,3
0.35670625,0.0814006844176176,0,0
0.80843,0.2388362405152903,0,3
0.0039141025641025,0.8,0,1
0.8889924242424243,0.0731788337507743,0,3
0.0079816666666666,0.6666666666666666,0,1
0.0983244444444444,1.0013901760889712,0,1
0.6153547619047619,0.0448338957762071,0,3
0.0019492753623188,1.0,0,1
0.0205462962962963,1.0,0,1
0.0173333333333333,1.25,0,1
0.3374458333333333,0.5177245021711304,0,0
0.0459291666666666,1.0,0,1
0.6412976190476191,0.0462547836256514,0,3
0.007085119047619,0.8013628264722168,0,1
0.0318361111111111,1.0,0,1
0.0843211111111111,0.7046024816266389,0,1
0.94205,0.063282217758875,1,3
0.6411893939393939,0.0623178910858401,1,3
0.0168708333333333,0.6351412935674314,0,1
0.54173,0.0980886828598032,1,3
0.0018920634920634,0.75,1,1
0.0016458333333333,1.0,0,1
0.7955404761904762,0.0462432694795057,0,3
0.4951203703703704,0.0469720918588774,0,0
0.0173461538461538,0.75,0,1
0.0053444444444444,1.0008278145695364,0,1
0.5024388888888889,0.0333587969387518,0,0
0.0092225490196078,0.6666666666666666,0,1
0.6628333333333333,0.2691577822238986,0,3
0.6198804232804234,0.0396251860793015,0,3
0.0002194444444444,1.0,0,1
0.5139,0.1056472650929345,0,0
0.4291876344086021,0.0345932548611483,0,0
0.0457468253968254,0.6669096209912536,0,1
0.8580833333333333,0.0375904316838708,0,3
0.71541875,0.0374477578176379,0,3
0.85451,0.0297487254141994,1,3
0.7793333333333333,0.0607621222655648,1,3
0.651938888888889,0.0671968032490208,1,3
0.5335166666666666,0.1879408047217,0,3
0.327481862745098,0.4616520619548311,0,0
0.021524074074074,1.0052343390728984,1,1
0.1888111111111111,0.0450695176234324,0,0
0.1467657407407407,0.2787122354856891,0,0
0.703737037037037,0.2504444383353618,0,3
0.0217621212121212,1.000809832317073,0,1
0.0183333333333333,0.8,1,1
0.0183375,1.0015550290697035,0,1
0.8603308333333333,0.0378624739981885,0,3
0.0829777777777777,1.0,1,1
0.0469883333333333,1.0061531661553744,0,1
0.8200115384615385,0.0219838847511708,1,3
0.0030941666666666,1.0030441400304415,0,1
0.9219916666666668,0.0390154222693286,0,3
0.4348,0.0797912451035557,0,0
0.79905,0.063122833436315,1,3
0.0131486111111111,1.002403542061986,0,1
0.5662507575757576,0.0345917703442996,0,3
0.0050541666666666,0.6,0,1
0.8799,0.0577331541073845,0,3
0.1617083333333333,0.5643877646771283,0,1
0.50384,0.0627719026266376,0,0
0.0162421296296296,1.0016296275951693,0,1
0.1300314814814815,1.0,0,1
0.2086661458333333,0.844267664209983,0,1
0.0016640625,1.01,0,1
0.0334333333333333,1.0,0,1
0.8445791666666668,0.0357638444512354,0,3
0.037857619047619,0.9061189096631288,0,1
0.0008125,0.1016421192653072,0,0
0.8017166666666667,0.0415142640212854,0,3
0.71063,0.0441929763110474,0,3
0.0124650537634408,1.0076960076960078,0,1
0.0030277777777777,0.6,0,1
0.9824583333333334,0.0459006527473533,0,3
0.3750111111111111,0.0665971286995055,1,0
0.90652,0.0353379040355388,0,3
0.3801322222222222,0.0389786030461332,0,0
0.2318651515151515,0.0603563436026123,0,0
0.2629753968253968,0.0477044962796506,0,0
0.3456833333333333,0.056993142138501,0,0
0.7875702380952381,0.0452690127406635,0,3
0.0125,0.0,1,0
0.17158,0.7098438068223036,0,1
0.013713492063492,1.0,0,1
0.1833972222222222,0.2251167651089617,0,0
0.6240666666666667,0.0314151350850277,0,3
0.5783833333333334,0.3772694292783175,1,3
0.2428666666666666,0.5226497808085728,0,0
0.3815021212121212,0.0346456003936415,0,0
0.322901282051282,0.7694281334818981,1,1
0.3976916666666666,0.1434261557160891,1,0
0.9081366666666668,0.0308765569842723,1,3
0.9711166666666666,0.0448059866800418,1,3
0.0699291666666666,0.9100167025926966,0,1
0.4005425925925926,0.5598316824696015,1,0
1.1210925925925923,0.0328736862100303,1,3
0.74567,0.0454620891220909,1,3
0.858375,0.072535148160365,0,3
-0.0003666666666666,0.7217465753424658,0,1
0.1554625,0.3854171405207702,0,0
0.7112533333333333,0.0436700948171393,0,3
0.9384,0.0578597020424885,0,3
0.4176833333333333,0.0559876737814927,1,0
0.0237891666666666,1.0500728123879344,0,1
0.0120888888888888,0.8085419734904272,1,1
0.738271212121212,0.0391435107896281,0,3
0.017444,0.2006095702529716,0,0
0.2969466666666667,0.5751542680439092,1,0
0.11381,4.347121815910849,0,2
0.0069344444444444,0.1016421192653072,0,0
0.0143310606060606,0.5321138523598379,1,1
0.0489106481481481,0.2290996988262856,1,0
0.0488933333333333,0.1005806520594859,0,0
0.0178032520325203,1.0003011141222522,0,1
0.36343,0.2555328811158471,0,0
0.0244051282051282,0.8007360321177652,1,1
0.5907666666666667,0.0515546712575723,0,3
0.0043463768115942,0.877942322681216,0,1
0.0001596774193548,0.1016421192653072,0,0
0.718963888888889,0.1386306880747801,0,3
0.0048129629629629,1.0,0,1
0.008222,1.003596717110985,1,1
0.4576138888888889,0.0521230645906636,1,0
0.0023514814814814,1.004517678850405,0,1
0.517140625,0.4280714339343404,1,0
0.0127448979591836,1.002317880794702,0,1
0.0030064102564102,1.0015672105155224,0,1
0.8443809523809523,0.0292850412481131,0,3
0.9158833333333334,0.0851819382920279,1,3
0.8362066666666668,0.0447617123777231,0,3
0.0893333333333333,1.0,0,1
0.1650466666666666,0.0893886342061172,1,0
0.2610738095238095,0.0952753998193511,0,0
0.1810208333333333,0.1229336479466279,0,0
0.0175504629629629,1.5565330115463678,0,1
0.0422770833333333,0.808291435210886,1,1
0.6638566666666668,0.0853965026309097,0,3
0.9938833333333332,0.0813683194558887,0,3
0.7675722222222222,0.2878651028999091,0,3
0.3734533333333333,0.0514759478718359,0,0
0.0926564814814814,0.7616391421190483,0,1
0.0338958333333333,1.0,0,1
0.0056875,1.0,1,1
0.9163104938271606,0.0377476083407818,0,3
0.0110653333333333,1.0005692599620493,0,1
0.2937735294117647,0.1414014799147465,0,0
0.5664533333333334,0.0416215563053784,1,3
0.0050166666666666,1.0,0,1
0.4839921875,0.3158813350381366,0,0
0.0034636363636363,0.4828585224529212,0,1
1.004175,0.0346274018054986,1,3
0.2613210144927536,0.0391298695096123,1,0
0.787625,0.0933237735675737,0,3
0.0057571428571428,1.0,0,1
0.5990571428571428,0.0544636225419042,0,3
0.068985,1.0,0,1
0.3536944444444445,0.037179720152644,1,0
0.9576966666666668,0.101600566442663,0,3
0.56615,0.0916300806904066,0,3
0.1078479166666666,0.5140442980314556,0,1
0.058075,0.8,0,1
0.018928431372549,0.3804320922065171,1,0
0.4865283333333333,0.097620375970538,0,0
0.02047,1.5227286794749122,0,1
0.9559375,0.0426406259901661,0,3
0.5370774509803922,0.0771157283858505,0,3
0.8585566666666667,0.769453413249181,1,3
0.0006657407407407,1.003399862090101,1,1
0.0242026315789473,0.5518672199170125,1,1
0.442475,0.8504171529588067,0,1
1.0104,0.0960832038503914,0,3
0.7601468253968254,0.235481621108272,0,3
0.4339878787878787,0.049404196955737,0,0
0.1807947916666666,0.0467708506417069,0,0
0.3046291666666667,0.0455326651263007,0,0
0.00308125,1.0,0,1
0.6076992753623189,0.0401979874888602,0,3
0.9814333333333334,0.044551628200283,1,3
0.5610277777777778,0.051038430043115,0,3
0.9693277777777778,0.0571262932309264,0,3
0.1719095238095238,0.1263159071404853,0,0
0.1452138888888889,0.3845814441808545,0,0
0.98120625,0.0377609002583901,1,3
0.73493,0.0338192106143388,1,3
0.8099361111111111,0.0391214132350518,0,3
0.0100466666666666,1.0004932182490751,0,1
0.7306366666666667,0.0512276333055629,1,3
0.010997619047619,1.0074199935431225,0,1
0.0042013888888888,1.0003016894609815,0,1
0.8793791666666667,0.0473283624322074,0,3
0.0165263888888888,1.080759493670886,0,1
0.8794269841269841,0.1973386283100585,0,3
0.6974619047619048,0.1510581122678689,0,3
0.4248655555555555,0.1247271639580644,1,0
0.0033023809523809,1.0,0,1
0.0133133333333333,0.9037575003397056,1,1
0.4013130208333333,0.0388575864565761,0,0
0.0221722222222222,1.005429114376568,0,1
0.0179208333333333,0.4604622628648753,1,0
0.027329365079365,0.8007205187640107,0,1
0.1648571428571428,0.0772322949694185,0,0
0.4079333333333333,0.0670385469694046,0,0
0.4476285714285714,0.0390652928894361,0,0
0.3399333333333333,0.0977167849922792,0,0
0.2354422222222222,0.038203817859888,0,0
0.9938555555555556,0.0359962038824838,0,3
0.4564833333333333,0.0734797527045648,0,0
0.0530892156862745,0.4955911937418144,0,1
0.45476,0.2695282380075033,0,0
0.2756766666666667,0.1181840808570023,0,0
0.1638713333333333,0.2732633299091156,0,0
0.3306866666666666,0.0666836778782154,0,0
0.8989555555555556,0.0467637113969361,1,3
0.9627541666666668,0.0411018249895178,0,3
0.0613833333333333,1.000308069984883,0,1
0.5016476190476191,0.237150870150173,1,0
0.3289322222222222,0.0457758960426392,0,0
0.0215633333333333,0.7200913242009133,1,1
0.8813722222222222,0.0448320361085597,1,3
0.7789433333333333,0.0394808212008646,0,3
0.0083833333333333,1.0,0,1
0.9402933333333332,0.0187473524653244,1,3
0.751214705882353,0.0422858946214806,0,3
0.7199313725490196,0.0368527821154044,0,3
0.3275773333333333,0.0388421532885299,0,0
0.31709,0.0599683916290498,0,0
0.0477237179487179,0.8221692623177963,0,1
0.00075,0.1016421192653072,0,0
0.6321766666666666,0.051858663680047,0,3
0.0908127450980392,0.3357016211043843,0,0
0.0044520833333333,1.0,1,1
0.7003166666666667,0.1589684869107744,0,3
0.0008771186440677,3.1296786638905294,0,2
0.0285833333333333,2.282051282051282,0,1
0.5955864583333333,0.2799999220009742,0,3
0.3156829166666667,0.061250719415063,0,0
0.6908041666666667,0.1707645999991232,0,3
0.2769785714285714,0.0575501516195908,0,0
0.7219625,0.0290152104061624,0,3
0.8875520833333334,0.0453091088790629,0,3
0.3790833333333334,0.1660107530308168,0,0
0.0905206666666666,0.1073408083330768,0,0
0.7539324786324787,0.0494218410066385,0,3
0.0878183333333333,1.0828631959625628,0,1
0.1370680952380952,0.2795105583904603,0,0
0.6373533333333333,0.0454631314066673,0,3
0.3110156862745098,0.2096624229022677,0,0
0.9479,0.0850975629906737,0,3
0.959028787878788,0.0499942565996331,0,3
0.0023033333333333,0.6695238095238096,0,1
0.0013875,1.0,1,1
0.0123851851851851,0.9998012718600954,0,1
0.8279083333333334,0.105690637797404,0,3
0.6641039682539683,0.0393292485398929,0,3
0.1203685606060606,0.1080487222206202,0,0
0.69996,0.1559762609015923,0,3
0.1937706349206349,0.0445407654232891,0,0
0.6460777777777778,0.1571355379597312,0,3
0.0301703703703703,0.0,0,0
0.0066980392156862,0.1016421192653072,0,0
0.5417133333333334,0.0397366626155831,0,3
0.0251016666666666,0.750576479631053,0,1
0.0541313333333333,1.007749894039548,0,1
0.9877557692307692,0.0361360016122809,0,3
0.0032543478260869,0.75,0,1
1.2386566666666667,0.1494915407413146,0,3
0.0026737373737373,1.1418044421939266,0,1
0.1139222222222222,0.1151760953238197,1,0
0.2169938596491228,0.0939058742152558,0,0
0.0004166666666666,1.0,0,1
0.0532942176870748,1.4067384480506049,0,1
0.0383305555555555,1.058204838272837,0,1
0.39795,0.1303061140392176,0,0
0.4959266666666666,0.2687597011471835,0,0
0.0079448275862068,1.2199000161264313,0,1
0.0339875,0.5,0,1
0.1680111111111111,0.3301819849683315,0,0
0.360775,0.0503719230520991,0,0
0.2676978494623656,0.0748031580543389,0,0
0.001547619047619,1.0,1,1
0.0298884615384615,1.0,0,1
0.7443433333333332,0.0319110326909732,0,3
0.6980666666666667,0.1125577989822282,0,3
0.1469023809523809,0.7501016279397292,0,1
0.2157375,0.3066895028845484,0,0
0.9255333333333332,0.0490144182036083,0,3
0.3574234375,0.0666667358301845,0,0
0.1884780701754386,0.0596439646654956,0,0
0.0613641666666666,0.2432644617633914,0,0
0.8406595238095238,0.0340390969468529,0,3
0.7590285714285714,0.0553755851794385,1,3
0.7043566666666667,0.1239481631438911,0,3
0.5625820512820513,0.0577720227392228,0,3
0.1901827956989247,0.1222119090059177,0,0
0.9754944444444444,0.0413936778892938,0,3
0.8525111111111111,0.0332596113399585,0,3
0.4528043859649122,0.0518674498657672,0,0
0.0850363333333333,0.8448059706993887,0,1
0.9843405982905984,0.0311954205172807,1,3
0.9019758333333332,0.0516894347660406,1,3
0.0034195652173913,1.0,0,1
0.0991857142857142,0.1663111957581465,0,0
0.3618833333333333,0.1412745901727912,0,0
0.5942916666666667,0.0910659382544587,0,3
0.8459944444444444,0.0727578800055421,1,3
0.0374888888888888,1.0,0,1
0.0111919753086419,0.3530328342774111,0,0
0.4418805555555555,0.0593396948177214,0,0
0.0064491228070175,0.4166666666666667,0,0
0.74675,0.0768262322385857,0,3
0.4789714285714285,0.0387416348589477,0,0
0.0313333333333333,0.2084825862579677,0,0
0.0191258333333333,1.0024257326686643,0,1
0.2848968253968254,0.0381453677435555,0,0
0.980725,0.064800038670139,0,3
0.7088855072463768,0.0558387486892397,0,3
0.8093533333333333,0.0876323288019429,0,3
0.0210944444444444,0.601670146137787,1,1
0.62341,0.0376990863883764,0,3
0.0026208333333333,1.0,0,1
0.0405194444444444,1.0,0,1
0.6848866666666668,0.0470767899955649,1,3
0.8034166666666667,0.038269408342805,0,3
0.1996907407407407,0.3174616765964876,0,0
0.6809293650793651,0.0362121565896695,0,3
0.04448,1.01422224444473,0,1
0.0871138888888889,0.0891106996219619,0,0
0.3412333333333333,0.0440539656032962,0,0
0.0240979166666666,1.0,0,1
0.0901277777777777,0.1615194085753093,0,0
0.6984433333333333,0.0439111127548656,0,3
0.157563596491228,0.7748570369739054,0,1
0.8334736111111111,0.0429583855258033,0,3
0.4606761904761904,0.0455495066696759,0,0
0.0299825,1.0,0,1
0.6192407407407408,0.0408594290172977,1,3
0.3353916666666666,0.0930862890502985,1,0
0.2693035714285714,0.0491955186799503,0,0
0.0065519607843137,1.6158227848101263,0,1
0.0008333333333333,0.1016421192653072,0,0
0.8339433333333334,0.0370475626452074,0,3
0.0257766666666666,1.0076846555583188,0,1
0.7249777777777777,0.0400612082046393,0,3
0.00097,1.0,0,1
0.2603611111111111,0.0840712076679096,0,0
0.2501659722222222,0.0459048824750159,0,0
0.0228666666666666,1.0,1,1
0.001350641025641,1.0,0,1
0.3152566666666667,0.0806544926856663,0,0
0.023435606060606,0.266342115774398,0,0
0.3907375,0.0377764739907806,0,0
0.4549333333333333,0.0771724688670047,1,0
0.0183065217391304,0.9795745773201676,0,1
0.062117816091954,0.2782448574147266,0,0
0.5062969696969697,0.0383655658528934,0,0
0.9340722222222224,0.0522379806948994,0,3
0.89201875,0.0408135296371526,0,3
0.616375,0.0663738212531102,0,3
0.6984694444444444,0.039017566859811,0,3
0.0623681159420289,0.1861961063635122,0,0
0.0449077235772357,1.0026908385915068,0,1
0.9698444444444444,0.0481781063144952,1,3
0.31419375,0.0658234796765075,1,0
0.040499074074074,1.0,0,1
0.9599059523809524,0.0389086569285037,0,3
0.0001171296296296,1.0,1,1
0.9327951388888888,0.0363866172638952,0,3
0.5606277777777778,0.0405973092949332,0,3
0.1577345238095238,0.4415212701378435,0,0
0.4518046296296296,0.0396726052205753,0,0
0.2268333333333333,0.5106628587064337,0,0
0.7776833333333333,0.067656566901087,1,3
0.3325416666666666,0.0968523002421307,0,0
0.6698103448275862,0.055707071557977,0,3
0.0402337606837606,0.2455921479623823,0,0
0.6861530303030302,0.0595097755743981,0,3
0.1610705128205128,0.1302345632948697,0,0
0.8574666666666666,0.045519345139912,1,3
0.012247619047619,1.0,0,1
0.75095,0.0586214324393207,0,3
0.7604714285714286,0.0409866412654204,1,3
0.0023148148148148,0.5,0,1
0.6087854166666667,0.0914622802642534,0,3
0.1259535714285714,0.5019265762147881,0,0
0.9779555555555556,0.0393944495948538,0,3
0.0676708333333333,0.4423289665211062,1,0
0.0380876666666666,0.4045148692424909,0,0
0.0028365079365079,1.0042042042042043,0,1
0.40028,1.0,0,1
0.0016111111111111,0.9333333333333332,0,1
0.0036166666666666,1.0,0,1
0.7266722222222223,0.0452871810523117,0,3
0.0164565891472868,1.0030946031975276,0,1
0.0010766666666666,1.0,0,1
0.4680507936507936,0.0405197863472926,0,0
0.9691071428571428,0.0418226032395144,0,3
0.8180166666666667,0.1088072977361727,1,3
0.0130516666666666,0.4417208966015907,0,0
0.9662566666666668,0.0408891252528234,0,3
0.0042016666666666,1.005042342647859,0,1
0.3346476190476191,0.0386977180886351,0,0
0.0074375,0.7505230581466307,0,1
0.00163,1.0,1,1
0.00049,0.1016421192653072,0,0
0.1707833333333333,0.0499216947816995,0,0
0.7833666666666667,0.0802202766845824,1,3
0.4325636363636364,0.0389292322457277,0,0
0.2829119047619047,0.1922118956876587,0,0
0.0014173913043478,1.0,0,1
0.8049722222222223,0.0382111732239546,1,3
0.1161152173913043,0.0906089099810295,1,0
0.0919166666666666,0.8055516092014378,0,1
0.0198938271604938,1.0,0,1
0.4096160714285714,0.0594431446902167,0,0
0.6924416666666667,0.0656079938367545,0,3
0.0396958333333333,0.2657477546453113,0,0
0.2191671296296296,0.0996021933549819,0,0
0.0135783333333333,0.7,1,1
0.0621083333333333,1.0,1,1
0.4342926666666666,0.1152208228007423,0,0
0.6177675,0.0347727001082389,1,3
0.0310597222222222,1.0126582278481011,0,1
0.1074020833333333,1.0107835338757012,0,1
0.2611927536231884,0.0471817498036371,0,0
0.1743527777777777,0.2922529455261859,0,0
0.6403055555555556,0.0421672504487313,0,3
0.8165016666666667,0.2411968180732737,0,3
0.946525,0.0481632214045236,1,3
0.7931222222222223,0.2853634694582194,0,3
0.0017857142857142,0.5,0,1
0.0830986842105263,1.017231474776732,0,1
0.3815761904761904,0.2049614655157517,0,0
0.9198666666666668,0.6276453274786584,0,3
0.7246611111111111,0.2825848726765078,0,3
0.8981972222222223,0.1803336147981058,0,3
0.0152849206349206,1.0021032504780114,0,1
0.12342,0.0370598741078224,0,0
0.0488861111111111,1.0052932092310782,0,1
0.5063472222222222,0.30545461779277,1,0
0.0707166666666666,0.3516257050055996,0,0
1.066625,0.0446566664317948,0,3
0.9543993197278912,0.035862697456961,0,3
0.4658857142857143,0.0688552452871523,0,0
0.00158,1.0,0,1
0.4867862745098039,0.2602575686981434,0,0
0.4334111111111111,0.1678446283534528,1,0
0.0015726851851851,0.5484889037582247,0,1
0.2183395833333333,0.4492222423835332,1,0
0.5052833333333333,0.6162280989774698,0,0
0.013290909090909,0.8562143434428993,0,1
1.1027133333333332,0.0618563999291695,1,3
0.8483710144927537,0.2368621382477186,0,3
0.1482727272727272,0.09765625,1,0
0.1423444444444444,0.0893093651478356,0,0
0.4274366666666666,0.0702517831834167,0,0
0.9207962962962964,0.0598100199400345,0,3
0.0093947916666666,1.001219512195122,0,1
0.0557222222222222,1.0,0,1
1.045,0.1070897245345477,1,3
0.2371208333333333,0.0597998564800967,0,0
0.0136925925925925,1.0011024253357386,1,1
0.0934133333333333,0.7864349703641195,0,1
0.0515,0.2491431787640237,1,0
0.1907572463768115,0.4170445869078572,0,0
0.3019333333333333,0.0607012260739597,0,0
0.4760866666666666,0.0520307194964126,0,0
0.6671033333333333,0.1507688811656238,0,3
0.8257066666666667,0.226873838862,0,3
0.6679970588235294,0.0491400663214559,0,3
0.4775933333333333,0.3642686591697495,0,0
0.2891429487179487,0.0534126851969946,0,0
0.5404714285714286,0.2667554209735463,0,3
-0.0499,5.0,1,2
0.1434375,0.1016421192653072,0,0
0.9805466666666668,0.0396851719614054,1,3
0.16014375,1.0,1,1
0.8747066666666667,0.2124292861290226,0,3
0.0011574074074074,1.0,0,1
0.6485083333333334,0.2340634191065017,0,3
0.2129466666666666,0.0846687212570595,0,0
0.8681309523809524,0.0482799411717611,1,3
0.5049166666666667,0.2525965338762145,0,0
0.5620488888888888,0.0596989278133929,1,3
0.2856277777777777,0.755425500279769,0,1
0.0030822222222222,1.0,0,1
0.0024703703703703,0.5,1,1
0.7242377777777778,0.0417371339087606,0,3
0.7240688888888889,0.3062387815439932,0,3
0.0475296296296296,0.6355179303823274,0,1
0.2078755555555555,0.0645545791414339,0,0
0.0581043333333333,0.4394107648462014,0,0
0.89018,0.0362062505473924,1,3
0.3561194444444445,0.0307747215673419,0,0
0.0126388888888888,0.4760456273764258,0,1
0.3028666666666667,0.1900916361899844,1,0
0.1417506944444444,0.1827822060195602,0,0
0.0131382352941176,0.8036636491647731,0,1
0.0706246913580247,0.0791166271414635,0,0
0.3356903846153846,0.0465997672489631,0,0
0.030030303030303,0.3865844197020486,0,0
0.7660833333333333,0.2300676988295266,0,3
0.1140930555555555,0.161068503385854,1,0
0.8651722222222222,0.0570885743724862,1,3
0.927725,0.0553545682962207,0,3
0.1973759259259259,0.0998233899701555,0,0
0.2907466666666666,0.4845857348019362,1,0
0.0065,1.0,0,1
0.6867583333333334,0.0409764922582355,0,3
0.9556757142857144,0.0374735852569891,0,3
0.930270588235294,0.0613055418618118,0,3
0.2170351851851852,0.537087966473156,0,0
0.49535,0.0458609966718121,0,0
0.3717954545454545,0.0369418852478945,1,0
0.93469,0.0365850260533395,1,3
0.72949,0.0364764042357774,0,3
0.3587685185185185,0.4801907610324142,0,0
0.8633916666666666,0.0565568756882752,0,3
0.00302,0.8,0,1
0.0028030303030303,0.1016421192653072,1,0
0.0085619047619047,0.8039022948628993,1,1
0.3522862745098039,0.0396746499889163,0,0
0.3796865079365079,0.0393288874350621,1,0
0.0092902777777777,0.8332991420707228,0,1
0.4534875,0.3403562044161433,0,0
0.0056736111111111,1.0,0,1
0.6191066666666667,0.0847863202870055,1,3
0.1492416666666666,0.536159372300973,0,1
0.4172138888888889,0.0876892260109818,0,0
0.0133492063492063,1.0030461866168412,1,1
0.0573177777777777,0.4773949381061262,0,0
0.5823588888888889,0.0575321446539099,0,3
0.2588842592592592,0.4851686244551177,0,0
0.9330166666666666,0.0473174752919547,1,3
0.7437983333333333,0.1713180518187644,0,3
0.0377375,1.0,0,1
0.1047841666666666,1.0053903798350217,0,1
0.3914111111111111,0.0442653490917577,0,0
0.4569871794871795,0.0493312404836202,0,0
0.6233229166666667,0.0452557747243379,0,3
0.49855,0.0473505432114743,1,0
0.551565,0.0466195528022343,1,3
0.6055580952380952,0.0375025770322747,1,3
0.4326333333333333,0.0322867550303746,1,0
0.4046166666666666,0.0604551677181688,0,0
0.804675,0.1089297915717138,0,3
0.0484622222222222,0.9223308197933864,0,1
0.0848510101010101,1.000790395197599,0,1
0.1030371794871795,0.0627141780789857,0,0
0.049946,0.1016421192653072,0,0
0.0004844827586206,1.0023446658851114,0,1
0.359169298245614,0.1601199060057046,0,0
0.0843235042735042,0.6101583304105935,0,1
0.928629761904762,0.0384705858876701,1,3
0.1529520833333333,0.3478148199304331,0,0
0.7636777777777778,0.0509578155221765,0,3
0.0041307692307692,1.0,0,1
0.014412037037037,1.004700760856627,0,1
0.0495366666666666,1.0,0,1
0.3157458333333333,0.0408301095054511,0,0
0.0214,1.0023076923076923,0,1
0.0019054166666666,1.0258458646616542,0,1
0.0122314814814814,1.5192307692307692,0,1
0.175120238095238,0.1746097593290053,0,0
0.7370566666666667,0.0480153236596892,0,3
0.7576,0.4490332047160864,0,3
0.3157428571428571,0.067899889886143,1,0
0.0321833333333333,0.2563091482649842,1,0
0.0065694444444444,0.9023067143030424,0,1
0.7018583333333333,0.1009221634603115,0,3
0.0078,1.0,1,1
0.552124358974359,0.0523942494425787,0,3
0.7935380952380952,0.2978112336940164,1,3
1.0287755555555556,0.0369646396257534,0,3
0.1316369047619047,0.1016421192653072,1,0
0.7145015873015873,0.0377354406457769,0,3
0.55095,0.045429831376894,0,3
0.5786738095238095,0.2613737194855391,0,3
0.6359083333333333,0.060290244382361,1,3
0.0317188888888888,1.0,0,1
0.0166366666666666,1.0035776076814948,0,1
0.0162234848484848,1.0059144850813209,0,1
0.3436440476190476,0.0659232815575866,0,0
0.9864246527777776,0.0334756748284895,0,3
0.011590909090909,1.0001007387508394,0,1
0.9244133333333332,0.0421320831424679,0,3
0.0574033333333333,1.0052007776178118,0,1
0.19921,0.5301323822446236,0,0
0.0117714285714285,1.0943455902936383,1,1
0.0054734848484848,0.7367892019583618,1,1
0.1888208333333333,0.821172327516401,0,1
0.0137244047619047,0.6687598391522408,0,1
0.0868333333333333,1.0,0,1
0.1636461538461538,0.0912846701679761,0,0
0.5875479674796747,0.0379777826055032,0,3
0.6812833333333334,0.0731018769128469,0,3
0.0127765151515151,0.9289262094599652,1,1
0.45284,0.2218110405585479,0,0
0.0420119047619047,1.0,0,1
0.0274475,1.0052750712324547,0,1
0.018378431372549,1.0024356147723998,0,1
0.3362333333333333,0.0961538461538461,0,0
0.0100483333333333,1.0,0,1
0.907790404040404,0.0366614619691636,0,3
0.823338888888889,1.2387777222092744,0,1
0.00203125,1.0,0,1
0.6815166666666668,0.039718991304193,0,3
0.77986,0.0400020843082908,0,3
0.74874,0.0558619628460752,0,3
0.7143166666666667,0.0409369656524487,0,3
0.2035395833333333,0.0492848240285223,0,0
0.19755,0.7677725118483413,0,1
0.0024628571428571,0.25,1,0
1.0533666666666666,0.0709697516418603,1,3
0.0043705128205128,0.3,0,0
0.2270166666666666,0.0618224389300896,0,0
0.9955541666666666,0.0411571473193604,0,3
0.1328055555555555,0.3158856311472209,0,0
0.9505153846153848,0.0413222840609786,0,3
0.5404291666666667,0.1678493258104212,0,3
1.010375,0.0209553703246722,0,3
0.0070393518518518,0.5676062091503268,0,1
0.9204863636363636,0.0445402794913727,1,3
0.860301388888889,0.0473795961887426,0,3
0.0049559829059829,1.0051577521494388,0,1
0.9299,0.1049579126648652,0,3
0.58279496124031,0.3316513934965753,1,3
0.4120016666666666,0.1644663610882137,0,0
0.6960944444444443,0.0761059216641873,1,3
0.7866904761904763,0.0418041736058149,0,3
0.6531222222222223,0.0371770821513046,0,3
0.0764714285714285,0.9119017608189144,0,1
0.9231304347826088,0.0392808741133492,1,3
0.7453333333333333,0.4455810535186625,1,3
0.0051160256410256,1.004927929037822,0,1
0.029774074074074,1.0,0,1
0.1099663333333333,0.8003546707854241,0,1
0.727675,0.0553568626342173,0,3
0.0006807692307692,1.0,0,1
0.0001953703703703,1.135897435897436,1,1
0.4898222222222222,0.0446560860717018,0,0
0.6879041666666668,0.1535358944152234,0,3
0.3939583333333333,0.1843283978218788,0,0
0.2770685185185185,0.1457205645981828,0,0
0.9855032407407408,0.0368553622505851,0,3
0.953598148148148,0.0524472161316986,0,3
0.0024470588235294,1.0,0,1
1.018147619047619,0.0373972851849918,1,3
0.0028358974358974,0.625,0,1
0.8519791666666666,0.03562717396947,0,3
1.1225,0.025058514904837,1,3
0.105,0.0,1,0
0.0006444444444444,1.0,0,1
0.0021879629629629,1.0,0,1
0.0109516666666666,0.8,1,1
0.102937037037037,0.681990109547894,0,1
0.0227878787878787,0.6666666666666666,0,1
0.6904833333333333,0.0443976025322655,1,3
0.0017333333333333,0.5,1,1
0.7642416666666667,0.0527383837124176,0,3
0.3076020833333333,0.104466595969082,0,0
1.0192655555555556,0.0285739813927346,0,3
0.0748958333333333,0.1016421192653072,0,0
0.22075,0.0964407876466069,1,0
0.0284506944444444,1.0002423708273658,0,1
0.674911111111111,0.0643194533829047,0,3
0.7854666666666666,0.3727542237118412,0,3
0.0267638888888888,0.696891543079001,0,1
0.0086,1.0,0,1
0.0014090909090909,1.3265048443619871,0,1
0.6761741228070175,0.0867538235947894,0,3
0.0858875,0.4321716689498664,0,0
0.0142568965517241,1.0,0,1
0.3151194444444444,0.0755117469887015,0,0
0.3257,0.0526142399113531,1,0
0.0011574074074074,0.1016421192653072,1,0
0.5600435185185185,0.0381738590005813,0,3
0.64031,0.1255167899280632,0,3
0.7437055555555556,1.4219756707057367,0,1
0.888,0.0575033960108981,0,3
0.7662394736842105,0.0310732513158945,0,3
0.4089205882352941,0.041534526029494,0,0
0.73937,0.0367230235340513,0,3
0.003266,0.8040293040293041,0,1
0.3748,0.0815527813006923,1,0
0.4784933333333333,0.0409181954463928,1,0
0.9743583333333332,0.0423060847938412,1,3
0.5647333333333333,0.1820665391650139,0,3
0.2371,0.2273560874347905,0,0
0.7717366666666667,0.0506965259488664,1,3
0.6847192307692308,0.0353139361640646,0,3
0.0507979166666666,0.5674104278731769,0,1
0.095585606060606,0.5248376190324207,0,1
0.005465,1.6161482557292646,0,1
0.9910559523809525,0.0480066670275375,1,3
0.7048333333333333,0.0663050018023961,1,3
0.4559605263157895,0.1557583855930149,0,0
0.01675,1.0125987870794992,0,1
0.0049333333333333,1.000823723228995,0,1
0.3193826666666667,0.0599906312618996,0,0
0.0788447368421052,1.0002118720207218,0,1
0.4636291666666667,0.0419248135676606,1,0
0.14691,0.1088467206970927,0,0
0.163,1.0,0,1
0.0064387387387387,0.6,0,1
0.0499633333333333,1.000449647031952,0,1
0.0229595238095238,0.1587131452433336,0,0
0.0138484848484848,0.8006962576153176,0,1
0.1899247747747748,0.0287834796451824,0,0
0.0506033333333333,0.3708050613338279,0,0
0.8769157407407407,0.0386531114220424,0,3
0.0046601851851851,1.0,1,1
0.2115266666666666,0.09546852757647,1,0
0.0571555555555555,1.0,0,1
0.026670238095238,1.0,0,1
0.0260641666666666,1.0,0,1
0.4022166666666666,0.1992693610594341,0,0
0.0040214285714285,1.0,0,1
0.9033166666666668,0.1227770413053201,1,3
0.72725,0.0719938495235957,1,3
0.0110880952380952,0.5099914965986394,0,1
0.6874092592592593,0.0369701149808599,0,3
0.6934633333333333,0.0336312723709493,0,3
0.3879452380952381,0.0594028802306169,0,0
0.3693333333333333,0.0510917257313124,1,0
0.7146653846153846,0.0524827583911903,0,3
0.9506314814814816,0.0423399799986105,0,3
0.0009941666666666,1.0,0,1
0.8278975490196079,0.0376049501144955,0,3
0.7014397435897436,0.0590399568766647,0,3
1.0959333333333334,0.038112227985842,0,3
0.0140111111111111,1.0,0,1
0.0183847826086956,0.1583661910856837,0,0
0.3162678571428571,0.0419812998392109,0,0
0.8773138333333333,0.2514670931322086,0,3
0.0054685897435897,1.063818314106222,0,1
0.7508533333333333,0.2379807921771582,0,3
0.9383633333333332,0.0418213740610019,1,3
0.022157037037037,0.2381133150274862,0,0
0.1932016666666667,2.141392478276395,0,1
0.4481458333333333,0.389991237147114,0,0
0.8302666666666667,0.0451198310317297,0,3
0.0691888888888888,0.8163408561306665,0,1
0.6415533333333333,0.0457869410877274,0,3
0.75785,0.1145396176785643,1,3
0.6211388888888889,0.0453048018198893,1,3
0.0028285714285714,0.6,0,1
0.31738,0.0885367333886318,0,0
0.0077464285714285,1.2067981625451258,0,1
0.7503230769230769,0.0430732166569576,0,3
0.1786016666666667,1.0024571545712735,0,1
0.0159326388888888,0.750765306122449,1,1
0.2876936781609195,0.0421611289184323,0,0
0.2303333333333333,0.6666666666666666,0,1
0.137201282051282,0.0573718328690073,1,0
0.5831277777777777,0.082351086800957,0,3
0.5001866666666667,0.5968073430474427,0,0
0.59388,0.0986216508186579,0,3
0.37815,0.8215466993180973,0,1
0.3229291666666666,0.4554468599565952,1,0
0.0080058823529411,1.0,0,1
0.0087482905982905,0.5002883531387102,0,1
0.74205,0.0664149376630836,1,3
0.2612865591397849,0.3878148603911465,0,0
0.4860733333333333,0.0749501049474326,0,0
0.2312016666666666,0.0648421668627063,0,0
0.9700030303030304,0.0488555956467165,0,3
-3.125e-05,3.887795275590552,0,2
0.52537,0.2779318593818008,0,0
0.0447166666666666,1.000514990170822,0,1
0.5016048611111111,0.2160208586885076,0,0
0.1498366666666666,0.0974096077957741,0,0
0.0085571428571428,1.0,1,1
0.3662619047619047,0.0651704179045505,0,0
0.56415,0.0811787912451017,0,3
0.115,0.0,1,0
0.0769583333333333,0.6673301816372232,0,1
0.8915666666666666,0.0950633127401042,0,3
0.7737638888888889,0.0373700711916825,0,3
0.6540555555555556,0.0674669246206291,0,3
0.13513125,0.0714588698670678,0,0
0.0193564814814814,1.0118577075098814,0,1
0.5928539855072463,0.0271603650257095,1,3
0.9297623655913978,0.0365240478021136,0,3
0.57008,0.0700843551671324,0,3
0.2122007246376811,0.1961394950239673,0,0
0.3746083333333333,0.3319413272079636,0,0
0.416585,0.0455777979866561,0,0
0.0687766666666666,0.6698693898222601,0,1
0.9027666666666666,0.0674736292294017,0,3
0.44477,0.0538802886576181,0,0
0.0424460317460317,1.0788978061886938,0,1
0.8724222222222222,0.0413367019104919,0,3
0.6106666666666667,0.0394640443032211,1,3
0.6161541666666667,0.2384961032881512,0,3
0.1244461538461538,0.7946558114631195,0,1
0.0922633333333333,0.2122767845423297,0,0
0.0034666666666666,1.0,1,1
0.1286895833333333,0.7521627017046543,0,1
0.0045770833333333,1.0,1,1
0.5464333333333333,0.0656258766067627,1,3
0.3773933333333333,0.2384628816783404,0,0
0.39469,0.0392552709427744,0,0
0.7046442028985507,0.0400416173786948,0,3
0.0119603174603174,0.8024266943526783,0,1
0.0137866666666666,0.1016421192653072,0,0
0.7106640151515152,0.0407485103178955,0,3
0.20149875,0.2210960546308921,0,0
0.00388,1.0,0,1
0.8432166666666666,0.0167503997480309,0,3
0.6564380952380952,0.1043163469659533,0,3
0.4278533333333333,0.0535859464018118,0,0
0.025675,0.1016421192653072,0,0
0.8332858974358974,0.0398801158762941,0,3
0.339587356321839,0.2524508152724298,1,0
0.60259,0.2546811435473413,0,3
0.0260488505747126,1.0008082893958354,0,1
0.0333333333333333,1.0,0,1
0.0035754901960784,0.9301075268817204,0,1
0.0625009259259259,0.3851583989635584,1,0
0.0098622222222222,0.8392300342664119,0,1
0.2958833333333333,0.0521949055915659,0,0
0.9475833333333332,0.0460850040000617,0,3
0.6129033333333334,0.0459747728019481,0,3
0.37935,0.3089499214744505,0,0
0.8709,0.0895583445535787,0,3
0.5574416666666667,0.4058651126101621,0,3
0.5717733333333334,0.0501494513897105,1,3
0.1155566666666666,0.5084767751270599,0,0
0.88518,0.0525335519772669,0,3
0.6601333333333333,0.1025022706814187,0,3
0.0994842592592592,1.000552574677665,0,1
0.7057380952380952,0.0403520239654661,1,3
0.0535433333333333,0.172017689302161,0,0
0.4757064102564102,0.0747810216622191,0,0
0.6041305555555556,0.0626156354949861,0,3
0.005825,0.8,1,1
0.1671875,0.1016421192653072,0,0
0.0118043010752688,1.0054132524863502,0,1
0.6377166666666666,0.0332010570970647,1,3
0.0222033333333333,1.0075727713038012,0,1
0.0817,0.7372095471941669,1,1
0.0115153333333333,0.7528735677616845,0,1
0.5059747311827957,0.0483761448808196,0,0
0.2834478260869565,0.1720121051344576,0,0
0.0076642857142857,1.0,1,1
0.0602961538461538,0.2031733614995251,1,0
0.0266222222222222,1.0027505441057762,1,1
0.9491277777777778,0.0478110507586335,0,3
1.3390597222222222,0.0353397655040378,0,3
0.0068301282051282,1.0,0,1
0.6465,0.0425031417188414,1,3
0.007890625,0.8032551532497767,1,1
0.3475416666666666,0.9562045143637712,0,1
0.2730833333333333,0.1052653268954801,0,0
0.0026184523809523,1.0041825143443022,0,1
0.511525,0.5404821169462037,0,0
0.2770943333333333,0.1160776289976766,0,0
1.0079833333333337,0.0768934761614616,1,3
0.0009083333333333,1.0,0,1
0.0637755555555555,1.0006145386916796,0,1
0.1125828703703703,0.6318790616172574,0,1
0.8546898148148148,0.0342969242462571,0,3
0.9096151515151516,0.0456792031013234,0,3
0.0369314102564102,1.021386029220978,0,1
0.0132666666666666,1.0,1,1
0.696980303030303,0.0398074208982977,1,3
0.0040019607843137,1.0,0,1
0.0396277777777777,0.1384163979083629,1,0
0.1441138888888889,0.1191954251708008,0,0
0.5394,0.0781469812536651,1,3
0.5530472222222222,0.0676555303487727,0,3
0.0085285714285714,1.0,0,1
0.7405863636363637,0.0409888889097341,0,3
-0.0035,5.0,1,2
0.5644083333333333,0.0546403468223996,0,3
0.0234286666666666,1.3708490743908546,0,1
0.0098888888888888,0.1016421192653072,1,0
0.92495,0.066959709242795,0,3
0.0970988095238095,0.1300113200270077,1,0
0.036099074074074,1.0,0,1
0.7606487179487179,0.0481887649156741,0,3
0.007625,0.8,0,1
0.7388238095238094,0.048383655356358,1,3
0.3431083333333333,0.1607779795103999,0,0
0.1407777777777777,0.1551868105060693,0,0
0.0138802083333333,1.0,0,1
0.0042483333333333,1.0,1,1
0.0745316239316239,0.3157580093309146,0,0
0.5769535087719299,0.0408123246833669,0,3
0.12884,0.3819670117968071,0,0
0.61277,0.0442134083583978,1,3
0.41883125,0.2112121896366537,0,0
0.7871011111111111,0.0361175764571712,1,3
0.6208440476190477,0.0566198222143127,0,3
0.7320444444444444,0.0771829722245063,0,3
0.3322972222222222,0.3303148021338549,0,0
0.1706875,0.2149817929926507,0,0
0.23,0.0,1,0
0.2075666666666666,0.6810011180872109,0,1
1.020503333333333,0.0270560558175058,0,3
0.7689583333333333,0.4422049946601162,0,3
0.3633008333333333,0.1434215751454523,0,0
0.1651195652173913,0.5806930928167036,0,1
0.0234747747747747,1.0,0,1
0.6104033333333334,0.0777918875449783,0,3
0.0677787037037037,1.0023457437832175,0,1
0.3027880952380952,0.048073543417433,0,0
0.02196875,1.0,0,1
0.8251291666666666,0.3307806763975872,0,3
1.0799,0.0611470460978174,0,3
0.6192904761904763,0.0501082128805574,1,3
0.1260018518518518,0.2264825865772132,0,0
0.3986763888888888,0.0387679584265594,1,0
0.0065,0.0,1,0
0.05716875,1.0,0,1
0.0327477777777777,0.3449324895839418,0,0
0.0305208333333333,1.0,0,1
0.5009,0.0362504257096282,0,0
0.0001743589743589,0.1016421192653072,0,0
0.0128641666666666,0.637155297532656,0,1
0.8747777777777778,0.0687831618534084,0,3
0.3313458333333333,1.4663562019564729,0,1
0.0212161458333333,1.0059504469517984,0,1
0.7250587962962962,0.0742672288121355,0,3
0.6911611111111111,0.0623131339586856,0,3
0.67192,0.1701930423890666,1,3
0.002185606060606,1.3778266973583717,0,1
0.4151729166666666,0.1727397388141506,0,0
0.021375,0.6265765765765766,0,1
0.8924383333333333,0.0353080434974082,1,3
0.73509,0.0493960193356101,0,3
0.20905,0.5883088942825344,1,1
0.4870517543859649,0.1470257547834836,0,0
0.001547619047619,1.0,1,1
0.0359968253968253,1.0000825650199532,0,1
0.5560714285714285,0.0506154776468698,0,3
0.8683972222222223,0.0376312688284547,0,3
0.125575,0.1854095609432972,0,0
0.125795,0.8047910734886287,0,1
0.7791461538461538,0.2160725504147844,0,3
0.051724074074074,1.0068700062582585,0,1
0.27525625,0.8068858482199417,0,1
0.0162811111111111,1.0,0,1
0.3554277777777778,0.201717285583193,0,0
0.8980333333333334,0.0514713818549786,0,3
0.0222083333333333,0.6,0,1
0.1194060606060606,0.0687893119374748,0,0
0.64875,0.5282303014139839,0,3
0.67744,0.0433910347405442,0,3
0.4965433333333333,0.0715566209678933,0,0
0.7785333333333333,0.067355279509565,1,3
0.0009461538461538,1.0,0,1
0.027175641025641,0.2707177834929878,1,0
0.8275555555555556,0.0410655748096205,1,3
1.1401533333333334,0.0458996689361462,0,3
0.8979583333333334,0.0484386415345121,0,3
0.0014203125,1.0,0,1
0.0406079365079365,1.005074346890159,0,1
0.8772416666666666,0.0293643623218572,0,3
0.004962,1.0495995005535108,0,1
0.0027857142857142,1.0,0,1
0.12413,1.0005716793503745,0,1
0.1815833333333333,0.0489957271377677,0,0
0.0159991666666666,0.7460011675423235,0,1
0.0003006666666666,0.1016421192653072,0,0
0.9172611111111112,0.053924686851979,0,3
0.167245744680851,0.2635203569065915,1,0
0.0047098039215686,0.75,0,1
0.269646,0.4959035618364166,0,0
0.0019492063492063,1.0,0,1
0.9328777777777776,0.0604082538802569,0,3
0.0281520833333333,1.0,0,1
0.0013138888888888,0.6041666666666667,0,1
0.0265849206349206,1.0,0,1
0.3942908805031446,0.0429526506249363,0,0
0.4893931034482758,0.2304805602904554,0,0
0.4078969696969697,0.2589113007695164,0,0
0.8022416666666667,0.0918560533336023,0,3
0.3537537037037037,0.3156936332799647,0,0
0.3056066666666667,0.0550421934269106,0,0
0.0018115942028985,0.1016421192653072,1,0
0.8460633333333333,0.0453692220481142,1,3
0.0066731481481481,0.9147477027702082,1,1
0.5763214285714285,0.0502121836694396,0,3
0.1646316666666666,0.0653276002934197,0,0
0.2392833333333333,0.3573776028350239,0,0
0.5541883333333334,0.1996295446777939,0,3
0.6936444444444444,0.0840376240094402,1,3
0.709175,0.0349683301953754,1,3
0.2344083333333333,0.0397798374774846,0,0
0.6225119047619048,0.1691451626952338,0,3
0.650602380952381,0.2142365339258211,0,3
0.0089303571428571,0.7552672348946455,0,1
0.0019871794871794,0.25,1,0
0.1282509259259259,0.05243446866792,0,0
0.8007,0.0460299994349451,1,3
0.0665575757575757,0.11237953823653,0,0
0.9054720588235294,0.0375860263642447,1,3
0.008351282051282,0.8,0,1
0.3530405797101449,0.0335740065035645,0,0
0.0022380952380952,1.0018913388982882,0,1
0.822,0.0364037411420461,0,3
0.2760916666666666,0.5,0,0
0.1363423611111111,0.4645547308640767,0,0
0.0416453333333333,0.5941958679307943,0,1
0.4003666666666666,0.2428023863996535,0,0
0.0432324561403508,0.8948404670589858,0,1
0.5616279761904762,0.0365084163803134,0,3
0.0483305555555555,0.3131640205289822,0,0
0.53825625,0.0368059631770458,0,3
0.1684791666666666,0.2480578065067492,0,0
0.1724796296296296,0.2816173597970344,1,0
0.2357878378378378,0.6181058845059982,0,1
0.0148694444444444,0.4034565250886331,0,0
0.0601007936507936,0.6233608933422907,1,1
0.2105197674418604,0.0359383716627019,0,0
0.69545,0.0400277368157837,0,3
0.8744388888888889,0.1010418488178237,0,3
0.1214930555555555,0.1349422903850296,0,0
1.1136555555555554,0.0581758113077676,0,3
0.0025222222222222,1.0,0,1
0.2824144927536232,0.0363992349364438,0,0
0.672711111111111,0.0925693675869635,0,3
0.3316233333333334,0.1355299855486846,0,0
0.2367816666666666,0.0565455131306786,0,0
0.0001086956521739,1.0,0,1
0.0034375,1.0,0,1
0.9863092592592592,0.0404736805084944,1,3
0.9536351851851852,0.0362491806137269,1,3
0.7367444444444444,0.0419242958646986,0,3
0.9342892156862744,0.0353857362426977,0,3
0.2779854166666666,0.0765531407452175,1,0
0.4630555555555555,0.3025723742680601,0,0
0.0015346153846153,0.7899543378995434,0,1
0.7514,0.0310844615927607,1,3
0.00076,1.0,0,1
0.0015425,1.0,0,1
0.3921025,0.0429062657061858,0,0
0.05616,0.0227832765205963,0,0
0.8637848484848485,0.0519139733032561,0,3
0.7063083333333333,0.0568749788826658,1,3
0.0549596296296296,0.4294927778190678,0,0
0.362046875,0.0790511444785926,0,0
0.1022761904761904,0.8276075331267817,0,1
0.74682,0.042790024858003,0,3
0.9699903333333334,0.0372072715150925,1,3
0.0326033333333333,0.3333333333333333,0,0
0.1125333333333333,1.6937584175084175,0,1
0.027590873015873,1.0007746590969384,0,1
0.0134003333333333,0.8034070252205888,0,1
0.985735,0.0295094175277424,1,3
0.200260606060606,0.057577285997615,0,0
0.8104121212121211,0.0429138880730494,0,3
0.9595666666666668,0.0503423464071976,1,3
0.0485583333333333,0.5,1,1
0.0068611111111111,0.1016421192653072,1,0
0.0059557971014492,1.0011463226011017,0,1
0.0761166666666666,5.0,1,2
0.995402380952381,0.0374538064932648,1,3
0.0060121212121212,1.0009297136481965,0,1
0.8836722222222223,0.0439289061288155,0,3
0.1497666666666666,0.1080697811237864,0,0
0.4597333333333334,0.0574200893175062,0,0
0.8596821428571428,0.0498315336739924,0,3
0.01349375,1.0033074292719215,0,1
0.0076611111111111,1.0,0,1
0.0567884259259259,0.8008679245283019,0,1
0.0095833333333333,0.0,0,0
0.0074525641025641,0.5,1,1
0.87932,0.0492226562604602,0,3
0.3712036036036036,0.0576210496810934,0,0
0.0704128205128205,0.4366093419972022,1,0
0.8039555555555556,0.0415444026756388,0,3
0.0713359649122807,0.0534629404617253,0,0
0.653894696969697,0.0430252694130604,0,3
0.0084384615384615,0.75,0,1
0.5418222222222222,0.039083613821635,0,3
0.7546933333333333,0.0598588082770883,0,3
0.0671739583333333,0.80052237919981,0,1
0.8324233333333333,0.0676702780462529,1,3
0.0180291666666666,1.2373994734717593,0,1
0.7358,0.0383009184082036,1,3
0.9953916666666668,0.0992846758919322,0,3
0.7544316666666667,0.0303701171779196,0,3
0.8505944444444444,0.2546311624796485,1,3
0.4999166666666667,0.069839763672355,0,0
0.72505,0.2384547883838418,0,3
0.3745698717948718,0.056806007749921,1,0
0.01265,1.0,0,1
0.6701,0.0639552351016528,0,3
0.645675,0.0379948428097633,0,3
0.3850825,0.0395382874303325,0,0
0.0020826388888888,1.0,0,1
0.1250611111111111,0.3665590934042308,0,0
0.0101361111111111,1.0,1,1
0.1588376811594203,0.0714029305843881,1,0
0.0471969696969697,1.0001383317194634,0,1
0.1977083333333333,0.2149913919224744,0,0
0.5019933333333334,0.0128954017180394,1,0
0.0002673913043478,1.0,0,1
1.0217666666666667,0.0441904424833262,0,3
0.0826960784313725,0.1615167024086865,0,0
0.5586652777777777,0.0452741360697153,0,3
0.5132083333333333,1.007064403414995,0,1
0.8306466666666668,0.2680280162942544,0,3
0.6969766666666667,0.0949748674536261,1,3
0.8007675438596492,0.0402830603611877,0,3
0.0290155555555555,0.2591499269505941,0,0
0.00235,0.6680642907058001,0,1
0.7975666666666666,0.0820601672144154,0,3
0.6517507575757575,0.0360487644852091,0,3
0.77665,0.08417074434571,0,3
1.086141111111111,0.0349487288919064,1,3
0.2123083333333333,0.3718578015766771,0,0
0.0009775641025641,1.0,0,1
0.051213492063492,0.8,0,1
0.61845,0.3611383972038959,1,3
0.8088666666666667,0.1220185177597037,0,3
0.9433916666666666,0.0639285891324847,0,3
0.5536880952380953,0.2213576570989761,0,3
0.4740833333333333,0.0647826167635859,0,0
0.0758177777777777,0.8004790492470475,0,1
0.0036303703703703,1.002250900360144,0,1
0.1502766666666666,0.285379161565077,0,0
0.35405,0.0801427753994251,0,0
0.1186747619047619,1.005259817299325,1,1
0.0238633333333333,0.8,1,1
0.7463861111111111,0.0428955536572569,1,3
1.163943333333333,0.2325400422190869,0,3
0.42123,0.0747086418055686,0,0
0.6649666666666667,0.3934735576011098,0,3
0.0485111111111111,1.1707070707070708,0,1
0.066931746031746,0.9059206810627458,0,1
0.0099269841269841,1.0036277093557584,0,1
0.5853555555555556,0.1175770883632798,0,3
0.08,0.0,1,0
0.0089545977011494,0.6487000682161996,1,1
0.8255633333333333,0.0435955983005024,0,3
0.0567756944444444,1.0298451085560525,0,1
0.0076688596491228,1.0001055854714391,0,1
0.9000229166666666,0.0385548778284354,0,3
0.6402809523809524,0.0429942740278855,0,3
0.0225785714285714,1.0003741030211617,0,1
0.1701462962962963,0.0543407944106611,0,0
0.0356777777777777,1.0000277264325323,0,1
0.8747566666666667,0.0344190467422828,1,3
0.0238086805555555,0.2176946586982807,0,0
0.01141,1.0,1,1
0.0097772222222222,1.0039584245535411,1,1
0.71302,0.127775653554997,0,3
0.01998,1.0,0,1
0.8088007936507936,0.0385609144440896,0,3
0.4005,0.0464903664186485,1,0
0.0111366666666666,0.8620969048776536,0,1
0.8543625,0.0368236952249496,0,3
0.0006097222222222,0.75,1,1
0.5525541666666667,0.0611709288534576,0,3
0.786875,0.0429647126596165,0,3
0.0241583333333333,1.003157728366055,0,1
0.0586507936507936,0.4,1,0
0.3862583333333333,0.1229519746869524,0,0
0.9071491666666668,0.0417551729654794,0,3
0.5145095238095239,0.2200512932420115,0,0
0.4150769841269841,0.0330280535143318,1,0
0.0111711111111111,1.0,0,1
0.2056909090909091,0.0809178154637258,0,0
0.5478083333333333,0.087938536588429,1,3
0.9572875,0.0587643768989408,0,3
1.0260277777777778,0.0559862636910673,1,3
0.0069547619047619,0.7928640308582449,0,1
0.06405,0.5348397211578118,1,1
0.0195,0.75,0,1
0.8652966666666667,0.0476436427787677,0,3
0.0580958333333333,0.8303183425972713,0,1
0.1250566666666666,0.1235962313935622,1,0
0.6675340277777777,0.0445512135111629,0,3
0.0198895833333333,0.0779613683965557,0,0
0.2109666666666666,0.4916641878680368,0,0
0.0048722222222222,1.0,1,1
0.7948348484848484,0.0379329186339444,0,3
0.6772181818181818,0.016187247132968,0,3
0.0706577777777777,0.6809427955515582,0,1
0.585425,0.0403731728329929,0,3
0.834280303030303,0.0498471866663044,0,3
0.0031983333333333,1.0069712787680798,0,1
0.9004083333333334,0.0535022580378444,0,3
0.410862962962963,0.041541735225745,0,0
0.3614863636363636,0.0981587062369725,0,0
0.7604962962962963,0.2093148007748931,0,3
0.6126788888888889,0.0426120773880644,0,3
0.746162037037037,0.0417393008107178,1,3
0.0456361111111111,1.0046884859489458,0,1
0.6009611111111111,0.0438375013636777,0,3
0.30916,0.073868044539486,0,0
0.644875,0.0915939214080125,0,3
1.0200984848484849,0.0298936532929481,0,3
0.3936833333333334,0.4570118352235143,0,0
0.0073543478260869,1.0,1,1
0.089042,1.1267903284035026,0,1
0.0500590909090909,0.8847830209539659,0,1
0.8797541666666666,0.0568151971172381,1,3
0.0156722222222222,2.055,0,1
0.5683533333333334,0.0417451328277261,1,3
0.8201786821705426,0.0399052121656574,0,3
0.4482119047619047,0.2740833703841777,0,0
0.6206583333333333,0.0625520119808318,1,3
0.2598928571428571,0.0613096627358283,0,0
0.0106480769230769,1.0,0,1
0.8854083333333334,0.0394538344413056,0,3
0.320405,0.0585898791516895,0,0
0.005070238095238,1.0,1,1
0.015645238095238,1.03248031496063,0,1
0.0150694444444444,1.0075149227256648,0,1
0.3675316666666666,0.0431085532050773,0,0
0.0054731481481481,1.0421459270364817,0,1
0.7490775862068966,0.0396669324684327,0,3
0.5195466666666666,0.0965981244142649,0,0
0.0143966666666666,1.000253244697689,0,1
0.0693583333333333,0.3324726255490583,0,0
0.0039711538461538,1.004499730095427,0,1
0.0961458333333333,1.0,0,1
0.5215484848484848,0.0421357192091682,0,3
0.0563203703703703,1.0050353456505583,0,1
0.8096055555555556,0.0374545233839813,0,3
0.7683233333333332,0.0342810194017376,1,3
0.002399537037037,1.0,1,1
0.72575,0.1070963395579041,0,3
0.4968066666666666,0.0443780268400287,1,0
0.0563583333333333,0.8633907829167612,0,1
0.70332,0.0439732551138339,1,3
0.5655855555555556,0.0512130995210579,0,3
0.2591333333333333,0.0341658341658341,1,0
0.0143583333333333,1.0,0,1
0.1707521739130434,0.1393718036524788,0,0
0.0319077777777777,0.7776343930369927,1,1
0.6817761904761905,0.286575664141304,0,3
0.4983,0.314653057609885,0,0
0.83165,0.042552066270169,0,3
0.7643,0.125028540554434,1,3
0.4286228070175438,0.0403823422042144,0,0
0.1925682539682539,0.0420764755769894,0,0
0.0493696078431372,1.0,1,1
0.1049648148148148,0.1054659838871743,1,0
0.6858341463414634,0.0395893404978275,0,3
0.7218833333333333,0.0430348751903154,0,3
0.0241430555555555,1.0151486669496452,0,1
0.0331537037037037,0.2700662312313848,0,0
0.4228974358974359,0.0401149185078188,0,0
0.0699566666666666,0.1423426893563894,0,0
0.067025,1.0,0,1
0.5277666666666667,0.152263047236034,0,0
0.0050489583333333,1.0,0,1
0.1564766666666666,0.1227149742961453,0,0
0.0828255555555555,0.2664493969770644,0,0
0.0045777777777777,1.0,0,1
0.98717,0.0438823375302394,0,3
0.6616367816091954,0.0458082773639978,0,3
0.1342883333333333,1.0330821775231431,0,1
0.8830583333333334,0.0533695740587359,0,3
0.2380224637681159,0.0418257479376998,0,0
0.4370575757575757,0.0411279452606395,0,0
0.003,0.0,1,0
0.0018396296296296,1.0,0,1
0.0059440476190476,0.6032382109159917,0,1
0.0123714285714285,0.6,0,1
0.16636,0.063416245616468,1,0
0.0034791666666666,0.75,0,1
0.3728166666666666,0.0686666865205977,0,0
0.2835884615384615,0.0620641484165603,0,0
0.0125011111111111,0.4,1,0
-0.002401282051282,0.8483569475595515,0,1
0.8172833333333333,0.037567931980963,0,3
0.5733261904761905,0.0490300843025175,0,3
0.5849861111111111,0.0564102939920047,0,3
0.1831772727272727,0.0586698343911196,0,0
0.271025641025641,0.0562702984812724,0,0
0.1107659090909091,0.5370050119228122,0,1
0.0202854166666666,1.0011755485893417,0,1
1.0149388888888888,0.0628216220404903,0,3
0.832945,0.0148602173636068,0,3
0.952025,0.0402024791264017,1,3
0.4211066666666666,0.2019415811764685,0,0
0.4037958333333333,0.7595181919048988,0,1
0.1828717391304347,0.6320236685861842,0,1
0.3710725,0.0386027541121951,1,0
0.3693972222222222,0.0441942884552061,0,0
0.0061383333333333,0.9275106082036776,0,1
0.02335,1.0,1,1
0.2405923076923077,0.0433308258365498,0,0
0.0409588888888888,1.5243602124577498,0,1
0.9169666666666668,0.0542566122128152,0,3
0.0650333333333333,1.017614569338707,0,1
0.682627380952381,0.0477323900722969,0,3
0.9346225,0.0395004475118272,0,3
0.2917015151515151,0.0773498256913911,0,0
0.5818583333333333,0.0525394678342184,0,3
0.5278416666666667,0.0873523109936827,0,3
0.7815333333333333,0.0655197528373399,1,3
0.0655738095238095,0.5882630649749001,0,1
0.7961226666666666,0.0848273697508971,0,3
0.0476841666666666,0.6559973121290178,0,1
0.7154450980392157,0.0382082387426183,0,3
0.0001960784313725,1.0,0,1
0.2490366666666666,0.2134964074740644,0,0
0.0005873333333333,0.5,1,1
0.0023206666666666,1.084765803237901,0,1
0.2046315789473684,0.228749639906077,0,0
0.6803814814814815,0.0409614769311253,0,3
0.1565361111111111,0.6934514357222912,1,1
0.9284277777777776,0.0497313219904958,0,3
0.0220532407407407,0.4176842576367864,1,0
0.0414462962962962,0.3743945411671403,0,0
0.8616233333333333,0.0420717970418301,0,3
0.9397318181818182,0.0443525849211559,1,3
0.0119488888888888,1.0,0,1
0.9642033333333332,0.1161685464430388,0,3
0.60119,0.2364555770990165,0,3
0.77829,0.0405818891153529,0,3
0.0301568181818181,0.1237017191286641,0,0
0.995488888888889,0.0378596964521227,1,3
0.3658777777777778,1.0491327008601607,1,1
0.4804073333333333,0.0871936506057976,0,0
0.0569104166666666,0.8,0,1
1.0048984848484848,0.0431087823158663,1,3
0.1365291666666666,0.4388303234827039,0,0
0.00853,1.0,0,1
0.013,1.0,0,1
0.195886,0.1589294376655272,0,0
0.5589643678160919,0.0437545819569665,1,3
0.114756,0.2555779503867442,0,0
0.1459845833333333,1.0029443073089677,0,1
0.4842780303030303,0.033215128249324,0,0
0.6352354166666667,0.0386688758504747,1,3
0.6049833333333333,0.041292668327843,0,3
0.4710416666666667,0.1928189133647099,0,0
0.93065,0.057406652901076,1,3
0.0326875,0.3014568910635949,0,0
0.3871333333333333,0.6666666666666666,0,1
0.0228,1.0,0,1
0.0104166666666666,1.0,0,1
0.0489736111111111,0.4998141978409528,0,1
0.022175,0.0,0,0
0.9437416666666666,0.0642013843197351,0,3
0.4779463541666667,0.0403594421351672,0,0
0.505810606060606,0.0578024844110785,0,0
0.3963888888888889,0.0431042169325754,0,0
0.52338,0.0343308855844274,1,3
0.9569188596491228,0.0379749420326863,0,3
0.7963916666666667,0.0387725246950293,1,3
0.4263,0.0573341635888909,1,0
0.6003833333333333,0.1823905664902417,0,3
0.54153,0.1420441033837492,1,3
0.0016291666666666,1.0,0,1
0.0032944444444444,1.002020202020202,0,1
0.9524666666666668,0.0260756375442162,0,3
0.6606060606060606,0.04364725932531,0,3
0.8756266666666667,0.0363290366895883,0,3
0.8436,0.0317672068250647,1,3
0.2178092105263158,0.0390152617634674,0,0
0.0138013333333333,1.046859819181388,0,1
0.5983458333333334,0.0424295723330015,0,3
0.0113845238095238,1.004199831582323,0,1
0.1350033333333333,0.2871347454667054,0,0
0.1185821428571428,0.6410162423386854,0,1
0.7162425,0.0383477181287001,0,3
0.1898692307692307,0.1078783566240014,0,0
0.5550031746031746,0.039829540724154,0,3
0.2806186666666667,0.2989595319493636,0,0
0.9045333333333334,0.0738228348615502,1,3
0.0025128205128205,0.1016421192653072,0,0
0.4971222222222222,0.0821191233511238,0,0
0.3987733333333333,0.042828471516872,0,0
0.2465384259259259,0.151687701798749,0,0
0.170474074074074,0.8001902949571835,0,1
0.0062134615384615,0.4000501002004007,0,0
0.0005220833333333,1.0,0,1
0.3600777777777778,0.1182105687174826,1,0
0.0090763888888888,0.832834828846793,0,1
0.4573722222222222,0.3663075376732017,0,0
0.0630208333333333,0.544099787161209,0,1
0.1628944444444444,1.3214783960676413,1,1
0.0318833333333333,0.8,0,1
0.0212650793650793,0.9992806938221876,0,1
0.925325,0.0506169770903149,0,3
0.4835607843137254,0.0448757285037992,0,0
-0.0091477777777777,1.0034188034188034,0,1
0.00459375,1.0,0,1
0.196225,0.5117135227455807,0,0
0.8307555555555556,0.0400418415652221,0,3
0.0525833333333333,1.0,1,1
0.7181019607843137,0.0597634981357659,0,3
0.4719666666666666,0.0574467259140991,0,0
0.0251222222222222,1.0,1,1
0.1217181818181818,0.046237168265216,0,0
0.7821966666666668,0.0426612094331852,0,3
0.0876802083333333,0.416496167948885,0,0
0.27733,0.1064762343880335,1,0
0.4564590909090909,0.0366102292582587,0,0
0.9360795454545454,0.0392367506704251,0,3
0.5190239583333333,0.0467545192074948,0,0
0.7843850877192982,0.0349838936683583,0,3
0.2155359649122807,0.6260946848891594,0,1
0.75668,0.049815241962792,0,3
0.4532769230769231,0.0385604464776737,0,0
0.8657628205128205,0.0307844595462806,1,3
0.191287037037037,0.2879169002004009,0,0
0.6411944444444444,0.0483947871471572,1,3
0.6176514705882353,0.0379471101178032,0,3
0.8634358974358974,0.0384274822451294,0,3
0.8859133333333333,0.0375710263604746,0,3
0.261940625,0.5221982257794501,0,0
0.000359420289855,1.0,1,1
0.0820590277777777,0.2751849898914945,0,0
0.7029666666666667,0.6634384938297588,0,3
0.2790125,0.0506996240702176,1,0
0.82778,0.0371047164581618,0,3
0.520625,0.2380731857801911,0,0
0.2010140625,0.8442456779224974,0,1
0.8675861111111111,0.0351454301528304,1,3
0.585126923076923,0.0431455386905092,0,3
0.5621928571428572,0.0373147250657249,0,3
0.8876166666666667,0.0435659243785375,1,3
0.9938507246376812,0.0409274718758325,0,3
0.0117161111111111,1.4381349125091,1,1
0.805028125,0.0369031491720351,0,3
0.7431851851851853,0.2461796557878602,0,3
0.0135559523809523,0.75,0,1
0.0123527777777777,0.6613870081032162,0,1
0.3259541666666666,0.0931394186836274,0,0
0.277274074074074,0.0575379859085972,1,0
0.0611958333333333,0.6469090114654509,0,1
0.0741101851851851,0.998802590477754,0,1
0.2131688888888888,0.0695987614422364,0,0
0.839909756097561,0.0386530969351239,0,3
0.6678066666666668,0.0565079920241988,1,3
0.6363555555555556,0.1342588348513611,0,3
0.0447759259259259,0.1016421192653072,0,0
0.378675,0.0747420586562677,1,0
0.49486,0.4146869217543565,0,0
0.0161,0.0,1,0
0.0670666666666666,1.0,0,1
0.1510511111111111,0.0346621388022669,0,0
0.016151282051282,1.0021913190054783,0,1
0.66207,0.1992221499591061,0,3
0.1713666666666666,0.5386503304603254,1,0
0.5182972222222222,0.047656132211041,1,0
0.0028190476190476,1.0,0,1
0.8536546296296297,0.0491754117365791,0,3
0.7914916666666667,0.0351921730419687,1,3
0.2925984848484848,0.0862735731833792,0,0
0.0043679012345679,1.0,0,1
0.03741,1.1032971372041267,0,1
0.7610388888888889,0.0637351192054893,0,3
0.1153444444444444,0.1371106342648539,0,0
0.5647741666666667,0.1792297354452771,0,3
0.1050333333333333,0.5,0,0
0.0027291666666666,1.0074074074074075,1,1
0.0018111111111111,0.8,1,1
0.5780766666666667,0.0511517682375067,0,3
0.0232504629629629,1.0,0,1
0.0453215686274509,0.6135331516802907,0,1
0.0205208333333333,1.1647249008076896,0,1
0.4660833333333333,0.044435781978927,1,0
0.0072304347826086,0.25,1,0
0.8217777777777777,0.1487907251801566,0,3
0.0032980392156862,1.0,0,1
0.7830416666666666,0.0334084476534022,1,3
0.4569370370370371,0.0392580607292314,0,0
0.2905416666666666,0.1469425557929217,1,0
0.5761532258064516,0.0373762841428779,1,3
0.33195,0.2663919763534985,0,0
0.0084625,1.0,0,1
0.0184,0.1016421192653072,0,0
0.2572952380952381,0.076111099754957,0,0
0.8731333333333334,0.0330684530418753,1,3
0.7318538888888888,0.0674022497638044,0,3
0.9428583333333334,0.1316475992474909,0,3
0.0057098039215686,1.0,0,1
0.8938027777777777,0.0444033370624396,1,3
0.9062833333333334,0.1115309601367418,0,3
0.8179851449275363,0.0389725440313619,0,3
0.9868722222222224,0.0342542529216246,0,3
0.0202286666666666,0.5799921286864578,0,1
0.0069569444444444,1.002471882338401,0,1
1.89445,0.2201340466242581,0,3
0.7893848484848485,0.0454051003817469,0,3
0.9635564814814814,0.0618108753554403,0,3
0.0044577777777777,0.8531814273430782,1,1
0.61216,0.0463381285139257,1,3
0.3245569444444444,0.0506023777967418,0,0
0.0485590277777777,0.220979844048845,0,0
0.3801333333333333,0.1133154014078529,1,0
1.2280166666666663,0.0425197674551659,0,3
0.3425966666666666,0.0604632578196249,1,0
0.3884066666666666,0.7780504908835905,1,1
0.3644909090909091,0.0455190552302667,0,0
0.92692,0.0830178697688996,1,3
0.0434833333333333,1.000958904109589,0,1
0.0916263565891472,0.4009176157358159,0,0
0.0853061728395061,1.0011033349971787,0,1
0.5284712121212122,0.0471057122056135,0,3
0.4896702380952381,0.0410150146051808,0,0
0.3024986111111111,0.0874323881851591,0,0
0.4459305555555555,0.2497753746902293,0,0
0.4394166666666666,0.0639035606367537,0,0
0.9400583333333334,0.0596644398647664,1,3
0.3325642857142857,0.1290553760069594,0,0
0.556563888888889,0.0412423623105429,1,3
0.4736133333333333,0.0450040909053154,1,0
0.6998944444444445,0.0578915462509954,0,3
1.0045666666666666,0.0738075312949209,0,3
0.2238885416666666,0.1129221207222343,0,0
0.0225239316239316,0.8,0,1
0.2930057471264368,0.0508247359534503,0,0
-0.000185,2.3595917711686822,0,1
0.0571700854700854,0.1923034088573002,0,0
0.8267583333333334,0.0536346456588502,0,3
0.0009259259259259,0.1016421192653072,1,0
0.0926466666666666,0.0898074188716812,0,0
0.0159655555555555,1.0180737725805151,0,1
0.4523055555555555,0.0599359437170845,0,0
0.0455944444444444,1.0044970957606798,1,1
0.0097173076923076,1.0046180232633046,0,1
0.187346568627451,0.0545859812883715,0,0
0.1989833333333333,0.0846920276474888,0,0
0.9326916666666666,0.0399167495050449,0,3
0.055675,0.0864155937913608,1,0
0.9275222222222222,0.0460823963188708,0,3
0.8971944444444444,0.0530166689159264,1,3
0.4084111111111111,0.0861845266292159,0,0
0.0613425925925925,1.0,0,1
0.0965593495934959,0.4363883738823494,0,0
0.9898583333333332,0.2711807100275825,1,3
0.042362037037037,0.8721932326266029,0,1
0.3461181818181818,0.0420253477623106,0,0
0.4846866666666666,0.0563196124091913,0,0
0.6243714285714286,0.0451349193377998,1,3
1.0629574074074075,0.2310944395411535,0,3
0.8165854166666667,0.0316641504863248,0,3
0.327097619047619,0.0390571952787529,0,0
0.0097010638297872,0.8909348353578899,0,1
0.7014714285714285,0.0315433375688329,0,3
0.745255,0.2621217427142577,1,3
0.2538972222222222,0.8381376661587403,0,1
0.2324818181818181,0.0901343560013327,1,0
0.8603083333333333,0.0625396500290511,0,3
0.6753654761904763,0.2813885487057083,0,3
0.00755625,0.5705128205128205,1,1
0.0122208333333333,1.00076665737385,0,1
0.0108683333333333,1.0672207895609072,0,1
0.9500666666666666,0.0576740383951905,0,3
0.7663666666666666,0.0311669947699359,1,3
0.75318,0.0484541354405608,1,3
0.7525433333333332,0.0413401726128219,0,3
0.3273583333333333,0.037002229717561,0,0
0.1007241666666666,0.1016421192653072,0,0
0.463075,0.2503399167447485,0,0
1.09025,0.0445153097538259,0,3
0.9543133333333332,0.0290517828312462,0,3
0.4812680555555556,0.1291409917733663,0,0
0.8390777777777777,0.0380057626686545,1,3
0.65161875,0.0382313332873957,0,3
0.9097222222222222,0.0237968426234887,0,3
1.005940625,0.0295688818948306,0,3
0.0053128205128205,0.6867157074859369,0,1
0.1361,1.0,0,1
0.1741722222222222,0.1258229340836706,0,0
0.6388,0.1567111892947648,1,3
0.0255833333333333,0.6188930744711678,0,1
0.7401380952380952,0.0447929872137024,0,3
0.0242283333333333,0.8568481115056843,0,1
0.5618764705882353,0.0387563269737675,1,3
0.8014074074074075,0.051279546140176,0,3
0.9639333333333334,0.0646406846216976,0,3
0.0274198412698412,0.1851851851851851,0,0
0.4553913793103448,0.0398283825659841,0,0
0.1094226666666666,0.4142726409210218,0,0
0.00771,1.0,0,1
0.9541833333333334,0.0656612170908191,0,3
0.3990814814814815,0.041476311343579,0,0
0.874565,0.0451647771497577,0,3
0.5500333333333333,0.0459926293328954,1,3
0.009225,0.598780552158434,0,1
0.0213351851851851,1.000470237665617,0,1
0.3612208333333334,0.7591212819878103,0,1
0.0096154761904761,1.000726942298955,0,1
0.8218479166666667,0.0349264922587677,0,3
0.0020546296296296,1.0,0,1
0.8991833333333334,0.0921087241107358,0,3
0.7208357142857142,0.0702437612971561,0,3
0.8303611111111111,0.0552910993887405,1,3
0.431975,0.0885587269320936,0,0
0.1428752873563218,0.7247878499512577,0,1
0.20505625,0.0749310284798186,1,0
0.1529152777777777,0.0954000381322958,1,0
0.9600888888888888,0.090940664973665,0,3
0.0018125,1.0418006430868167,0,1
0.0788020833333333,0.1571107026555422,1,0
0.1168188405797101,0.3671423527945214,0,0
0.0875116666666666,0.2891811331449849,0,0
0.9123291666666666,0.0337037057801329,0,3
0.0100266666666666,1.0,0,1
0.9823533333333332,0.0522507794610649,0,3
0.2502033333333333,1.0000765374459455,0,1
0.833525,0.2170046491919749,0,3
0.9538833333333332,0.0516553691702245,1,3
0.8246590476190476,0.0281659530571689,1,3
0.0026764705882352,0.75,0,1
0.1355041666666666,0.1256643114625898,0,0
0.0021117424242424,0.8011194420226678,1,1
0.0703885416666666,1.0039076818137134,0,1
0.0125926666666666,1.001019367991845,0,1
0.8126791666666667,0.042251641652919,0,3
0.9947809523809524,0.0387981268789007,0,3
0.7071114583333333,0.0319951737460016,0,3
1.107027777777778,0.0,1,3
0.56466,0.0437606476916159,0,3
0.0153439814814814,1.0037241120692186,0,1
0.015,0.0,1,0
0.0043930555555555,1.0,0,1
0.5574046296296296,0.0443400014794402,0,3
0.1797297101449275,0.0595910060145609,0,0
0.8023064102564103,0.0405220308193758,0,3
0.8058777777777777,0.0311721824899412,0,3
0.403408547008547,0.047532430562908,0,0
0.8690833333333333,0.0483395583440182,0,3
0.0474666666666666,1.0003908692933083,0,1
0.009530303030303,0.854050109462418,0,1
0.1711277777777778,0.0507757971767522,1,0
0.9492571428571428,0.0385338528313404,0,3
0.2290625,0.0708812730054621,0,0
0.0055114942528735,1.0005211726384364,0,1
0.8372454545454545,0.0407389581910916,0,3
0.0126589743589743,0.7083333333333334,0,1
0.54251,0.0456757183387934,0,3
0.1173916666666666,0.4265354702710451,0,0
1.2536166666666668,0.02596392175432,1,3
0.0383016666666666,1.0051805406389542,0,1
0.8686,0.2206622108217923,1,3
0.0025,1.0,1,1
0.0029436507936507,1.0921610169491525,0,1
0.87369,0.3000114394546478,0,3
0.2479833333333333,0.802403542061986,0,1
0.8600119047619048,0.2227669816289423,1,3
0.3416596666666667,0.7837300339147637,1,1
0.0028341666666666,1.0036452004860266,0,1
0.0032391666666666,1.0,0,1
0.6158833333333333,0.3554200804292342,0,3
0.6546479166666667,0.038422221096565,0,3
0.0082186666666666,0.4927777948561734,0,1
0.1244566666666666,0.1151228527940856,1,0
0.3987333333333333,0.0328827242888862,1,0
0.1113254385964912,0.0461230722701129,1,0
0.0474477777777777,0.9423268474999236,0,1
1.0037833333333337,0.06751164774337,1,3
0.2622925,0.0870320457671207,0,0
0.0078243589743589,0.8,1,1
0.2697371794871795,0.7267600725608552,0,1
0.00205,0.6025641025641025,1,1
0.0996505952380952,0.6795284390097927,0,1
0.8206861111111111,0.0375225216692231,1,3
0.0802166666666666,0.6504655838691117,1,1
0.9874166666666666,0.0383755374002365,0,3
0.9807446666666666,0.0338561904314028,0,3
0.379475,0.618014717008738,0,0
0.0020973333333333,1.0,0,1
0.8514488888888888,0.0383242130128165,0,3
0.0409810185185185,0.6397659360758544,0,1
1.1161759259259258,0.0275141898277668,1,3
0.1166722222222222,0.8564579565354693,0,1
0.2080466666666666,0.8568836879792974,0,1
0.9990666666666668,0.029846831233313,1,3
0.5720566666666667,0.0646423081310158,1,3
0.4729648809523809,0.0389218644829297,0,0
0.0494571428571428,1.0,0,1
0.6431633333333333,0.0864722247953466,0,3
0.050405,1.0145821876847592,0,1
0.425310606060606,0.0401740972214364,0,0
0.84046,0.0361030342644118,0,3
0.9281733333333332,0.0376108566251176,1,3
0.6240694444444445,0.0396630806792297,1,3
0.0134772727272727,0.6228152472677192,0,1
0.1096194444444444,0.2780527050941808,0,0
0.087274,0.05639122987706,0,0
0.4460017094017093,0.0365827744762121,1,0
0.0332725,1.0024477483301013,0,1
0.7524777777777778,0.0400942455041444,0,3
0.0439126262626262,1.0035787321063394,0,1
0.5053333333333334,0.0482693521362176,1,0
0.2035166666666666,0.8,1,1
0.0179283333333333,1.185844514420784,0,1
0.2503766666666667,1.101990798092849,0,1
0.2221986111111111,0.4666975756512917,0,0
0.98741,0.0435289960825013,0,3
0.8513166666666667,0.0589337533272972,0,3
0.931138888888889,0.0466888862729659,0,3
0.9728916666666666,0.0531442798087328,0,3
0.7225892857142857,0.030294192473661,1,3
0.0594258333333333,1.0,0,1
0.002925,0.6666666666666666,0,1
0.8929833333333332,0.0468982725483143,0,3
-0.0029307692307692,0.1016421192653072,0,0
0.4541916666666667,0.1639937805643191,0,0
0.2509433333333333,0.6990246897713804,0,1
0.04542,1.0005400442836312,0,1
0.6279766666666666,0.4253553398490867,0,3
0.4990958333333333,0.1146628995493243,0,0
0.0477446428571428,1.0049812868012071,0,1
0.5853805555555556,0.0693900434634674,0,3
0.6151166666666666,0.1543190652774465,0,3
0.0151666666666666,0.6666666666666666,0,1
0.6935166666666667,0.0274622679165871,0,3
0.8629371794871794,0.053928304618517,0,3
0.015,0.0,1,0
0.0046296296296296,1.0,0,1
0.0251321428571428,0.2019279699781901,0,0
0.0001527777777777,0.1016421192653072,0,0
0.8459933333333333,0.0389415672195218,0,3
0.2693577380952381,0.2833242922434301,0,0
0.0136341269841269,1.003905849862949,0,1
0.7577277777777778,0.0390749620951585,1,3
0.7247616666666667,0.1915103818844999,0,3
0.5411083333333333,0.6510706097926688,0,0
0.3817266666666666,0.0434558787384784,0,0
0.0040640476190476,1.0010085064196914,0,1
0.5934464285714286,0.0542814998143945,0,3
0.0122,0.8,0,1
0.0513416666666666,0.7814943620552952,0,1
0.9872166666666669,0.0427854072403331,1,3
0.8239833333333334,0.0728188292324618,0,3
0.1315731481481481,0.0601320858864244,0,0
0.5961791666666667,0.1068651604354057,0,3
0.0778166666666666,0.0376551580017231,0,0
0.4122333333333333,0.3823868806246112,0,0
0.9247222222222222,0.0701683466401317,1,3
0.0112770833333333,1.046589088826563,1,1
0.1247444444444444,0.0503838774211815,0,0
0.0103105263157894,1.0,0,1
0.83555,0.0743603418651922,0,3
0.8820595238095238,0.0378905356683436,0,3
0.0285048148148148,0.4781961494755668,0,1
0.2488975490196078,0.0382285498524891,0,0
0.7653375,0.0,0,3
0.1528550724637681,0.0428232791741914,0,0
0.0450375,0.6693360203648706,0,1
0.1120851851851851,0.0943874746531059,0,0
0.025313768115942,0.3457839186121693,0,0
0.1621541666666666,0.0481067948658835,0,0
1.298266666666667,0.0039932037079124,0,3
0.0013658333333333,1.0,0,1
0.0243410569105691,0.6783647880885522,0,1
1.1104333333333334,0.0370895760179631,1,3
0.3785694444444444,0.0969017786422495,0,0
0.5754416666666667,0.5644601671490215,0,3
0.7687075757575758,0.0460992689391799,0,3
0.1334266666666666,0.0635196364852632,0,0
0.0318890804597701,0.3019697604669693,0,0
0.1415055555555555,0.9108483243020732,0,1
0.3015083333333333,0.091048986919723,0,0
0.4759741379310345,0.0320770042533605,0,0
1.18,0.0314303058531935,0,3
0.0006866666666666,1.0,0,1
0.0360010638297872,0.2138149942591141,0,0
0.07207,0.7837583143319407,1,1
0.8131533333333333,0.0430887844323401,0,3
0.7492064102564102,0.0296202210946198,0,3
0.0835425925925925,0.1702972055992128,0,0
0.0035666666666666,1.0,1,1
0.4020477777777778,0.0419879746962266,0,0
0.0112303921568627,1.0,1,1
0.0148666666666666,1.0003418803418804,0,1
0.4027547619047619,0.0594438391061201,0,0
0.8698363636363636,0.0424929592151418,0,3
0.0237,0.434453314139894,1,0
0.54378,0.0362617799031594,0,3
0.0780958333333333,0.0529183566706751,0,0
0.4739277777777778,0.0654668326327359,0,0
0.6357236111111111,0.0613157984907855,0,3
0.6419125,0.127008638824015,0,3
0.8907619047619048,0.0462838145411542,1,3
0.0103369047619047,1.002186846619554,0,1
0.8111333333333334,0.0520450352070573,0,3
0.2763866666666666,0.07136462901227,1,0
0.7930245614035087,0.0471328594862582,0,3
0.793,0.0415776675511161,0,3
0.0248201149425287,1.7464151296802437,0,1
0.0247575,0.5552913856021232,0,1
0.48057,0.0372339050078179,1,0
0.4320838383838383,0.0358683119899175,0,0
0.6585366666666668,0.0674838901884387,0,3
0.7267,0.2630033668126647,0,3
0.8530133333333333,0.0361354237318651,1,3
0.2321564814814814,0.3735399047176082,0,0
0.9598966666666668,0.0423693466143524,0,3
0.8692125,0.2994472230695351,0,3
0.6024361111111111,0.0454217464078953,0,3
0.67078,0.0297186490283566,0,3
0.5081555555555556,0.0715357722406045,0,0
0.8293476190476191,0.1338637105698543,0,3
0.5006133333333334,0.0530569220770242,1,0
0.0669380952380952,0.7963314315027336,0,1
0.0016511111111111,1.0,0,1
0.4918095238095237,0.0433585672848208,0,0
0.3401433333333333,0.0779258692592389,0,0
0.015,0.0,1,0
0.0776606666666666,0.4077250999114047,0,0
0.95991,0.0436034382355898,0,3
0.9989785714285714,0.041035473330316,0,3
0.0747191176470588,0.6210055675405626,0,1
0.7968190476190476,0.0419297107641719,0,3
0.0128534722222222,0.5,0,1
0.0981127976190476,1.014900226416952,0,1
0.45705,0.1309051250614295,0,0
0.0076288461538461,1.0,0,1
0.3128666666666666,0.125074085842364,0,0
0.0017148148148148,1.0024928774928774,0,1
0.0334916666666666,1.000074156470152,0,1
0.622472,0.0383073576655184,1,3
0.6205787037037037,0.1943463113230234,1,3
0.7897916666666667,0.0671097655570119,1,3
0.0540666666666666,0.739465313658862,0,1
0.0157242424242424,1.0032478632478632,1,1
0.7496956140350877,0.0489108195759745,0,3
0.0466871794871794,0.3824720227145938,0,0
0.505411111111111,0.03836827703333,0,0
0.869,0.0503724474160412,1,3
0.9497166666666668,0.0495283954590341,1,3
0.0006294871794871,1.1666666666666667,0,1
0.95135,0.0523496673128151,0,3
0.696297435897436,0.0375561947214832,0,3
0.0481966666666666,1.0,0,1
0.3426622448979591,0.1130159446972943,0,0
0.0446155555555555,0.7425375693382218,0,1
0.2980071428571428,0.3874288204490003,0,0
0.182575,0.166890489047534,0,0
0.7579083333333333,0.0395607488698252,1,3
0.0321833333333333,1.0011524358302777,0,1
0.4212979166666667,0.056778135526763,0,0
0.77433,0.0411027437486837,0,3
0.3964933333333333,0.0712395390041305,0,0
0.0015047619047619,1.0,0,1
0.305791111111111,0.051364426540949,0,0
0.3455933333333333,0.8156079288278445,0,1
0.6154037878787879,0.0392539540771315,1,3
0.0320296296296296,1.0,1,1
0.0492416666666666,1.4912229164181787,1,1
0.4809791666666666,0.0374944608224391,0,0
0.1190055555555555,0.5116320139510004,0,0
0.0314173076923076,0.1065210100564752,0,0
0.5616608333333334,0.0457880360942011,0,3
0.841975,0.4250112222399785,1,3
0.009966049382716,1.0,0,1
0.5322166666666667,0.097158639084296,0,3
0.9200111111111112,0.049550079732975,0,3
0.7167516666666667,0.2358671623291082,1,3
0.0053348484848484,1.0,0,1
0.8336801587301588,0.0488230127369428,0,3
0.0053199074074074,1.0,0,1
0.2384916666666666,0.1181019667748711,1,0
0.0621133333333333,1.006651575831447,0,1
0.01075,1.01,0,1
0.1484435897435897,0.0697960651086133,0,0
0.02522,1.0,0,1
0.18124009009009,0.0423054645057179,0,0
0.3446407407407407,0.072490120917017,1,0
0.5463333333333333,0.0652254839784505,0,3
0.0012916666666666,1.0,0,1
0.9367851851851852,0.0289185899281482,1,3
0.6850233333333333,0.0434964525006351,1,3
0.0324507575757575,0.6021605987377242,1,1
0.4916241666666666,0.0525649794358929,0,0
0.1234013333333333,1.001749720044793,0,1
0.8438333333333333,0.0783797424823795,0,3
0.3516357142857143,0.044868331921051,0,0
0.7119661616161617,0.0475382208507568,0,3
0.677625,0.0379173080399433,0,3
0.0249391304347826,0.3300559001164425,1,0
0.2032009259259259,0.1360055138737146,0,0
-0.00565625,2.6666666666666665,0,2
0.035,0.0,1,0
0.0188595238095238,1.0674177665325428,0,1
1.1291439393939393,0.0306112376346107,0,3
0.9749733333333332,0.0306303260796872,0,3
0.821692261904762,0.1382802412769692,0,3
0.0075362318840579,1.0,0,1
0.9218833333333332,0.0419278436935227,0,3
0.006674074074074,1.0019030648660616,0,1
0.0286111111111111,1.0028890347997377,0,1
0.1711863333333333,0.1865232748705619,0,0
0.7666866666666667,0.0296250543254302,0,3
0.6590666666666667,0.1127210440854152,0,3
0.726313,0.0385604664052377,0,3
0.5487666666666667,0.3960935396285973,0,3
0.7750475,0.1008143014087487,0,3
0.01625,1.0,0,1
0.0123485507246376,1.001504773611586,0,1
0.2545385416666667,0.0418076881326142,0,0
0.6099242424242425,0.2349952674073346,0,3
1.004275,0.0223937531216886,0,3
0.723515,0.0396899538424286,0,3
0.4179631313131313,0.0466310970244941,0,0
0.2441291666666666,0.3592757052403161,0,0
0.0345807407407407,1.000421016160537,0,1
0.7518433333333333,0.0524075210886721,0,3
0.0013326923076923,1.0,1,1
1.0195444444444444,0.0300903165685378,1,3
0.1252416666666666,1.0,0,1
0.0036166666666666,1.0,0,1
0.3427846153846154,0.0768943807241888,0,0
0.9480255555555556,0.045376580489771,0,3
0.041490243902439,0.6073566426724791,1,1
0.77825,0.3262991495670811,0,3
0.4072230769230769,0.0403155173150634,1,0
0.1069894444444444,0.1011244139888783,0,0
0.0026796296296296,0.5099890530925014,0,1
0.0502539215686274,1.3585847692958208,0,1
0.004,1.0,0,1
0.0755144808743169,0.5933320692249028,0,1
0.3822840277777778,0.0582326580700257,0,0
0.0172928571428571,1.00167004048583,1,1
0.1110244444444444,1.002837428840109,0,1
0.3476484848484849,0.089394807647336,0,0
0.9827952380952382,0.043177835319927,0,3
0.032106884057971,0.803314024782436,1,1
0.7753166666666668,0.0816796816611982,1,3
0.6677566666666667,0.3600498076208114,0,3
1.0208666666666668,0.0407894749417128,0,3
0.1286738095238095,0.0295312631341768,1,0
0.6779833333333333,0.0613665046747534,0,3
0.5940833333333333,0.4014841627144557,0,3
0.0376967592592592,1.0004693307215555,0,1
0.0697053921568627,1.0099348358834734,0,1
0.7896494047619048,0.0599584389255215,0,3
0.008422,1.0,0,1
0.0374546666666666,0.852528688603065,0,1
0.9954055555555557,0.0367308707136373,0,3
0.0423,0.1925897917078526,0,0
0.0215505208333333,1.0008482745324851,0,1
0.0005379629629629,1.0,0,1
0.0053538461538461,1.0,1,1
0.0842671568627451,1.147750019590823,0,1
0.6589833333333333,0.1009090822491843,0,3
0.003425,1.0,0,1
0.8631055555555556,0.0464368616132256,0,3
0.3858055555555555,0.0564129415483664,0,0
0.7855230769230769,0.0467611626337011,0,3
0.20298,0.1961272679884996,0,0
0.8332366666666667,0.0643114111747006,0,3
0.6447666666666667,0.1144736848941218,0,3
0.559865,0.6013100427750669,0,0
0.7937133333333333,0.0420200373872566,0,3
0.688175,0.0281460069486315,0,3
0.93805,0.0499604510732045,1,3
0.0081204545454545,0.7548786783686112,0,1
0.5036033333333334,0.0883111426733507,0,0
0.5476883333333333,0.0486401396048713,0,3
0.051,0.9154055102832752,1,1
0.5515611111111111,0.2429742746846817,0,3
0.5238902777777777,0.0481950844709472,0,3
0.759490350877193,0.0491510418794167,0,3
0.2946901960784314,0.056232420266811,0,0
0.0667247474747474,0.2330844053712525,0,0
0.8995833333333334,0.06365499979068,1,3
0.8793916666666666,0.0641946109954612,1,3
0.6481679487179487,0.0544211362885233,1,3
0.5402566666666666,0.0643502222391206,0,3
0.126275,0.240757493442132,0,0
0.0381773333333333,0.1711692339710713,0,0
0.8470895833333334,0.0403907756023537,0,3
0.1192133333333333,0.0751266691558622,0,0
1.2255949074074075,0.0324998516484029,0,3
0.56244,0.0377688030367884,1,3
0.08726,0.2469842785459911,1,0
0.3821576923076923,0.0537421871596764,0,0
0.3611611111111111,0.0538065448098371,1,0
0.456390909090909,0.0432610990014888,0,0
0.4101233333333333,0.0786185825849187,0,0
0.9085666666666666,0.0550147334648512,0,3
0.8729283333333333,0.0357216872859296,0,3
0.4883369047619048,0.0517805155824957,1,0
0.4581047619047619,0.1202322751247049,0,0
0.085325,0.4814192097600415,0,0
0.0115966666666666,1.0,0,1
0.0738908333333333,0.1075636906291159,0,0
0.5195395833333333,0.2969491696080928,0,0
0.1551351063829787,0.1907504192071357,0,0
0.0644648148148148,0.1005739661441155,0,0
0.013,1.0,0,1
0.50596875,0.0765110444264396,0,0
0.0234625,0.1016421192653072,0,0
0.8534,0.0561041973300669,0,3
0.64317,0.0393467991054849,1,3
0.4174895833333333,0.249696113170534,0,0
0.068479012345679,0.6256964070075165,0,1
0.3718666666666667,0.6154409779062178,0,0
0.154720238095238,0.089590516091713,0,0
0.1260354166666666,0.6059744461403351,0,1
0.6202561403508772,0.0414599759394775,0,3
0.2877333333333333,0.0486981154923165,0,0
0.2361488095238095,0.2328181751904435,0,0
0.565925,0.0134636209935957,1,3
0.0040691666666666,1.0,0,1
0.0222033333333333,1.0,0,1
0.9875333333333334,0.054499379970114,1,3
0.7770992907801418,0.0302879688130334,0,3
0.7714494252873564,0.0333275123038912,1,3
0.6878102564102564,0.0486233539269374,0,3
0.4807039215686274,0.0476797796192172,0,0
0.0272541666666666,0.8028253226421063,1,1
0.0024375,1.2,1,1
0.4396592592592593,0.0464862572821416,0,0
0.97936,0.0388679007484197,0,3
0.2715705128205128,0.5225052658617179,0,0
0.2815092592592592,0.0376659263974535,0,0
0.4354805555555555,0.0504047869842584,0,0
0.7952166666666667,0.111248249226855,0,3
0.828111111111111,0.0879491845956144,0,3
0.4537444444444444,0.0443457663733271,0,0
0.0007466666666666,1.0,0,1
0.0461833333333333,0.2753864368586051,1,0
0.6752166666666667,0.13288935689648,0,3
0.5230077519379845,0.0374390446445369,1,3
0.4814357142857143,0.0419020762929685,0,0
0.0033588541666666,1.0,1,1
0.0045288888888888,1.0005668934240364,0,1
0.87592,0.0539784087524466,1,3
0.9754037037037036,0.0397524254046794,0,3
0.0027638888888888,1.0,0,1
0.636314236111111,0.0534736163661251,0,3
0.4666022222222222,3.59622008553925,1,2
0.0110302083333333,0.8003681768311453,0,1
0.0813305555555555,0.2845865092918966,0,0
0.0164692307692307,1.0,0,1
0.11731,0.5854237420479509,0,1
0.0006944444444444,0.1016421192653072,0,0
0.0171122222222222,0.5333333333333333,0,1
0.90299,0.0450107528333385,0,3
0.1162458333333333,5.0,0,2
0.7730041666666667,0.0619384730143324,0,3
0.9742541666666666,0.0373653489686009,0,3
0.042,0.0,1,0
0.0231541666666666,0.970875433235194,0,1
0.0124020833333333,1.0368475173853704,0,1
0.00340625,1.0,0,1
0.0375072463768115,0.0778067740160536,0,0
0.68846,0.0414530750102321,0,3
0.6514533333333333,0.0397030910476077,0,3
0.0116879629629629,0.4121915820029027,1,0
0.0110190476190476,0.6189552705661557,0,1
0.0161527777777777,0.8190924119241192,0,1
0.1581226666666666,1.0259659021103935,0,1
0.8350222222222222,0.0454764653068442,0,3
0.1800479166666666,0.2632191729892109,0,0
0.0046950980392156,1.0,0,1
0.0935079710144927,0.2997370015854764,0,0
0.0048314102564102,0.8,1,1
0.0328873333333333,1.001566143513802,0,1
0.9141944444444444,0.0576021281227409,0,3
0.5143353535353535,0.0279959586207739,1,0
0.8538444444444444,0.0381060014840189,1,3
0.5746027777777778,0.0552488184133995,0,3
0.3526942708333333,0.0405627145979107,0,0
0.0075601449275362,0.9262379939837372,0,1
0.3559486842105263,0.0448268543863672,1,0
0.0116375,1.0172292170669055,0,1
0.66397,0.2485040231002828,0,3
0.2634274193548387,0.0298414516627529,1,0
0.0507244444444444,0.3455953730525712,0,0
0.0268648148148148,0.8687493445233049,0,1
0.7059625,0.0507792756871753,0,3
0.70164,0.1124137717333133,0,3
0.0408410714285714,1.0031683705516523,0,1
0.0045161111111111,1.0004504504504503,1,1
0.9837911111111112,0.0423348243772956,0,3
0.2449555555555555,0.0760917704001925,0,0
0.7554416666666667,0.0390238250264052,1,3
0.1250462962962963,0.3624238359784213,0,0
0.7404611111111111,0.2556294960709585,0,3
0.5092020833333333,0.0419312283206422,0,0
0.3038466666666666,0.0707597755149438,0,0
0.1391906976744186,0.1771826240565029,0,0
0.03721875,1.0001220628623742,0,1
0.7856515151515152,0.0336009068152591,1,3
0.901928,0.0395076225338749,0,3
0.64269,0.3647300866643892,0,3
0.0451208333333333,0.8053181268373699,0,1
0.0219746376811594,1.079527909543008,0,1
0.0104587719298245,1.0004405286343612,0,1
0.014815625,0.998676318220611,0,1
0.0091688405797101,1.0,0,1
0.4717363636363636,0.0331440883310471,1,0
0.0748936507936507,1.0187114405200617,1,1
0.3089553333333333,0.0629790636980428,1,0
0.4812666666666667,0.6529786177320402,0,0
0.5966583333333333,0.0641665354081358,0,3
0.0054046296296296,1.0,1,1
0.9500266666666668,0.0327779401484168,1,3
0.15592,0.1993947196537448,0,0
0.5142354166666667,0.0418083850798197,0,0
0.5973177777777778,0.03809835684515,0,3
0.1624953703703703,0.0452345973345616,1,0
0.1067866666666666,0.8919339567513471,0,1
0.6607166666666667,0.6268014109807255,0,3
0.5350640350877193,0.1356123940704012,0,3
0.92295,0.0616978845143214,0,3
0.3415666666666666,0.0366118391780055,0,0
0.888511111111111,0.0411449494108596,0,3
0.0461,1.188069184609954,0,1
0.0089063492063492,1.0,0,1
0.0343814814814814,1.0012903178665142,0,1
0.0784447916666666,0.47034147527362,0,0
0.0058936781609195,1.0,1,1
0.5768642857142857,0.0403128074529727,1,3
0.354287962962963,0.0326108213675565,1,0
0.0147355555555555,1.0005843221862638,0,1
0.1836592592592592,0.1093922268536315,0,0
0.6096592592592592,0.1306699576529692,0,3
0.130199537037037,0.652402230626037,0,1
0.8256333333333334,0.0749884119608742,1,3
0.8705125,0.0807290906087751,1,3
0.3089,0.1372184237253743,1,0
0.0688928571428571,0.8056827202734633,0,1
0.0076194444444444,1.0090809677626509,0,1
1.00695,0.0438448180767884,0,3
0.5988066666666666,0.0342422947104232,0,3
0.6167772727272727,0.0421473137545387,0,3
0.0035436507936507,0.8,0,1
0.1318333333333333,0.1729195443911498,1,0
0.1250923333333333,0.0866571700717553,0,0
0.8547270833333334,0.0393833021106686,0,3
0.7785559027777778,0.0480485837019355,0,3
0.9879166666666668,0.054376221026341,0,3
0.0516466666666666,1.0060179802236984,0,1
0.9674833333333333,0.0415565081666088,1,3
0.2915,0.0669385361624138,0,0
0.8434242424242425,0.0419924039797512,0,3
0.0049884615384615,0.4997999199679872,0,1
0.9847858333333332,0.0348008458043863,0,3
0.9661719298245612,0.0384463823982401,0,3
0.0874651515151515,0.1765637137458321,0,0
0.4837066666666666,0.0479036921479256,1,0
0.8347933333333334,0.0402192781142731,0,3
0.7697484126984127,0.0375974894104703,0,3
0.9051611111111112,0.0439364999560364,0,3
1.16255,0.0809878478918175,0,3
0.9348185185185186,0.0514715400869592,1,3
0.4060091397849462,0.0320389469876025,0,0
0.6190083333333334,0.0371401397005659,0,3
0.4757533333333333,0.0584774722526255,0,0
0.1204425925925926,0.0625477991800844,0,0
0.0119527777777777,1.0018744142455482,0,1
0.0353696969696969,1.0054371312165444,0,1
0.0006119047619047,1.0,0,1
0.0107863636363636,1.0,0,1
0.0181541666666666,1.0,1,1
1.2632977777777776,0.0429735471826532,0,3
0.2950738095238095,0.5498032300770873,0,0
0.004348,1.0,0,1
0.8549698412698412,0.041013217047103,0,3
0.6032645833333333,0.1109420586771801,0,3
0.106396,1.0001424838617643,0,1
0.0165188888888888,0.5049368743647779,0,1
0.7396333333333333,0.0393792637323364,0,3
0.5116275,0.0399476923905577,1,0
0.6031040404040404,0.0358048989081693,0,3
0.7893222222222223,0.0469052468546258,0,3
1.0292733333333333,0.0443793419873597,0,3
0.8421055555555556,0.100004624870022,0,3
0.9134277777777776,0.1217292457243666,0,3
0.50425,0.0590754763921041,1,0
0.1622714285714285,0.0672192750531823,0,0
0.2630440476190476,0.0340706160152861,0,0
0.0041666666666666,0.0,1,0
0.0992133333333333,0.3805164685253339,0,0
0.1228023148148148,0.326688692672003,1,0
0.8680833333333334,0.0820926319518409,1,3
0.0012878787878787,0.8,1,1
0.0328243589743589,0.0829670646777233,1,0
0.4675520833333333,0.0408951938524885,0,0
0.74168,0.0408611061857215,1,3
0.9411916666666666,0.0611589700947734,0,3
0.2580933333333333,0.5577113866493529,0,0
0.0108683333333333,0.8,0,1
0.4398522988505747,0.0327843952477638,0,0
0.34550625,0.090804244489387,1,0
0.9553736111111112,0.0373994313355303,1,3
0.7204866666666667,0.0377332669628379,1,3
0.83984,0.0713572255704977,0,3
0.0594413333333333,1.023034557267835,0,1
0.07872875,1.0255827133686826,0,1
0.3515214285714286,0.0738772694994786,0,0
0.6131109195402299,0.0568129038349555,0,3
0.3560194444444444,0.2269983693668099,0,0
0.5807888888888889,0.0659651586089158,0,3
0.5630583333333333,0.2843808428825306,0,3
0.6637833333333333,0.0825796436085298,1,3
0.0809984848484848,0.2137228893888637,1,0
0.1109139784946236,0.566138609710491,0,1
0.26087,0.0687906897555339,0,0
0.7378944444444445,0.0401284675981684,0,3
0.2565083333333333,0.484284953266502,0,0
0.0021666666666666,1.0009195402298852,0,1
0.3116333333333333,0.092355542672133,0,0
0.1833583333333333,0.1252236135957066,1,0
0.2239352564102564,0.413562071770737,1,0
0.1509345833333333,0.1597759891750087,0,0
0.0798333333333333,0.0,1,0
0.8789147435897436,0.0401160965746677,1,3
0.5135777777777778,0.0231211761712974,1,0
0.4643916666666667,0.0796227869647284,1,0
0.0580866666666666,0.806374480530302,0,1
0.5678822916666667,0.0351429677050809,1,3
0.0796388888888888,0.5,1,1
0.0016898550724637,0.8,0,1
0.596927380952381,0.0577034627049442,0,3
0.905325,0.0616228207105737,1,3
0.2351934523809524,0.2427746802915054,0,0
0.536775,0.2649901664529063,0,0
0.95325,0.0822167366453282,0,3
0.87505,0.0479759547264464,0,3
0.0048270833333333,0.5012539199721108,1,1
0.0456666666666666,0.4948053580547489,0,1
0.60180625,0.0389278770932783,0,3
0.5729722222222222,0.0399176737244434,0,3
0.0033509259259259,1.0004728132387706,0,1
0.4513224137931034,0.4224837917020291,0,0
0.0721566666666666,0.8512207614819873,0,1
0.51167,0.054921155350006,0,0
0.1389533333333333,0.8040293091494242,0,1
0.0176205882352941,1.0,1,1
0.1458907407407407,0.9473239530867856,0,1
0.4635203703703704,0.0520849807460467,0,0
0.6166116666666667,0.2438321462969638,0,3
0.0629675925925925,0.8807731984868076,0,1
0.0540869047619047,0.4898104595058996,0,1
0.6956096491228071,0.0294084970976147,0,3
0.0461519607843137,0.6105455972961861,0,1
0.7261866666666668,0.0456454105890189,0,3
0.6401333333333333,0.1042136959329957,0,3
0.2729066666666667,0.2758335693245334,0,0
0.0125072463768115,1.002118588488957,0,1
0.0206286324786324,1.002967272177843,0,1
0.0192683333333333,0.2566452623104714,0,0
0.0254119047619047,0.3880564598879046,1,0
0.7629666666666667,0.0414105206012528,0,3
0.1119966666666666,0.1379410390481256,0,0
0.545776923076923,0.1234597220872344,0,3
0.098885294117647,0.8443032332819472,0,1
0.00333,1.0,0,1
0.8662617647058823,0.0382159562967022,0,3
1.0032653846153847,0.0398244783246483,0,3
0.7063,0.0371447999910184,1,3
0.7459666666666667,0.2798094940928051,1,3
0.5711833333333333,0.2157379118157089,0,3
0.0413822222222222,0.7313467894449482,1,1
1.0457565789473684,0.0464897383294104,0,3
0.0275018518518518,0.6628101521691233,0,1
0.7527,0.1123555645655698,0,3
0.069974074074074,1.0016389149434426,0,1
0.8519666666666666,0.0389776675904219,1,3
0.0059375,0.0,1,0
0.1910426666666666,1.0002448495775944,0,1
0.1245180555555555,0.0477287057865921,0,0
0.5378462962962963,0.0377966186670142,0,3
0.0769214285714285,0.6550231043588559,1,1
0.2150533333333333,0.0687032343205773,0,0
0.5115611111111111,0.0632848831571291,1,0
0.8760916666666666,0.0639225062246928,0,3
0.1641560606060606,0.3377476119772857,0,0
0.4592027777777778,0.0597717961161532,0,0
0.0721873015873015,0.2259732079451354,1,0
0.8215333333333333,0.0674429290393788,0,3
0.23,0.0,1,0
0.1529666666666666,1.0175840978593271,1,1
0.0039,1.0,1,1
0.7938,0.0312404626692118,0,3
0.3919297619047618,0.2233299562148752,1,0
0.0011455882352941,1.1722842449225137,0,1
0.00146875,0.1016421192653072,0,0
0.3885833333333333,0.2237305540586866,1,0
0.4845766666666666,0.0428793101235479,0,0
0.0055984126984126,1.0,0,1
0.1286904166666666,0.0443519962396877,0,0
0.5940769230769231,0.0558820001914121,0,3
0.0408305555555555,0.6493168372351583,0,1
0.002817,1.0044479923494778,0,1
0.0655544444444444,1.0,0,1
0.0038405555555555,0.6000766577232657,0,1
0.7137694444444445,0.0526399699890435,0,3
0.0255533333333333,1.0,0,1
0.845337037037037,0.0372521766470864,0,3
0.8800083333333334,0.0668509156762061,0,3
0.8253375,0.0405101094631888,0,3
0.0747198717948718,0.3689630419280257,0,0
0.7010666666666667,0.6900693725837219,1,3
0.0259708333333333,0.15001500150015,1,0
0.2472333333333333,0.0735934354086846,0,0
0.295512962962963,0.0426694368455229,0,0
0.6489148809523809,0.0463308973628409,0,3
0.5414346153846153,0.3320261520663532,0,0
0.5904416666666666,0.0660373966074121,0,3
0.0021537037037037,0.6,0,1
0.8545466666666667,0.0349661810599387,1,3
0.007514,0.9549844521675508,1,1
0.004875,1.0,0,1
0.2072314814814814,0.0412003521141933,0,0
0.7584166666666666,0.0426412566713815,0,3
0.0813607638888888,1.0080067080745956,0,1
1.3186583333333337,0.0586773859788258,1,3
0.0292744186046511,0.8010641583875296,0,1
0.9203944444444444,0.0579305707077096,0,3
0.8177125,0.0349161465770754,0,3
0.2688537037037037,0.0734667674051146,0,0
0.8147012820512821,0.0415861478771649,0,3
0.0172658333333333,1.0037104736135596,0,1
0.0138433333333333,1.0308302417807342,1,1
0.3620026315789473,0.0657466985345188,0,0
0.0012027777777777,0.5599198396793588,0,1
0.424775,0.0933961741707526,0,0
0.6845777777777777,0.2508238510852859,0,3
0.101214,0.1263517452413215,0,0
0.17765,0.1636634311440619,0,0
0.4736555555555555,0.0402070614628929,0,0
0.0272472222222222,1.0606220981581227,0,1
0.6310677777777778,0.0420329862714158,0,3
0.0039166666666666,0.8952380952380953,0,1
0.07591,0.1544520499136862,0,0
0.9622766666666668,0.0336414072661228,1,3
0.040227536231884,1.0057716180057696,0,1
0.1775186274509804,0.046833989375198,0,0
0.0198333333333333,1.01,0,1
0.5507708333333333,0.0456637908358233,0,3
1.0177333333333334,0.0358241900877552,0,3
0.0343181159420289,1.0031826646351787,0,1
0.0041035714285714,0.75,0,1
0.2981144444444444,0.6030495816172093,0,0
0.0589635416666666,0.7576184517191393,0,1
0.525425,0.2750450274808682,0,0
0.0166611111111111,0.8704752376188093,0,1
0.4899166666666666,0.0420592645953145,0,0
0.8197466666666667,0.0498291657986128,0,3
0.0716479166666666,1.0,1,1
0.2215277777777777,0.7636750250773651,0,1
0.6249604166666667,0.0449057415857212,0,3
0.697575,0.0716010376258382,1,3
0.0043083333333333,1.0,1,1
0.7614816666666667,0.0853661911417671,1,3
0.192394298245614,0.1630247967473432,0,0
0.7395611111111111,0.0890898833338528,0,3
0.99836,0.0478650079346351,0,3
0.0105579710144927,0.9372014441419774,1,1
0.005055,1.0,0,1
0.0072616666666666,1.0088486280687936,0,1
0.8629428571428571,0.0471958899159909,0,3
0.8374931034482759,0.0479403716449325,0,3
0.629625,0.2291168710243921,0,3
0.0103685185185185,1.7677419354838708,0,1
0.5251,0.2375070991038742,1,0
0.066465625,0.8331690035384629,0,1
0.142228,0.0704929271042517,0,0
0.003,1.0,0,1
0.3188222222222222,0.0347403161368768,1,0
0.8383261904761905,0.0358854323593309,1,3
0.0090598958333333,0.5095561132193523,0,1
0.79616,0.0492709855636843,0,3
0.6014066666666666,0.0679897142391516,0,3
0.8471666666666666,0.0628169732099839,0,3
0.6409440476190477,0.0987486585113314,0,3
0.4836111111111111,0.0471838354797157,1,0
0.6124944444444445,0.0728298611953625,0,3
0.2970333333333333,0.0145385050962627,0,0
0.8620083333333334,0.0373104036485494,1,3
0.2492725,0.0493397394732888,0,0
0.0595238095238095,1.0,0,1
0.8544666666666666,0.1519631226410542,0,3
0.8313656862745098,0.0397908650531199,0,3
0.932345,0.0403700224277596,0,3
0.6365261904761905,0.0833000570655635,0,3
0.0094675925925925,1.0,1,1
0.5202833333333333,0.0758972022645558,0,0
0.0212273809523809,1.0,0,1
0.0043183333333333,1.0,0,1
0.3140275,0.0560649726817455,0,0
0.9231033333333332,0.1368518153378912,0,3
0.46875,0.0801299805177812,0,0
0.7580819444444444,0.0422748485840879,1,3
0.6150333333333333,0.1792335422304347,0,3
0.9704791666666668,0.047866605264968,0,3
0.0983072222222222,0.5278450363196125,1,1
0.4512333333333334,0.0885356143231253,0,0
0.6166666666666667,0.0861050983765609,0,3
0.33332,0.0680047275135194,0,0
0.1925166666666666,0.4302897026104679,0,0
0.75443,0.0518691873984736,1,3
0.4544833333333333,0.0349162011173184,1,0
0.73539,0.0402281402410337,0,3
0.0944823809523809,1.0443657887215372,0,1
0.4020916666666666,0.0798349888284962,1,0
0.8708472222222222,0.0369457145030578,1,3
0.4268560606060605,0.1518673207731115,0,0
0.0171583333333333,0.8811802917490329,0,1
0.65513,0.2032782167819799,1,3
0.8838423076923076,0.0344644943549248,1,3
0.4724137931034483,0.0358305314446039,0,0
0.0964449074074074,1.3388844353753473,0,1
0.5497270833333333,0.0424505852130084,0,3
1.1140533333333331,0.0286161413915523,0,3
0.44375,0.0760518752072673,0,0
0.0233008333333333,0.8083207642031172,0,1
0.12715,0.728208282082821,0,1
0.6229066666666666,0.0431116770057299,1,3
0.7527224637681159,0.0371406271565663,0,3
0.9829583333333334,0.0804502172379234,0,3
0.0173715686274509,1.0,0,1
0.7449395833333333,0.0928774391842667,0,3
0.6301666666666667,0.042583392476934,1,3
0.4733166666666667,0.0500094246555774,0,0
0.0013463768115942,0.5,0,1
0.2848444444444444,0.1125164545344252,0,0
0.1815896666666666,0.596087550615352,0,1
0.1399633333333333,0.1356042734983963,1,0
0.0050539215686274,0.1016421192653072,0,0
0.7276933333333333,0.0458319513928115,0,3
0.42045,0.1558098389314206,0,0
0.31827,0.1727158542544474,1,0
0.030316,1.0023916608863224,0,1
0.9335708333333332,0.0356716254699964,0,3
0.7690555555555556,0.271085628298305,0,3
0.0032227891156462,1.001859229747676,0,1
0.5140333333333333,0.042214201123807,1,0
0.0899851851851851,0.6568921864096839,0,1
0.4048814814814815,0.0563354164506349,1,0
0.02634375,1.1673402529179666,0,1
0.3699590909090909,0.045053661079869,0,0
0.13605,0.0982639423039936,0,0
0.0242538888888888,0.6726495562121974,1,1
0.0117488888888888,0.734724176166121,0,1
0.0141130081300813,1.033040109443586,0,1
1.0563733333333334,0.0612706392550654,0,3
0.0319416666666666,0.5857475099771325,1,1
0.0044444444444444,1.0,0,1
0.7103466666666667,0.0403811335583153,0,3
0.989897619047619,0.0382022093626822,0,3
0.0109853333333333,1.0018174221284084,0,1
0.0225466666666666,1.0,0,1
0.5381777777777778,0.1088352992784969,1,3
0.0186972222222222,1.0011337868480727,0,1
0.8280198412698412,0.0386046818979484,0,3
0.0006172839506172,1.0,0,1
0.8502944444444444,0.0477784918843213,0,3
0.3287990740740741,0.0367668219194586,0,0
0.3213566666666667,0.1045435883191522,0,0
0.7295512820512821,0.0365757469155934,0,3
1.14773,0.0436870648087864,0,3
0.94885,0.0432792439936565,0,3
0.2428941176470588,0.2515729234021174,0,0
0.0065,0.6949852507374631,1,1
0.7946861111111111,0.0483173712176397,0,3
0.009948,0.0,1,0
0.2091549019607843,0.069887041984361,1,0
0.0264979166666666,1.0040452630739218,0,1
0.2089378048780487,0.551222407635392,0,0
0.7896142857142857,0.0456558655403703,0,3
0.1757673333333333,0.678908141467446,0,1
0.5971733333333333,0.046253848866341,1,3
0.3796833333333333,0.3582705324383816,0,0
0.1399,0.0891318389483889,0,0
0.0642358333333333,1.0003486189326898,0,1
0.0083666666666666,1.0,0,1
0.0231975490196078,1.005009687423316,0,1
0.794838888888889,0.0371910734291453,0,3
0.00281,0.5,1,1
0.73584,0.0441425991108044,0,3
0.005995,1.0,0,1
0.3211444444444444,0.0690001511809758,0,0
0.1685477777777778,0.4343638212548871,0,0
0.7135333333333334,0.2744769459917709,0,3
0.075175,0.7987900078064012,0,1
0.7952277777777778,0.0471130510822737,1,3
0.081375,1.0,1,1
0.9128722222222224,0.0458278205196264,1,3
0.020660752688172,1.0,0,1
0.4968416666666667,0.0540248363338528,1,0
0.0025355555555555,0.8,0,1
0.75479375,0.2463396184510032,0,3
0.3264774509803921,0.0380238553860227,0,0
0.7158854166666667,0.045420947212193,0,3
0.0572733333333333,1.002447293111934,0,1
0.1412087301587301,0.2283978745459569,0,0
0.3609857142857143,0.0772235926355588,0,0
0.0752712121212121,0.5392670157068062,0,1
0.0252666666666666,0.2802081754061403,1,0
0.6178972222222222,0.0647665388676611,1,3
0.3578777777777778,0.1137278998952789,0,0
0.64627,0.0392234012341021,0,3
0.49651,0.3600434674098612,0,0
0.3023466666666666,0.0620751893203074,0,0
0.5320633333333333,0.0473619834445437,1,3
0.9592285714285714,0.0431686126400646,0,3
0.4071261904761905,0.0400588677520575,0,0
0.9843133333333332,0.0411854295160566,0,3
0.79845,0.07704094253773,0,3
0.0091208333333333,1.0,0,1
0.0198989583333333,1.0002846054333765,0,1
0.0215043478260869,0.207736848331618,0,0
-0.0015722222222222,2.218296531743921,0,1
0.0244166666666666,0.8,0,1
0.706911111111111,0.3492447641709252,0,3
0.442375,0.0594497466315227,1,0
0.3374222222222222,0.2022599621123998,0,0
0.6535733333333333,0.0374904393916712,1,3
0.8874177419354838,0.046023329956669,0,3
0.0247774509803921,0.6522184199130124,0,1
0.2542777777777777,0.0395501706544251,0,0
0.0569305555555555,0.4995348916450865,0,1
0.9303333333333332,0.0926915014245543,0,3
0.8759333333333333,0.17061300418678,0,3
0.0143770833333333,1.034350559039393,0,1
0.3652058333333333,0.0407179879933931,0,0
0.7457633333333333,0.0433712801591318,1,3
0.9724166666666666,0.0853338810845254,1,3
0.0049741666666666,1.0,0,1
0.0251625,1.0,0,1
0.3784692708333333,0.071544917844456,0,0
0.3930933333333333,0.3034186808591966,0,0
1.046361111111111,0.0,1,3
0.831125,0.0525001899687703,0,3
0.045,0.7506071053028647,0,1
0.13495625,0.1996681633334263,0,0
0.8655166666666667,0.0867871555582041,0,3
0.3759883333333333,0.0373254091322557,0,0
0.0284367647058823,0.3353881671249189,0,0
0.6871333333333333,0.4244589950028199,0,3
0.0519156862745098,1.0583657587548638,0,1
0.8120866666666667,0.0383609882905267,1,3
0.4948266666666666,0.055810969996077,1,0
0.4654388888888888,0.3183146002252035,0,0
0.812858024691358,0.0387196343200186,1,3
0.1627464912280701,1.0003613566573684,0,1
0.045770238095238,0.1994411952809218,0,0
0.9465583333333332,0.0419065696693884,0,3
0.4200885416666667,0.0438340157047005,0,0
0.0025083333333333,1.0,0,1
0.4066013513513513,0.0384171077898372,0,0
0.5319555555555555,0.0540271330737517,0,3
0.1520431372549019,1.0,0,1
0.9165466666666668,0.0327140838976545,0,3
0.3005557971014492,0.0434945305901243,0,0
0.7545487179487179,0.0402931001427413,1,3
0.5588407407407407,0.0426048927947862,0,3
0.0179585185185185,1.00038167909271,0,1
0.0269066666666666,1.0,0,1
0.6287111111111111,0.0413482849226867,0,3
0.1579088652482269,0.0375631016925196,0,0
0.9150933333333332,0.2353637386941529,0,3
0.9061225,0.0928985504855312,1,3
0.0022571428571428,1.0,0,1
0.0507816666666666,1.0178558875219683,0,1
0.3764141666666666,0.2065209137848766,0,0
0.2024388888888889,0.0593765523216589,0,0
0.0788708333333333,0.9998551868702382,1,1
0.0002925,1.0083333333333333,0,1
0.4749666666666667,0.1523908086406361,0,0
0.6506833333333334,0.07810319152909,0,3
0.2875235294117647,0.0558558757640082,0,0
0.4265447916666667,0.0464962410250803,1,0
0.0190486111111111,1.0,1,1
0.3386,0.046692607003891,1,0
0.4413928571428571,0.0529746796153739,1,0
0.0716875,0.8,0,1
0.0010885185185185,1.0004040404040404,0,1
0.0070013888888888,1.0257113476262232,0,1
0.0005737179487179,0.1016421192653072,0,0
0.7509166666666667,0.0913503501582651,0,3
0.9877416666666666,0.0540925423876417,0,3
0.0728908333333333,0.6028175606348439,0,1
0.0045958333333333,1.0,1,1
0.0009130952380952,1.0,0,1
0.5168759259259259,0.0433898036502756,0,0
0.3133898148148148,0.0386621085417035,0,0
0.9399172413793104,0.0405980217988382,0,3
0.9112809523809524,0.0388504527905973,0,3
0.8447097222222223,0.0389885103448146,0,3
0.0083925925925925,0.5049787789748612,0,1
0.9076166666666666,0.0684188822154729,1,3
0.5518583333333333,0.0618516310416121,0,3
0.4609480769230769,0.05429870139691,0,0
0.7143458333333333,0.0308501853071841,0,3
0.0144558823529411,1.0,0,1
0.0052346153846153,1.2335522769316078,1,1
0.98389,0.0348088774091562,1,3
0.6900722222222223,0.0549780130734266,1,3
0.8095189393939394,0.037629584756279,0,3
0.76975,0.1009449325280232,0,3
0.00284375,0.8,0,1
0.0983848484848484,1.0,1,1
0.1652916666666666,0.2720905156542995,0,0
0.72550625,0.0375628817265371,0,3
0.051090625,0.6320378663796637,1,1
0.3023933333333333,0.4760599170985085,0,0
0.2348452991452991,0.042145504157825,0,0
0.0029,1.0048428955893458,1,1
0.9836333333333334,0.0587891246400321,0,3
0.0026333333333333,1.0,0,1
0.2414724358974359,0.0406199076875658,0,0
0.3295489130434783,0.1408612479152212,0,0
0.0024958333333333,1.0,1,1
0.01132,0.76,0,1
0.7050847826086957,0.0263993062846685,0,3
0.8744827956989248,0.0359815399761127,1,3
0.2080048387096774,0.0395183742158709,0,0
0.1057566666666666,0.4374474718840346,1,0
0.04068125,1.000602881774884,0,1
0.1021888888888888,0.3022509810923172,0,0
0.2921916666666667,0.045002026185845,0,0
0.9883166666666666,0.0609766020431927,0,3
0.1015705882352941,0.0738829407270341,1,0
0.0478333333333333,0.0041666666666666,1,0
0.0306930894308943,0.8089612435075313,0,1
0.602725,0.535029659953818,0,3
0.8320166666666667,0.039401329884716,1,3
0.3139666666666666,0.0983493984015436,1,0
0.9830787234042552,0.0304113022623003,1,3
0.0078069444444444,1.4,0,1
0.7925,0.4099360488323673,0,3
0.414675,0.816934865900383,1,1
0.6758722222222222,0.039667727102024,0,3
0.4764777777777778,0.0459786710544006,1,0
0.044285,1.0068599033816426,0,1
0.6976,0.0607833249434807,0,3
0.685909420289855,0.039220155687515,0,3
0.0129182291666666,1.0001462599247806,0,1
0.006425,1.0007927070947285,1,1
0.0206846153846153,0.8747418715838241,0,1
0.7830722222222222,0.0518527049575887,0,3
0.0022136363636363,0.8,0,1
0.4335972222222222,0.0355491813754626,0,0
0.2807538461538461,0.2828272770327322,0,0
0.3119101851851852,0.0395593062227925,1,0
0.5360433333333333,0.0536839277818189,0,3
0.0225948717948717,0.8,0,1
0.7761369047619048,0.0392845984178037,1,3
0.1759916666666666,0.0724058321005377,1,0
0.0013809523809523,1.004490306441526,0,1
0.0560833333333333,0.8023566986119863,0,1
0.0225857142857142,0.5600588406998469,0,1
0.8964785714285715,0.0358213006406129,1,3
0.9790166666666666,0.0793293692113936,0,3
0.1452850427350427,0.0623295596901861,0,0
0.4830785714285714,0.3399896064998179,0,0
0.0156552083333333,1.0019344560764678,0,1
0.31666875,0.0985822703051832,0,0
0.0100505747126436,0.6067401387686221,0,1
1.0018684210526316,0.0359970641089712,1,3
0.1946916666666666,1.0,0,1
0.0263814814814814,1.0403388828515276,0,1
0.0113,1.0028169014084507,0,1
0.005961574074074,1.00050075112669,1,1
0.3954851851851851,0.076470752793451,0,0
0.143145238095238,0.0674060933026542,0,0
0.6794770833333333,0.2542839526114557,0,3
0.28655,0.1212801793648612,1,0
0.5232,0.0547043536315926,1,3
0.89574625,0.245419751691117,0,3
0.76225,0.2974588644528017,0,3
0.0160413333333333,0.8,0,1
0.7926824074074075,0.0424075910887525,0,3
0.2165893939393939,0.0485513647447189,0,0
1.003039247311828,0.0300237025791841,0,3
0.0043784946236559,1.0028233185827615,0,1
0.0002953703703703,1.0,1,1
0.0068325925925925,1.0,0,1
0.1678288888888889,0.4566202553332367,0,0
0.0108333333333333,0.5,0,1
0.0591403333333333,1.0,0,1
0.0119527777777777,1.0,0,1
0.0212574074074074,1.004702450684439,0,1
0.4622428571428571,0.0471066968022246,1,0
0.6449238993710692,0.0386863191712717,0,3
0.0012515873015873,1.0,0,1
0.3883380952380952,0.0760544185972008,0,0
0.9109166666666668,0.0351257761979138,1,3
0.8450871794871795,0.0442068540945447,0,3
0.0177885416666666,1.8764394614290008,0,1
0.4679066666666666,0.387446086930829,1,0
0.9885544444444444,0.0152766396128257,1,3
0.74718,0.0647902960666596,0,3
0.61218,0.227003392364846,0,3
0.1690788888888889,0.0785374412494803,0,0
0.329297619047619,0.040634282236622,0,0
0.4937517543859649,0.0507602650762381,0,0
0.2763111111111111,0.1322344403360504,0,0
0.45855,0.2636360039690855,0,0
0.0721641666666666,0.2656946922300808,0,0
0.0142916666666666,0.530111339989819,1,1
0.0079075757575757,0.5106699751861041,0,1
0.0024509803921568,1.0,1,1
0.0163434782608695,1.1005736357705966,0,1
0.0621698412698412,0.8842034355001684,0,1
0.0045,0.6,1,1
0.3969166666666666,0.0776935312216549,0,0
0.8369333333333333,0.0769124797591763,1,3
0.1742833333333333,0.307012122746864,0,0
0.2203216666666666,0.0383037851169778,0,0
0.5568767857142857,0.0367753204582466,0,3
0.0297222222222222,1.0,0,1
0.62225,0.0587629619852889,0,3
0.1709583333333333,0.1016421192653072,0,0
0.9733833333333334,0.0483823718600237,0,3
0.3771571428571428,0.0420162462244743,1,0
0.0864861111111111,1.0,0,1
0.8017204301075269,0.0442078584788303,0,3
0.0058185185185185,1.0012248543107112,0,1
0.3497690476190476,0.0514121548936912,0,0
0.0011885416666666,1.0,0,1
0.7201115384615384,0.2894639169101995,0,3
0.072265873015873,0.3657471981643889,1,0
0.6118685185185185,0.1026574808585543,0,3
0.0040933333333333,1.0,0,1
0.2417888888888889,0.0447334259875364,1,0
0.8514314814814814,0.0382457951613621,1,3
0.004875,1.0,0,1
0.0473629629629629,0.3076441455099505,0,0
0.3708083333333333,0.3599581870917214,0,0
0.0405,1.0001211905762208,1,1
0.0303025,1.0,0,1
0.3918347222222222,0.0325485970291636,0,0
0.4539690476190476,0.051553837367649,0,0
0.66129,0.0451283529764585,0,3
0.9681555555555555,0.0504910546305379,0,3
0.8929490196078432,0.0398228059765789,1,3
0.3419515873015872,0.0516388427836149,0,0
0.0165619047619047,1.02,0,1
0.7913,0.2575778966719823,1,3
0.0008872549019607,1.0,0,1
0.4211766666666666,0.058444668717668,0,0
0.028395238095238,0.3796140375455309,0,0
0.07856875,0.9975327580696708,0,1
0.6630315476190477,0.031986366230325,0,3
0.2753942307692307,0.4240453350793044,0,0
0.8350807692307692,0.2439520480019816,0,3
0.208130303030303,0.0561659131634204,0,0
0.0441902777777777,0.2533975062787748,0,0
1.1359833333333331,0.027174540115916,0,3
0.1585927536231884,0.057807209030081,0,0
0.6642333333333333,0.069609044344571,0,3
0.8069666666666667,0.0401536102070524,1,3
0.8045666666666667,0.0417583880555188,1,3
0.1998755555555555,0.1354384684866333,0,0
0.49151,0.0412796237311583,1,0
0.7125270833333333,0.0196590637232865,0,3
0.1810566666666666,0.1447846561488805,1,0
0.2912805555555555,0.4849323485414105,0,0
0.7119033333333333,0.042543344010617,1,3
0.0516266666666666,0.8095378041599055,0,1
0.4450916666666667,0.1033465627900196,0,0
0.578865,0.0444731140073186,1,3
0.759561111111111,0.0418866037793188,0,3
0.5905153846153847,0.1400534165533801,0,3
0.5023833333333333,0.2468610979497051,0,0
0.0153092592592592,0.8,0,1
0.0647166666666666,1.0,0,1
0.0235711538461538,1.00007299270073,0,1
0.6860833333333333,0.0406764766775991,0,3
0.0005545454545454,1.0,0,1
0.7129477272727273,0.0416429416731616,0,3
0.6159166666666667,0.1074798540635467,1,3
0.1474733333333333,0.2986828457323179,1,0
1.017025,0.0315546534500335,1,3
0.9697333333333332,0.0429789445618292,0,3
0.3860183333333333,0.2611214974761362,0,0
0.0255407407407407,1.0002862985685073,0,1
0.51441,0.0451553282367785,0,0
0.62946,0.0506419648928834,0,3
0.0051833333333333,0.6364272091544818,0,1
0.3179733333333333,0.0707128882794914,0,0
0.0074320512820512,1.0,0,1
0.6737866666666668,0.036689900179094,0,3
0.5985625,0.423701363095944,0,3
0.8668628787878788,0.0309430314705102,1,3
0.001425,1.0,0,1
0.16339375,0.1016421192653072,0,0
0.1331045454545454,0.1618334590633144,0,0
0.2059208333333333,0.393310363210043,0,0
0.0075007575757575,1.0,0,1
0.3558,0.4007449777427588,0,0
0.5010050724637681,0.0406636236552212,0,0
0.0757045454545454,0.3278621625950366,0,0
0.75977,0.0840211664094942,0,3
0.3017574074074074,0.0548348295455506,0,0
0.9475,0.5037834711139019,0,3
0.2429354166666666,0.2234327386520923,0,0
0.0489642857142857,0.4644581460511661,0,0
0.8321471014492754,0.0538731431584899,0,3
2.164405555555556,0.2455990376655482,0,3
0.1878333333333333,0.0424854253175516,1,0
0.0096325,1.2082917473599792,0,1
0.0133239130434782,5.0,0,2
0.3949666666666666,0.1207386554670686,1,0
0.3546145833333333,0.0457991414341399,0,0
0.0042739583333333,1.0,1,1
0.0022590476190476,1.0,0,1
0.8718576923076923,0.0499523741490563,1,3
0.0207244444444444,0.6707143364210408,1,1
0.059625641025641,0.9593488107415816,0,1
0.0001301587301587,0.75,1,1
0.8984101851851852,0.0377896443856383,0,3
0.72875,0.1704322255509776,1,3
0.0400920289855072,0.7134044609026018,1,1
0.011977536231884,0.6971874784931057,0,1
0.7415307291666667,0.052894884983977,0,3
0.7428166666666667,0.036830568541012,0,3
0.0687407407407407,0.0974075594886671,0,0
0.1606166666666666,0.2357669625738312,0,0
1.134848888888889,0.0566798950621401,0,3
0.9573263888888888,0.0317037955408944,0,3
0.68068,0.0589024862485767,1,3
0.3829666666666667,0.1227574601075818,1,0
0.0102958333333333,1.0,0,1
0.6329822222222222,0.0424421646501413,0,3
0.5555071428571429,0.0393607236674336,0,3
0.3468214285714285,0.05050880137632,0,0
0.0464,0.0920379150684962,0,0
0.0416234126984126,0.5922371204694354,0,1
0.4650857142857142,0.0799500868439941,0,0
0.1098244444444444,0.808505545360249,0,1
0.7153283333333332,0.1350291478067537,1,3
0.048795,0.8627628487411139,0,1
0.0007846846846846,1.0,0,1
0.8222761904761905,0.0836019267710208,0,3
1.8994791666666664,0.0622854747526249,0,3
0.0023478260869565,0.1016421192653072,0,0
1.747204166666667,0.206055683213196,1,3
0.7657,0.110050744857172,0,3
0.0084656862745098,1.0,0,1
0.6970354166666667,0.0393235711592159,0,3
0.71156,0.2439329712348552,0,3
0.7835590909090909,0.0496419500473175,0,3
0.52372,0.045982260197347,0,3
0.0262277777777777,0.8,0,1
1.0530133333333334,0.0022380779310212,0,3
0.0005424731182795,1.0,1,1
0.0141138888888888,1.0002097608726053,0,1
0.0029196428571428,1.0,0,1
0.1148633333333333,0.1356037047026958,0,0
0.7600083333333333,0.0413746138086144,0,3
0.7196633333333333,0.1014839872941187,0,3
0.2929833333333334,0.5736645802226278,0,0
0.2506186868686869,0.0366291924008759,0,0
0.10013,0.3561413455097342,0,0
0.6554233333333332,0.1310821358907079,0,3
0.01193125,1.0075830396240522,0,1
0.9573007575757576,0.0372738992748054,0,3
0.5658933333333334,0.3306238649821085,1,3
0.791475,0.0435514038979351,1,3
0.1787125,0.0537664228305841,1,0
0.0226071428571428,0.6035293127863417,0,1
0.0145986111111111,0.8682773958754549,1,1
0.9414777777777776,0.0382841672040178,1,3
0.3393515151515151,0.8092644061515657,0,1
0.0024388888888888,0.1016421192653072,1,0
0.0124855555555555,1.0034560913336477,0,1
0.783662962962963,0.0444420133202809,0,3
0.5351933333333334,0.0649420349266422,0,3
1.1443916666666667,0.0,0,3
0.0261611111111111,0.4003508382197823,0,0
0.0186225,0.9907241995327744,1,1
0.0009097701149425,3.8800926806766367,0,2
0.2642059829059829,0.0753985037744654,0,0
0.0063040650406504,0.6666666666666666,1,1
0.0516393518518518,0.2209157658347769,0,0
0.9267551282051284,0.0315283427034743,0,3
0.076634,1.0009949011317,0,1
0.20371875,0.2994996203986539,0,0
0.08355,0.7887809781234465,0,1
0.3105426666666667,0.0542984498686574,0,0
0.6504640625,0.0374072307384064,0,3
0.0023333333333333,0.5,1,1
0.5300242424242424,0.046886442086804,0,3
0.0077666666666666,0.6666666666666666,0,1
0.6129611111111111,0.2903083674000059,0,3
0.1915844444444444,0.096484440409413,0,0
0.7476261904761905,0.125202653790359,0,3
0.9384333333333332,0.042176145898727,1,3
0.9022583333333334,0.1130977091849395,1,3
0.0077577777777777,0.421875,0,0
0.8728995098039215,0.044480168651048,0,3
0.6900583333333333,0.0823326976424256,1,3
0.6660075757575757,0.041097146705748,0,3
0.0572083333333333,0.3125,0,0
0.6710541666666667,0.0381321451014922,1,3
0.4670138888888889,0.0686588285095672,1,0
1.020438888888889,0.0359568211477885,1,3
0.0166666666666666,1.0,1,1
0.975261111111111,0.0453763987799703,1,3
0.6073050724637681,0.1912994755755386,0,3
0.804038888888889,0.2498600839614183,0,3
0.7545066666666668,0.0262512268051458,0,3
0.08465,1.000358147863904,0,1
0.3142401960784314,0.941736949258939,0,1
0.6371420634920636,0.1749142944202749,0,3
0.4619766666666666,0.0688398321529943,0,0
0.1300295833333333,0.0588608139310605,0,0
0.5665444444444444,0.0510351644754252,1,3
0.9322333333333334,0.0732108960788212,1,3
0.0982185185185185,0.2066137278590227,0,0
0.0143307692307692,1.0984993829674612,0,1
0.783325,0.059535206494586,1,3
0.2624628205128205,0.1237145578126723,0,0
0.6617763157894737,0.0412963111942818,0,3
0.001890909090909,1.2,1,1
0.0616892156862745,0.8324534743987357,0,1
0.1435222222222222,0.2716304949483312,0,0
0.7062855555555555,0.0343415108430343,0,3
0.4536733333333334,0.038545168807379,0,0
0.0464670138888888,0.1816422618979169,0,0
0.0009564102564102,1.0,1,1
0.7526880952380952,0.0410263075660527,1,3
0.7629354166666666,0.0515502025469232,0,3
0.0027083333333333,1.0,0,1
0.7939071428571428,0.0458311769108764,0,3
0.21345,0.7,1,1
0.0136091666666666,1.0027675276752768,0,1
0.6074824561403509,0.0438994376598312,0,3
0.0046666666666666,1.0,0,1
0.2129916666666666,0.7678286025107782,1,1
0.1178683333333333,0.0983870910553353,0,0
0.0681761904761904,0.3271487132708484,0,0
0.1949305555555555,0.0557938727971515,0,0
0.7665456140350877,0.0610290464461853,1,3
0.0158577777777777,0.74588701465098,0,1
0.8421666666666666,0.089416698968011,1,3
0.6123286666666666,0.0378362371441915,0,3
0.0295833333333333,1.001141826923077,0,1
0.885175,0.1061695425005772,0,3
0.5793733333333334,0.0695164648099408,0,3
0.0206675925925925,0.8144615384615385,0,1
0.2566152777777777,0.4121348179067777,0,0
0.0818033333333333,0.7884151430012527,0,1
0.12384,0.3989006483054998,0,0
0.72455,0.0409383506293587,0,3
0.9944645833333334,0.0403714444511102,0,3
0.0305307017543859,0.3150236558258034,0,0
0.5276055555555555,0.0591773441389702,1,3
0.2474533333333333,0.4046892474411035,0,0
0.182725,0.4966989610783746,0,0
0.0389305555555555,1.0,0,1
0.4866966666666666,0.1982116955943043,1,0
0.8892833333333334,0.0681472523797132,0,3
0.0148655555555555,1.038195461784839,0,1
0.0013,1.0,1,1
0.0263666666666666,0.1016421192653072,0,0
0.4774722222222222,0.5392167336851486,1,0
0.00206,1.0180146750896573,0,1
0.0202922619047619,1.016099524433027,0,1
0.0221699074074074,1.0051234326816303,0,1
0.0060393518518518,1.0,0,1
0.8693972222222223,0.0423614828285102,0,3
0.7719583333333333,0.0672477407769467,1,3
0.0052633333333333,0.1016421192653072,0,0
0.8161944444444444,0.0374031143069571,0,3
0.0032944444444444,1.0,0,1
0.1538076666666666,0.2020500079748735,0,0
0.0329359375,0.6166856210931975,0,1
0.0253716666666666,0.8247821878025169,0,1
0.6238123456790123,0.033029165771327,0,3
0.3715333333333334,0.0872390999254271,1,0
0.1842,0.549866130932951,0,0
0.3168833333333333,0.2117160068050487,0,0
0.9770125,0.0550669861785419,1,3
0.1849196969696969,0.047637063329755,0,0
0.3899233333333333,0.3182028598113874,0,0
0.010575,0.1016421192653072,0,0
1.0196666666666665,0.0783820629789196,0,3
0.4308541666666667,0.0444093473164069,0,0
0.94637,0.0388144421780293,0,3
0.9943055555555556,0.0487412319250684,1,3
0.5356666666666666,0.1129107863287162,0,3
0.3022458333333333,0.0550798430471083,0,0
0.2744547619047618,0.0837953072390547,1,0
0.0218380952380952,0.5739722740031221,0,1
0.080778125,1.2074569588253237,0,1
0.1449388888888889,0.2913193817238277,0,0
0.7376229166666667,0.0450773536413137,0,3
0.6201266666666666,0.030243387327664,0,3
0.7679541666666667,0.0378093541783315,0,3
0.0412645833333333,0.8025373101894677,0,1
0.4634258333333333,0.0438270004430412,1,0
0.5473283333333333,0.0428836291439169,0,3
0.9067666666666666,0.0426275604199401,0,3
0.3684481981981982,0.1078882802222912,0,0
0.230765,0.2940203617091478,0,0
-0.0002211111111111,1.5998162890385792,0,1
0.8841861111111111,0.0417755299975095,1,3
0.3884111111111111,0.0285714285714285,0,0
0.2262583333333333,0.1248216755345019,0,0
0.3798166666666666,0.072045618145145,0,0
0.4044261904761904,0.0584060501286996,0,0
0.0065152173913043,0.7983177631652812,0,1
0.3976666666666666,0.0442091248812352,1,0
0.4178960784313725,0.040706995011694,0,0
0.9683633333333334,0.0420490364703376,0,3
0.8053916666666667,0.0266568979965953,1,3
0.8714316666666667,0.0395951303220594,0,3
0.0183016666666666,1.0,0,1
0.5970444444444444,0.4487950233977315,0,3
1.192977777777778,0.0410818649644175,1,3
0.021,0.0,1,0
0.0170907407407407,1.0,0,1
0.0002353333333333,1.0,0,1
0.0528541666666666,0.3846601852456215,0,0
0.3269166666666667,0.3503272026670985,1,0
0.7084833333333334,0.0365246018718676,0,3
0.0534266666666666,0.5317575361400357,0,1
0.04585,0.2599841423560136,0,0
0.0004166666666666,1.0,0,1
0.7279303921568627,0.1115816337641728,0,3
0.0102547619047619,0.5,0,1
0.6178388888888889,0.0392530185129525,1,3
0.0358222222222222,0.7445788997906467,0,1
0.8037595238095238,0.0414168177136523,1,3
0.6665833333333333,0.0448973858734162,0,3
0.0124013888888888,1.0027429820455969,0,1
0.4104666666666666,0.0790038557247642,1,0
0.976718115942029,0.0295687981404014,0,3
0.1576875,1.0,0,1
0.002275,0.75,0,1
0.1529666666666666,0.6793314990318965,0,1
0.5860712643678161,0.039220249870037,0,3
0.4552875,0.0,0,0
0.749625,0.2402240342832673,0,3
0.1135091954022988,0.1219966023319815,0,0
0.0139491666666666,1.0146565090534112,0,1
0.8889277777777778,0.0423536343573884,1,3
0.6999333333333333,0.1210614481604575,1,3
0.2377765873015873,0.0383260951580134,0,0
0.3277642857142857,0.3592839398602489,0,0
0.0705283333333333,0.6373012942979873,0,1
0.0009358585858585,1.0905587668593448,0,1
0.0363727777777777,1.0023972423117296,0,1
0.7149375,0.2045379059044917,0,3
0.2165766666666666,1.0031513741236917,0,1
0.9863576923076924,0.0438243212591582,0,3
0.82953,0.0216590738620578,0,3
0.008913440860215,1.0050319265610006,0,1
0.4708611111111111,0.0496951561412379,1,0
0.0118229166666666,0.4015491866769946,0,0
0.76742,0.0521402947848293,0,3
0.1735379629629629,0.5616025108382404,0,1
0.5172,0.0341503223095581,1,0
0.0594975,0.0757122193330608,1,0
0.0287627450980392,0.6,1,1
0.0029715686274509,0.6754807692307692,0,1
0.3753439393939394,0.0345912526662127,1,0
0.6025166666666667,0.4104741073312995,0,3
0.9585383333333332,0.0291034307821703,1,3
0.9935742424242424,0.0427301279455105,0,3
0.0076063725490196,0.9814835759238204,0,1
0.422665873015873,0.0453247401160982,0,0
0.0069166666666666,0.4130444486428986,0,0
0.0360458333333333,1.000479723679161,0,1
0.64395,0.0737475494535436,0,3
0.9863033333333332,0.0317105545884479,1,3
0.2777398550724637,0.0376792217700256,0,0
0.7385625,0.0302259018376558,1,3
0.1682681481481481,0.039755043705039,0,0
0.902921212121212,0.0387051778785519,0,3
0.5548166666666666,0.0423038210569676,1,3
0.0003904761904761,1.245019920318725,0,1
0.1360433333333333,0.0567542545245311,1,0
0.0981518518518518,0.5224814731926093,0,1
4.1666666666666665e-05,1.0,0,1
0.0002272727272727,2.0,1,1
0.043255,1.0338909521247643,0,1
0.9136428571428572,0.0064561252488298,0,3
0.0038461538461538,1.0,0,1
0.0144434523809523,2.2780674964242804,0,1
0.0315083333333333,0.8435161514712053,0,1
0.6961333333333333,0.089981317182007,0,3
0.0006694444444444,0.6666666666666666,0,1
0.109163725490196,0.6564889455169594,0,1
0.398575,0.0447754433929875,0,0
0.8771564102564102,0.0405365207629898,1,3
0.6472011111111111,0.0613384590227355,0,3
1.078202380952381,0.0377644945352311,0,3
0.4962827586206896,0.6295011961780534,0,0
0.11206,0.5,0,0
0.3022319444444444,0.0592561950790506,0,0
0.4149866666666666,0.1063639236297296,0,0
0.0937277777777777,1.0000233644859813,0,1
0.0718055555555555,1.9608710341226692,0,1
0.6032205128205128,0.0707761476349178,0,3
0.5241788888888889,0.0403805239573347,0,3
0.0785971264367816,0.2941925727734719,0,0
0.94592,0.0427657169161149,0,3
0.45045,0.0449660922180342,0,0
0.1429394736842105,0.0557172748162014,0,0
0.4126591666666666,0.096136653852091,0,0
0.7854314814814815,0.1773250954347432,0,3
0.7985901960784314,0.0444063219788222,0,3
0.0864383333333333,0.040331386059075,0,0
0.0114936507936507,1.0,0,1
0.2880633333333333,0.039599443022808,0,0
0.1180733333333333,1.0,1,1
0.15413,0.1370649875066497,1,0
0.3555238095238095,0.044516207086761,0,0
0.7126694444444444,0.040934203185108,0,3
0.0923983333333333,0.2470089258300246,0,0
0.8940611111111111,0.0461659495812516,1,3
0.8199777777777777,0.0379714168480418,0,3
0.3648111111111111,0.0771669723775711,0,0
0.0098777777777777,1.0,0,1
0.967043827160494,0.0278326877318482,1,3
0.3836766666666666,0.0757837861451957,0,0
0.0257598039215686,0.8002073613271126,0,1
0.7749106060606061,0.0723091247090849,1,3
0.00829,1.0,0,1
0.1296666666666666,0.0708081753485808,0,0
0.3114314814814815,0.0581446672689919,0,0
0.0216469135802469,1.0027339237581825,1,1
0.5665472222222223,0.0559242582425334,1,3
0.4347133333333333,0.7282140620653279,0,1
0.8690944444444444,0.0436383604923938,1,3
0.4340023333333333,0.0750648610467751,0,0
0.0203994444444444,0.126816851545763,1,0
0.6666666666666666,0.02062952308583,0,3
0.0044923809523809,0.5014712806026365,0,1
0.8424456140350877,0.0442550913311028,0,3
0.0288101449275362,1.0010740251156642,0,1
0.3132229166666667,0.5524599208926265,0,0
0.3146213178294573,0.8309229561846347,0,1
0.0038533333333333,1.0,0,1
0.7803939393939393,0.0477949524911327,0,3
0.0021152777777777,1.0496794871794872,0,1
0.0014173913043478,1.2,0,1
0.0077233333333333,1.0808184143222506,1,1
0.0011875,4.549302549302549,0,2
0.0029,1.0,1,1
0.6756,0.0492752003425852,1,3
0.3454393939393939,0.0501952142573107,0,0
0.4120166666666666,0.1836367256093049,0,0
0.6670944444444444,0.0361596671654938,0,3
0.2685345238095238,0.0618394756897788,0,0
0.1740833333333333,0.5062860613422411,0,0
0.1911569444444444,0.0486571363660523,0,0
0.6035,0.4203163680445338,0,3
0.1444436274509804,0.2298343518231635,0,0
0.0133377777777777,0.7516579903801173,0,1
0.9839083333333334,0.0421618771449408,0,3
0.66721,0.0930423388563389,0,3
0.9679694444444444,0.0408992457500811,0,3
0.0042166666666666,1.03704577630958,1,1
0.7018333333333333,0.0479188872494734,0,3
0.0593916666666666,0.1455195287903942,0,0
0.001335,1.0,0,1
0.621243,0.0472643111874903,0,3
0.0543641666666666,1.028747303689603,0,1
0.7039166666666666,0.0541758057278231,0,3
0.001016,1.0,0,1
0.7465333333333333,0.0270162159422199,0,3
0.79695,0.0780286398123357,1,3
0.5159833333333333,0.5205068580586548,1,0
0.2500690476190476,0.0342756946076884,1,0
0.1342884259259259,1.0241417092750609,0,1
0.0009055555555555,0.6666666666666666,0,1
0.8522333333333334,0.2336112629637324,1,3
0.6586916666666667,0.1316169700711956,1,3
0.9614,0.0415437473608196,1,3
0.0015444444444444,1.0,1,1
0.1212825396825396,0.6797482698588613,0,1
0.6757333333333333,0.0786256667881433,0,3
0.0079166666666666,0.0,1,0
0.3890383333333334,0.0416468713639945,0,0
0.7172233333333333,0.0305057776998101,0,3
0.03945,0.1016421192653072,1,0
0.4163923611111111,0.3147713716288551,0,0
0.82492,0.0511446042344817,0,3
0.0141176470588235,0.0,0,0
0.0872401515151515,0.374781030096697,0,0
0.8571166666666666,0.0761091523261936,0,3
0.9844566666666668,0.0394382013910323,1,3
0.3698416666666667,5.0,0,2
0.0108333333333333,1.0,0,1
0.9701833333333334,0.0488146549139514,0,3
0.0072130952380952,1.0,0,1
0.118465,0.6183334861123843,1,1
0.2942433333333333,0.0756779199367718,0,0
0.0268351851851851,1.0049829235059984,0,1
0.7349433333333333,0.0303058139047211,0,3
0.5640487179487179,0.0317185768265403,0,3
0.1298,0.1016421192653072,0,0
0.3148039682539682,0.0399430822036617,0,0
0.4653416666666666,0.0541762822556777,0,0
0.7952944444444444,0.0523059009246442,1,3
0.4585583333333333,0.394519236803568,0,0
0.8079366666666667,0.0349999554866161,0,3
0.01633,1.0,0,1
0.0392020833333333,0.67389297036388,0,1
0.2257314814814814,0.0417193930596529,0,0
0.5291814814814815,0.0449085898355923,0,3
0.5530037037037038,0.192002118562869,0,3
0.31358,0.5934793683138053,0,0
0.7744583333333332,0.0678562281441623,0,3
0.807575,0.0586127560509282,0,3
0.0095759259259259,0.75,0,1
0.0766645833333333,1.0,0,1
0.0036869047619047,0.6666666666666666,1,1
0.1905615384615384,0.0732253624634173,0,0
0.4403557823129252,0.0377993677998553,0,0
0.0069083333333333,1.000378967314069,0,1
0.0148083333333333,0.5,0,1
0.4223,0.0731660808990476,0,0
0.6892279761904763,0.0372869346643573,0,3
0.87169,0.0324478092974181,0,3
0.0292768707482993,0.7174031224658193,0,1
0.9977770833333334,0.0463521509186305,1,3
0.0043473333333333,0.963578505160425,0,1
0.4934555555555556,0.8561693685603888,0,1
0.8715166666666667,0.0428924446733487,1,3
0.6156563492063492,0.1078111055291627,0,3
0.7160555555555556,0.0556553457785725,0,3
0.0022,1.0,0,1
0.0514644444444444,0.4651758573478112,0,0
0.812613888888889,0.050319778127187,0,3
0.7540785714285714,0.030928623134613,1,3
0.00629375,0.8400511836212413,0,1
0.8501483333333333,0.0401095576840998,1,3
0.6670133333333332,0.0374595281865612,0,3
0.0108699074074074,1.0487230440718622,0,1
0.0052493333333333,1.004876857072317,1,1
0.3885909090909091,0.0500017278314503,1,0
0.5617552631578947,0.433994579885626,0,3
0.0118325,1.0,1,1
0.0776333333333333,0.125045955623441,0,0
0.012475,0.1016421192653072,0,0
0.0587686274509803,1.004705204580357,0,1
0.5833166666666667,0.0765695450049835,1,3
0.8461277777777777,0.0528882886147309,1,3
0.00143,1.0,0,1
0.8741277777777777,0.0366551031133869,0,3
0.3094243333333333,0.0317484341819,0,0
0.4410611111111111,0.0652285448429943,0,0
0.9389083333333332,0.0486466433841804,0,3
0.0197719047619047,1.0054806379655497,0,1
0.0026095238095238,1.0,0,1
0.0015579710144927,1.0,0,1
0.1419846153846153,0.029783393501805,0,0
0.009987037037037,1.0001373154823203,1,1
0.4910989583333333,0.2148060001762992,0,0
0.02295,0.6035867001197279,0,1
0.0377870967741935,0.062026015321865,0,0
0.06136,0.2595300040131721,0,0
0.0018333333333333,1.0,1,1
0.0103291666666666,0.6786255955086873,1,1
0.0047927536231884,0.5,0,1
0.4530880952380952,0.4365499639805861,0,0
0.0058880208333333,1.0,0,1
0.0048666666666666,1.3333333333333337,0,1
0.1160166666666666,0.0,1,0
0.1655041666666666,0.3194676883449374,0,0
0.0080763333333333,0.8374665982324461,0,1
0.6554038461538462,0.0412678972681844,1,3
0.5437296296296296,0.1986055609703183,0,3
0.0328060606060606,1.0,0,1
0.4603287878787878,0.0441523697222202,0,0
0.5839388888888889,0.0483691216598436,1,3
0.6262948717948718,0.0411495847618374,0,3
0.0101321428571428,0.9302676218064146,1,1
0.8335230769230769,0.1689090533277299,1,3
0.2116166666666666,0.0786353035347387,0,0
0.2457233333333333,0.2359468140927681,1,0
0.9322266666666666,0.0341401868548085,1,3
0.8257566666666667,0.0542419617779305,0,3
0.5932611111111111,0.0566849829664503,0,3
0.4393296296296296,0.0483362432455642,1,0
0.03594,1.0,0,1
0.6235283333333334,0.0365771866665536,0,3
0.0476773504273504,0.8045803678817387,0,1
0.02596,0.3375760323203114,1,0
0.0510326666666666,0.7976666931062548,1,1
0.4725,0.0787757581100847,0,0
0.7734666666666667,0.32581614996963,0,3
0.291676,0.0439816438654698,0,0
0.8656241379310344,0.048961056068364,0,3
0.7406384615384616,0.0410310936414386,0,3
0.4096816666666666,0.0848609406703225,0,0
0.7884166666666668,0.0478291051082289,0,3
0.3670366666666666,0.0646267277055989,0,0
0.1482206349206349,0.3511656078360661,0,0
0.7998766666666667,0.0435879274718851,0,3
0.1648435897435897,0.0557212413418345,0,0
0.1500333333333333,0.294641501221149,0,0
0.9393583333333334,0.1586469621931826,0,3
0.0008,1.0,0,1
0.2331183333333333,0.8835609005438755,0,1
0.705578125,0.0324815280806924,1,3
0.01,0.0,0,0
0.048877,0.2802601927560944,0,0
0.3179694444444444,0.160829353978701,1,0
0.6067916666666666,0.0426067863244073,0,3
0.0307196078431372,1.0048789016937645,0,1
0.0066541666666666,0.5051578349981863,0,1
0.58896,0.0593339627743659,0,3
0.8201333333333334,0.0797872224456754,0,3
0.05511,0.7218913569248724,1,1
0.2351983333333333,0.0291536431948828,0,0
0.9864690476190476,0.040429948371654,1,3
0.7817777777777777,0.0687500160842793,0,3
0.8008166666666667,0.0429095308460268,0,3
0.2167145833333333,0.049907706989286,0,0
0.1376066666666666,0.0532573826048503,1,0
0.5938233333333334,0.0280281415133658,0,3
0.068458024691358,0.0719096064570152,0,0
0.6306033333333334,0.0440258410533682,0,3
0.4116952380952381,0.1248737634807754,0,0
0.2846633333333333,0.1234660400605664,0,0
0.021748106060606,0.6814403618527329,0,1
0.0024435185185185,0.1016421192653072,1,0
1.0081772727272726,0.0294367091973633,1,3
0.168146875,0.5442867164761813,0,0
0.2563277777777777,0.8326832257563896,0,1
0.3930333333333333,0.0338595666185171,0,0
0.0555050724637681,0.4947145331830003,0,1
0.0035820512820512,0.5,0,1
0.0011574074074074,0.1016421192653072,0,0
0.0287910714285714,1.0004860426929392,0,1
0.001675238095238,0.8,1,1
0.2288783333333333,0.0643485223811053,0,0
0.1080277777777777,0.2596539812566051,0,0
0.6594444444444444,0.0339029286688373,0,3
0.4884977777777778,0.0368907283628944,0,0
0.9763833333333334,0.0502116965180116,0,3
0.2244333333333333,0.0496160985539524,1,0
0.5906633333333333,0.0630346567919896,0,3
0.0401969135802469,1.0,1,1
1.0045833333333334,0.1183875821966042,0,3
0.0121886666666666,0.6480633039466364,0,1
0.9179416666666668,0.0,0,3
0.5336194444444444,0.046367696180049,1,3
1.0038916666666666,0.0356437762712431,0,3
1.03605,0.061821377239882,1,3
0.598025,0.1700293467272551,1,3
0.01019375,1.0470883031620215,0,1
0.0287166666666666,0.8677164695123206,0,1
0.0396239130434782,0.5,0,1
0.7819166666666667,0.1234118023479284,1,3
1.470725,0.0630248447043684,0,3
0.8151416666666667,0.0226277731319789,1,3
0.1423420289855072,0.1119177370627667,0,0
0.0034546296296296,1.004642006285878,1,1
0.494275,0.2796783646730788,1,0
0.0215425925925925,1.0005712731229597,0,1
0.4286388888888888,0.2774859336966747,0,0
0.02809375,0.2086668264801413,0,0
0.0088377777777777,1.0,0,1
0.73773,0.043566129173079,0,3
0.107536,0.80588085416017,0,1
0.074228431372549,0.3036856174776819,0,0
0.9835944444444444,0.0465436234264616,0,3
0.3881388888888889,0.1377342644726219,0,0
0.5366397435897436,0.028535641950767,1,3
0.074865,1.0007214090612977,0,1
0.4119077380952381,0.0379504946557234,0,0
0.0224766666666666,1.2438271604938271,0,1
0.0025989898989898,1.0,1,1
0.01,0.0,0,0
0.49263,0.1468906519941034,0,0
0.5890298245614035,0.0356308375959451,0,3
0.0012069444444444,1.034692107545533,0,1
0.1699366666666666,0.0457643622200584,0,0
0.0055358333333333,0.75,1,1
0.8622625,0.0402661748478579,0,3
0.6115231481481481,0.033020806927786,1,3
0.0478072916666666,0.09014385281333,0,0
0.0007456666666666,1.0024703557312251,0,1
0.0065759259259259,1.0003101977510664,0,1
0.8023786231884058,0.0405277380014299,0,3
0.7580225806451613,0.0359017875227151,0,3
0.1925606666666666,0.0370972209679806,0,0
0.5996619047619048,0.0623764329161842,0,3
0.0007111111111111,1.0,0,1
0.0016690476190476,1.0,1,1
0.0941283333333333,0.6666666666666666,0,1
0.0179729166666666,1.0045227477414618,1,1
0.2546666666666667,0.6920966176229402,0,1
0.0349112403100775,0.8661421258712776,0,1
0.929075,0.096728045732274,0,3
0.0279204301075268,0.2824623113672334,0,0
0.6346595238095238,0.032938947903818,1,3
0.8819059523809524,0.0406212590482698,0,3
1.04205,0.1044400750406544,0,3
0.960011111111111,0.0499538218158494,0,3
0.8853666666666666,0.0759130672515816,1,3
0.0482027777777777,1.0052352478076156,0,1
0.91469,0.0573152166248139,0,3
0.0152777777777777,1.0004273504273504,0,1
0.6551566666666666,0.0804473330361371,0,3
0.23315,0.0396450553006409,1,0
0.008401282051282,1.0,1,1
0.8747833333333334,0.1290481329167055,0,3
0.4217825396825396,0.0405873265013224,0,0
0.0001777777777777,1.009118541033435,0,1
0.8971666666666666,0.0749121423665618,1,3
0.0977366666666666,0.0587982782824591,1,0
0.5974376543209876,0.0310132147381555,0,3
0.3857765625,0.0537408493132818,0,0
0.3149733333333333,0.0987804866240023,0,0
0.6056714285714285,0.046840437095137,0,3
0.5415185185185185,0.0397879629285839,0,3
0.4029354166666666,0.0445536367897628,0,0
0.1198796296296296,0.1039194852242979,0,0
0.1660916666666666,0.7362002061345504,0,1
0.1387729166666666,0.1069244166220457,1,0
0.1018611111111111,0.4838604791756316,0,0
0.8892230769230769,0.0451201928695031,0,3
0.046,1.0168152995450055,0,1
0.79925,0.1030765817983425,0,3
0.3746994444444444,0.7329366345962974,0,1
0.8519866666666667,0.0532247648691822,0,3
0.0262156862745098,0.655961793201978,0,1
0.3349111111111111,0.8391578171673002,0,1
0.3088,0.1811821979805331,0,0
0.548435,0.0358426444300577,0,3
0.0068638888888888,1.0,0,1
0.0731166666666666,0.8959585280992808,1,1
0.03165,0.2761182714177407,0,0
0.1420983333333333,0.0569010658807697,1,0
0.35587,0.4134776368053983,0,0
1.0480588888888889,0.0293613199094906,0,3
0.3171883333333333,0.6931134995503611,0,1
1.0142530303030302,0.0465578122425009,0,3
0.1157694444444444,0.1043568580635633,0,0
0.0451060606060606,0.962352585005012,0,1
0.1973146666666666,0.6223574133610661,0,1
0.1765033333333333,0.1124239801242159,0,0
0.0010833333333333,1.0,0,1
0.0543611111111111,1.004746067633801,0,1
0.8049972222222223,0.0348200540512857,0,3
0.9589166666666666,0.0566475696143697,0,3
0.3746395348837209,0.0407711690547226,0,0
0.9294888888888888,0.0504804873248584,1,3
0.0004683333333333,1.0,1,1
1.02939,0.0442595935075688,0,3
0.0526440476190476,0.1389964426193448,0,0
0.3453878787878787,0.0401912797168866,0,0
0.8229854166666666,0.0683102045954933,0,3
0.0021987179487179,1.0,1,1
0.6912233333333333,0.0623911244296588,0,3
0.6415428571428572,0.037939443624616,0,3
0.1593574074074074,0.0297837456723905,0,0
0.0050708333333333,1.0,0,1
0.3536816666666666,0.0379772337333538,0,0
0.3057787878787878,0.2383381775392062,0,0
0.4379770114942528,0.0620756042952223,0,0
0.2221545454545454,0.0488601446633707,0,0
0.0504095238095238,0.3396196363383091,0,0
0.1523346666666666,0.051901910232293,0,0
0.0015523809523809,1.0,1,1
0.0381961538461538,0.9294008926922688,0,1
0.5453960784313725,0.0356947689710968,0,3
0.0027379310344827,1.0,0,1
0.0087894444444444,1.001073985680191,0,1
0.9218555555555557,0.0289508252591076,1,3
0.75819,0.043044550995699,0,3
0.0096153846153846,0.0,1,0
0.0460106837606837,0.2252306575555171,0,0
0.9133166666666666,0.0208062418725617,0,3
0.8497222222222222,0.0282144018372476,1,3
0.4097313725490196,0.0413444167772955,0,0
0.0045662601626016,1.0019570890113076,0,1
0.2705366666666666,0.0556035880287944,1,0
0.0079527777777777,0.4568037419004975,0,0
0.8271166666666666,0.0545017317183661,0,3
0.9061444444444444,0.038653695764931,0,3
0.8813266666666667,0.0406666379371639,0,3
0.8528012820512821,0.0457209538469801,0,3
0.1443642857142857,0.1114321370064256,1,0
0.54700625,0.0411779709609198,1,3
0.18246,0.6410883039688212,0,1
0.85726,0.0411899440373829,1,3
0.5578541666666667,0.0762051004486802,1,3
0.902370238095238,0.2352834356904184,0,3
0.4298833333333333,0.1461380812848089,0,0
0.008309375,1.000412158681092,0,1
0.4819416666666667,0.6663883173595094,1,0
0.4673633333333333,0.2922899377373532,1,0
0.3774857142857143,0.2813284005086838,0,0
0.58721,0.0271018983719301,1,3
0.821605,0.0487729046656354,1,3
0.27678,0.0769392716071952,0,0
0.0043222222222222,0.6109704641350211,1,1
0.4407638888888889,0.6168457869224134,0,0
0.8416333333333333,0.0331939113505965,0,3
0.0378384057971014,1.0026954920893794,0,1
0.0013616666666666,1.0016366612111294,0,1
0.8912916666666666,0.0479204208478945,0,3
0.8624166666666667,0.0159177370145768,1,3
0.7915533333333333,0.036109056483526,0,3
1.03135,0.0653673269092983,1,3
0.4234916666666667,0.8034324413006321,0,1
0.507325,0.3168886918759895,0,0
0.7974166666666667,0.5922889239244984,0,3
0.2457555555555555,0.4294927068760404,0,0
0.2601,0.1634820435099764,0,0
0.8995666666666666,0.0695949471384464,0,3
0.005787037037037,0.0,1,0
0.34251875,0.0566480069511413,0,0
0.0253315476190476,1.0004860426929392,1,1
0.3509630434782608,0.0563068551533641,0,0
0.4965404166666666,0.1405473169291162,1,0
0.4691222222222222,0.1842999430079019,1,0
0.9879166666666666,0.0557152742095245,0,3
0.0057633333333333,1.002934600335383,0,1
0.4914462962962962,0.0478109572887551,0,0
0.0130183333333333,0.6839539721942505,1,1
0.9591277777777778,0.0369713526231445,0,3
0.0103354166666666,1.0,1,1
0.6613633333333333,0.0412080619301378,1,3
0.4433135802469136,0.0348735693583008,0,0
0.8761685714285714,0.0478660718809479,0,3
0.0127625,0.4538770680039368,0,0
0.3096166666666666,0.0582332210158645,1,0
0.9311387254901962,0.0338143452952481,1,3
0.0099966666666666,1.0,0,1
0.0010175,1.0,0,1
0.8852954545454546,0.0540519703075824,0,3
0.8128861111111111,0.0323876162781999,1,3
0.0035294117647058,0.1016421192653072,0,0
0.1752758620689655,0.1875809131675264,0,0
1.2345,0.0916545743045325,0,3
1.3029395833333337,0.054455777354629,1,3
0.8427060606060607,0.0407663902601141,0,3
0.0003604166666666,0.1016421192653072,0,0
0.4429925925925926,0.1378382435547347,1,0
0.0082453703703703,1.233962572525946,0,1
0.6802138888888889,0.0369954020156684,0,3
0.54475,0.0614367007275953,0,3
0.0133101851851851,0.5,0,1
0.1130888888888888,1.0959232613908871,0,1
0.0468304166666666,0.5193302217257,0,1
0.0023697916666666,0.1016421192653072,0,0
0.6043583333333333,0.1600939923694076,0,3
0.0021846153846153,1.0,0,1
0.2302694444444444,0.2362886252260393,0,0
0.5907166666666667,0.4292491754933659,0,3
0.93797,0.2412209705516317,1,3
0.4310145833333333,0.0488497192227105,0,0
0.0456031746031746,0.8004739336492891,1,1
0.2171166666666666,0.5689280540801545,1,0
0.0162411764705882,1.0001353637901862,0,1
0.4229768518518518,0.0355556905852918,0,0
0.0146136904761904,1.0,0,1
0.0019645833333333,1.0,0,1
0.585425,0.0800413419991123,0,3
0.0536,1.0006423283353487,0,1
0.1522455555555555,0.1242081435688231,0,0
0.0575233333333333,0.7841335788535647,0,1
0.4066816666666666,0.4049174300388195,0,0
0.0113516666666666,1.0,0,1
0.0825,0.0,1,0
0.7237555555555556,0.0249036723593505,0,3
0.6035416666666666,0.0287905145606228,1,3
0.9272895833333334,0.0403302226379417,1,3
0.0677322580645161,0.712179083617283,1,1
0.24,0.0,1,0
0.7420598039215687,0.0517412794587203,0,3
-0.0721149425287356,0.5443493390212157,0,1
0.0664847222222222,0.2804655728509325,0,0
0.0220344086021505,0.2,0,0
1.0927910714285711,0.0346482862273956,0,3
0.0870666666666666,0.0908995398814968,0,0
0.7399166666666667,0.2455328835147671,0,3
0.7477,0.1700848350265735,0,3
0.0059464912280701,0.5,1,1
0.0020141025641025,1.0,0,1
1.007147619047619,0.0676310996795702,1,3
0.9766166666666668,0.1029504497352495,0,3
0.4494833333333333,0.0919135081151804,1,0
0.0767842592592592,0.1311486418375607,0,0
0.4600690476190476,0.0369366991416647,1,0
0.2046020833333333,0.0393437949139616,0,0
0.7884208333333333,0.0677486403952699,1,3
0.7742462962962964,0.237288362285252,0,3
0.1368883333333333,0.0766089937221627,0,0
0.0876533333333333,0.5575982209043736,1,1
0.7688733333333333,0.0757893625676357,1,3
0.6582333333333333,0.0389638318654197,0,3
0.40365,0.2508573222904016,0,0
0.0961083333333333,0.4294539076796625,0,0
0.49455,0.0472433879179761,0,0
0.7793898148148147,0.0400771579000366,0,3
0.82737,0.0402338515944566,0,3
0.0719686274509803,0.667943552132112,0,1
0.0591,0.8006987156691746,0,1
0.0471797101449275,0.3902416586822558,0,0
0.4906,0.256940764035443,0,0
0.5496972222222223,0.041258212793583,0,3
0.7378616666666667,0.0364853422972194,0,3
0.35437,0.1323559545270963,0,0
0.0373763888888888,0.5090269629018583,0,1
0.5632416666666668,0.1208449521081743,0,3
0.0244225,0.5591636974063476,0,1
0.2755327160493827,0.0538647217069766,0,0
0.0009490196078431,1.0,0,1
0.2017621212121212,0.6137010238098861,0,1
0.1006854166666666,0.4744589336598302,1,0
0.2176166666666666,0.1133709849842011,0,0
0.0016533333333333,1.0,0,1
0.0064944444444444,1.0,0,1
0.97755,0.0381310853048594,0,3
0.0005555555555555,1.0,1,1
0.0920013888888888,0.844463144076865,0,1
0.2171166666666666,0.2177044254353048,1,0
0.3236878787878787,0.3882471626880271,0,0
0.2798744444444444,0.1928103666836835,0,0
0.2295885416666666,0.128146391212883,0,0
0.4259516666666666,0.0596050302411923,0,0
0.5006,0.1361417898632319,0,0
0.6661416666666666,0.0455367179924314,0,3
0.714995,0.0543958619442693,1,3
0.6499181818181818,0.0415381298707576,0,3
0.0802070175438596,0.9546684912820158,0,1
0.272371568627451,0.0545965038214811,0,0
0.3682287878787879,0.0416102872118251,0,0
0.1091166666666666,0.4109864808109835,1,0
0.0004791666666666,1.0,0,1
0.5002137681159421,0.0326197181563295,0,0
0.6903076388888889,0.0390567605229699,0,3
0.6390569444444444,0.0592641787882423,0,3
0.6780270833333333,0.0456862320041348,0,3
0.5786911111111112,0.0540212125345391,0,3
0.0620901041666666,0.1398715941863942,0,0
0.03668375,0.2116286457688337,0,0
0.1302472222222222,0.0572802367081963,0,0
0.0826613333333333,1.0000180908158958,0,1
0.3522566666666666,0.2874657031051453,1,0
0.6705533333333333,0.0424523834474177,1,3
0.7199666666666666,0.0903022101937957,0,3
0.4705933333333333,0.0421513584321108,0,0
0.093125,0.1198797966932671,0,0
0.9522416666666668,0.0670336789483772,1,3
0.811305,0.0327490558069292,0,3
0.0912428571428571,1.2981791697013838,0,1
0.0159583333333333,0.8013823208439433,0,1
0.2648592592592592,0.3537463948855414,0,0
0.7203722222222223,0.0480925106123739,0,3
0.4964466666666666,0.0497882705318703,0,0
0.0816583333333333,0.131578947368421,1,0
0.8131777777777778,0.0377980719245839,0,3
0.92435,0.0547996033106763,0,3
0.0012626262626262,1.0,0,1
0.4435366666666666,0.0657746627061685,0,0
0.9670174603174604,0.0371543792363412,0,3
0.452268,0.0340759941917142,0,0
0.0076151041666666,1.0,1,1
0.81941,0.0484299767576518,0,3
0.97476,0.0245483797191048,1,3
0.0049509259259259,1.0,0,1
0.0277666666666666,0.3822762021684052,0,0
0.8543333333333334,0.0288136293225341,1,3
0.51975,0.525968454597957,1,0
0.0815511904761904,0.4277373734223075,0,0
0.0913092592592592,0.4278493259155118,0,0
0.0061291666666666,1.0,1,1
0.1804925925925926,1.0,0,1
0.068936574074074,0.0817017467859537,0,0
0.6556433333333332,0.3432644828900073,1,3
0.972375,0.0497800319734858,0,3
0.5924,0.0764462554086214,1,3
0.9427916666666666,0.0473711518913288,0,3
0.65805,0.0441524031775935,0,3
0.1767214285714285,0.0612671843881968,0,0
0.1019592592592592,0.803089564502876,0,1
0.2815569444444444,0.4991111409798431,0,0
0.9400857142857144,0.0373157993679308,0,3
0.630021875,0.0329990968701581,0,3
0.0041844444444444,0.5,1,1
0.491725,0.0919807560882958,0,0
0.6842472222222222,0.0531619118852341,0,3
0.2901703703703703,0.0576053561316619,0,0
0.7055042735042736,0.0313057032086695,0,3
0.1204277777777777,0.5572079859647985,1,1
1.0296119047619048,0.0447272090638694,0,3
0.8657291666666667,0.0419374391130326,0,3
0.0844291666666666,0.0804113770313485,1,0
0.2417866666666666,0.291940247178042,0,0
0.7202333333333333,0.0370716986681474,0,3
0.92714,0.0474315249869538,0,3
0.0939702898550724,1.0,0,1
0.0940055555555555,1.0,0,1
0.000763725490196,1.0050156739811913,1,1
0.78116,0.0451498684578654,0,3
0.8695564102564102,0.0399604121553597,0,3
0.0008236111111111,1.0,0,1
0.1609759259259259,0.1,0,0
0.6185694444444444,0.0423513927897452,1,3
0.3514733333333333,0.1453949323322115,0,0
0.0335,0.1581283547333069,0,0
0.0173181547619047,1.2722545550690505,0,1
0.1248854166666666,0.6568594984708782,0,1
0.1774231884057971,0.3260737650938701,0,0
0.1802729166666666,0.0574178897497607,0,0
0.2409660714285714,0.0485436893203883,0,0
0.3258566666666667,0.0455226060975333,1,0
0.000992156862745,1.0,0,1
0.199594,0.3081978531282222,0,0
0.0385166666666666,0.8005939259406532,1,1
0.017527619047619,0.8465855129252718,0,1
1.60126,0.0200473230686245,0,3
0.697825,0.0482683359334483,1,3
0.8929666666666666,0.0875895102444466,0,3
0.5393,0.0851660269327396,0,3
0.0548583333333333,1.0006891798759476,0,1
-0.0012047619047619,1.5236159454857412,0,1
0.7126544444444445,0.038204492365249,0,3
0.0563611111111111,0.5173937051352844,0,1
0.4974076923076923,0.0409771261272545,0,0
0.65914,0.0424808192877367,0,3
0.5649212962962963,0.0464525483173867,1,3
0.4973833333333333,0.0660640252382536,0,0
0.6526133333333334,0.0619289227599943,0,3
0.1320714285714285,0.7996946758473614,0,1
0.0272233333333333,1.0,0,1
0.0093973958333333,1.0076659160911612,0,1
0.0139267857142857,0.5225062170107728,0,1
0.779445652173913,0.0419092828067912,0,3
0.0047851851851851,1.0,0,1
0.0055890625,0.9239788199697428,0,1
0.4472430555555555,0.2344782452599102,0,0
0.6788983333333333,0.0991289500703939,0,3
0.6632916666666666,0.0420691088299581,0,3
0.0315505952380952,1.0035002291880837,1,1
0.4354833333333333,0.2586624539231174,1,0
0.1670720833333333,0.5275538046776308,0,0
0.45979,0.1494883683630694,0,0
0.9020037037037036,0.0474795122638657,0,3
0.8903444444444444,0.0608806936406769,0,3
0.0013933333333333,1.080906148867314,0,1
0.0202777777777777,0.179933110367893,1,0
0.1905616666666666,0.0556741237976149,0,0
0.1510354166666666,0.6324651234993118,0,1
0.1895098039215686,0.755,0,1
0.1721031746031746,0.1410168688051382,0,0
0.5828904761904762,0.4241191739286037,0,3
0.0102621212121212,0.967528869472264,0,1
0.0029885416666666,1.8332295348374337,0,1
0.9910694444444444,0.0511066972234211,1,3
0.42186,0.0940234584567623,1,0
0.0181373333333333,1.0011929247223363,0,1
0.1793879432624113,0.0432232086790517,0,0
0.0351946236559139,0.6030370503271778,0,1
0.4227,0.253448404201222,0,0
0.0085425,0.7958887370578651,0,1
0.1523933333333333,0.5061687923948724,0,0
0.9291527777777776,0.0366921002250453,0,3
-0.0004416666666666,0.7769097450748101,0,1
0.0071916666666666,1.0101302460202604,0,1
0.0384666666666666,1.1391983608656675,1,1
0.91653,0.0819850345948838,0,3
0.11557,0.8884439518034112,0,1
0.0056366666666666,1.0037042463229957,0,1
0.0238947916666666,0.5,0,1
0.3644958333333333,0.2729186686063983,0,0
0.5132541666666667,0.0231284236153377,0,0
0.0194897849462365,0.8911323328785812,0,1
0.9855833333333334,0.0494193208335563,0,3
0.8921916666666666,0.0861885100616182,1,3
0.3573015151515151,0.0712215831875498,0,0
0.4979690476190476,0.0864221328350015,0,0
0.7759666666666667,0.0627335355315248,1,3
0.3262,0.45620016379766,0,0
0.0020233333333333,0.6706349206349206,1,1
0.1540466666666666,2.764510909677503,1,2
0.9744222222222224,0.0,1,3
0.6843,0.0574732622618023,0,3
0.4756,0.2303587110917126,0,0
0.7626148148148147,0.1102837387184196,0,3
0.2179022222222222,0.4439977489557558,0,0
0.6205346666666667,0.0399297525399413,0,3
0.684975,0.0308194146940561,1,3
0.8268904761904762,0.4258058298050681,0,3
0.0394916666666666,1.0078729066695318,1,1
0.0757157407407407,1.000602386142248,0,1
0.0235277777777777,1.0033557046979866,0,1
0.014777,1.0,0,1
0.3350892156862745,0.0885059444800482,0,0
0.0018861111111111,0.8,1,1
0.9148388888888888,0.0406485419259673,0,3
0.057183908045977,0.3404270910666017,0,0
0.1005358974358974,0.1286862461732507,0,0
0.9555888888888888,0.050988372933467,0,3
0.028653125,1.0,1,1
0.0338130952380952,0.8684003674266699,0,1
0.1939125,0.1484186114352897,0,0
0.005525,5.0,0,2
0.4654583333333333,0.1242125189961065,0,0
0.3575066666666666,0.0873341590856316,0,0
0.04095,1.000543207139294,0,1
0.7064541666666667,0.2000522261799005,1,3
0.5524833333333333,0.2311754661669539,1,3
0.0172104166666666,0.4700976620041278,1,1
0.3023965277777778,0.0352182258979629,1,0
0.085625,0.1016421192653072,1,0
0.308239393939394,0.0478088867932116,0,0
0.8257458333333334,0.0366694736808588,1,3
0.0028188405797101,1.0,1,1
0.3386638888888889,0.0445311230294165,0,0
0.2113538095238095,0.3761112203369353,0,0
0.2578902777777778,0.0924879501954243,0,0
0.2814966666666667,0.3488342202461883,0,0
0.6078416666666666,0.0551794306135332,1,3
0.2112024691358024,0.0691014160684895,0,0
0.0364222222222222,1.0,0,1
0.00262,0.4808184143222506,1,1
0.2189591954022988,0.0322471153009628,1,0
1.121225,0.0468797040669818,0,3
0.6866111111111111,0.0579095888214667,1,3
0.87955,0.0796094874126879,1,3
0.036779365079365,1.0804942320618234,0,1
0.1249777777777777,0.8024970204850999,0,1
0.9205104166666668,0.0346317825614381,0,3
0.0690346666666666,0.6826001309031481,0,1
0.4961268518518518,0.0551682320680926,0,0
0.1810984848484848,0.2575322789390988,0,0
0.7107466666666667,0.0391342402971658,0,3
0.3164007936507936,0.0406358802615844,0,0
0.7756166666666667,0.0413823572981578,1,3
0.0502366666666666,1.0,0,1
0.9482770833333334,0.06487005412064,0,3
0.4551777777777778,0.0398135261840861,1,0
0.0063934782608695,0.7149298635775431,0,1
0.720105,0.0549272540510153,0,3
0.707475,0.0370864045415497,1,3
0.7872566666666667,0.0440309121863874,0,3
0.0471055555555555,0.1776119391508782,0,0
0.80115,0.0321488834496097,0,3
0.6693878787878789,0.0631199093871906,0,3
0.6150975,0.1702685906581909,0,3
0.2657023809523809,0.0397478851953298,0,0
0.000771875,1.0,0,1
0.0715050724637681,0.0599838363145383,0,0
0.0092873983739837,1.000355149670218,0,1
0.9381111111111112,0.0612452822113433,1,3
0.0878375,1.0,0,1
0.3991,0.0478917388491621,0,0
0.0644766666666666,0.4465048684784188,1,0
0.2160068181818182,0.0417794530321381,0,0
0.1417383333333333,0.0640557391687474,0,0
0.0253924242424242,1.0,0,1
0.0259173333333333,0.2269034890800924,0,0
0.007475,1.0,0,1
0.0029241666666666,1.0,0,1
0.0954444444444444,0.1781684245460021,1,0
0.000970238095238,1.0,0,1
0.0071894736842105,1.0005836001252395,0,1
0.24975,0.1474983478170954,0,0
0.8851617647058824,0.0434785377744132,0,3
0.0028496666666666,1.0,0,1
0.1131722222222222,0.131906133696684,1,0
0.9792588235294116,0.0371677516067251,0,3
0.6060632183908047,0.1186251146983956,0,3
0.7745533333333333,0.1184018613331096,0,3
0.0,2.0,0,1
0.9421325757575756,0.0379961499566936,0,3
0.0150208333333333,0.3808457279516192,0,0
0.4117592592592592,0.0364735027782204,0,0
0.0008222222222222,2.0,0,1
0.0208591836734693,0.8696144811385933,0,1
0.7568198412698413,0.0496071000038901,0,3
0.1918208333333333,0.0442139700465527,0,0
0.3219808333333333,0.0425169530382376,0,0
0.0741270833333333,0.2414783498979408,0,0
0.6531462962962963,0.0302053208087586,0,3
0.2716820512820512,0.0769222142882503,0,0
0.8603851851851853,0.0432048160461466,0,3
0.0302466666666666,0.7475705831451638,0,1
0.1076666666666666,0.7678571428571428,0,1
0.41392,0.0908777984720867,1,0
0.897025,0.0346564968873789,0,3
0.9896083333333334,0.056810522500733,0,3
0.2523028985507246,0.0426924461606183,0,0
0.4676916666666666,0.3518782565778893,0,0
0.1917722222222222,0.0659880874101981,0,0
0.64397,0.0659937401890184,0,3
0.68714375,0.1322202614058298,1,3
0.03925,1.0,0,1
0.701436231884058,0.2326387333014394,0,3
0.3179348484848485,1.2621918901375069,0,1
0.021,0.0,1,0
0.2676922222222222,0.2813701823720849,0,0
0.5936885416666667,0.0651879355998315,0,3
0.1646380952380952,0.0514412747546602,0,0
0.0029412037037037,1.0,0,1
0.1171118055555555,0.1264133353041625,0,0
0.890425,0.1128684700843254,0,3
0.3331441666666666,0.9,0,1
0.8026060606060607,0.0354196006838371,0,3
0.15481875,0.5251296365760159,0,0
0.663192361111111,0.0443169969754435,0,3
0.5617703703703704,0.0392009262264884,0,3
0.7934233333333333,0.0398280272848919,0,3
0.2905,0.5821917808219178,0,0
0.93541,0.0600763342204345,0,3
0.00293125,1.0,0,1
0.0005119047619047,1.0,0,1
0.0084595238095238,1.0,1,1
0.5732154761904762,0.0397968342671879,0,3
0.31995,0.0908248030731279,0,0
0.1767709401709402,0.0528036830355385,0,0
0.0905221014492753,0.5243605359317906,0,1
0.7787545454545455,0.0346122699910277,0,3
0.7648,0.0329042369650732,0,3
0.93098,0.0300058482187176,1,3
0.0252222222222222,0.75,1,1
0.7267111111111112,0.0441603669628836,0,3
0.037334375,1.0049243793453084,0,1
0.7490052631578947,0.0409888120169716,0,3
0.0669166666666666,0.8033416389104515,0,1
0.2494625,0.0554462126959552,0,0
0.3143,0.0426631117717243,0,0
0.3817020833333333,0.0521913455906128,1,0
0.2573458333333333,0.2779524522439849,0,0
0.9889611111111112,0.0229003185490345,0,3
0.0483209677419354,1.094354817923335,0,1
0.1551166666666666,0.3194538541889954,0,0
0.0641644444444444,0.2424599228475097,0,0
0.1771252604166666,0.0899202235601843,0,0
0.5554698717948717,0.0372824242536985,1,3
0.1606666666666666,0.1245387586469974,0,0
0.0023455128205128,1.0,0,1
0.0011111111111111,1.0,0,1
0.0494190476190476,1.2739336492890996,0,1
0.7048261904761906,0.156822856649432,1,3
0.0238975,1.0006075669704502,0,1
0.9462602150537636,0.0383592028153309,0,3
0.01798,1.0028121165284165,0,1
0.9015583333333332,0.0001578303716526,1,3
0.019463440860215,1.0005324412373644,0,1
0.5062136363636364,0.0383413375198558,1,0
0.0232032051282051,0.6976748714564593,0,1
0.003,1.0,0,1
0.0102324074074074,0.8184713375796178,0,1
0.7432185185185186,0.0423459030290267,0,3
0.05401,0.953779963961232,0,1
0.4123696969696969,0.0437247173984626,0,0
0.3147133333333333,0.2547003855107435,0,0
0.13152,0.1034091388520563,0,0
0.55013,0.0519089721148698,1,3
0.7147666666666667,0.1133480809910157,0,3
0.8719183333333332,0.0447092938174766,1,3
0.2007358974358974,0.0486541589718417,0,0
0.2396444444444444,0.0516625424739868,0,0
0.7835904761904762,0.1355669960466696,0,3
0.0484243055555555,1.0036428493127574,0,1
0.0031666666666666,1.3763197586726998,0,1
0.0963147058823529,0.2982223078068421,1,0
0.0007308333333333,1.4997588036661842,0,1
0.62209,0.141142936915872,0,3
0.1377333333333333,0.1213221296133006,0,0
0.051821,1.0040172524557918,1,1
0.8652071428571428,0.1486045768902682,0,3
0.5253583333333333,0.1801665501327338,0,0
0.9362077777777776,0.0455938634263795,0,3
0.4930233333333333,0.2548396297267163,0,0
0.0732866666666666,1.0027712661145745,0,1
0.4998962962962963,0.0545264054377269,0,0
0.0097549019607843,1.0004807692307691,0,1
0.2734433333333333,0.26378277274741,0,0
0.4775747311827956,0.0445176589687639,1,0
0.104805,0.6,0,1
0.0737026315789473,0.0527756206864588,0,0
0.172857,0.0350514799917731,0,0
0.3443866666666666,0.5183335996165521,0,0
0.6503440476190476,0.0394106245158998,0,3
0.18485,0.2742012613026353,0,0
0.2592994444444444,0.2370050204146841,0,0
0.0096638888888888,1.0,0,1
0.6324388888888889,0.0595644832036756,0,3
0.00408125,1.0,0,1
0.6413666666666668,0.2392724776031133,0,3
0.9440666666666668,0.036460777778015,0,3
0.8500407407407408,0.0416256887945391,0,3
0.6914412037037038,0.0384180964025103,0,3
0.7359869047619048,0.0499729072256922,0,3
0.5953895833333332,0.0370819402929661,0,3
0.7234566666666667,0.0283564369773525,1,3
0.7109722222222222,0.1104127226960457,1,3
0.5666133333333333,0.0436287169031634,1,3
0.42175,0.0686031762336705,1,0
0.0083104761904761,1.0,0,1
0.7015083333333333,0.1014279192185886,0,3
0.1809735772357723,0.0328461802382006,1,0
0.5439166666666666,0.056521627655274,0,3
0.6076533333333334,0.431065975427502,0,3
0.6048527777777777,0.040693739503182,0,3
0.9402166666666666,0.0502517213563006,0,3
0.00642,0.8523676880222841,1,1
0.1775974358974359,0.0931867191903531,0,0
0.0215158333333333,0.7520423319717786,0,1
0.007270238095238,1.0,0,1
0.0869531746031746,1.0000711047320217,0,1
0.0636591397849462,0.1621110699323876,0,0
0.3487375,0.3508448962989143,0,0
0.5922580459770115,0.0390905617232277,0,3
0.8464611111111111,0.0883677556195685,0,3
0.17929,0.3470385291388927,0,0
0.4851107843137254,0.0340675475414702,0,0
0.7522424242424243,0.0391212494784374,0,3
0.0190747311827957,0.8285062713797036,0,1
0.24496,0.2014322946562611,0,0
0.5100537037037037,0.0363710017614139,0,0
0.1303350694444444,0.9101321911142036,0,1
0.1099349358974358,0.0947791727779701,0,0
0.3851333333333333,0.3149731115039875,1,0
1.0176083333333334,0.0630982997363301,0,3
0.9642,0.0414056986196092,1,3
0.0286905797101449,0.8525595952065943,1,1
0.0837111111111111,0.5397673810768426,0,1
0.0064,1.1303418803418803,0,1
0.505675,0.0352576643163921,1,0
0.996925,0.0407946993369225,0,3
0.54275,0.0416675687190164,0,3
0.107784,0.2925501738459105,0,0
0.0681541666666666,0.2760025306059025,0,0
0.8295227272727272,0.0356372800148483,0,3
0.374279012345679,0.0362079769965972,0,0
0.647375,0.0421572539038449,0,3
0.4575034482758621,0.4332532224383182,0,0
0.9660571428571428,0.0411320170468668,1,3
0.7296566666666667,0.0769061299993742,1,3
0.3581319444444444,0.0727635108001689,1,0
0.5791233333333333,0.065485620610117,0,3
0.6996095238095238,0.239661596043804,1,3
0.0811384615384615,0.279124217440816,0,0
0.8460357142857143,0.040555930776532,0,3
0.0028083333333333,1.0,0,1
0.134,1.0,0,1
0.4140222222222222,0.0561533307911079,1,0
0.3511116666666667,0.2288999607287243,0,0
0.0078851851851851,0.1016421192653072,1,0
0.0823527777777777,1.4265203202007588,0,1
0.0540820512820512,0.5423549343498517,0,1
0.7647208333333333,0.4551500129631419,0,3
0.5378266666666667,0.0435216292961638,0,3
0.7006188405797101,0.0466988885321101,0,3
0.1150427536231884,0.875,0,1
0.415278125,0.0372304680999751,0,0
0.76918,0.0356652773596785,0,3
1.0213833333333333,0.0174954942960865,1,3
0.4782722222222222,0.1102559818215464,0,0
0.6580886363636363,0.0429248989759071,0,3
0.7104583333333333,0.0411422257747058,1,3
0.6580666666666667,0.3175121546363588,0,3
0.078581884057971,0.810759272584581,0,1
0.4497738095238095,0.0413675659616148,0,0
0.0075777777777777,1.0016,0,1
0.0481111111111111,1.0,1,1
0.6524448717948718,0.0783686897465232,0,3
0.0086790322580645,0.8,0,1
0.6317125,0.041530527233612,1,3
0.0368295454545454,1.005898026914304,0,1
0.0562111111111111,1.0,0,1
0.1935533333333333,0.0913798502833873,1,0
0.8515095238095238,0.0372285398102124,0,3
0.66535,0.054514609350871,1,3
0.8826611111111111,0.0683641078035343,1,3
0.1779266666666666,0.307362180157625,0,0
0.6961322916666667,0.03954751219681,0,3
0.7271727272727273,0.0412540148893069,0,3
0.3211138888888888,0.4815495274727535,0,0
0.0002809523809523,1.0,0,1
0.9970980392156862,0.0370750131156031,1,3
0.7951416666666667,0.0576662497702823,0,3
0.7017066666666667,0.0552275943147195,0,3
0.5763809523809523,0.0486887268638921,0,3
0.0148098039215686,0.1898848092152627,0,0
0.3947766666666666,0.075153435959352,1,0
1.003324358974359,0.0403015374411431,0,3
0.7335416666666666,0.0705129103705954,0,3
0.0074040229885057,0.75,0,1
0.0759283333333333,0.9754409722697742,0,1
0.3800763888888889,0.0724263493360381,0,0
0.0055523809523809,1.0038426483080845,0,1
0.0012892156862745,1.0,0,1
0.0066222222222222,1.0,1,1
0.6307347222222223,0.0954229897022193,0,3
0.66074375,0.05837391263357,0,3
0.9217166666666666,0.0733938004157304,1,3
0.744835,0.0474501680422425,0,3
0.0131437037037037,0.5836352080679316,0,1
0.2367875,0.2541700233751008,0,0
0.9829060606060606,0.0382238669740461,1,3
0.0,2.0,0,1
-0.003370731707317,1.0005770340450086,0,1
0.4107390625,0.1909232014523434,0,0
0.0109166666666666,1.0560703006448813,0,1
0.5239395833333333,0.0361762917732838,0,3
0.9469583333333332,0.0592175333266797,1,3
0.1035849206349206,1.0117979093595215,1,1
0.9949666666666668,0.0410124825799742,0,3
0.7955901515151516,0.0453145152850121,0,3
0.0019833333333333,1.0918181818181818,0,1
0.0518063333333333,0.2212898977659109,0,0
0.8617633333333333,0.0395385163273835,0,3
0.0250225,0.2585344610484676,1,0
0.0014886363636363,0.6702075702075702,1,1
0.7907583333333333,0.2548703891414011,0,3
0.8349333333333334,0.0845625210838007,0,3
0.0676574074074074,0.0696354430334242,1,0
0.1215847222222222,0.1110698152371353,0,0
0.04408125,1.018774473564315,0,1
0.980090476190476,0.0370714122510189,0,3
0.126017619047619,0.1410379827513203,0,0
0.4905209523809524,0.0370940051823812,0,0
0.7132722222222223,0.0636046613028564,1,3
0.5515291666666667,0.0499083878979766,0,3
0.0603078703703703,0.854109486259851,0,1
0.0192966666666666,1.000376818147562,1,1
0.0158333333333333,0.2,1,0
0.0056555555555555,0.4667487684729064,0,1
0.41065,0.6521737784916197,0,0
0.0048086021505376,1.546796975512086,0,1
0.2863016666666667,0.0451555385184797,0,0
0.42008,1.162860371954838,0,1
0.0020479166666666,1.2355072463768115,1,1
0.997588888888889,0.0495692569435824,0,3
0.9548527777777778,0.0466138039191578,0,3
0.7172495495495494,0.0412115122363772,1,3
0.0022802083333333,1.0041122783667733,0,1
0.4915465517241379,0.0462463373505879,0,0
0.0770325757575757,0.9412688652996628,0,1
0.0058325396825396,1.0419354838709678,0,1
0.9262011904761904,0.0441445940504763,0,3
0.0208505208333333,1.0003828483920367,0,1
0.3377083333333333,0.0401203351249385,1,0
0.6840333333333333,0.0867653150132755,0,3
0.9884857142857144,0.0413449474607752,1,3
0.0436811594202898,0.7664189289387625,0,1
0.0323833333333333,0.6811894839418632,0,1
0.0810354166666666,0.9373836055564037,0,1
0.713521875,0.2941144743404796,0,3
0.79061,0.0379485617447593,0,3
0.9771833333333334,0.0488726412995291,1,3
0.306,0.0993457221631403,1,0
0.3950763888888888,0.0866624399924565,0,0
0.0116008333333333,0.7549922600619194,0,1
0.3182133333333333,0.0003714250340472,0,0
0.0195430555555555,1.0,0,1
0.7957007575757575,0.1050170908318549,0,3
0.5686266666666666,0.1011636183376587,0,3
0.3698741666666666,0.0386630159325592,0,0
0.6690079710144928,0.0615745632081305,0,3
0.0515488888888888,1.0006212049305554,0,1
0.0124069892473118,1.031664212076583,0,1
0.6652857142857143,0.0376804051124095,1,3
0.97031,0.0548487536874504,1,3
0.015750641025641,1.009041621463764,1,1
1.02355,0.0089494356883607,0,3
0.4727547619047619,0.1624097997270027,0,0
0.4096433333333333,0.0478827209151604,0,0
0.0054462962962962,1.0,0,1
0.0511857142857142,0.6117107612709505,0,1
0.7767666666666667,0.0566711403987577,0,3
0.00144375,0.8,0,1
0.2499285714285714,0.4355265875583791,0,0
0.0028,0.8,0,1
0.1305546666666666,0.0610659048932319,1,0
0.4818711538461538,0.1800175726390377,0,0
0.9903416666666666,0.0658584239360261,0,3
0.0041616666666666,1.0,0,1
0.4176638888888889,0.1129617629477233,0,0
0.0057608695652173,0.0,1,0
0.0105347826086956,1.0967741935483872,0,1
0.7984866666666667,0.0392159321000314,0,3
0.00975,1.0,1,1
0.0632746666666666,0.3431282957999944,0,0
0.7350633333333333,0.0819629936298592,0,3
0.90971,0.0391138765188086,0,3
0.3832472222222222,0.0462135860195113,0,0
0.0061375,1.0,1,1
0.2393377777777777,0.0405912398256467,0,0
0.3538111111111111,0.1745961183317867,0,0
0.4313245098039216,0.0586623913717676,0,0
0.8501638888888889,0.0392646035189382,1,3
0.4571766666666666,0.2346833906443705,0,0
0.944025,0.0606386805306202,0,3
0.0022685185185185,1.0,0,1
0.686775,0.0590942995655877,1,3
0.6182583333333334,0.1210342307455853,1,3
0.0242197916666666,1.0,0,1
0.6520214285714285,0.0405722545214455,0,3
0.1877905555555555,0.440805689003534,0,0
0.0145648148148148,0.975,0,1
0.5025774193548387,0.0338772431048274,0,0
0.2783,0.5229677579982572,0,0
0.0009629629629629,0.1016421192653072,0,0
0.8761916666666666,0.0482408009714404,1,3
0.62366,0.0425047560372825,0,3
0.0499416666666666,1.0008214676889375,0,1
0.0009703703703703,0.5524861878453039,0,1
0.0902291666666666,1.0233982667950523,0,1
0.6976472222222223,0.0478813885523132,0,3
0.5820966666666666,0.1715056889692129,0,3
0.4359107142857142,0.2978601718212905,0,0
0.2846820512820512,0.8138618559220522,0,1
0.2943925925925926,0.3123057916553095,0,0
0.22213125,0.0440516373640249,0,0
0.0068572916666666,1.004,0,1
0.0174888888888888,0.8,0,1
0.66351,0.1885648683087162,0,3
0.9058333333333334,0.0492889637710888,1,3
0.0214026041666666,1.0094542583110253,0,1
0.89015,0.1055430567770661,1,3
0.9894805555555556,0.0544672436831643,1,3
0.0324291666666666,1.0358551810237204,0,1
0.6995861111111111,0.0373712587190527,1,3
0.0862143939393939,0.1275915119710786,0,0
0.7411981481481481,0.1636721101407638,0,3
0.84809,0.0682808482271216,0,3
0.5553333333333333,0.0394772221409926,0,3
0.0133977777777777,1.0033102072280415,0,1
0.06454375,0.0632959286954632,0,0
0.0026851851851851,0.1016421192653072,0,0
0.9157666666666668,0.0554931305132585,0,3
0.9257966666666668,0.0337677899942135,0,3
0.6925583333333334,0.0435203097300895,1,3
0.9754777777777776,0.0415903631161448,0,3
0.0636041666666666,1.007333634585292,0,1
0.6486719696969697,0.0582285350595442,0,3
0.2849733333333333,0.0609436073403477,0,0
0.9352977272727272,0.0406224292382213,0,3
0.0793333333333333,0.1016421192653072,0,0
0.3042833333333333,0.2668642671535202,0,0
0.6938066666666667,0.0480352279620021,1,3
0.2555930555555555,0.0863368206547049,0,0
0.5624736842105263,0.0357065475544557,0,3
0.4231681818181818,0.0424328458365693,0,0
0.0156297872340425,1.007132667617689,0,1
0.0103555555555555,0.2,0,0
0.06275,0.7668089647812166,0,1
0.9157380952380952,0.2322183677680143,0,3
0.0076386178861788,1.0043023504476625,0,1
0.0808916666666666,1.0,0,1
0.1703434343434343,0.5310624049847696,0,0
0.003575,0.7533589251439539,1,1
0.5444866666666667,0.0468366968957945,0,3
0.0707327160493827,0.0536050502240329,1,0
0.8821633333333333,0.0357689089829495,1,3
0.3269097222222222,0.0377631286928886,0,0
0.5504533333333334,0.0649252912848768,0,3
0.8347833333333334,0.089767247109474,0,3
0.0584043478260869,0.7505555555555555,0,1
0.5803908333333334,0.059558779701606,0,3
0.0905441666666666,1.0044238025343577,1,1
0.059312037037037,0.4464835973360284,0,0
0.67209,0.0421560274669092,1,3
0.8803833333333334,0.1106952393127349,0,3
0.0031166666666666,1.0020093062605753,0,1
0.097272,0.246617474697805,0,0
0.784392105263158,0.0401704152701734,0,3
0.8757991666666667,0.0394297743206847,0,3
0.0244006944444444,1.00061871616396,0,1
0.3623848484848485,0.0312838953579374,0,0
0.0075032051282051,0.8258239065778789,0,1
0.919425,0.0502365617934593,0,3
0.0756083333333333,0.3635754033114723,1,0
0.0418485507246376,0.142743771077958,0,0
0.8779456140350876,0.0402932902017767,0,3
0.0693928571428571,0.8072336674090572,0,1
0.0068507936507936,0.3506788800034589,1,0
0.0306466666666666,0.2608321311101607,0,0
0.28461,0.1179810414337664,0,0
0.0019188596491228,1.0238156772778944,0,1
0.202709375,0.6167033067148527,0,1
0.2820877777777777,0.0425890843601292,0,0
0.6166333333333333,0.5190600270218104,0,3
0.8507458333333334,0.2499740027771367,0,3
0.8648185185185185,0.0436266142701985,0,3
0.2236091954022988,0.0471111346808707,0,0
0.070245,0.6133648838341349,0,1
0.83779,0.1071529164221151,0,3
0.5125233333333333,0.0561345254971358,1,0
0.0977823333333333,0.3995559702217171,0,0
0.37018,0.1078103669673612,1,0
0.049454,0.2818515612503404,1,0
-0.0041402298850574,1.0083732057416268,0,1
0.0084228070175438,0.15001500150015,0,0
0.7882533333333333,0.5733562808488637,0,3
0.6646912280701754,0.0382695516932215,1,3
0.254575,0.2293873120340018,0,0
0.824,0.0432117518269508,0,3
0.0056690476190476,0.8,0,1
0.9972083333333333,0.0368853763635994,0,3
0.6536666666666666,0.051661479935195,1,3
0.1659717948717948,0.5083411771342229,0,0
0.0019583333333333,1.0,0,1
0.0879523148148148,0.5298938250042665,0,1
0.0852166666666666,0.7328703703703704,0,1
0.001375,1.0,0,1
0.0057571428571428,1.0,1,1
0.5407291666666667,0.0591021100201238,1,3
0.46204,0.4220171808973042,1,0
1.142572222222222,0.0367876017673485,0,3
0.6402746376811593,0.0420173500318988,1,3
1.031201754385965,0.0351636780627003,0,3
0.00924,0.8,1,1
0.4242,0.2966213839247649,0,0
0.87515,0.0424579647275422,0,3
0.9198583333333334,0.086067715735981,0,3
0.3237633333333333,0.3129012924783031,0,0
0.5461611111111111,0.0648071991423237,1,3
0.3502866666666666,0.0696731972205068,0,0
0.0782616666666666,1.0461903235191277,0,1
0.5378357142857143,0.0578611631083797,0,3
0.2382410256410256,1.0014458009073135,0,1
0.6642238095238094,0.0337730300518733,1,3
0.8022583333333333,0.0491844074829218,1,3
0.00599375,0.9677807889190004,0,1
0.3984333333333333,1.0268887706688354,0,1
0.9736116666666668,0.0337253696347113,1,3
0.0008877777777777,1.0,0,1
0.4594272727272727,0.0453362325615681,0,0
0.02046,1.000327059174507,0,1
0.1753303333333333,0.0717506456910268,0,0
0.6937151515151515,0.0311665980864409,1,3
0.0806803333333333,1.000186291544494,0,1
0.7985583333333333,0.0712183126207077,0,3
0.5689222222222222,0.06609057009446,0,3
0.02917,0.7120826941339762,0,1
0.04904375,1.0021602406344,0,1
0.2155395833333333,0.0389052074620187,1,0
0.48058,0.0456935988333236,0,0
0.008255,1.0,0,1
0.5981077777777778,0.0383776565985348,1,3
0.0025657407407407,1.510604042842585,0,1
0.0206887096774193,0.3555291446311803,0,0
0.1510629629629629,0.4187790508406103,0,0
0.2535933333333333,0.0607758057764104,1,0
0.5568421296296296,0.0342793352183927,0,3
0.0028175925925925,1.0433673469387754,1,1
0.8453354166666666,0.0286000293310598,1,3
0.0018152173913043,1.0,0,1
0.2246144927536232,0.0395705177299736,0,0
0.0455858974358974,1.0,0,1
-0.0011171428571428,1.166924564796905,0,1
0.0049333333333333,1.0,0,1
0.6218333333333333,0.0727117530077353,0,3
0.8449633333333333,0.0779383165226766,0,3
0.1137611111111111,0.8665140387665176,0,1
0.0018666666666666,1.0,0,1
0.4353362068965517,0.0346087956582987,0,0
0.5089333333333333,0.2541583339754401,0,0
0.0079371794871794,0.8,0,1
0.7652357142857142,0.0367135603741316,0,3
0.26184,0.2885275022827988,0,0
0.0037494444444444,0.6879432624113475,1,1
0.2947777777777778,0.037179720152644,1,0
0.9648333333333334,0.0923800502003471,1,3
0.2790780303030303,0.3412189865557724,0,0
0.8368555555555556,0.0298079913263755,1,3
0.85695,0.0476420829201254,0,3
0.0207520833333333,1.004724598625185,0,1
0.3662694444444444,0.0421897324568345,0,0
0.35288,0.0704949548049991,0,0
0.9744514492753624,0.0302790785239457,0,3
0.6196416666666666,0.0536731750379922,0,3
0.2744203703703703,0.1799039844106509,0,0
0.7736833333333333,0.0720921608958692,1,3
0.05285,0.4616142945163277,1,0
0.0172555555555555,0.75,0,1
0.37704,0.0587221075805285,0,0
0.502925,0.1220697469085765,0,0
0.1944083333333333,0.3767518072082665,0,0
0.0050106481481481,1.0,0,1
0.0334979166666666,0.0965417821296901,0,0
0.71787,0.0371288217056733,0,3
0.3403782051282051,0.7673381180470183,0,1
1.0062895833333334,0.0378875355527093,0,3
0.9389666666666666,0.0419147211894778,1,3
0.9463,0.0969601954825041,0,3
0.8139333333333333,0.0468665138132391,1,3
0.5197848484848485,0.0377242756604076,0,0
0.8394477777777778,0.0352466276678297,1,3
0.81896,0.0321380258995642,1,3
1.07661875,0.0849663446842239,1,3
0.8810944444444444,0.2708902166916748,0,3
0.4612566666666666,0.0705570602399996,0,0
0.0011662601626016,0.6,0,1
0.0091916666666666,0.8,1,1
0.3079071428571429,0.0676166235697312,1,0
0.648775,0.1907050951182935,1,3
0.00975,1.5,0,1
0.8266260869565217,0.039434494657526,0,3
0.006,0.0,1,0
0.5471,0.0649666200154221,0,3
0.3363666666666666,0.0363434434561815,0,0
1.1846333333333334,0.068932542822578,0,3
0.0056416666666666,1.0,0,1
0.3108764705882353,0.0397590667607085,0,0
1.0658833333333333,0.0418926261487344,1,3
0.1607933333333333,0.4599067339693024,0,0
0.01700625,0.225022502250225,0,0
0.0223993333333333,0.8271301903912873,0,1
0.0142693548387096,0.8046616109437963,0,1
0.7382928571428572,0.033676530165368,1,3
0.3573666666666666,0.4443733677490841,0,0
0.9991166666666668,0.0481821447888934,1,3
0.4366430555555555,0.0929125904971922,0,0
0.5771403333333334,0.0526458861090031,0,3
0.4833955555555555,0.0397963862810485,0,0
0.0491645833333333,0.7412631980667871,0,1
-0.0233350877192982,0.1016421192653072,0,0
0.6982357142857143,0.062953302627765,0,3
0.9295118055555556,0.0396555801781747,0,3
0.5711766666666667,0.0467500575429746,0,3
0.9221569444444444,0.0485999574040286,0,3
0.6963852564102564,0.0553418706550221,0,3
0.7786381944444444,0.0405942531096941,0,3
0.0070166666666666,0.5593028928102581,1,1
0.25705,0.0338329760889028,1,0
0.0072463768115942,0.1016421192653072,0,0
0.8060866666666667,0.0433053256591749,0,3
0.13740625,0.6015616830071872,0,1
0.0008666666666666,1.2,1,1
0.0653808333333333,0.4935666806228577,0,1
0.0274547008547008,0.6148591992296153,0,1
0.2038675,0.0372256828706503,1,0
0.2135068376068376,0.046409256852324,0,0
0.0003285714285714,1.0,0,1
0.00102,1.0,0,1
0.0171302469135802,1.0,0,1
0.213151282051282,0.3831051884138887,0,0
0.0189581395348837,1.002797254027411,0,1
0.6745809523809524,0.0641420633507407,0,3
0.8016333333333333,0.0417871098389414,1,3
0.04118,0.3391540653079115,0,0
0.003021875,0.6666666666666666,0,1
0.1095846153846153,0.0268634686346863,0,0
0.003670238095238,1.0,0,1
0.6929066666666667,0.053095038950487,1,3
0.7297534482758621,0.0495678721661436,0,3
0.7274833333333333,0.064532383016003,0,3
0.0181284722222222,0.0563856780377784,0,0
0.0011677083333333,1.0,0,1
0.3052091397849462,0.0614772743038447,0,0
0.8270777777777777,0.0405963659573888,0,3
0.3076566666666667,0.2161944228965011,0,0
0.0382,0.5120178810521314,0,1
0.7184433333333333,0.0424523834474177,1,3
0.5387809523809524,0.0629924705790867,1,3
0.86962,0.0432895142824822,1,3
0.0478477777777777,1.0015759709943155,0,1
0.038586,0.7550001879769916,0,1
1.01777,0.0425848503472564,0,3
0.3935972222222222,0.0381642318635305,0,0
0.4321333333333333,0.0415404479742037,1,0
0.0134373015873015,1.0,0,1
0.5552854166666666,0.0358832004335468,0,3
0.3046587719298245,0.6027249850513589,0,0
0.0310233333333333,0.5976261717286926,1,1
0.1492708333333333,0.1016421192653072,0,0
0.0105883838383838,0.7588157508081105,0,1
0.0824246376811594,1.0022828168299691,0,1
0.0725805555555555,0.089980603116826,0,0
0.0185406976744186,1.002900926984708,0,1
0.825380303030303,0.0372835239072927,0,3
0.317625,0.0426717084077284,0,0
0.2995833333333333,0.0600737640557083,0,0
0.5301142156862746,0.0424271566414417,0,3
0.4450625,0.2184495072156177,0,0
0.0076522988505747,1.001882125864081,0,1
0.0037,1.0,0,1
0.0010175925925925,0.6666666666666666,0,1
0.7289097222222223,0.1626157197179964,1,3
0.0420333333333333,1.0,0,1
0.4343666666666666,0.0544621779042793,0,0
0.8207916666666666,0.1040870002441767,0,3
0.62045,0.0429108899007198,1,3
0.0012980769230769,1.0,0,1
0.2147733333333333,0.2491164775888994,0,0
0.0729854166666666,0.8910406972619855,0,1
0.2394833333333333,0.0335429769392033,1,0
0.0153339743589743,1.0346549572439951,0,1
0.4402315789473684,0.043719027894686,0,0
0.6376533333333334,0.0403633250533705,0,3
0.1039,0.1090971464123257,0,0
0.0023148148148148,0.5,0,1
0.7610795454545455,0.0407449963017898,1,3
0.0112863333333333,1.005220313582655,0,1
0.36045,0.0384993365409503,0,0
0.8030888888888889,0.040269277746807,1,3
0.6443166666666666,0.0733664216415963,0,3
0.4263583333333333,0.4634225112460135,0,0
0.6837,0.051395281577137,1,3
0.4705033333333334,0.2915049086602167,0,0
0.0659895833333333,0.6324149108589951,0,1
0.6403222222222222,0.0345579658912078,0,3
0.0015,0.5,0,1
0.7646883333333333,0.0311234976830105,1,3
0.3806291666666666,0.0644099127820067,0,0
0.0340314814814814,0.7197823821086808,0,1
0.2857944444444444,1.0009418823693574,0,1
0.0825,0.0,0,0
0.7692066666666667,0.0634712540277792,0,3
0.3059686274509803,0.3848647301245617,0,0
0.0065283333333333,1.0020905168932883,0,1
0.0429722222222222,0.1016421192653072,0,0
0.6657654761904762,0.0391570047749653,0,3
0.79495,0.0399840918530055,1,3
0.0027869565217391,1.0,0,1
0.1242444444444444,0.2830364354548222,1,0
0.8608425925925925,0.0898183659155524,0,3
0.59879,0.092140144432906,0,3
0.0201366666666666,1.0079456692788935,0,1
0.7383166666666667,0.0757520195048624,1,3
0.7546866666666667,0.0414043246024039,0,3
0.0018304347826086,1.0,0,1
0.021403086419753,1.0,0,1
0.7726,0.0408849174146182,0,3
0.85558,0.0447465369826842,0,3
0.6659333333333333,0.0432565205084756,1,3
0.0158508333333333,1.0032358024830828,0,1
0.0068180555555555,0.5,1,1
0.9397277777777776,0.0465053148733853,0,3
0.1882351851851852,0.1304813223922793,0,0
0.0132989583333333,1.0,0,1
0.0450894736842105,0.1304213316427377,0,0
0.0760930555555555,0.1144094396021887,0,0
0.1225,0.1016421192653072,0,0
0.225425,0.5069350093152727,1,0
0.8980383333333333,0.0389532515378805,0,3
0.6856333333333333,0.0616519453318006,0,3
0.0315680555555555,1.3064779534972697,0,1
0.0790166666666666,0.6364823854210695,0,1
0.9715950980392156,0.2147945253031939,1,3
0.0109058333333333,0.6666666666666666,0,1
0.0495548611111111,0.8,0,1
0.1325972222222222,0.1786739553834871,1,0
0.0554466666666666,0.1575153159095519,0,0
0.96886,0.1444795472600556,0,3
0.5077333333333334,0.2230813955033526,0,0
0.5550601851851852,0.0344927148819506,1,3
0.6343984848484848,0.037387378426591,0,3
0.2827,0.0664439381762773,0,0
0.0063102564102564,1.0,0,1
0.7624055555555556,0.0487892774144915,1,3
0.1183347619047619,0.1915305229374287,0,0
0.8288030303030303,0.035746919118309,0,3
0.78675,0.3051996666259993,0,3
0.5387055555555555,0.3792375501152205,0,0
0.145799,0.5366176246653213,0,1
0.2892583333333333,0.0421711654574785,1,0
0.6829645833333333,0.0415237947727685,0,3
0.0129011111111111,0.9284490145672664,0,1
0.8801966666666667,0.040495564613599,0,3
0.1460450980392157,0.0449443226791245,0,0
0.6439481481481482,0.0443166566526064,0,3
0.0028022222222222,1.0,0,1
0.5187233333333333,0.0613358898904276,0,0
0.442915,0.1963329271140218,0,0
0.0139044444444444,1.0012993519598878,0,1
0.1479287037037037,0.2067369535801488,0,0
0.45415,0.0471066968022246,0,0
0.0023822222222222,0.6044277360066834,0,1
0.8936347222222223,0.1011525261289986,0,3
0.2092509259259259,0.2020549068569385,0,0
0.55982,0.0550327309639874,0,3
0.9434583333333334,0.0610503595106988,1,3
0.6599145833333333,0.0521355232370511,0,3
0.2986326923076923,0.0520759231312633,0,0
1.0029833333333331,0.0338582371487459,1,3
0.49305,0.1061232065641933,1,0
0.0271511904761904,1.0,0,1
1.0347666666666666,0.064448311435516,0,3
0.5161775,0.0287386068294097,1,0
0.0304895833333333,0.7290353351553136,0,1
1.0161956140350876,0.0374773351701684,0,3
0.0641357142857142,0.3710613268304262,0,0
0.25075625,0.0677050508726142,0,0
0.7523872807017544,0.0350223619673205,1,3
0.0030916666666666,1.0,0,1
0.0125136904761904,1.005069555711648,0,1
0.0077916666666666,1.0,0,1
0.0195,0.5,0,1
0.24404,0.0807670428301681,0,0
0.0554722222222222,0.6502558902237898,1,1
0.4445321428571429,0.0506280384912371,0,0
0.927705,0.0314482805199748,1,3
0.2413239583333333,0.7741637427667781,0,1
2.5252525252525256e-05,0.9682539682539684,0,1
0.7795902777777778,0.039504550629496,0,3
0.0237796296296296,1.000136612021858,0,1
0.0452083333333333,4.590505707155217,0,2
0.93067,0.050988845516839,0,3
0.4958857142857142,0.0419761687712426,0,0
0.5279357142857143,0.0774863272492568,0,3
0.0186510416666666,1.000128270908158,0,1
0.1266625,0.087696917591412,0,0
0.1217770833333333,0.3634087482772309,0,0
0.0036944444444444,0.1016421192653072,1,0
0.8412705128205129,0.0878942274823139,0,3
0.2827615384615384,0.2286248743747852,0,0
0.4565295454545454,0.0464634642245532,0,0
0.7863478260869565,0.0343046534254341,1,3
0.0008233333333333,1.0,0,1
0.1318432539682539,0.0688895723422487,0,0
1.8465533333333333,0.0360903933130971,0,3
0.4443866666666666,0.0421183181574597,0,0
0.1532741666666666,0.0793424844825575,0,0
0.5660966666666667,0.089869981601042,0,3
0.078747,0.4103336118247632,1,0
1.1679243589743589,0.0446320816518594,0,3
0.1853533333333333,0.848729909092641,0,1
0.6662076923076923,0.0755783862648489,0,3
0.5158066666666666,0.1278294720689999,0,0
0.7677095238095237,0.1003756966883827,0,3
0.0174886363636363,0.8199855093429335,0,1
0.00174375,1.0,0,1
1.0878944444444445,0.0,0,3
0.0034233333333333,0.6666666666666666,1,1
1.1205766666666668,0.0472358861500874,0,3
0.0010972222222222,1.0,0,1
0.6085469696969698,0.070609321433741,0,3
0.3741866666666666,0.5233463035019456,0,0
0.12379,0.5795616567092402,0,1
0.0038277777777777,1.0,0,1
0.7815205128205128,0.0401679158462512,0,3
0.2270908333333333,0.0995076193125149,0,0
0.4341833333333333,0.0342987934488463,0,0
0.3088033333333333,0.2934798070744042,0,0
0.0074983870967741,1.1259307453191645,0,1
0.1480940476190476,0.1319194226565657,0,0
0.5165924242424242,0.0482597584218572,1,0
0.0169948717948717,1.0,0,1
0.0923671052631578,0.6203206452698697,0,1
0.5402904761904762,0.0522069659593478,0,3
0.6271866666666667,0.051973041550634,0,3
0.035071875,0.2192226527425236,1,0
0.6120966666666666,0.0371364013093038,0,3
-0.0144296296296296,1.005389580145053,0,1
0.1604314814814814,1.103487629633684,0,1
0.0010186666666666,1.0,0,1
0.00818,0.1016421192653072,0,0
0.1274293333333333,0.0591936345164909,1,0
0.5502477777777778,0.0322440916551218,1,3
1.0021722222222222,0.0673064517837401,0,3
0.1239611111111111,1.006468797564688,0,1
0.0673934782608695,0.8046629828329083,0,1
0.8814866666666668,0.0416533229317943,1,3
0.0444766666666666,3.0425845753108995,0,2
0.0348177777777777,0.1157138128339717,0,0
0.6133444444444444,0.0647597912249312,0,3
0.4949547619047619,0.0420372316502909,1,0
0.24,0.0,1,0
0.9909051282051282,0.0404317023626041,1,3
0.6219333333333333,0.2307010590875222,0,3
0.01249,0.6091509528221989,0,1
0.1344277777777777,0.6909226401073312,0,1
0.9333555555555556,0.0388954399265581,0,3
0.8447897435897437,0.133741632621403,0,3
0.01728,1.0003361543937357,0,1
0.4635875,0.0617172259542395,1,0
0.8660474358974359,0.0342231084420961,1,3
0.0098309523809523,1.0,0,1
0.0486841666666666,1.0004437520597724,0,1
0.0067921296296296,1.0054508640099902,0,1
0.7743566666666667,0.0307241579070031,1,3
0.0620109848484848,0.7915038684233441,0,1
0.1503333333333333,0.1016421192653072,0,0
0.7141416666666667,0.0363245306882027,0,3
0.7965833333333333,0.0275304562366331,0,3
0.1428537037037037,0.0806759638808547,1,0
0.5489625,0.0458474996638382,0,3
0.8036974358974359,0.0428285533652822,1,3
0.3810138888888889,0.0877095709130534,0,0
0.0344626666666666,0.735931922161239,0,1
0.42735,0.1407982368204266,0,0
0.0004071428571428,1.1355932203389831,0,1
0.0774233333333333,0.1002436938337127,0,0
0.8448038095238095,0.0354656601480788,0,3
0.0007438271604938,1.0,0,1
0.001525,1.0,1,1
0.15217,0.4040733197556008,0,0
0.0511277777777777,0.5627068464181866,1,1
0.2044333333333333,0.9601441794060616,0,1
0.9051333333333332,0.0578769188406042,1,3
0.0055645161290322,0.1016421192653072,0,0
1.0142966666666666,0.0408364862628777,0,3
0.1883828282828283,0.9636761854028056,0,1
0.895775,0.0650124403799295,1,3
0.178695,1.6182952300695086,0,1
0.2343630434782608,0.100652457830557,0,0
0.090861574074074,0.6539799170943703,0,1
0.0071083333333333,1.0,1,1
0.0241711111111111,1.0001567447255402,0,1
0.0393163333333333,0.8,0,1
0.8046333333333333,0.1198010593917576,0,3
0.0347866666666666,0.4479357377665794,0,0
0.034784375,1.0003037455350643,0,1
0.01543,1.0,0,1
0.9066143333333334,0.044575618751367,1,3
0.3565015151515151,0.0436558063952764,0,0
0.5438156028368795,0.0462093263716573,0,3
0.2681486111111111,0.042157485874228,1,0
0.9918983333333332,0.0337955927490178,1,3
0.859675,0.0826183008419866,0,3
0.0060921296296296,0.0,1,0
0.0157888888888888,1.0,0,1
0.2289481481481481,0.0491050358677053,0,0
0.0009950980392156,1.0,0,1
0.7169285714285715,0.0406743278228725,0,3
0.3969833333333333,0.060230998788322,0,0
0.4033064814814815,0.0413127087636781,1,0
0.2305875,0.2653032807435094,1,0
0.8871032520325203,0.0902859447829496,0,3
0.0041492424242424,1.0026304061582092,0,1
-0.0141611111111111,0.1016421192653072,0,0
0.7948461538461539,0.0395713210352115,0,3
0.0226047619047619,1.0,1,1
0.80265,0.0989774906355899,0,3
0.1745401234567901,0.0556134814051394,1,0
0.0159111111111111,1.0,0,1
0.0105388888888888,1.0023745846410894,0,1
0.9542722222222224,0.0537822813863646,0,3
0.0177758333333333,0.2389599886606009,0,0
0.0040642857142857,1.0,0,1
0.6483006172839506,0.0470286194812514,0,3
0.9712266666666668,0.0797849468150393,0,3
0.633288,0.0370885649613499,0,3
0.86603,0.0395620453192033,0,3
0.0799589743589743,0.0927982801400354,1,0
0.5612572916666667,0.052672211345972,0,3
0.6772633333333333,0.0432962176757819,1,3
0.0137222222222222,1.0,0,1
0.6761266666666668,0.0435005678468685,0,3
0.0079720238095238,1.0046380322936983,0,1
0.9165055555555556,0.0674661324308589,0,3
0.4823244444444445,0.0468000856793766,0,0
0.1795766666666667,0.1208275010663828,0,0
0.8536041666666666,0.0492388588021668,0,3
0.0019333333333333,1.0,0,1
0.2631375,0.2717317503064732,0,0
0.5405568181818182,0.0435841284031282,0,3
0.0359190476190476,0.7573509844268097,0,1
0.0537520833333333,0.6666666666666666,0,1
0.3113878787878787,0.0244783942173393,1,0
0.3585295238095238,0.0433812875465196,0,0
0.9042888888888888,0.034182271060042,1,3
0.1309351851851851,0.4273759385476871,0,0
0.0486737373737373,0.105329210230716,0,0
0.4867229885057471,0.054470563843452,1,0
0.3273433333333333,0.0533759178594826,1,0
0.5724738095238096,0.0441137758378998,0,3
0.9365444444444444,0.0823251802140969,0,3
0.932735632183908,0.0374994703176421,1,3
0.6666666666666667,0.0798390715621405,1,3
0.6251145833333333,0.0282734405889144,1,3
0.7212528985507246,0.0440783150213415,0,3
0.0081381944444444,1.002866709734576,0,1
0.24838125,0.7522153733895897,0,1
0.085,0.0,1,0
0.9746708333333334,0.0347931751227716,0,3
0.0344590909090909,0.4869897651323158,0,1
0.4471180555555555,0.0479924692750554,0,0
0.1660970588235294,0.2529422415048467,0,0
0.2571444444444444,0.0597785559377027,0,0
0.0061862745098039,0.4775749889730686,0,1
0.1182555555555555,1.0008573705869428,0,1
0.7119833333333333,0.0652805161759089,0,3
0.019263768115942,0.524203133441383,0,1
0.6038074074074073,0.0420043509783563,1,3
0.7705641025641026,0.0422727568752845,0,3
0.005171,1.0,0,1
0.00266,0.9669387473563924,1,1
0.8432766666666667,0.0472698064450088,0,3
0.875958,0.0403222248029423,1,3
0.0606583333333333,0.6918771985929005,1,1
0.5096,0.0405096582611641,0,0
0.1131176767676767,0.073965374692618,0,0
0.0060673611111111,1.00976290097629,0,1
0.9654462962962964,0.0398963733924642,1,3
0.0129208333333333,0.5869826926606923,1,1
0.0065339506172839,1.123994106372333,0,1
0.5952933333333333,0.0365677290171263,1,3
0.3712267857142857,0.040555428556612,0,0
0.28379,0.0951179681628958,1,0
0.76253,0.0422929953484625,1,3
0.0134572463768115,1.0002636435539152,0,1
0.3759266666666666,0.5093311689261589,0,0
0.7086,0.0375017366722283,0,3
0.1346108333333333,0.5869207277516072,0,1
0.0255488888888888,1.0000995520159282,1,1
0.0811909722222222,0.0654693694996582,0,0
0.2330666666666666,0.5145348837209303,0,0
1.0385222222222223,0.0376602145212275,0,3
0.1311766666666666,0.1372433848060839,0,0
0.4976153846153846,0.0437385076113384,0,0
0.0081920289855072,1.0031772344246443,1,1
0.4784928571428571,0.0383525337483798,0,0
0.462175,0.0824293306893877,1,0
0.0141178571428571,1.2162256219672003,0,1
0.83825,0.0439885665022533,0,3
0.4127277777777777,0.0379579457352865,0,0
0.0195420634920634,1.0003097893432469,0,1
0.0121111111111111,0.1016421192653072,0,0
0.6172166666666666,0.0466594191506011,1,3
0.0514944444444444,0.8848027659908849,0,1
0.5337770833333333,0.0327166526048776,1,3
0.3305728070175439,0.0454764954466679,0,0
0.9478666666666666,0.1059374693686368,0,3
0.0546533333333333,1.0,0,1
0.3000022222222222,0.2816561637917787,0,0
0.0017555555555555,1.0,1,1
0.124641,1.0005372106445134,0,1
0.7853666666666667,0.2386202472479523,1,3
0.4848787878787878,0.0553068606822353,0,0
0.4691307692307692,0.1480148708743186,1,0
0.1709722222222222,0.1016421192653072,0,0
0.354,0.0458621254859196,0,0
0.1751894557823129,0.0436380322796407,0,0
0.0208666666666666,0.8067226890756304,0,1
0.0017128205128205,1.0039548648540233,0,1
0.0327411111111111,1.0,0,1
0.3808361111111111,0.0570542807637433,0,0
0.78885,0.8156011074071836,0,3
1.1611366666666667,0.0285496569299536,0,3
0.6168416666666667,0.0609774121114951,1,3
0.37325,0.0753204048845989,0,0
0.6634166666666667,0.4909121440605883,1,3
0.1240967391304347,1.000387662663395,0,1
0.949425,0.3078147267184062,0,3
0.4649712962962962,0.0637328061959806,0,0
0.4698459770114943,0.0345254172093662,0,0
0.164425,0.2810467017208585,0,0
1.0986177777777777,0.0279012196910114,0,3
1.0710333333333335,0.0769584534350932,0,3
0.0009272222222222,1.0,0,1
0.2877933333333333,0.139937295839366,0,0
0.1148724637681159,0.155531228018826,0,0
0.4655277777777778,0.069329181105242,0,0
0.1161666666666666,0.3819724270760016,1,0
0.5198075757575757,0.0395334043464907,0,0
0.1722986111111111,0.3376550498952759,0,0
0.8374933333333333,0.0543986211351292,1,3
0.708386574074074,0.0392435550108998,0,3
0.0370166666666666,1.0011642411642412,0,1
0.0271365942028985,0.7356913821348146,0,1
0.0462583333333333,0.8003690036900369,0,1
0.3696133333333333,0.5080662609871535,1,0
0.5534,0.4365297287742113,1,3
0.5892466666666667,1.14036439272433,1,1
0.0418210144927536,1.0003204563932904,0,1
0.012,0.6,1,1
0.0236761904761904,0.9124338639288676,0,1
0.7148666666666667,0.4656800211622719,1,3
0.0396666666666666,1.0028950603156828,0,1
0.2763260416666666,0.0495234156412302,0,0
0.99,0.0408179646751599,0,3
0.7556466666666667,0.7739731537297554,0,3
0.7193916666666667,0.1129867354555194,0,3
0.0013333333333333,1.80580331965566,0,1
0.0269304597701149,1.037639404585374,0,1
0.8139966666666667,0.052255098252037,0,3
0.419,0.0575498810764598,1,0
0.8728666666666666,0.0728583387630857,1,3
0.015809375,1.0048169328596104,0,1
0.6889916666666667,0.0629549074446099,0,3
0.2136366666666666,0.0906316735569606,0,0
0.5644317829457364,0.0396332754717064,1,3
0.0568222222222222,1.0017943666171096,1,1
0.4968433333333333,0.0404968133840406,0,0
0.2875740740740741,0.0421035240894373,0,0
0.0191395833333333,0.8,0,1
0.007745,0.8,1,1
0.8826444444444445,0.0725378757318875,0,3
0.0454842857142857,3.822226083333765,0,2
0.0025238095238095,0.1016421192653072,0,0
0.0800708333333333,1.003442377491431,0,1
0.3600505747126437,0.8603297700981581,0,1
0.001315909090909,1.0,0,1
0.0101255208333333,1.000826972010178,0,1
0.1560450980392157,0.5679887987191329,0,1
0.6450393939393939,0.0581289629133799,0,3
0.0171614942528735,0.8040837283103137,0,1
0.9885952380952382,0.0425078355731447,0,3
0.9988846153846154,0.0372934631088113,0,3
0.4785377777777778,0.0419393400815383,0,0
0.0926024509803921,0.1094198491933452,0,0
0.6378483333333334,0.0344849660076375,0,3
0.477015873015873,0.0432575793037624,0,0
0.136,0.1016421192653072,0,0
0.0307055555555555,0.8,0,1
0.0850257575757575,0.0531426084771375,0,0
0.017454,0.6710241931506974,0,1
0.8013261904761905,0.0432754292585931,0,3
0.55955,0.1115835387922459,0,3
0.3083986486486486,0.2884232788106375,0,0
0.8420555555555556,0.044266804486609,0,3
1.0081089743589744,0.0476147020603218,0,3
0.2101833333333333,0.6215847010147552,1,1
0.003145,1.0,0,1
0.7569627450980393,0.0684921895486549,0,3
0.8831980392156862,0.2203809700786959,1,3
0.001631,1.0,0,1
0.1020541666666666,0.5434782608695652,0,1
0.1364673333333333,1.0317040951122851,0,1
0.0404583333333333,0.5,0,1
1.0299884615384616,0.037925550277609,1,3
0.0266106666666666,0.2927723392832844,1,0
0.0283238095238095,0.8003631672002676,0,1
0.0767578703703703,0.3351046063897809,0,0
0.0038407407407407,0.1016421192653072,0,0
0.1027833333333333,0.14644201502684,1,0
0.50335,0.1676393479072528,0,0
0.3548700757575758,0.09292502054771,0,0
0.1709583333333333,0.1016421192653072,0,0
1.003805,0.0403575791181722,0,3
0.013875,1.0,0,1
0.3537166666666667,1.4795335980765447,0,1
0.68297,0.25959860029427,0,3
0.8194593333333333,0.0373172050199225,0,3
0.2375630341880341,0.0563378947498085,0,0
0.0453233333333333,1.0677653865947634,0,1
0.4981785714285714,0.0928402161021497,0,0
0.0036243589743589,0.8016806722689076,0,1
0.3655969696969697,0.0437994172126391,0,0
0.97315,0.0404617029869246,0,3
0.9712104166666666,0.0336387153494146,0,3
0.7849650793650793,0.2770229139196433,0,3
0.9317125,0.0423880116262785,0,3
0.00168,1.0,0,1
0.0312041666666666,0.5959963100353428,1,1
0.2479156666666666,0.023889421117539,0,0
0.3153666666666666,0.0623625086150638,0,0
0.7068678571428572,0.0434134387336139,0,3
0.6587444444444444,0.2097426719866625,1,3
0.0008125,1.0,1,1
0.3668369791666666,0.0523700162190038,0,0
0.4315938888888889,0.0398373058395459,0,0
0.067587984496124,0.4334322429659323,0,0
0.4962392361111111,0.0846814079001177,0,0
0.8564233333333333,0.0376869376312853,0,3
0.0605545833333333,1.0053571272204305,0,1
-0.0002833333333333,0.75,1,1
0.1220666666666666,1.0155958611155111,0,1
0.3428646666666667,0.6813940635261225,1,1
0.0479033333333333,0.9376107502274034,0,1
0.3215655555555555,0.0740597760608439,0,0
0.8066333333333333,0.0365747502559798,1,3
0.5767970588235294,0.3558104725526704,0,3
0.0189898550724637,1.0,0,1
0.0154777777777777,0.75,1,1
0.3271916666666666,0.3572733787200192,1,0
0.4266,0.0592440001272608,0,0
0.8186,0.051120628544715,0,3
0.7379527777777778,0.0432901853958758,1,3
0.17134,1.0042316804182665,0,1
0.0167226851851851,0.2022780507091713,0,0
0.0452833333333333,0.3132720311218142,1,0
0.0058966666666666,0.6,1,1
0.0288333333333333,0.6855641605729917,0,1
0.6057214285714285,0.2342726308159595,0,3
0.0004288888888888,0.5,0,1
0.3934677777777777,0.0351925946877183,0,0
0.83929375,0.0751575078398205,0,3
0.4610484848484849,0.0432768951879503,0,0
0.0873933333333333,0.3583980372784302,0,0
0.8783979166666666,0.0367145536818537,0,3
0.0051833333333333,0.2,0,0
0.0071964285714285,1.0,0,1
0.0022016666666666,1.0,0,1
0.6822916666666667,0.1045920284922763,0,3
0.9329333333333334,0.1756205174997415,0,3
0.3860166666666667,0.1516964609787097,0,0
0.0447641025641025,1.34416525444868,0,1
0.3591566666666667,0.0427188256842089,1,0
0.9061611111111112,0.0506982898686516,1,3
0.5414351851851852,0.0413481834804314,1,3
0.0121666666666666,1.0,1,1
0.4041888888888889,0.1426810539897259,0,0
0.9296508333333332,0.0362708265306761,0,3
0.2606838383838384,0.0726546296268729,0,0
0.9432611111111112,0.0464540920746712,0,3
0.0414253623188405,0.7630548302872062,0,1
0.7273733333333333,0.0397306356487206,0,3
0.0444338709677419,0.1939248289793618,0,0
1.1557533333333334,0.0884960808675025,0,3
0.207254074074074,0.0935836954439419,1,0
0.0190425925925925,0.3319133753236,0,0
0.9381679487179488,0.0417059642326241,0,3
0.4357083333333333,0.0422283483174178,0,0
0.0033211538461538,1.0,0,1
0.8171833333333333,0.0430889410879763,0,3
0.0963636363636363,0.1833876374785223,0,0
0.7012833333333333,0.0363291457159315,0,3
0.009511574074074,0.531754111765408,0,1
0.4863886666666667,0.0345784928903594,0,0
0.0327060185185185,0.4601305418199444,0,0
0.2341333333333333,0.0911553111506843,0,0
0.6698421568627452,0.0417116627704493,0,3
0.6251666666666666,0.0864661489777138,0,3
0.0023111111111111,1.0,0,1
0.0040268518518518,0.75,0,1
0.0765072649572649,0.1638239086923846,0,0
0.0193823333333333,0.8417129900843955,0,1
0.8831022727272727,0.0312053602787185,1,3
0.8834388888888889,0.030474948452982,1,3
0.0028695652173913,1.0,0,1
0.0308433333333333,1.0,0,1
0.5578996031746032,0.2385200834133517,0,3
0.6152066666666667,0.0417378362168817,1,3
0.3722104166666666,0.325512752628894,1,0
0.0013875,0.8,1,1
0.9745530303030304,0.0459017123436325,0,3
0.58945,0.1523975995569564,0,3
0.9057910256410256,0.0414781503228294,0,3
0.1485203333333333,0.497440024080943,0,0
0.4683936507936508,0.0410316882355492,0,0
0.1561766666666666,0.5323976814405091,0,0
0.7174666666666667,0.0739976890648487,1,3
0.0175275,1.0,0,1
0.019678125,1.003227045716481,0,1
0.0592716666666666,0.248480930833872,0,0
0.0008451754385964,1.1218195836545877,0,1
0.25079,0.9966885753757276,0,1
0.07624,5.0,1,2
0.000199074074074,1.0092165898617511,1,1
0.0104,0.6,1,1
0.0056572222222222,1.0,0,1
0.8863023809523809,0.0481474192037775,0,3
0.538825,0.2903483178054397,0,0
0.54095625,0.1164449294684531,0,3
0.0006652777777777,1.0020661157024793,1,1
0.7464055555555555,0.1544928274634442,0,3
0.6353916666666667,0.0429619091616381,1,3
0.6292866666666667,0.0340771066943664,0,3
0.6914069444444444,0.1181407507270783,0,3
0.159481,0.1355576103613825,0,0
0.598068,0.0446263046926001,0,3
0.1201692307692307,0.1477975338274428,0,0
0.8219166666666666,0.0723392849002059,1,3
0.0034222222222222,1.0,0,1
0.0116783333333333,1.0,0,1
0.7895604166666667,0.0369755102247375,0,3
0.9038416666666668,0.0742460834252602,0,3
0.0322825,3.083125141860565,0,2
0.0065083333333333,1.0049083225678994,0,1
0.0032160256410256,1.0,0,1
0.3677966666666666,0.042997614605334,1,0
0.0433153333333333,0.7333980506957369,0,1
0.0020698412698412,0.5,1,1
0.00345,0.5,0,1
0.3066666666666667,0.0685146277060901,0,0
0.1462141666666666,0.1233063743392719,0,0
0.0035382352941176,0.75,0,1
0.7358619047619047,0.0417173941128827,0,3
0.4098676870748299,0.0492193811006589,0,0
0.400095,0.0497927183830961,0,0
0.2724843434343434,0.035810541885147,0,0
0.2658033333333333,0.430589959550321,0,0
0.0780642857142857,0.057613847275795,0,0
0.8578,0.0436730402260153,0,3
0.9103986666666666,0.0375813242437308,0,3
0.1877805555555555,0.8544636649388245,0,1
0.0036,0.1016421192653072,0,0
0.5744775641025641,0.0485734112732193,0,3
0.0001647058823529,2.643939393939394,1,2
0.0191640625,0.3448189150859457,0,0
0.0232515873015873,1.0,0,1
0.33129,0.0659874372908989,0,0
0.7563,0.0366541277132613,0,3
0.0019642857142857,0.1016421192653072,0,0
0.2868208333333333,0.0759358250377789,0,0
0.1751245098039215,0.0547205100212091,1,0
0.7061966666666667,0.2645848011461974,0,3
0.1475645833333333,1.0030393976617542,1,1
0.0335514492753623,0.8039937801784106,0,1
0.07304375,0.0924907857338569,0,0
0.0111228070175438,0.8541478004860303,0,1
0.7835520833333333,0.0493300292127251,0,3
0.1840079365079365,0.8363144710919098,0,1
0.0712103333333333,0.0807609398783086,0,0
0.4644074074074074,0.3807211007040519,1,0
0.1672927777777778,0.0995445926843333,0,0
0.9757153846153848,0.0454775356606262,0,3
1.0313733333333333,0.0167688591016759,0,3
0.26506,1.0026473290500717,0,1
0.4333533333333333,0.1279687515863874,0,0
0.618075,0.1584681593844974,1,3
0.006313725490196,1.0,0,1
0.018618,0.9958483779678272,0,1
0.0054770833333333,1.0,1,1
0.7131083333333333,0.0543493002823247,0,3
0.006875,0.0,1,0
0.2951422222222222,0.1135093302242578,0,0
0.3236066666666666,0.0853696697613154,0,0
0.3330855072463768,0.0432271117917001,0,0
0.0411583333333333,1.0004952064020285,0,1
0.8341766666666667,0.2369975744040603,0,3
0.2861833333333333,0.2690406626626269,0,0
0.0383805555555555,0.7507272139625081,1,1
0.4108683333333333,0.6718788232310005,1,0
0.1722522988505747,0.5923986762945658,0,1
0.9877583333333332,0.0424163045349132,0,3
0.512625,0.0258166708720556,0,0
0.011638725490196,1.0,0,1
0.1727619047619047,0.308516985230591,0,0
0.0190291666666666,0.6,0,1
0.0996611111111111,0.8281448679436124,0,1
0.7414722222222222,0.0450920505300868,0,3
0.8568722222222223,0.0401536102070524,1,3
0.7821607142857143,0.040786559599997,0,3
0.5120833333333333,0.6969514673922836,0,0
0.7015366666666667,0.0428297425355524,0,3
0.040615,1.0,0,1
0.0111833333333333,0.8,0,1
0.7287166666666667,0.1430775743294433,0,3
0.0433579710144927,0.5184724007958801,0,1
0.0080477777777777,1.0,0,1
0.3975170454545454,0.6545233393774843,0,0
0.05625625,4.7357997010463375,0,2
0.9256604166666668,0.0380530554074645,0,3
0.731933870967742,0.0716816968048903,0,3
0.0582217592592592,0.216951900010088,0,0
0.0003191056910569,0.5064180334880972,0,1
0.001324074074074,1.0,0,1
0.0091157407407407,0.6856138267014399,0,1
0.7926589743589744,0.0447847614333519,0,3
0.2754653846153846,0.6318250861313063,0,1
0.6109615384615384,0.0476883073715023,0,3
0.7551388888888889,0.0242329921269955,0,3
1.020461111111111,0.0393688223969788,0,3
0.0158160714285714,1.0081939799331103,1,1
0.7966633333333333,0.0290626324085375,1,3
0.67737,0.051312066348506,0,3
0.9555924242424244,0.0435003293856659,0,3
0.0644470588235294,0.2519207067114627,0,0
0.0714589743589743,0.7269929756400975,0,1
0.83731,0.0442925583838974,0,3
0.4518277777777778,0.1051356155938547,1,0
0.698085,0.0363932475910125,0,3
0.2476766666666666,0.075044356461277,0,0
0.4156045454545454,0.0436677042734612,0,0
0.0825,0.0,1,0
0.0055965686274509,1.0,0,1
0.1041079365079365,0.0807133890698632,1,0
0.72259,0.057793718068011,0,3
0.5180281609195402,0.0393331660007014,0,0
0.00791375,1.25,0,1
0.5062666666666666,0.1055482018615136,0,0
0.0809238888888888,0.0371558880470112,0,0
0.0430277777777777,0.23094688221709,0,0
1.0356434782608697,0.0407965782875877,1,3
0.2123375,0.6206546184204195,0,1
0.1655067901234568,0.801695700508711,0,1
0.5329375,0.0554791340884761,1,3
0.0154956140350877,1.0,0,1
0.6394666666666666,0.0378858748137714,0,3
0.00983,0.7873855544252288,0,1
0.9549666666666666,0.1106110916825884,0,3
0.3081511494252873,0.0456205190844949,0,0
0.7912888888888889,0.0815853184880923,1,3
0.1379,0.091696929281211,1,0
0.3452642857142857,0.0414199752920159,0,0
0.0016066666666666,1.031192417663878,0,1
0.149371568627451,0.0532339719734419,0,0
0.0378833333333333,0.0,1,0
0.0481108333333333,1.0015337443496903,0,1
-0.0118333333333333,1.0,0,1
0.0082625,0.1016421192653072,0,0
0.9650833333333334,0.0530103458681063,0,3
0.0034691666666666,1.0,0,1
0.731075,0.0406809644529153,0,3
0.9673138888888888,0.0377546466151229,1,3
0.5827475,0.0397969742657569,0,3
0.5179666666666667,0.0563765904553422,0,0
0.0378787878787878,1.0,0,1
0.3721435897435897,0.1929084082673323,0,0
0.0285263157894736,0.5544412397430497,0,1
0.0127416666666666,1.000251509054326,1,1
0.7592902777777777,0.0441180039383077,0,3
0.0183285714285714,1.0,0,1
0.0084039855072463,1.003648658752378,0,1
0.73545,0.1642036761751432,0,3
0.9102222222222224,0.0447752629442355,0,3
0.6599309523809523,0.0463246270577433,0,3
0.969401851851852,0.0402278212495102,0,3
0.0114768292682926,1.0,0,1
0.6170895833333333,0.0552989612350555,0,3
0.005775,0.75,1,1
0.3528966666666666,0.0669224548768333,0,0
0.9033666666666668,0.1001877812547767,0,3
0.7431074074074074,0.0293171218493814,1,3
0.2129355555555555,0.9043552991007028,1,1
0.8218908333333332,0.038076154228385,0,3
0.0117647058823529,1.0,0,1
0.5020705128205128,0.1996013204901125,0,0
0.3895,0.0830516438824351,0,0
0.0609638888888888,0.1709580060685155,0,0
0.024460606060606,1.0,0,1
0.3655616666666666,0.0469348042709586,0,0
0.6530537037037037,0.0591259551934726,0,3
0.0104858333333333,0.6851251158480074,0,1
0.4480621794871795,0.0388131159218568,1,0
1.0927875,0.4868263295380456,1,3
0.1800353535353535,0.065377571205731,0,0
0.0108072916666666,0.8,0,1
0.0010981481481481,1.0,1,1
0.6942333333333333,0.2438550734134037,0,3
0.2465366666666666,0.1263269914517162,0,0
0.9236944444444444,0.0548482811049215,1,3
0.0128983333333333,1.0633889376646182,0,1
0.0015275862068965,1.001735106998265,0,1
0.1809266666666666,0.129201143592889,0,0
0.1370625,0.509164657567104,0,0
0.8749666666666666,0.087600381947996,0,3
0.3042033333333333,0.2190363483551885,0,0
0.1147433333333333,0.1181665422226425,0,0
0.9199770833333334,0.0545312566493261,1,3
0.6269216666666666,0.0567015984281518,0,3
0.0140722222222222,1.5200408016320652,1,1
0.0018518518518518,1.0,0,1
0.0578546666666666,0.8,0,1
0.9533583333333334,0.0815906100619574,0,3
0.939038888888889,0.0436829678821049,0,3
0.0034166666666666,1.0,1,1
0.6328666666666667,0.4557195899352043,0,3
0.40038,0.0605798959453537,0,0
0.5619630952380952,0.6444937612661427,1,0
0.0308208333333333,1.004326923076923,0,1
0.7556522727272728,0.0473749214437471,0,3
0.9726833333333332,0.0381535102673585,1,3
0.4110928571428571,0.0556771035648591,1,0
0.0033879629629629,0.4851854876940592,1,1
0.3394760416666667,0.044776119402985,1,0
0.0012833333333333,1.0,0,1
0.3251166666666666,0.8,1,1
0.0079533333333333,1.0014222658165768,0,1
0.2350078431372549,0.1110179849690486,0,0
0.9753020833333332,0.0460662788570508,0,3
0.0536792592592592,0.5077156314594657,0,1
0.083,0.7760859004060806,0,1
0.1000766666666666,0.8265842566993868,0,1
0.2215233333333333,0.1660332430960834,0,0
0.4705916666666667,0.0494725568514109,0,0
0.9567878787878789,0.0410824052179498,0,3
0.8940240740740741,0.042005819323698,1,3
0.0141559139784946,1.0010299209802007,0,1
0.0352208333333333,1.0,0,1
0.0006,2.166666666666667,0,1
0.2899166666666666,0.049963637645631,0,0
0.2719941666666667,0.0392672812855522,1,0
0.02891875,1.0,0,1
0.2588888888888889,1.0123426080062732,0,1
0.00285,0.5385010266940451,1,1
0.1430933333333333,0.8564102564102564,0,1
0.0252053571428571,1.0,0,1
0.9956227272727272,0.0379573165403915,0,3
0.8237944444444444,0.052709159884454,0,3
0.0168940860215053,1.0090351065935943,0,1
0.6375629629629629,0.236834816294443,0,3
1.02295,0.0657973131330149,0,3
0.00638,1.0,0,1
0.0237231182795698,1.0002033812126605,0,1
0.1955583333333333,1.00065040290494,0,1
0.4513520833333333,0.044785838374219,0,0
0.4946,0.0436539906775536,0,0
0.0010877777777777,1.0147954743255003,0,1
0.5792611111111111,0.0775229257612789,1,3
0.019955,1.00052790346908,0,1
0.2157657407407407,0.5122594212093181,0,0
0.8120833333333334,0.0388448909054244,0,3
0.5326055555555556,0.428504877796769,0,0
0.3518125,0.4737350114723006,0,0
0.2466755555555555,0.054748408022221,0,0
0.0875897435897435,0.1452797466857448,0,0
0.5801277777777777,0.0716191412260758,1,3
0.6977083333333333,0.0349486419056982,0,3
0.1858597222222222,0.0602002541185727,0,0
0.6183826923076923,0.0537558536416534,0,3
0.7465166666666667,0.0542700964774599,0,3
0.7331089743589744,0.032019510346484,0,3
0.6488666666666666,0.043949574367236,0,3
0.0153788888888888,0.8219904004021609,0,1
0.0024909722222222,0.1016421192653072,0,0
0.0120477777777777,0.9109755332103088,0,1
0.3912313725490196,0.1630996748125287,0,0
0.66731875,0.068824352275443,0,3
0.0242851851851851,1.001136523215718,0,1
0.6618761904761905,0.0548930883617539,0,3
0.8276407407407408,0.0417826504877865,0,3
0.8428125,0.0412531312534495,0,3
0.0017811594202898,0.5,1,1
0.0069691666666666,1.0,0,1
0.0196375,1.0,0,1
0.02172,0.3559276452037515,0,0
0.0204358333333333,1.0052983527566903,0,1
0.2173851851851852,0.06219193065506,1,0
0.01267,1.0,0,1
0.39735,0.4017202161189132,0,0
0.0155833333333333,1.0,0,1
0.1808801587301587,0.6372583107052193,0,1
0.000407738095238,1.0319201280542112,1,1
0.0025173913043478,0.3333333333333333,0,0
0.477834126984127,0.0428234073691202,0,0
0.0085071428571428,0.6643470992450231,0,1
0.7310845679012345,0.0473897145878643,0,3
0.0093710526315789,1.0027218758537169,0,1
0.44055,0.0661946196551342,1,0
0.6576266666666667,0.0786465235956173,1,3
0.0528547619047619,0.3585831078125485,0,0
0.25557,0.2899268429333804,0,0
0.0091444444444444,1.0,0,1
0.0297789855072463,0.6088905568980273,0,1
0.0506888888888888,1.0025199072674125,0,1
0.0420306666666666,1.0161433718182118,0,1
0.9248404761904764,0.0417189189693868,0,3
0.46835,0.2033911576464455,1,0
0.9960166666666668,0.0467367377660005,1,3
0.2829746376811594,0.0348625206011675,0,0
1.00605,0.0364769242940957,1,3
0.8184621212121211,0.0407606457862163,0,3
0.65365,0.0590696172252784,1,3
0.0139607843137254,0.8000968054211036,0,1
0.1026816666666666,0.0549990009784977,1,0
0.3254666666666667,0.2377308886050704,0,0
0.043303125,1.027169183516765,0,1
0.9688633333333332,0.0427025422112897,1,3
0.89764375,0.0355825187682488,0,3
0.0111393162393162,1.0533795169443922,1,1
1.0152395833333334,0.0414496113581857,0,3
0.4818666666666667,0.099193702125335,1,0
0.0018366666666666,0.5,0,1
0.00195,1.0,0,1
0.4877508771929825,0.2887207959703678,0,0
0.6053033333333333,0.0646838334406022,0,3
0.288747619047619,0.0483893512519749,0,0
0.0810866666666666,0.2222604106831753,1,0
0.0214241666666666,1.0021534269142411,1,1
0.6017083333333333,0.0750078268777287,1,3
0.0061688405797101,1.0,1,1
0.9927666666666668,0.041930725736577,1,3
0.0080515873015873,0.1725269272744703,0,0
1.0042166666666668,0.0419514733726405,0,3
1.0170433333333333,0.0445670271428295,1,3
0.1273192592592592,0.2360550579720444,0,0
0.1058444444444444,0.4376824892406317,0,0
0.0164734126984127,1.0253431740330388,0,1
0.0010833333333333,1.0,0,1
0.96045,0.0854239231860365,1,3
0.445284375,0.0398603921338248,1,0
0.0357229166666666,0.6001623376623376,0,1
0.9208307692307692,0.0456901771731371,1,3
0.8700805555555556,0.0412406105868021,0,3
0.6838342592592593,0.0433808331890028,0,3
0.5097134615384615,0.0379264963295092,0,0
0.8941380952380952,0.0196926434068823,0,3
0.0174454166666666,1.0008398773697913,0,1
0.3526566666666666,0.0669620236393651,1,0
0.0015901515151515,1.0,0,1
0.809275,0.0099991672167338,0,3
0.3980933333333333,0.2776424623604078,0,0
0.0077733333333333,0.1016421192653072,0,0
0.7402833333333333,0.0158772161947605,1,3
0.7877466666666667,0.0417183391966642,1,3
0.0809927083333333,0.5093237761745726,0,1
0.3626083333333333,0.0731752595686051,0,0
0.0371788888888888,1.0,1,1
0.0260055555555555,1.0016032909401906,0,1
0.826506884057971,0.0396279398616963,0,3
0.6921891666666667,0.0387925635900619,0,3
0.4617025,0.0922541132286605,1,0
0.34735,0.7784090909090908,0,1
0.7701866666666667,0.0479374013784696,1,3
0.6336666666666667,0.3399979598082219,1,3
0.6060533333333333,0.0417989382796257,1,3
0.0308479166666666,1.0011612563440155,0,1
0.6750349206349207,0.0496079850631236,0,3
0.6810214912280701,0.0428340932271621,0,3
0.5493666666666667,0.0735325087004324,0,3
0.0070009259259259,1.0,0,1
0.9435077777777776,0.0393317368938645,0,3
0.0821619047619047,0.1016421192653072,0,0
0.76795,0.0421559499255764,0,3
0.8505543010752687,0.0360118233388604,1,3
0.4947577777777778,0.0404012684419587,0,0
0.72075,0.0618944328749729,1,3
0.0211827586206896,1.050650409093456,0,1
0.0882608974358974,3.836665248830285,0,2
0.7630995238095237,0.0293646461804981,0,3
0.0288454166666666,0.3377994809508746,0,0
0.0553133333333333,1.004186046511628,0,1
0.2389533333333333,0.0447633210991427,0,0
0.0297833333333333,1.0,0,1
0.7051972222222223,0.0511535280694183,0,3
0.648163888888889,0.0391682858861646,0,3
0.5751966666666667,0.07759834230386,1,3
0.0074948717948717,1.0128720238095237,0,1
0.0011452991452991,1.0,0,1
0.0893628205128205,0.5350213630314492,0,1
0.89311,0.0494811943330812,0,3
0.0373509803921568,1.000388311814387,0,1
0.2049766666666666,0.5552209383317941,0,0
0.0093343137254901,0.8017161626422504,0,1
0.0178089147286821,1.010646084787466,0,1
0.1992731182795699,0.2252657208011192,0,0
0.636461111111111,0.2393588991942642,1,3
0.8598375,0.0479674395922694,0,3
0.4292466666666666,0.1059437085795347,0,0
0.0050866666666666,0.8081644571901179,0,1
0.0047447916666666,1.0,0,1
0.0656466666666666,0.0563266786690555,0,0
0.9867302083333334,0.0501053265203506,0,3
9.805555555555556e-05,3.5434782608695654,0,2
0.9938902777777776,0.0367395807286885,0,3
1.0088569444444444,0.0447141192101264,0,3
0.3894922222222222,0.0407641722350884,0,0
0.6915411111111112,0.1040200467008377,0,3
0.5839863636363636,0.041104796333218,0,3
1.0736777777777775,0.0446824710949348,0,3
0.9145266666666668,0.0397268999368462,0,3
0.0081398148148148,0.1016421192653072,0,0
0.7109287878787879,0.0458089380861891,0,3
0.9652583333333334,0.0556943626162729,1,3
0.836097619047619,0.0576496242867745,0,3
0.6836033333333332,0.0370600607220638,0,3
0.4305154761904762,0.055607352319091,1,0
0.8595744444444445,0.0319365019553031,1,3
0.6142904761904762,0.2199388743936983,0,3
0.0085027131782945,1.0012895174708818,0,1
0.7483333333333334,0.0402512548146369,0,3
0.7655454022988505,0.042049857513435,0,3
0.1474121212121212,0.0355449158746558,1,0
0.0866003472222222,0.4587311201281588,0,0
0.8928320512820513,0.0430842462013879,0,3
0.1328583333333333,0.21284117852211,1,0
0.0073481481481481,1.0,0,1
0.1883018518518518,0.0630871407308495,0,0
0.0355466666666666,1.061350233254115,0,1
0.6520476190476191,0.0399601899049637,0,3
0.2452885416666666,0.1136332603390892,0,0
0.8660055555555556,0.0550050906489015,1,3
0.972125,0.0435771041904041,0,3
0.9654041666666666,0.2415614561992084,0,3
0.7508888888888889,0.0723566424519023,0,3
0.9772166666666666,0.0623070088491681,0,3
0.0087178571428571,1.0,1,1
0.0004958333333333,1.0,0,1
0.7015424242424243,0.0675898892490291,0,3
-0.0045311111111111,0.1016421192653072,0,0
1.067589682539683,0.0357964636991418,0,3
0.2921564814814815,0.0395518155579562,1,0
0.1616287037037037,0.1715135516500703,0,0
0.9571966666666668,0.0399639317970219,1,3
0.6868287037037037,0.0400136003846525,1,3
0.2545666666666666,0.120941797381499,1,0
0.4626766666666666,0.2190258505939334,0,0
0.4373388888888889,0.0175822289891176,0,0
0.4131727272727272,0.0911078973856755,0,0
0.0022833333333333,0.0,0,0
0.1240916666666666,0.7252911018003847,0,1
0.6024822580645162,0.0365459311290519,0,3
0.0220208333333333,0.9372308234213484,0,1
0.546988888888889,0.0390057416318247,1,3
0.0305178571428571,0.6028430714125811,1,1
0.1638766666666666,0.0390910930015799,0,0
0.0197648148148148,1.0,0,1
0.646587037037037,0.0397282090043969,0,3
0.2261231884057971,1.0,0,1
0.5949233333333334,0.0684750015727704,0,3
0.8525944444444444,5.0,0,2
0.3817948717948718,0.3598164122934173,0,0
0.6977809523809524,0.0343378516057167,0,3
0.728175,0.078934329946987,0,3
0.9766633333333332,0.0469312928100611,1,3
0.6075033333333334,0.6254008193787242,0,3
0.1834645833333333,0.0427531987117192,1,0
0.9712444444444444,0.0745786511482506,1,3
0.5130320512820513,0.0425515467880106,0,0
0.0043266666666666,1.0,1,1
0.2799233333333333,0.070988435243176,0,0
0.1519427536231884,0.5109397877409474,0,0
0.6187233333333334,0.0982521169031883,1,3
0.137930303030303,0.1603542016932434,0,0
0.1359645833333333,0.8322798218169843,0,1
0.1741351851851851,0.1089542611262316,0,0
0.7388727272727272,0.0378550125241041,0,3
0.6800208333333333,0.0376681896607974,0,3
0.1052583333333333,0.6064060444366046,0,1
0.0902631944444444,0.5404682497886523,0,1
0.8642666666666667,0.0322001623316476,0,3
0.0052,1.0,0,1
0.3294033333333334,0.1326130539606109,0,0
0.9568675925925926,0.0374345926315393,0,3
0.1424416666666666,0.9465620925541068,0,1
0.908461111111111,0.0434241883474105,1,3
0.0846867521367521,0.0443571469627094,0,0
0.3362183333333333,0.0369803717473417,1,0
0.5391066666666666,0.0233551588368927,1,3
0.9941380952380952,0.0428854704863268,0,3
0.5466194444444444,0.0391966673322924,0,3
0.0377916666666666,0.8003807348181992,1,1
0.0439152173913043,0.196810249257195,0,0
0.6900615646258503,0.0689302171461968,0,3
0.0001086956521739,1.0,1,1
0.0276644444444444,5.0,0,2
0.1214803418803418,0.0772347579684822,0,0
0.7562097222222223,0.0407230341123426,1,3
0.7852833333333333,0.0677476207001496,1,3
0.1589761904761905,0.1199197619512804,0,0
0.5701366666666666,0.052376596478626,0,3
0.8786429166666667,0.0396796276699861,0,3
0.0228601851851851,1.0,0,1
0.0587916666666666,0.0,1,0
0.1948033333333333,0.1954839510107733,0,0
0.641393115942029,0.0313525704885071,1,3
0.0967268817204301,0.5092343875332187,0,1
0.5501269230769231,0.0379575386494302,0,3
0.0043125,1.0,0,1
0.0227113333333333,0.3214640877237542,0,0
0.0134833333333333,1.0666666666666669,0,1
0.6657416666666667,0.0986939201314194,0,3
0.0390883333333333,1.0009051412020276,0,1
0.1239491666666666,0.2194997578273159,0,0
0.79847,0.1504836518765839,1,3
0.0778,0.4143853083351025,1,0
0.0936763888888888,0.5058354294631695,0,0
0.0662194444444444,0.6643317376034575,0,1
0.8035611111111111,0.0761224688896267,0,3
0.3349666666666667,0.2013447712552955,1,0
0.7513030303030303,0.036324050151754,0,3
0.0949354166666666,0.0974545922249231,1,0
0.8139880952380952,0.0411192123422182,1,3
0.5392357142857143,0.0560137956901257,0,3
0.0422342592592592,1.0006422607578678,0,1
0.2595180555555555,0.0507130684815737,0,0
0.1762027777777777,0.083431374785356,0,0
0.2066354166666666,0.0397494579619368,1,0
0.003844074074074,1.002152010173139,0,1
0.0004603174603174,1.1666666666666667,0,1
0.0150441176470588,1.0,0,1
0.2457925,0.0797951822126663,0,0
-0.0001666666666666,0.5,0,1
0.0858809523809523,0.5417484239969941,0,1
0.7810125,0.0475808429167273,0,3
0.0270473333333333,1.0,0,1
0.0091759259259259,1.0,0,1
0.6249375,0.0746030154662232,0,3
0.6193351851851852,0.0267374076346987,1,3
0.0088,0.8,0,1
0.7120520833333333,0.0402600342677479,1,3
0.1420866666666666,0.136420102071164,0,0
0.5965866666666666,0.0748043913157991,0,3
0.75658,0.0548505741762188,0,3
0.181308024691358,0.0756770209223981,0,0
0.7790602564102563,0.039817440503065,0,3
0.9396333333333334,0.2778308832763828,0,3
0.4154466666666666,0.0456301469637515,0,0
0.67841875,0.041219243105527,0,3
0.0957333333333333,0.6157361822289211,0,1
0.5819933333333334,0.0446451318431749,0,3
0.0349009803921568,2.68851695151144,1,2
0.0276039682539682,0.21723776036369,1,0
0.7505038461538461,0.0393869091728552,0,3
0.3873023148148148,0.8878288261386518,0,1
0.2718395833333333,0.0870418703594186,0,0
0.1644911764705882,0.0706441813882098,0,0
0.5580366666666666,0.1104015907185411,0,3
0.0013541666666666,1.0,0,1
0.023759,2.891672455761088,0,2
0.8039925,0.0924139850989905,0,3
0.0091,0.8,1,1
0.7372733333333333,0.3296714674754831,0,3
0.6787570512820513,0.2195927732086943,1,3
0.1078083333333333,0.6636253915527935,0,1
0.0284144927536231,0.4071242244088399,1,0
0.5921738095238096,0.0996005231753457,0,3
0.774075,0.1146065933561301,0,3
0.0373,0.5778616585372545,0,1
0.8184666666666667,0.0914140182096839,1,3
0.2508619047619047,0.7143475377477461,0,1
0.0064435185185185,1.0,0,1
0.4327944444444445,0.2092061837894285,1,0
0.2360866666666666,0.9883797355380748,0,1
0.0139033333333333,1.0,0,1
0.5258854166666667,0.0448734036285378,1,3
0.0029726666666666,1.0,0,1
0.4161866666666666,0.0970169917596395,0,0
0.0043644927536231,1.0031304687719165,0,1
0.0547055555555555,0.6000907831238951,0,1
0.9930866666666668,0.0402047034459544,0,3
0.160337037037037,0.8100545803096962,0,1
0.0279354166666666,0.3964572192513369,1,0
0.1040266666666666,0.1814034536355073,0,0
0.2421966666666666,0.0510648785412778,1,0
0.7164425,0.0371596593078339,0,3
0.2725933333333333,0.0604636647968472,0,0
0.3767611111111111,0.3216228744531077,0,0
0.8161955555555556,0.0371925277474717,0,3
0.0182466666666666,1.0049846455115938,0,1
0.4246391666666666,0.0532008040647828,0,0
0.2122472222222222,0.2245266686694314,0,0
0.6080366666666667,0.0556350589035618,0,3
0.42535,0.1265373970376236,0,0
0.8690694444444444,0.1276355526491966,1,3
0.9452458333333332,0.044019331562709,0,3
0.5543366666666666,0.0439334063607437,0,3
0.5054757575757576,0.0534536736843603,0,0
0.0709066666666666,0.4038885571533861,0,0
0.3395008333333333,0.4522175474653325,0,0
0.84495,0.0376385600925555,0,3
0.001281746031746,1.0,0,1
0.6347716666666666,0.0846502603826007,0,3
0.2829,2.1573519100117498,0,1
0.5865729166666667,0.2318021030094276,0,3
0.0409814814814814,0.7098215055265568,0,1
0.0139958333333333,0.4789717822435577,0,1
0.155410606060606,0.0683141168299664,0,0
0.7971,0.2352117780224046,1,3
0.0581022222222222,1.0026165952619133,0,1
0.4439142857142857,0.0375042908094956,1,0
0.1226611111111111,0.5768923190055648,0,1
0.0168283333333333,0.494602034524549,0,1
0.9885310344827586,0.0426187180254254,1,3
0.0183756944444444,0.9342918039192736,0,1
0.0393111111111111,0.1449438610624378,0,0
0.4457533333333333,0.0637182873088907,0,0
0.22288,0.0577091904472267,0,0
0.1835786666666666,0.048456988243545,1,0
0.7609660256410256,0.0369712333594001,0,3
0.2125277777777778,0.0447552473620284,0,0
0.618315,0.0401399076624304,0,3
0.0560623188405797,1.0001324777478782,1,1
0.0189903100775193,1.0009935690693217,0,1
0.0415390476190476,1.001923076923077,0,1
0.0858733333333333,1.0,0,1
0.7517,0.0388690834272513,1,3
0.1102208333333333,0.1529471957756658,0,0
0.8291916666666667,0.0436374025335022,0,3
0.9435466666666668,0.051236708186391,0,3
0.2330745098039215,0.0409634076687598,0,0
0.53489,0.0704434743932267,0,3
0.8258833333333333,0.041454813491224,0,3
0.0239916666666666,1.0011737089201878,0,1
0.6346233333333333,0.0692036169586598,0,3
0.0825,0.0,1,0
0.5074507936507937,0.0813725512651226,0,0
0.5810166666666667,0.0523961337068097,0,3
0.1531025641025641,0.0418218583566445,1,0
0.0103177083333333,1.1226903473776335,0,1
0.7422066666666667,0.0620888863788051,1,3
0.0227020833333333,1.0,0,1
0.0162833333333333,0.9650021839822088,0,1
1.1296416666666669,0.0592783064498949,1,3
0.0047699074074074,1.005380790531754,0,1
0.4501,0.0719004884154999,0,0
0.63936875,0.0400401726913711,0,3
0.7570166666666667,0.1268568695782168,0,3
0.1397983333333333,0.2722205801221925,1,0
0.0239690476190476,1.0,0,1
0.3028351851851852,0.0396245344218016,1,0
0.0057152777777777,1.01506352576676,0,1
0.5421966666666667,0.0964763150053371,0,3
0.2182033333333333,0.6867107636800962,1,1
0.0017738095238095,1.0,0,1
0.2135583333333333,0.6296708120889526,1,1
0.0128277777777777,1.0,1,1
0.3071482142857142,0.0423969506428756,0,0
1.0546666666666666,0.1299693460173532,0,3
0.6759791666666667,0.0377862014464823,0,3
0.1355072916666666,0.7866533767448349,0,1
0.144375,0.51,0,0
0.58615,0.0634549655957743,1,3
0.7352388888888889,0.0547913635965185,0,3
0.412824074074074,0.2315231937386345,0,0
0.8531333333333334,0.0712034643919177,0,3
0.0164133333333333,1.0001870907390085,0,1
0.199095238095238,0.2024490377066821,0,0
0.1141941666666666,0.5859441339568878,0,1
0.021881884057971,0.4887668641738247,0,1
0.0010277777777777,0.1016421192653072,0,0
0.2394777777777777,0.6085617128387266,1,1
0.6062604166666667,0.0437408552175067,0,3
0.0617142857142857,0.1884131074112554,0,0
0.7801,0.0388744102606492,0,3
0.8437833333333334,0.0409845740023287,1,3
0.6939178571428571,0.0361616346700318,0,3
0.9946666666666668,0.0691572126257004,0,3
0.012215,0.0,1,0
0.5783666666666667,0.226021711764166,0,3
1.1420533333333334,0.0479062554527997,0,3
0.1595388888888889,0.3769323634389485,0,0
1.021275,0.0473458033094142,0,3
0.0370916666666666,0.8587732919254658,1,1
0.6614333333333333,0.3144500567010159,0,3
0.5974347222222223,0.0406615512344802,0,3
0.2000058823529411,0.0540022426651336,0,0
0.5946666666666667,0.6993401427080295,0,3
0.2584115384615384,0.0591701432779093,0,0
0.3718466666666666,0.1223117735966471,0,0
0.4137703703703704,0.0316789537830425,0,0
0.028529012345679,1.0,0,1
0.8244055555555556,0.0524466958002098,0,3
0.2290966666666666,0.5255128074293295,0,0
0.9139111111111112,0.0752200150685097,1,3
1.0986809523809524,0.0403174748526548,0,3
0.0270255555555555,1.0,0,1
0.0086523809523809,0.9140154772141016,0,1
0.5821525641025641,0.0569108974616066,1,3
0.1725921568627451,0.1636220794551964,0,0
0.4795058333333333,0.0373146466381806,0,0
0.0256872222222222,1.0,0,1
0.9916319444444444,0.0450769747827333,0,3
0.0259046296296296,0.8487024189952768,0,1
0.1865291666666666,0.0984653747471792,0,0
0.71601,0.0465944630118655,1,3
0.5055018518518518,0.059157044100058,0,0
0.0243037037037037,0.9305697744201644,0,1
0.50169375,0.4268545455705068,0,0
0.0479225,1.0,0,1
0.5785916666666666,0.2309455588660505,0,3
0.6301121212121211,0.0534484010659652,0,3
0.8584433333333333,0.0553290414595008,0,3
0.0039180555555555,1.0016853932584269,0,1
0.0501222222222222,1.0,0,1
0.0068,1.0,0,1
0.36756,0.048236068628652,1,0
0.0206208333333333,0.1302677992960602,0,0
0.0043936507936507,1.000407941256459,0,1
0.4342666666666666,0.7513934678660001,0,1
0.5552743589743591,0.2301777531230976,0,3
0.0270613333333333,1.0,0,1
0.0028851851851851,1.0,0,1
0.6601366666666667,0.0491942480397558,0,3
0.8498833333333334,0.1028527529699256,0,3
0.2486592592592592,0.0810016099351338,0,0
0.0032003703703703,1.0,0,1
0.1672180555555555,0.2416397724542984,0,0
0.2346958333333333,0.1176828723799385,1,0
0.2933574074074074,0.0405874690252076,1,0
0.0501433333333333,0.8024036077816425,0,1
0.1232815476190476,0.2949202661485913,0,0
0.5252294871794871,0.0367121103677834,0,3
0.0254111111111111,1.0,0,1
0.6236827380952381,0.0287456743229952,0,3
0.4589466666666666,0.0382564906400079,1,0
0.484,0.0599351031357322,0,0
0.0142941176470588,1.0,0,1
0.6242238095238095,0.0487062647050063,1,3
0.0397788888888888,0.6097323176678527,0,1
0.0252533333333333,1.0,0,1
0.0230026666666666,0.4691818570568527,0,1
0.45748125,0.0324586864400285,0,0
0.9975833333333334,0.0436738479792738,0,3
0.0099625,1.0016632016632017,0,1
0.0182877777777777,1.003713591357768,1,1
0.2584043333333333,0.1708359889156207,0,0
0.4995611111111111,0.1673592874132408,0,0
0.0061472222222222,0.352509535657954,0,0
0.0233988095238095,1.0005245576618091,0,1
0.878084649122807,0.04056827867172,0,3
0.0126133333333333,1.0190812720848057,1,1
0.9558583333333334,0.044053114145967,1,3
0.0095278846153846,1.0306421333360285,0,1
0.0898511904761904,1.024100768377196,0,1
0.9747083333333334,0.0542775610999752,0,3
0.0466572463768115,0.7372279589656442,0,1
-0.0003125,4.223227752639517,0,2
0.6110626984126984,0.2288624392984951,0,3
0.9372916666666666,0.0556738838878868,0,3
0.5668680555555556,0.2433635582582327,1,3
0.9467986111111112,0.0465627259871311,1,3
0.7700583333333333,0.0523272821982968,1,3
0.4776555555555555,0.056518174086714,0,0
0.0584343137254902,0.7369762208082996,0,1
0.6147833333333333,0.08935322120493,1,3
1.0969020202020203,0.0,1,3
0.1506416666666666,0.3258400090133018,0,0
0.8537450980392156,0.037482187481607,0,3
0.2918416666666666,0.0836919516442268,1,0
0.0863722222222222,1.8602508602508605,0,1
0.76932,0.0312520299158125,0,3
0.1288066666666666,1.0044888576458226,0,1
0.4845016666666666,0.0444406158710264,0,0
0.0103134615384615,1.302608695652174,0,1
0.0984549019607843,0.0632151361612138,0,0
0.7750083333333333,0.2984413941332089,0,3
0.6871789682539683,0.0348435156498099,0,3
0.4208866666666666,0.0611940829805795,0,0
0.39095,0.1089930787330888,0,0
0.0059020833333333,0.8650280241078205,0,1
0.0739761904761904,1.00956690353444,0,1
0.472875,0.0762362714157919,1,0
0.0190055555555555,0.859156148339699,0,1
0.8072166666666667,0.0852699297510928,0,3
0.231925,0.0473470679848475,1,0
0.4069814814814815,0.1623736216525255,0,0
0.7283052083333333,0.2671875035175823,0,3
0.1285285714285714,0.0303862520798997,1,0
0.7643083333333333,0.0377537294716145,1,3
0.2538633333333333,0.0443920375707133,0,0
0.97398,0.0421770455019562,0,3
0.8347666666666667,0.0687420018654699,0,3
0.0259493827160493,1.5221013014314235,0,1
0.0282694444444444,1.0001144339334758,0,1
0.0092636904761904,1.0,0,1
0.0069444444444444,0.0,1,0
0.1415458333333333,0.8867485182049112,0,1
0.743055,0.048120825699625,0,3
0.0047722222222222,0.948975791433892,1,1
0.0287960784313725,0.1524388262608163,1,0
0.1836527131782946,1.0010957130232043,0,1
0.9074916666666666,0.0624934851483385,1,3
0.1200428571428571,1.0089865742745778,1,1
0.3849444444444445,0.2985358915114325,1,0
0.4764653333333333,0.1032394719232072,0,0
0.3400041666666666,0.049014840968647,1,0
0.0144794871794871,0.8104477212821143,0,1
0.3279266666666666,0.3098042651036017,0,0
0.004778125,0.9386503067484664,0,1
0.8401933333333332,0.0653126775445245,0,3
0.57721,0.0456994874144084,0,3
0.9984105555555556,0.0400320695391004,0,3
0.8263583333333333,0.041199198881902,0,3
0.9011666666666668,0.0541084885142985,0,3
0.3800729166666666,0.2376483130378828,0,0
0.0621854166666666,0.7593958957804934,1,1
0.6782833333333333,0.132664012633329,0,3
0.7722909090909091,0.0390957028321937,0,3
0.0004844444444444,1.0,0,1
0.9131766666666667,0.0368158520163156,0,3
0.1327666666666666,1.0,0,1
0.40866,0.0535314138122509,0,0
0.2561433333333333,0.3465501454456918,0,0
0.5220222222222222,0.5045649938824261,1,0
0.1227901234567901,0.0985508359116752,0,0
0.0558633333333333,0.4946185370313993,1,1
0.4988416666666667,0.0816993884531277,0,0
0.4987183333333334,0.0560110095803735,1,0
0.055,0.0,1,0
0.4571583333333333,0.1865230665405262,0,0
0.0198391666666666,0.8240074967741127,0,1
0.0020681818181818,1.0,1,1
0.0055907407407407,1.003688024485533,0,1
0.7835931034482758,0.0393171266456629,1,3
0.0190771604938271,0.7087824655111064,0,1
0.9702333333333332,0.0382619618446522,0,3
0.8389333333333333,0.0555378316445814,0,3
0.5300939393939395,0.0418913458372097,1,3
0.5790018518518518,0.0417299845347483,0,3
0.5676583333333334,0.0356329937237,1,3
0.8129783333333332,0.0396733003512942,0,3
0.1902291666666666,0.1466170906660566,1,0
0.009324074074074,1.0,0,1
0.0710833333333333,0.6058541601630644,0,1
0.6323666666666666,0.0418923433232305,0,3
0.1631277777777778,0.1151777073505195,0,0
0.7025385416666667,0.0421046885981028,0,3
0.2767933333333333,0.0623338473162853,1,0
0.0025583333333333,1.0,0,1
0.0061966666666666,1.0,0,1
0.020645652173913,1.0009894459102902,0,1
0.0866888888888888,0.7221700679763635,0,1
0.0502733333333333,0.6766495670140662,0,1
0.72965,0.0346087550908802,0,3
0.92965,0.0680545827984821,1,3
1.019923611111111,0.0506327237073426,1,3
0.2082944444444444,0.327923909012269,0,0
0.006444,1.0004023335345,0,1
0.82686,0.0461022138315509,0,3
0.0462104166666666,0.1787136607193065,1,0
0.3211097222222222,0.0388583928337138,0,0
0.1176944444444444,0.2940705200577762,0,0
0.90225,0.0750589869992756,0,3
0.0193666666666666,1.0,0,1
0.1163035714285714,0.453764703151192,0,0
0.1117858156028368,0.033488346652429,0,0
0.5801806451612903,0.1089609755331617,0,3
0.71778,0.0381422420011612,1,3
0.105997,0.0948691466044924,0,0
0.42631,0.0533439765097724,0,0
0.02433,0.507554945054945,0,1
1.0277766666666668,0.0420343885151983,0,3
0.0717166666666666,1.8793103448275863,0,1
0.0433651515151515,0.1468388137846739,0,0
0.3608125,0.6417018879396841,0,0
0.00138,1.0,0,1
0.2986485507246377,0.4455809531116372,0,0
0.7204,0.1668993109796809,0,3
0.0335633333333333,0.461178045515395,1,0
0.0664356666666666,0.1193983907200918,1,0
0.72959375,0.0355577232299555,0,3
0.437095,0.0331864125194582,1,0
0.5004166666666667,0.1057237974352672,0,0
0.6779933333333333,0.0525671369519938,0,3
0.0407142857142857,0.51174398120963,0,1
0.0006197916666666,1.0016666666666667,1,1
0.5884955128205128,0.0372058618608932,1,3
0.0089175,0.1016421192653072,0,0
0.0483984848484848,0.1443267266827101,1,0
0.1436349206349206,0.0451220515701711,0,0
0.4273061728395061,0.0461765667184678,0,0
0.6324222222222222,0.0715828424116504,0,3
0.5375305555555555,0.18814057134065,1,3
0.5819323529411765,0.0409833242863848,0,3
0.00598,0.1016421192653072,1,0
0.0970583333333333,0.729531565309868,0,1
0.3129333333333333,0.1894478390673334,0,0
0.022795,1.250904869616367,0,1
0.0749027777777777,0.6507821111930563,0,1
0.0113411111111111,1.0010496418868855,0,1
0.0001566666666666,1.0,0,1
0.0007,1.0,0,1
0.0146808333333333,1.0531835014379567,0,1
0.0416514285714285,1.0198922883122346,0,1
0.0560984848484848,1.1166789217830773,0,1
0.6645095238095238,0.0401270169606483,0,3
0.0596876984126984,0.0683860488916244,0,0
0.8323388888888889,0.059665853781383,1,3
0.1351375,1.0,0,1
0.7417833333333334,0.3508497738128963,0,3
0.1024314814814814,0.426182587251599,0,0
0.6446,0.1319937317985592,0,3
0.1298666666666666,1.0049493918455916,0,1
0.8399666666666666,0.0378637893129347,1,3
0.6684692307692308,0.0525443485252988,0,3
0.0199433333333333,1.0,0,1
0.5983574074074074,0.3439136980717593,0,3
0.5232166666666667,0.0741691416028552,0,0
0.2159444444444444,0.0570259995681187,0,0
0.2597566666666667,0.1339359867498454,0,0
0.5344333333333333,0.2013500131512867,0,3
0.0509125,0.5404565049822432,1,1
0.602288888888889,0.0821376585568725,0,3
0.3199166666666667,0.0780496539972385,1,0
0.6002984848484848,0.7410072005087872,0,3
0.9182839743589744,0.0711986663108438,0,3
0.4150264705882353,0.6255317703687512,0,0
0.2862307692307692,0.3774070587076642,0,0
0.0284416666666666,1.0052459919787022,0,1
0.9375583333333332,0.0423626471666917,0,3
0.0558766666666666,1.0,0,1
-0.0027709677419354,1.0332434860736748,0,1
0.7403185185185186,0.0446487781170536,0,3
0.0015152777777777,1.0,0,1
0.3072916666666666,0.114655669516178,0,0
0.8319916666666666,0.0646854839285792,1,3
0.0326104166666666,0.5031753535171006,0,1
0.3678906666666667,0.6088923556942277,0,0
0.0018148148148148,1.0,1,1
0.9936111111111112,0.0494352924949801,0,3
0.0092028571428571,1.0066148751718214,0,1
0.8241833333333334,0.0818183288463323,1,3
0.51608125,0.049199228228916,0,0
0.8991,0.069192881843363,1,3
0.0012333333333333,0.0,0,0
0.0286208333333333,1.0051653133718164,0,1
0.8088966666666667,0.0617134184884158,0,3
0.9528416666666666,0.0533631125301446,1,3
0.1114333333333333,0.3029324047443787,0,0
0.5004,0.0420748860256989,0,0
0.005987,1.0,0,1
0.0096284037558685,1.04908538814724,0,1
0.2140722222222222,0.1397568497491179,0,0
0.0030544444444444,1.0705590622182146,0,1
0.0100722222222222,0.8077100646352724,0,1
0.9320564102564102,0.2521137944589013,1,3
0.6919107142857143,0.0371109354465373,1,3
1.1462916666666667,0.0,0,3
0.6806958333333333,0.0413703286760744,1,3
0.7692333333333333,0.0315751364694214,0,3
0.0051905797101449,0.6,0,1
0.001785,1.0,0,1
0.7521143939393939,0.0419365698507895,0,3
0.127005,0.0492380508537521,0,0
0.070954,0.795786753847205,0,1
0.5989166666666667,0.0386988016624438,0,3
0.2032190476190476,0.0467921267295435,1,0
0.1573648809523809,0.226565027728254,0,0
0.9714956521739132,0.0472277676210961,1,3
0.0045297979797979,1.0,0,1
0.0315354166666666,0.6058058942896548,0,1
0.8746102564102564,0.0421870796262619,0,3
0.9893133333333332,0.0364348313590829,0,3
0.0018111111111111,1.0,0,1
0.1556523809523809,0.122694142930397,0,0
0.67905,0.4644636280525841,0,3
0.0014444444444444,0.1016421192653072,0,0
0.9428416666666666,0.0355105165789521,0,3
0.0264833333333333,1.0001086248099065,0,1
0.138575,0.7834278071417551,0,1
0.67048,0.0402667454605885,0,3
0.3689635802469136,0.0364032410490395,1,0
0.12264,0.2297375422236374,0,0
0.0486714285714285,0.6504296239423649,1,1
0.0052333333333333,1.0096487915960533,1,1
0.57546,0.0897942753208863,0,3
0.4518466666666666,0.0560769962149598,0,0
0.0899610169491525,0.6658287054674321,0,1
0.7997125,0.0443811983080515,0,3
0.7401305555555555,0.0457419701632828,0,3
0.0001525641025641,1.0,0,1
0.2656166666666666,0.5207049729580505,0,0
0.8525862745098038,0.0408483668934388,0,3
0.0456017543859649,0.8905302854478714,0,1
0.3236103535353535,0.0695092540179689,0,0
0.53240625,0.0473668248659762,0,3
0.0464253333333333,0.5681351656990081,0,1
0.0100517543859649,1.0248278071440011,0,1
0.7634533333333333,0.0413714231180553,0,3
0.5356789682539682,0.0382369446783037,0,3
0.8375,0.0442492731071521,0,3
0.0025075396825396,1.029190351820556,0,1
0.2705712121212121,0.0557190177635401,0,0
0.0166982758620689,1.001163542340013,1,1
-0.0096511111111111,1.0,0,1
0.0675086666666666,1.0048413017736004,0,1
0.3122178571428571,0.0411678701206594,0,0
0.3640154761904762,0.0447367146568019,0,0
0.1556467741935484,0.4210628415704919,0,0
0.0158194444444444,1.0,1,1
1.005838888888889,0.0397079158380026,0,3
0.92768,0.0473720198775999,0,3
0.6923083333333333,0.0464420648057182,1,3
1.0071770833333331,0.0412974990844737,0,3
0.1570489583333333,0.1433562822691789,0,0
0.7937185185185185,0.0718064303493694,0,3
0.002655,1.0,0,1
0.0842037037037037,0.1059748213086042,0,0
0.0059692307692307,1.0130814377223425,0,1
0.2165433333333333,0.2870327820893195,0,0
0.4475618055555555,0.0396818376600048,0,0
0.7866583333333333,0.0564931302390748,0,3
0.7482466666666667,0.0370750602282632,0,3
0.8107020833333333,0.0371503464278976,0,3
0.0409306666666666,0.607589730344269,0,1
0.3608854166666666,0.6728436794665972,0,1
0.4091818181818182,0.0462368970603939,0,0
0.9820636363636364,0.0399497623920032,0,3
0.00986,1.0,0,1
0.9953555555555555,0.0362584788429682,0,3
0.0502215686274509,0.1065826179345449,0,0
0.0301125,1.030240952102234,0,1
0.5947991666666667,0.0486410306657211,0,3
0.22245,0.4147818806693798,0,0
0.9618935897435896,0.0351620668589103,0,3
0.0501252873563218,1.005376479010213,0,1
0.0033408602150537,0.8,1,1
0.9425444444444444,0.0675420949628679,1,3
0.0091409722222222,0.7572248193795155,0,1
0.0224288888888888,1.0,1,1
0.9676888888888888,0.0440697478488789,0,3
0.3697883333333333,0.0516585094270131,0,0
0.021475,1.0,0,1
0.8004166666666667,0.0436024385083173,0,3
0.0298244444444444,0.5202839194832777,0,1
0.2683773333333333,0.2828224010170213,0,0
0.0019782608695652,1.032258064516129,0,1
0.2222733333333333,1.004505928853755,1,1
0.7417333333333334,0.0761573382682138,1,3
0.2452685185185185,0.1390926445276836,1,0
0.0686808333333333,0.1387944343490213,0,0
0.9712464285714286,0.0444523466006495,0,3
0.7300051282051282,0.0387930560310659,0,3
0.9280966666666668,0.046249373729682,0,3
0.9324348484848484,0.1470400296423853,1,3
0.0060357142857142,0.6666666666666666,1,1
0.922922,0.0515016298267476,0,3
0.0013833333333333,1.0,1,1
0.6580541666666667,0.0557081950228903,0,3
0.0873619047619047,0.6203604171977831,0,1
0.6622311594202898,0.2328569457074128,0,3
0.753,0.0418254426266663,1,3
0.016595238095238,1.0,0,1
0.0033182539682539,1.0,0,1
0.3338433333333334,0.1268769697644741,0,0
0.6280166666666667,0.0830051445804506,0,3
0.908412037037037,0.0409952586369773,0,3
0.80835,0.0429303608589398,0,3
0.0066319444444444,1.0017987284850365,0,1
0.1611777777777777,0.1109714584922753,0,0
0.20769375,0.529596968265625,0,0
0.1164458333333333,0.0302135874886625,0,0
0.811925,0.0429312971983012,1,3
0.004095,1.003380952840083,0,1
0.8640416666666666,0.0903964206526293,0,3
0.1128138888888888,0.5,0,0
0.2739770833333333,0.0388052850845753,0,0
0.9814818181818182,0.0381115117825708,1,3
0.7360828282828283,0.0388538643592434,0,3
0.604525,0.25,0,3
0.392847619047619,0.0678062544846398,0,0
0.0063291666666666,0.7,1,1
0.1164933333333333,0.8114537241346008,0,1
0.2995453333333333,0.0379638156693225,0,0
0.09795,0.6101300190662184,0,1
0.0906104166666666,0.9000090316559541,0,1
0.3238041666666666,0.0605214508715947,0,0
0.751925,0.0431226016241546,0,3
0.0018663841807909,0.5950313867209395,1,1
0.1750570707070707,0.0712307635027703,0,0
0.6327733333333334,0.2446473961042192,0,3
0.0853833333333333,5.0,0,2
0.0335077777777777,1.0,0,1
0.933137962962963,0.036019164961694,0,3
0.8852833333333333,0.2228060278090748,0,3
0.8725333333333334,0.0415479651488092,1,3
0.1409154761904762,0.1488675152349133,0,0
1.190125,0.0585923233111539,1,3
0.12919,0.870019240795229,0,1
0.0081303921568627,2.4845564074479736,0,1
0.0332898148148148,0.079227378265798,1,0
0.0185035714285714,1.2874202551277794,0,1
0.9550166666666668,0.0327708840632884,0,3
0.0083616666666666,1.0049414885811971,0,1
0.0720666666666666,0.1585542898724828,0,0
0.66643,0.3294946595298158,0,3
0.6555401960784314,0.0380283666875086,0,3
0.1022657407407407,0.192960769515828,0,0
0.7450416666666667,0.0904946764771907,0,3
0.6116260416666667,0.2737687456991014,0,3
0.4862666666666667,0.2314838520329528,1,0
0.0267325,0.9182163563499074,0,1
0.0115861111111111,1.0006983240223464,0,1
0.6803,0.0629762434322921,0,3
0.1413956790123456,1.0199508857489723,0,1
0.3122020833333333,0.0539789243544802,0,0
0.1687755555555555,0.8088192033056163,0,1
0.0136481481481481,1.0015954497447634,0,1
0.8945456140350877,0.0756458857595153,0,3
0.16172,0.0618270481073148,0,0
0.1055055555555555,1.0012999547948995,0,1
0.28649,0.1273452551381229,0,0
0.0216892156862745,1.0002545454545455,1,1
0.7576766666666667,0.0585235598029347,0,3
0.390338,0.0466339393022196,0,0
0.46485,0.0495164711081452,1,0
0.16389,0.1265342406195547,0,0
0.6803694444444444,0.1302668189997138,0,3
0.1645522727272727,0.0441632140812893,1,0
0.0234626436781609,1.0006164458158635,0,1
0.9539777777777778,0.0313782394775115,1,3
0.0160393939393939,1.0,0,1
0.40097,0.0508512878516371,0,0
0.5062444444444445,0.6754314800241998,0,0
0.0041493333333333,0.8051282051282052,1,1
0.2519462962962963,0.0615107954030714,0,0
0.1465933333333333,0.9584443925362836,0,1
0.3387033333333333,0.1301963408528185,0,0
0.544625,0.4126308598964728,1,0
0.5873541666666667,0.0416778804477597,0,3
0.0384162162162162,5.0,0,2
0.0028770833333333,1.0047738693467336,1,1
0.0571086666666666,0.7701309896355601,0,1
0.7400083333333333,0.1524504173208947,0,3
0.76915,0.0367158639642537,0,3
0.7893722222222223,0.0431321866839664,0,3
0.3377966666666667,0.0728536484010381,1,0
0.7686547619047619,0.0367411778102087,0,3
0.0267583333333333,1.0,0,1
0.0056444444444444,1.0,0,1
0.4882627450980392,0.3301466069309908,0,0
0.7602916666666667,0.1112164391326036,1,3
0.01093,0.444627554383652,1,0
0.0557566666666666,1.044947516832661,0,1
0.0015277777777777,1.0,1,1
0.7837722222222223,0.0455484439290986,1,3
0.020625,0.1499686082137332,1,0
0.0075291666666666,0.7680991095625241,0,1
0.980675,0.0371061359503802,0,3
0.70081,0.0548429836777732,0,3
0.7034316666666667,0.0311245729487217,1,3
0.0037037037037037,0.0,0,0
0.5068404761904762,0.0441004644444628,1,0
1.0139035714285711,0.0360848645590632,0,3
0.0546566666666666,0.2213933204321651,1,0
0.7366025252525252,0.0314230800611031,1,3
0.0113491666666666,0.6,1,1
0.0342857142857142,0.0,1,0
0.4930643678160919,0.3589643256202974,1,0
0.4281964285714286,0.0692933685417123,0,0
0.8880475,0.0364241620271513,0,3
0.0226656565656565,0.8013279889874084,0,1
0.7800944444444444,0.5100190012013899,0,3
0.5047775,0.0427643634005476,0,0
0.0030468253968253,1.0,1,1
0.0152907407407407,1.2,0,1
0.0611491869918699,0.9470173508749596,1,1
0.164509375,0.0506138011722806,0,0
0.7967649572649572,0.0382786859373839,1,3
0.607278787878788,0.0748270331115865,0,3
0.7041416666666667,0.3778041674321774,0,3
0.8265575,0.0572880518365058,1,3
0.7715,0.0876749965441684,0,3
0.5335833333333334,0.0690986350139713,0,3
0.2402266666666666,0.052834335247182,0,0
0.81863,0.0466415843205179,1,3
0.0444373015873015,1.0002476927352706,0,1
0.7300166666666666,0.0419960891201608,0,3
0.0006896551724137,0.1016421192653072,0,0
0.7665233333333333,0.0473705586853512,0,3
0.6963333333333332,0.1619921677176769,0,3
0.0424946969696969,1.110245656081486,0,1
0.8696633333333333,0.1389861310871153,0,3
0.013225,0.6,0,1
0.0815545833333333,0.6263433045451743,0,1
0.8662333333333333,0.036191073955782,0,3
0.1110142857142857,1.0007690368129096,0,1
0.01621875,0.8,0,1
0.1974666666666666,0.0348837209302325,0,0
0.0497791666666666,0.1858714855928212,0,0
0.0299763888888888,1.0031505627687718,0,1
0.5945666666666667,0.1305988996399631,1,3
0.74335,0.0498527565519077,1,3
0.5329625,0.3773884339490891,1,0
0.0008979166666666,1.0,0,1
0.3089769230769231,0.6283345290691879,0,1
0.3192123333333333,0.1266073470588033,0,0
0.0120674603174603,0.6626370184779204,1,1
0.0226523809523809,1.0028625704103251,0,1
0.6935527777777777,0.0666894100850524,0,3
0.0178485507246376,0.6176991150442477,1,1
0.0776111111111111,1.0,0,1
0.7975233333333333,0.0402238267183657,0,3
0.0162,1.0,0,1
0.7523883333333333,0.0552284345945224,0,3
0.38969,0.1652033998050832,0,0
0.4637685897435897,0.0463843404172765,0,0
0.2156616666666666,0.2931764929427551,0,0
0.2877488095238095,0.0491819960094356,0,0
0.9145756756756755,0.0209024427456242,1,3
0.0532191666666666,1.0,0,1
0.913675,0.0858463468679684,0,3
0.0080533333333333,0.1016421192653072,0,0
0.7995305555555556,0.0467626153226465,0,3
0.0673578947368421,0.0927641175989751,0,0
0.0854166666666666,0.4908811203554858,0,0
0.88489,0.0861557744578718,0,3
0.7532166666666666,0.413271536799615,0,3
0.0031,1.0,1,1
0.5769801587301587,0.0290815489229579,0,3
0.1431825,0.0574551713149832,0,0
0.0099813333333333,1.0312429435483872,0,1
0.1244916666666666,1.0017022375716231,0,1
0.58475625,0.0453908512731652,0,3
0.3696333333333333,0.2004091126637099,0,0
0.5253309523809524,0.0755094263448599,0,3
0.8632833333333333,0.0309899069208365,1,3
0.8877277777777778,0.0531303770128396,0,3
0.6036583333333333,0.0335159433689094,0,3
0.0488822222222222,1.00949893161217,0,1
0.7045134615384615,0.0492147582002204,0,3
0.7593541666666667,0.0385468321744792,1,3
0.9874333333333334,0.0521276995377101,1,3
1.0424966666666666,0.0361384458667088,1,3
0.2069166666666666,0.0649345122886283,0,0
0.0322833333333333,0.5909643402015747,1,1
0.0015052083333333,1.0,0,1
0.0024883333333333,1.0,0,1
0.2669194444444444,0.0560329979406278,0,0
0.0172928571428571,1.0008847293599874,0,1
0.5673180555555556,0.1536908418833932,0,3
0.4571041666666666,0.0370365675628132,1,0
0.0269047619047619,1.0028781492122785,0,1
0.5139984375,1.1277284821266758,0,1
0.0054027777777777,1.001996007984032,1,1
0.0603555555555555,0.1692186471403244,0,0
0.49458,0.0348487511115868,0,0
0.3735333333333333,0.8386179359392912,0,1
0.9268833333333334,0.0737860068133603,1,3
0.0525,0.0,0,0
0.5270583333333333,0.0759995934804591,0,3
0.8188666666666667,0.0879243134206662,1,3
0.6123049019607842,0.0512793360225494,0,3
0.1543766666666666,0.0849851197317816,1,0
0.5209482456140351,0.0359951552181787,1,3
0.4672433333333333,5.0,0,2
0.0682293333333333,1.000771860174294,0,1
0.7641307692307693,0.0240640820675212,0,3
0.1783393518518518,0.0314489145646037,0,0
0.0037765151515151,1.05859375,0,1
0.0393793333333333,1.000498020687013,0,1
0.5478083333333333,0.036893225247903,0,3
0.0174677083333333,1.0115335193371635,0,1
0.8332583333333334,0.0813395601033217,1,3
0.8499233333333333,0.0367096327098995,0,3
0.0371,1.0,0,1
0.0410333333333333,1.0888059701492536,0,1
0.6182777777777778,0.0717746267108743,1,3
0.0012222222222222,1.0,0,1
0.0524125,0.494348523445608,0,1
0.5860851851851852,0.041465091552525,0,3
0.0334574074074074,1.0,0,1
0.0319916666666666,0.076116077108174,0,0
0.0106920289855072,1.0372145947535638,0,1
0.838255,0.2210094996885725,0,3
0.0438768518518518,0.3369255305487548,1,0
0.62885,0.0476027230921548,0,3
0.1293469696969696,0.0632603427571786,0,0
0.63165,0.2434708550498014,0,3
0.2859770833333333,0.0487082790829171,0,0
0.0839166666666666,0.6793021411578113,1,1
0.0878365384615384,0.7550978173006457,0,1
0.0414194444444444,0.1928369590868076,0,0
0.72975,0.0406194223528299,1,3
0.0013182170542635,1.0030222020031914,0,1
0.9481366666666668,0.0421122702207533,0,3
0.1544847826086956,0.1741460307955437,0,0
0.0219416666666666,1.0155112447597563,0,1
0.57235,0.0694360606163044,0,3
0.48317,0.1804652508284633,0,0
0.056532,0.5196198600718517,0,1
0.9222439393939392,0.0995607116835214,0,3
0.0261333333333333,0.1592537313432835,0,0
1.4444666666666666,0.052213364027564,1,3
0.1546688405797101,0.0732987907934996,0,0
0.3802522222222222,0.0420627796502181,0,0
0.9392571428571428,0.0365270418568752,1,3
0.1752612745098039,0.0475023162143516,0,0
0.1606919354838709,1.0,0,1
0.9653666666666666,0.0704431351703626,0,3
0.3977763888888889,0.0365232983264704,0,0
0.8802833333333334,0.1098276045666511,1,3
0.9774972222222222,0.0292380443743837,0,3
0.2890966666666666,0.777162618521886,0,1
0.48775,0.1151321220842886,0,0
0.5467088888888889,3.426408273356187,1,2
0.0210896825396825,1.0,0,1
0.1598932432432432,0.7043002267500705,0,1
0.0622083333333333,0.8047410156909061,0,1
0.2966229166666666,0.0458970792767733,0,0
0.3205833333333333,0.0345097873219741,0,0
0.5205055555555556,0.1417301702335943,0,0
0.77183125,0.0395648921486835,1,3
0.1162214285714285,0.1250868029405318,0,0
0.0679291666666666,0.1430574202295497,1,0
0.10756875,0.2430543066114752,0,0
0.0878066666666666,1.0136110278693438,0,1
0.9994816666666668,0.0529666023231485,0,3
0.7851222222222223,0.0347763053478469,0,3
0.2248833333333333,0.1499887422323551,0,0
0.0009208333333333,1.0,0,1
0.0143978260869565,0.8,1,1
0.1449431034482758,0.25,0,0
0.9801116666666668,0.0366748605716458,1,3
0.025543,0.5947087184167753,0,1
0.8833833333333333,0.0499514559037596,0,3
1.0038092592592591,0.0409853622160152,0,3
0.6438166666666667,0.1873465424673874,0,3
0.0316755555555555,0.5,0,1
0.6715177777777778,0.0379949523529821,0,3
0.0259287037037037,1.005026912667001,0,1
0.0016941666666666,1.0,0,1
0.8564583333333334,0.0566530248831602,1,3
0.6229369047619048,0.0548695207937557,1,3
0.7326866666666667,3.366255969436485,0,2
0.6853833333333333,0.0315897287299695,0,3
0.3510583333333333,0.4281332710510969,1,0
0.734,0.0553285140133543,0,3
0.6863523809523809,0.0350102035884047,0,3
0.7980333333333333,0.0,0,3
0.63922,0.0668595234937533,1,3
0.7349366666666667,0.0492976987080657,0,3
0.7838208333333333,0.2753240320779961,0,3
0.0373191666666666,0.8,0,1
0.1058866666666666,1.2119822787441836,0,1
0.6379965811965812,0.0642374339609817,0,3
0.0671846153846153,0.1001630207471385,0,0
0.1416916666666666,0.6002571306128279,0,1
0.0280916666666666,0.2,1,0
0.6804138888888889,0.0384180018110461,0,3
0.8465108333333333,0.0356093546720742,1,3
0.0035699074074074,1.0,0,1
0.4263092592592593,0.621595329806717,0,0
0.048515,0.1016421192653072,0,0
0.0005555555555555,0.0,1,0
0.8338270833333334,0.0413391507171694,1,3
0.0765433333333333,0.8172892115490573,0,1
0.0041962962962962,1.0,0,1
0.065325,1.0,0,1
0.6908962962962962,0.0472494766640286,1,3
0.0023055555555555,1.0,0,1
0.982402564102564,0.036931237967414,1,3
0.1331066666666666,0.6160417169310517,0,1
0.8253572916666666,0.2022809505885556,0,3
-0.0006033333333333,1.0,0,1
0.5809818181818182,0.0391010308564185,0,3
0.9700033333333332,0.0348705333457874,0,3
0.4088833333333333,0.0500523340920065,0,0
0.68608,0.0393690619942314,0,3
0.0119688405797101,1.0051319000999377,0,1
0.722921875,0.2106085529732487,0,3
0.3739666666666666,0.0146872122602376,0,0
0.1186373873873874,0.1125169776693726,0,0
0.8251416666666666,0.0636003039835204,1,3
0.0142606666666666,1.0041058634145,0,1
0.1432,0.2928777877818523,0,0
0.933975,0.0558344470275913,0,3
0.9529333333333334,0.1684819075020515,0,3
0.0203809523809523,1.0,0,1
0.0878625,0.4716211603518109,0,0
0.0203041666666666,1.2613013501486048,1,1
0.4232153333333333,0.0421269566648989,1,0
0.2800397435897436,0.2173984050350416,0,0
0.0042777777777777,1.0,0,1
0.0027558333333333,1.0,1,1
0.9595908333333332,0.0367916744848984,0,3
0.9200333333333334,0.0368407446510567,0,3
0.1120481481481481,0.4122516514737772,0,0
0.0069947916666666,1.0,1,1
0.0292729166666666,0.2248471505928584,0,0
0.0008333333333333,0.1016421192653072,1,0
0.0101276422764227,1.0,0,1
1.4260666666666666,0.1615465632566342,0,3
0.0234069444444444,0.6460973766148755,0,1
0.6706166666666667,0.079376418853487,1,3
0.1374533333333333,0.1946423921445297,0,0
0.0156375,0.1016421192653072,0,0
0.0052977777777777,0.6666666666666666,1,1
0.8730561403508772,0.0400728692233225,1,3
0.7815277777777777,0.037976009853438,0,3
0.0529744444444444,0.1784189315506999,0,0
0.008285,0.8,0,1
0.0473787356321839,1.000055743135631,0,1
0.37577,0.0671714869060198,0,0
0.57373,0.2470413323031132,0,3
0.5989666666666666,0.0618352780381272,0,3
0.7984318181818182,0.0367289365014078,0,3
0.3981583333333333,0.1053332384038312,1,0
0.8324055555555556,0.0335886417018713,1,3
0.1901640625,0.1802321683789908,0,0
0.0211840277777777,0.6490382149269044,0,1
0.0870406666666666,0.5856986151103798,1,1
0.0228606666666666,1.0,0,1
-0.0083166666666666,2.282051282051282,0,1
0.0053491666666666,1.0011061946902655,0,1
0.556425,0.083621364145079,1,3
0.0935642857142857,0.3106805463926589,0,0
0.0759266666666666,0.9994712028469734,0,1
0.0245313333333333,1.006251010573089,0,1
0.1088869047619047,0.4206571796986411,0,0
0.7714183333333333,0.0357858147223278,0,3
0.0523531746031746,0.2643568203922124,0,0
0.0220928571428571,0.8044902654579438,0,1
0.0003842592592592,1.000892857142857,0,1
0.3591636363636363,0.1357648592159022,0,0
0.3532644444444444,0.103015698462215,0,0
0.6265266666666667,0.1249948019760662,0,3
0.0674380952380952,1.0009190565828812,0,1
0.7647884615384616,0.0434922915333571,0,3
0.6738916666666667,0.0896080564659929,0,3
0.1279096296296296,0.2871536686526256,0,0
0.0059020833333333,1.004754382619009,0,1
0.1724473333333333,0.4073734494378256,0,0
0.0018816666666666,1.0,0,1
0.0100020833333333,1.0,0,1
0.0111661764705882,0.2198155383844964,0,0
1.028275,0.0129531006078754,1,3
0.8320351851851853,0.0671172353021664,1,3
0.004875,1.38034188034188,1,1
0.0053095238095238,0.75,1,1
0.0213927083333333,1.0028098657508586,0,1
0.4795611111111111,0.4282210573170159,0,0
0.843736111111111,0.0390892173026049,0,3
0.027885119047619,1.0338600451467268,0,1
0.6792270833333333,0.0376550522699904,1,3
0.0525158333333333,0.3584696030257508,0,0
0.1472811111111111,0.7704802845979887,0,1
0.2860416666666666,0.7029809056063762,0,1
0.0192133333333333,1.0010813970480783,0,1
0.0161607142857142,1.0009049773755656,0,1
0.0553845238095238,0.6803322058768668,0,1
0.8672166666666667,0.0410139798977819,1,3
0.49451875,0.0424722841897111,1,0
0.4588833333333333,0.0750038426533653,0,0
0.0045731481481481,0.950045516613564,0,1
0.0035530303030303,1.0037460797283422,0,1
0.90768,0.0494768723584936,0,3
0.0543006666666666,0.2214956038157989,0,0
0.0660343333333333,1.0009387860082304,0,1
0.016787356321839,1.004095677354616,0,1
0.1128770833333333,0.1358484006076409,0,0
0.9840133333333332,0.0372148120861316,1,3
0.4492833333333333,0.0790550637809649,0,0
0.9085690476190476,0.0490825280075367,0,3
0.9168055555555557,0.0304910240504234,0,3
0.0353439393939393,1.005807086433546,1,1
0.5215145833333333,0.1617188554649435,0,0
0.5560555555555555,0.0447123578303299,0,3
0.5147375,0.0360047658964263,0,0
0.7823893939393939,0.0383279251279716,0,3
0.921475,0.0998080357158983,1,3
0.018325,1.0017722117202268,0,1
0.0143916666666666,1.134551630434783,0,1
0.4286880952380952,0.0414473647460255,1,0
0.0212974358974358,1.0,0,1
0.0146648148148148,0.8,0,1
0.0021666666666666,1.0,0,1
0.9547416666666666,0.0716234401629566,0,3
0.341712962962963,0.2307015181910946,0,0
0.4979380952380952,0.6061533700885225,0,0
0.0190604166666666,0.9273224043715848,0,1
0.9220416666666666,0.0820372240674755,1,3
0.0334018518518518,1.0002574861720388,0,1
0.0025024822695035,0.8579293301474584,0,1
0.1850833333333333,0.3890652770155398,0,0
0.8894972222222223,0.0377969351376029,0,3
0.0022810185185185,1.0043572984749454,0,1
0.64963,0.0445811693382343,1,3
0.37389,0.0834142367349506,1,0
0.013109420289855,0.8027957282691748,0,1
0.555314393939394,0.0521528309911399,0,3
0.9831375,0.034240623973476,0,3
0.2648166666666666,0.3583264919656538,0,0
0.7183270833333333,0.0542771497727824,0,3
0.6572,0.0982528593739954,0,3
0.0052348484848484,1.0,0,1
0.0209116666666666,0.5292692446624878,0,1
0.7315305555555556,0.0423611980851251,0,3
0.7606066666666668,0.1777850798840487,0,3
0.0687013888888888,1.0,0,1
1.1916055555555556,0.0435123697969002,0,3
0.835025,0.1175273633033283,0,3
0.6927090277777778,0.0278308926861497,1,3
0.4641333333333333,0.097846607057842,1,0
0.0005291666666666,1.0,0,1
0.934245,0.0409651396129221,0,3
0.50924,0.0384739680723745,0,0
0.7627222222222222,0.0307411480946495,0,3
0.879482183908046,0.0371956675917229,0,3
0.8353238095238095,0.0420473390734102,0,3
0.819061111111111,0.1155777609914165,1,3
0.5815266666666666,0.0490092339800482,0,3
0.8945447916666666,0.0369212294096051,1,3
0.3679266666666666,0.227923154609242,0,0
0.9924604166666666,0.0439567354968113,0,3
0.0355623333333333,0.8,0,1
0.3346666666666666,0.2666227881736339,0,0
0.0083842592592592,1.0010471204188482,0,1
0.772375,0.0515046026357136,0,3
0.9257049019607844,0.0886219949873154,0,3
0.0039342592592592,1.1060111707128242,0,1
0.5678833333333334,0.059463988192827,0,3
0.4909410256410256,0.0463160578727194,0,0
0.6579083333333333,0.0504838433298945,0,3
0.0092208333333333,0.8038025889967637,0,1
0.0248533333333333,1.0,0,1
2.142558333333333,1.0495359531088102,0,3
0.8864819444444444,0.0345569008856613,1,3
0.4230083333333333,0.3531243712638713,0,0
0.8456433333333333,0.0508641761571252,0,3
0.048,0.0,1,0
0.0118219696969696,0.8084286458288374,0,1
0.1747833333333333,0.6056935190793459,0,1
0.1553647058823529,0.1119909110345948,0,0
0.1399227272727272,0.0654814261007816,0,0
0.77211,0.0352432363183969,1,3
0.87226875,0.0323934397904639,1,3
0.8326166666666666,0.0747996243650385,0,3
0.2263125,0.0568394441519905,1,0
0.041543,1.0012074708933294,0,1
0.117945238095238,0.0404570511703876,0,0
0.0748525641025641,1.258086173699717,1,1
0.0795423076923076,1.0,0,1
0.7933166666666667,0.1347447693277146,0,3
0.3459747619047619,0.5153987429307909,0,0
0.859575,0.118304164172537,0,3
0.1229518518518518,0.0700380599275585,0,0
0.5979166666666667,0.1457495388104733,0,3
0.6250133333333333,0.0374487187748148,0,3
0.949172619047619,0.0497598962227112,0,3
0.72105,0.0976833074618106,1,3
0.4953190476190476,0.0684031643326831,0,0
0.4821846666666667,0.040036687064712,0,0
0.54395,0.0483738680956333,0,3
0.0284625,0.8927347640447593,0,1
0.286087,0.0349022050262071,0,0
0.1033025252525252,0.0575711833149018,0,0
0.6696921052631579,0.0352986905791792,0,3
0.0166708333333333,1.0,0,1
0.0419556666666666,0.2422960312295471,0,0
0.7169861111111111,0.0416439841714455,0,3
0.9900222222222222,0.0500334264883389,0,3
0.2300074074074074,0.0535227616912715,0,0
0.621625,0.1487156387907233,0,3
0.1254125,5.0,0,2
0.0142851851851851,1.0,0,1
0.4600814814814815,0.2806230217035198,0,0
0.1128233333333333,0.2599241464106711,1,0
0.0102953703703703,1.0,0,1
0.8023027777777777,0.0344032538831233,0,3
0.9323923076923076,0.040803540467737,0,3
0.3547615942028985,0.0470099483098597,0,0
0.7274826666666666,0.0433523456300619,0,3
0.0331222222222222,1.0,0,1
0.0016484848484848,0.6666666666666666,0,1
0.9577333333333332,0.0456735006093605,1,3
0.6969333333333333,0.1208751257883812,0,3
0.3487666666666666,0.0531576405402723,0,0
0.598325,0.0680046017602804,0,3
0.0607731481481481,1.2798818720962386,0,1
0.3122285714285714,0.0534805577960341,0,0
0.60055,0.0639519149370746,0,3
0.3247010416666666,0.0439613848610433,0,0
0.0082577777777777,1.0028846153846154,0,1
0.0030672619047619,0.8003501905448553,0,1
0.0067492063492063,0.8,0,1
0.000928125,1.0,0,1
0.4532233333333333,0.0811879983522933,0,0
0.8818166666666667,0.0387170817010144,0,3
0.0011612903225806,1.0,0,1
0.0928702898550724,0.0725388791703656,0,0
0.0141844444444444,1.0,0,1
0.0074,1.0043337327146735,0,1
0.0294616666666666,1.006108442004118,0,1
0.72848,0.0379299779163692,0,3
0.8000142857142857,0.0399073172002995,0,3
0.0452972222222222,0.75,0,1
0.6625133333333333,0.0425781436461744,1,3
0.49403,0.5607806880404472,0,0
0.2643232558139535,0.0389889892984956,0,0
0.6587,0.1501701659109198,1,3
0.2607939393939393,0.055376385309261,0,0
0.4791642857142857,0.1647954649551996,0,0
0.87455,0.0946158742732352,1,3
0.3379916666666666,0.1488878119991185,1,0
0.0600724137931034,0.1116098444792512,0,0
0.6122508771929824,0.0522391008765933,0,3
0.0424294444444444,1.0052735590051172,0,1
0.3295291666666666,0.1407300342493209,0,0
0.0281216049382716,0.8173441113477923,0,1
3.564814814814815e-05,1.0,0,1
0.4935766666666666,0.0778204449453379,0,0
0.8449133333333333,0.0301299231463537,0,3
0.6478533333333334,0.2575623798761546,1,3
0.703899074074074,0.0397007917666003,0,3
0.4496066666666666,0.0398505068469126,0,0
0.0067540404040404,1.0,0,1
0.7906777777777778,0.0360536304083733,0,3
0.0495821428571428,0.4066814966379487,0,0
0.1842855072463768,0.2948357813562889,0,0
0.2207553333333333,0.804724266053185,0,1
0.0091,0.8,1,1
0.011659420289855,0.7516853506182022,0,1
0.748275,0.0807438168195939,1,3
0.1611565476190476,0.1394774843961807,0,0
0.0541088235294117,0.4374110974115061,0,0
0.1196796875,0.0700006288321848,0,0
0.1578422222222222,0.7417223057612461,0,1
0.2698842857142857,0.0680810166514332,0,0
0.9093685185185184,0.0391275270454335,1,3
0.0140403225806451,1.0,0,1
0.0008109195402298,1.007820617777638,1,1
0.6839833333333333,0.1009502058387423,0,3
0.009710119047619,1.0,0,1
0.7941518518518519,0.0360095461251052,1,3
0.0143992753623188,1.0010295705553645,0,1
0.960025,0.0482220906504243,0,3
0.0138641666666666,0.6,0,1
0.436875,0.3647974443039669,0,0
0.9239944444444445,0.1826338002840954,0,3
0.7159333333333333,0.0516795262636655,0,3
0.7537238095238095,0.0440258998903807,1,3
0.9205166666666666,0.1039853840235971,0,3
0.2895851851851852,0.0384973114132832,0,0
0.69999,0.0561627383349597,0,3
0.0098029761904761,0.6683006535947712,0,1
0.8104,0.0710222493865363,0,3
0.6102604166666667,0.113291200680817,0,3
0.42317,0.048920201661919,1,0
0.7339730769230769,0.0380018228966986,1,3
0.9714033333333332,0.0309828242570883,1,3
0.84376,0.0614710412480582,0,3
0.8942428571428571,0.0430393823478357,0,3
0.2109855555555555,0.1785348464532471,0,0
0.2451220588235294,0.2378653654144654,0,0
0.4510322916666667,0.0372000113298934,0,0
0.8370733333333333,0.0377496546539591,1,3
0.9095666666666666,0.0693437178255939,0,3
0.0153266666666666,0.6666666666666666,1,1
0.7103166666666667,0.0773437812495616,0,3
0.5527441176470588,0.234341940484544,0,3
0.6750916666666666,0.0594343290537674,0,3
0.8514061728395061,0.0435101180334279,0,3
0.959290476190476,0.0395607387914996,0,3
0.4694533333333333,0.0392424107712243,0,0
0.0896222222222222,0.5287505681936545,0,1
0.6320833333333333,0.0407243116937513,1,3
0.129382,0.1066490998580086,0,0
0.0678944444444444,1.0,0,1
0.0880638888888888,0.1130201717267785,1,0
0.6074416666666667,0.0361812821694841,0,3
0.0073413580246913,1.0,0,1
0.026866,0.43586797600063,0,0
0.7883722222222221,0.0385697476637875,0,3
0.2327948979591836,0.6080749880737178,0,1
0.1033926666666666,0.9483258940021694,0,1
0.2518566666666667,0.0732707624206,1,0
0.6622296666666666,0.041817748544796,0,3
0.0019416666666666,1.0,1,1
1.0082909090909091,0.0391590955650488,0,3
0.89318,0.0423821561184294,0,3
0.4371932539682539,0.2907096099490519,0,0
0.0816714285714285,0.7435120910558635,0,1
0.6851833333333333,0.049260908090036,1,3
0.1320645833333333,0.1318954906241602,0,0
0.0082592592592592,0.8,0,1
0.5841366666666666,0.0396808169301484,0,3
0.2754666666666666,0.7868731563421829,0,1
0.12745,1.0,0,1
0.4452452380952381,0.0470991252808163,1,0
0.510904761904762,0.0429198388479317,1,0
0.024499074074074,0.7619163499599557,0,1
