LIMIT_BAL,AGE,default payment next month,cluster
300000,35,0,0
50000,37,1,1
80000,23,0,1
50000,26,0,1
200000,30,1,1
360000,29,0,0
300000,32,1,0
330000,39,0,0
20000,25,0,1
20000,23,0,1
20000,50,0,2
280000,28,0,0
280000,35,0,0
150000,31,0,1
310000,32,1,0
170000,30,0,1
80000,42,0,2
50000,25,0,1
500000,39,0,0
500000,36,0,0
30000,29,1,1
10000,40,1,2
20000,51,0,2
360000,34,0,0
130000,41,0,2
20000,43,0,2
30000,28,1,1
200000,50,1,2
90000,27,1,1
20000,44,0,2
210000,31,0,1
400000,30,0,0
110000,41,0,2
20000,60,0,2
250000,49,0,2
250000,26,0,1
80000,27,0,1
130000,41,0,2
140000,27,1,1
70000,46,1,2
100000,37,1,1
80000,39,0,2
200000,27,0,1
240000,41,0,0
80000,27,1,1
80000,34,1,1
20000,52,1,2
30000,40,0,2
50000,25,0,1
140000,24,1,1
80000,38,0,2
220000,32,0,1
420000,57,0,0
200000,34,0,1
100000,26,0,1
150000,36,0,1
100000,33,0,1
200000,34,1,1
30000,23,0,1
50000,58,0,2
200000,29,0,1
80000,29,0,1
50000,29,0,1
150000,30,0,1
280000,26,0,0
360000,33,0,0
200000,28,1,1
290000,24,1,0
470000,61,0,0
200000,37,0,1
320000,32,0,0
200000,28,1,1
100000,39,1,2
270000,33,0,0
30000,35,0,1
360000,42,0,0
230000,27,1,1
400000,44,0,0
20000,28,1,1
360000,30,0,0
50000,39,0,2
240000,55,0,2
90000,29,0,1
200000,29,1,1
170000,38,0,2
480000,34,0,0
30000,41,0,2
50000,33,1,1
130000,26,1,1
40000,29,0,1
150000,53,0,2
160000,40,0,2
200000,29,0,1
120000,38,1,2
180000,38,1,2
50000,34,1,1
480000,49,0,0
400000,47,0,0
210000,26,0,1
320000,32,0,0
50000,37,0,1
60000,34,0,1
310000,31,0,0
130000,42,0,2
20000,24,0,1
150000,28,0,1
240000,37,0,0
130000,45,0,2
500000,45,0,0
500000,41,0,0
80000,23,0,1
270000,29,0,0
30000,24,0,1
10000,47,1,2
170000,26,1,1
80000,53,0,2
60000,30,0,1
110000,44,1,2
20000,23,1,1
50000,22,0,1
310000,27,0,0
220000,31,0,1
50000,27,0,1
300000,27,0,0
240000,28,1,1
180000,35,0,1
150000,29,0,1
20000,27,0,1
160000,57,1,2
50000,27,0,1
240000,40,1,0
30000,42,0,2
400000,25,0,0
210000,26,0,1
110000,36,0,1
100000,27,0,1
70000,25,0,1
100000,30,0,1
70000,26,1,1
80000,33,0,1
500000,49,0,0
30000,24,0,1
180000,33,0,1
70000,24,0,1
20000,46,1,2
250000,49,0,2
360000,28,0,0
230000,32,1,1
400000,29,0,0
180000,29,0,1
150000,52,0,2
80000,26,1,1
60000,23,0,1
80000,59,1,2
360000,33,0,0
20000,50,0,2
40000,35,0,1
500000,34,0,0
210000,46,0,2
500000,34,0,0
310000,32,0,0
290000,46,0,0
50000,32,0,1
280000,30,0,0
240000,29,0,1
200000,33,0,1
490000,30,0,0
230000,28,0,1
300000,41,0,0
360000,41,0,0
210000,25,1,1
240000,38,1,0
50000,26,0,1
50000,44,0,2
200000,27,0,1
360000,32,1,0
180000,29,0,1
450000,38,1,0
20000,29,0,1
280000,37,0,0
30000,36,1,1
20000,24,1,1
160000,31,0,1
180000,31,0,1
380000,41,1,0
170000,52,0,2
150000,24,0,1
300000,43,1,0
390000,48,0,0
50000,24,0,1
30000,28,0,1
180000,36,0,1
60000,43,0,2
80000,42,0,2
400000,31,0,0
210000,43,0,2
170000,36,0,1
350000,40,0,0
140000,32,1,1
50000,32,0,1
200000,54,0,2
360000,38,0,0
300000,31,0,0
50000,45,1,2
30000,25,0,1
170000,26,0,1
400000,28,0,0
100000,30,1,1
100000,27,0,1
20000,46,0,2
150000,41,0,2
110000,35,0,1
500000,26,0,0
280000,44,0,0
90000,24,1,1
270000,28,0,0
170000,44,0,2
60000,33,0,1
100000,40,0,2
210000,51,0,2
280000,30,1,0
20000,23,0,1
140000,25,1,1
360000,35,0,0
390000,43,1,0
50000,35,0,1
230000,41,1,2
160000,32,0,1
30000,34,0,1
30000,34,0,1
50000,44,1,2
290000,32,0,0
350000,34,1,0
80000,27,0,1
160000,45,0,2
20000,37,0,1
20000,44,0,2
120000,32,0,1
250000,47,0,2
20000,23,1,1
220000,44,0,2
190000,35,0,1
200000,50,1,2
70000,55,1,2
50000,27,0,1
20000,34,0,1
20000,25,0,1
30000,24,1,1
20000,39,1,2
90000,28,1,1
150000,37,1,1
60000,25,0,1
240000,45,0,2
80000,42,0,2
180000,34,0,1
120000,39,0,2
110000,36,0,1
180000,48,0,2
80000,22,0,1
80000,37,0,1
80000,43,0,2
200000,30,0,1
50000,48,1,2
20000,58,1,2
200000,27,1,1
50000,30,1,1
240000,36,1,0
210000,27,1,1
80000,46,0,2
260000,44,1,0
80000,25,0,1
50000,33,1,1
30000,28,0,1
230000,34,0,0
150000,34,0,1
30000,46,0,2
200000,33,0,1
130000,39,0,2
460000,49,0,0
290000,46,0,0
20000,26,1,1
180000,31,0,1
500000,45,0,0
200000,31,1,1
500000,38,0,0
130000,29,0,1
160000,29,0,1
20000,25,0,1
30000,23,0,1
150000,30,0,1
20000,27,1,1
30000,33,0,1
50000,44,1,2
230000,34,0,0
100000,33,0,1
110000,26,0,1
360000,51,0,0
280000,30,0,0
400000,29,0,0
250000,41,1,0
180000,37,0,1
20000,56,0,2
450000,41,0,0
380000,34,0,0
460000,37,0,0
360000,29,0,0
180000,33,0,1
20000,52,1,2
100000,31,0,1
230000,44,0,2
150000,36,1,1
210000,28,0,1
30000,23,1,1
450000,44,0,0
270000,27,0,0
50000,47,1,2
300000,52,0,2
250000,43,0,0
350000,41,0,0
80000,41,0,2
80000,38,0,2
130000,29,0,1
60000,35,1,1
20000,34,0,1
120000,48,0,2
50000,24,0,1
360000,42,0,0
90000,37,0,1
100000,47,0,2
200000,31,0,1
140000,33,0,1
200000,24,0,1
400000,44,0,0
200000,30,0,1
140000,26,1,1
70000,22,0,1
150000,44,0,2
180000,38,1,2
80000,25,0,1
20000,23,0,1
180000,27,1,1
50000,24,0,1
180000,36,1,1
500000,39,0,0
210000,35,0,1
130000,25,0,1
10000,27,0,1
210000,26,0,1
120000,29,0,1
180000,25,0,1
60000,28,0,1
120000,30,0,1
50000,22,0,1
50000,26,0,1
260000,30,0,0
280000,33,0,0
420000,29,0,0
60000,50,0,2
210000,44,0,2
110000,46,1,2
200000,56,0,2
110000,38,0,2
90000,25,1,1
120000,34,0,1
360000,29,0,0
50000,45,0,2
130000,53,0,2
50000,24,0,1
130000,27,0,1
40000,25,0,1
10000,22,0,1
260000,41,1,0
340000,49,0,0
200000,49,0,2
350000,36,0,0
110000,34,1,1
750000,40,0,0
30000,39,0,2
200000,26,0,1
500000,69,0,0
500000,33,0,0
220000,42,0,2
50000,24,0,1
60000,39,1,2
110000,45,0,2
210000,30,0,1
10000,51,0,2
20000,35,1,1
70000,30,0,1
360000,38,0,0
10000,25,0,1
180000,33,1,1
260000,32,1,0
60000,25,0,1
210000,56,0,2
90000,23,0,1
20000,44,1,2
250000,33,0,0
80000,55,0,2
100000,46,1,2
230000,35,0,0
30000,34,0,1
180000,47,0,2
50000,23,1,1
210000,44,0,2
60000,24,1,1
50000,24,0,1
50000,39,0,2
280000,31,0,0
90000,41,0,2
20000,24,0,1
30000,40,1,2
130000,53,0,2
150000,32,0,1
400000,38,0,0
240000,35,0,0
30000,41,0,2
360000,40,0,0
160000,26,0,1
60000,50,1,2
130000,27,0,1
310000,43,1,0
80000,44,1,2
200000,25,1,1
260000,34,0,0
150000,35,1,1
360000,38,0,0
200000,40,0,2
150000,25,0,1
50000,48,0,2
20000,36,1,1
40000,24,0,1
210000,42,0,2
420000,29,0,0
310000,35,0,0
360000,30,0,0
210000,34,0,1
50000,23,1,1
210000,35,0,1
70000,49,1,2
50000,37,0,1
230000,48,0,2
80000,47,1,2
20000,41,0,2
50000,38,0,2
180000,42,0,2
220000,44,0,2
300000,35,0,0
40000,35,0,1
360000,27,0,0
110000,40,0,2
80000,24,0,1
10000,44,1,2
200000,41,1,2
280000,27,0,0
200000,30,0,1
230000,34,1,0
340000,36,0,0
210000,44,0,2
410000,33,0,0
290000,33,0,0
110000,31,0,1
180000,47,1,2
50000,36,0,1
140000,24,0,1
20000,35,1,1
50000,23,0,1
230000,38,0,0
80000,48,0,2
80000,65,0,2
20000,25,0,1
500000,32,0,0
200000,40,0,2
60000,33,0,1
100000,44,0,2
50000,42,0,2
90000,34,1,1
380000,48,0,0
170000,32,0,1
240000,37,0,0
20000,41,1,2
170000,38,0,2
190000,44,0,2
140000,38,1,2
20000,24,0,1
120000,32,0,1
50000,26,0,1
200000,35,0,1
470000,33,0,0
50000,26,0,1
70000,23,0,1
130000,26,0,1
70000,37,1,1
280000,30,1,0
20000,41,1,2
80000,27,0,1
220000,30,0,1
80000,33,0,1
20000,27,0,1
80000,28,0,1
170000,48,0,2
200000,35,1,1
120000,30,0,1
50000,42,0,2
360000,27,0,0
50000,48,0,2
110000,30,0,1
180000,25,0,1
130000,32,0,1
100000,36,1,1
320000,39,0,0
50000,42,0,2
80000,36,0,1
180000,29,0,1
50000,25,1,1
270000,53,1,2
310000,27,0,0
50000,34,0,1
100000,36,0,1
50000,24,0,1
230000,30,0,1
90000,38,1,2
240000,67,0,2
100000,30,0,1
150000,65,0,2
20000,39,0,2
220000,30,1,1
210000,27,0,1
310000,28,0,0
160000,34,0,1
190000,36,1,1
80000,37,1,1
50000,52,1,2
70000,37,0,1
70000,28,1,1
100000,51,0,2
10000,22,0,1
50000,28,1,1
150000,34,0,1
20000,47,0,2
50000,39,1,2
50000,25,0,1
20000,42,1,2
340000,62,0,2
120000,27,1,1
360000,40,0,0
80000,28,0,1
120000,34,1,1
140000,31,0,1
50000,45,0,2
20000,22,0,1
30000,26,0,1
150000,32,0,1
290000,41,0,0
270000,47,0,2
80000,33,0,1
20000,27,1,1
100000,40,0,2
490000,41,0,0
360000,39,0,0
240000,37,1,0
410000,54,0,0
30000,44,0,2
240000,27,0,1
450000,44,0,0
50000,23,0,1
50000,34,0,1
50000,55,0,2
340000,38,0,0
180000,41,0,2
250000,33,1,0
350000,42,0,0
90000,56,0,2
170000,24,0,1
50000,24,0,1
20000,28,1,1
360000,43,0,0
130000,26,0,1
500000,43,0,0
360000,39,1,0
170000,26,0,1
150000,26,0,1
100000,24,1,1
120000,39,0,2
170000,38,0,2
50000,25,1,1
260000,32,1,0
330000,28,0,0
30000,22,1,1
200000,29,0,1
50000,24,0,1
310000,44,0,0
20000,34,1,1
90000,55,0,2
50000,32,0,1
270000,51,0,2
200000,26,0,1
200000,30,0,1
20000,31,0,1
50000,24,0,1
200000,32,0,1
50000,35,0,1
20000,25,1,1
150000,40,0,2
120000,28,0,1
110000,52,0,2
30000,32,0,1
230000,36,0,0
50000,27,0,1
80000,31,0,1
470000,49,0,0
80000,35,0,1
80000,64,1,2
130000,42,1,2
280000,38,0,0
70000,39,0,2
120000,29,1,1
140000,45,0,2
20000,23,0,1
50000,25,0,1
50000,58,0,2
180000,38,0,2
30000,50,0,2
530000,30,0,0
200000,39,0,2
360000,41,1,0
220000,40,0,2
180000,39,0,2
50000,27,0,1
110000,38,1,2
80000,34,1,1
320000,28,1,0
20000,38,0,2
30000,50,1,2
260000,30,1,0
20000,37,1,1
360000,39,0,0
110000,31,1,1
180000,25,0,1
30000,28,1,1
10000,22,0,1
320000,38,0,0
280000,31,0,0
210000,38,1,0
140000,30,0,1
200000,44,0,2
120000,28,1,1
180000,28,1,1
50000,58,0,2
280000,37,1,0
140000,42,0,2
480000,37,0,0
130000,45,0,2
70000,50,0,2
30000,24,0,1
80000,47,1,2
500000,29,0,0
80000,46,0,2
160000,36,0,1
350000,37,0,0
10000,37,1,1
500000,42,0,0
20000,46,1,2
70000,33,0,1
20000,24,0,1
30000,24,1,1
100000,52,0,2
140000,41,0,2
360000,50,1,0
230000,48,0,2
50000,25,1,1
50000,25,0,1
110000,39,0,2
120000,25,0,1
320000,30,0,0
80000,25,0,1
60000,40,1,2
40000,41,0,2
360000,46,0,0
150000,35,0,1
20000,34,1,1
100000,50,1,2
50000,39,0,2
100000,28,0,1
150000,32,0,1
200000,27,0,1
50000,22,1,1
80000,25,1,1
300000,29,0,0
140000,24,1,1
140000,32,0,1
280000,50,0,2
20000,26,1,1
30000,52,1,2
120000,51,1,2
130000,28,0,1
80000,29,0,1
50000,37,0,1
180000,26,0,1
150000,39,0,2
170000,53,0,2
90000,49,0,2
50000,24,0,1
300000,37,0,0
130000,39,0,2
200000,29,0,1
380000,38,0,0
500000,44,0,0
10000,22,0,1
120000,36,1,1
180000,47,1,2
270000,28,0,0
100000,32,0,1
180000,31,0,1
50000,24,0,1
150000,33,0,1
70000,27,1,1
10000,29,0,1
50000,24,0,1
150000,34,1,1
230000,35,0,0
60000,23,0,1
110000,29,1,1
50000,38,0,2
50000,25,1,1
250000,31,0,0
20000,24,0,1
500000,32,0,0
20000,25,0,1
140000,37,0,1
240000,52,0,2
70000,27,1,1
500000,34,0,0
350000,46,0,0
200000,36,1,1
200000,49,0,2
70000,43,0,2
360000,34,0,0
200000,47,1,2
130000,24,0,1
30000,25,0,1
50000,32,0,1
500000,41,0,0
20000,38,0,2
30000,39,1,2
50000,58,0,2
50000,38,0,2
270000,29,0,0
230000,42,0,2
120000,27,0,1
100000,30,0,1
260000,46,0,2
270000,32,0,0
500000,28,0,0
270000,28,0,0
100000,66,0,2
480000,48,0,0
110000,54,1,2
180000,32,0,1
100000,40,1,2
150000,32,0,1
20000,53,0,2
20000,34,1,1
80000,29,0,1
50000,54,0,2
130000,27,0,1
280000,45,0,0
290000,28,0,0
90000,29,0,1
500000,32,0,0
80000,26,1,1
80000,24,0,1
30000,23,1,1
390000,29,0,0
360000,42,0,0
420000,39,0,0
60000,29,0,1
120000,24,0,1
240000,43,1,2
200000,36,0,1
180000,31,0,1
260000,29,1,0
300000,25,0,0
30000,34,0,1
340000,46,1,0
50000,58,0,2
50000,26,0,1
90000,37,0,1
30000,54,1,2
280000,34,0,0
200000,42,0,2
10000,41,1,2
320000,55,0,2
380000,38,0,0
80000,30,0,1
320000,35,0,0
360000,31,0,0
80000,33,0,1
500000,46,0,0
290000,53,0,2
30000,25,0,1
50000,22,1,1
220000,47,0,2
50000,42,0,2
180000,30,0,1
10000,26,0,1
360000,26,0,0
50000,28,0,1
30000,22,0,1
60000,37,0,1
20000,58,0,2
50000,43,1,2
200000,27,0,1
80000,41,0,2
260000,33,0,0
50000,22,0,1
120000,35,1,1
160000,27,0,1
230000,34,0,0
360000,29,0,0
200000,38,0,2
230000,30,0,1
130000,25,0,1
170000,27,0,1
220000,38,0,0
50000,49,1,2
200000,40,1,2
30000,29,1,1
210000,45,0,2
60000,44,0,2
50000,47,1,2
260000,41,0,0
30000,38,0,2
50000,34,0,1
180000,39,1,2
80000,47,0,2
200000,32,0,1
80000,47,0,2
90000,23,1,1
60000,25,0,1
100000,37,0,1
210000,28,0,1
290000,41,0,0
50000,27,0,1
290000,44,1,0
50000,27,0,1
160000,41,1,2
20000,24,0,1
110000,24,0,1
30000,49,0,2
430000,48,0,0
150000,29,0,1
80000,35,0,1
190000,43,0,2
130000,32,0,1
120000,23,0,1
100000,30,1,1
130000,32,0,1
50000,53,0,2
320000,35,0,0
130000,24,0,1
50000,24,0,1
340000,48,0,0
200000,31,0,1
50000,24,0,1
300000,33,0,0
180000,28,0,1
260000,38,0,0
50000,24,1,1
340000,29,0,0
200000,32,1,1
450000,40,0,0
50000,38,0,2
130000,24,0,1
280000,35,0,0
170000,30,0,1
120000,38,0,2
50000,45,0,2
220000,31,1,1
100000,36,0,1
120000,24,1,1
70000,26,0,1
100000,50,0,2
610000,35,0,0
230000,30,1,1
160000,25,0,1
200000,31,0,1
250000,29,0,1
30000,30,1,1
110000,34,0,1
180000,63,0,2
320000,28,0,0
30000,27,0,1
280000,32,1,0
160000,33,1,1
170000,27,0,1
70000,24,0,1
200000,50,0,2
180000,47,0,2
180000,23,1,1
50000,45,0,2
260000,39,0,0
320000,44,0,0
200000,44,0,2
70000,22,0,1
60000,47,0,2
110000,26,0,1
80000,36,0,1
50000,26,0,1
180000,39,0,2
20000,25,1,1
100000,29,1,1
80000,23,0,1
110000,33,0,1
70000,39,0,2
150000,35,1,1
640000,33,0,0
200000,26,0,1
200000,33,0,1
120000,29,0,1
160000,41,1,2
150000,24,0,1
150000,40,1,2
120000,23,1,1
50000,30,0,1
290000,48,0,0
210000,46,0,2
60000,53,0,2
140000,39,0,2
180000,29,1,1
50000,28,0,1
250000,26,0,1
150000,28,0,1
50000,25,1,1
140000,42,0,2
420000,43,0,0
420000,42,0,0
80000,27,0,1
50000,31,1,1
280000,27,0,0
180000,33,0,1
90000,36,0,1
200000,58,0,2
80000,23,0,1
90000,24,0,1
50000,23,0,1
170000,46,0,2
100000,35,1,1
100000,30,1,1
20000,22,1,1
450000,54,0,0
70000,30,1,1
60000,36,0,1
50000,51,0,2
230000,31,0,1
140000,37,0,1
210000,37,0,0
280000,31,0,0
30000,30,1,1
200000,29,0,1
210000,35,0,1
210000,34,0,1
310000,34,0,0
500000,25,0,0
20000,53,0,2
30000,46,1,2
30000,23,1,1
60000,33,0,1
80000,52,0,2
50000,25,0,1
160000,53,0,2
340000,46,0,0
170000,34,1,1
220000,41,0,2
50000,34,1,1
400000,29,0,0
170000,43,0,2
230000,28,0,1
180000,29,0,1
260000,33,0,0
20000,29,1,1
180000,31,0,1
110000,26,1,1
300000,49,0,0
210000,40,0,2
400000,66,0,2
160000,30,0,1
200000,47,1,2
80000,24,1,1
180000,42,1,2
50000,26,0,1
220000,41,0,2
160000,50,0,2
200000,43,0,2
230000,24,0,1
150000,32,1,1
30000,23,0,1
160000,31,0,1
180000,28,0,1
80000,50,0,2
200000,40,0,2
140000,30,0,1
200000,33,0,1
70000,53,0,2
340000,35,0,0
130000,46,1,2
230000,32,0,1
230000,25,0,1
360000,52,1,0
50000,47,0,2
20000,22,1,1
260000,29,0,0
690000,34,0,0
60000,38,0,2
500000,49,0,0
160000,28,0,1
260000,42,0,0
300000,31,0,0
150000,36,0,1
220000,26,0,1
70000,30,0,1
290000,27,0,0
20000,34,0,1
360000,36,0,0
140000,44,1,2
50000,22,1,1
360000,27,0,0
360000,31,0,0
50000,37,0,1
140000,37,0,1
50000,57,0,2
600000,51,0,0
20000,37,1,1
170000,49,1,2
170000,35,0,1
20000,49,0,2
300000,31,0,0
110000,26,0,1
230000,31,1,1
280000,38,1,0
280000,33,0,0
200000,31,1,1
500000,27,0,0
20000,25,0,1
200000,42,1,2
180000,43,0,2
260000,29,1,0
310000,50,0,0
130000,37,0,1
240000,34,0,0
280000,31,0,0
230000,30,0,1
210000,25,0,1
210000,50,0,2
200000,32,0,1
140000,37,1,1
60000,34,1,1
100000,48,0,2
430000,35,0,0
60000,48,0,2
300000,26,0,0
460000,54,0,0
480000,33,0,0
200000,25,0,1
20000,32,0,1
120000,44,1,2
260000,51,1,2
50000,52,1,2
500000,39,0,0
150000,52,0,2
240000,41,0,0
360000,34,0,0
30000,31,0,1
500000,39,0,0
440000,34,0,0
50000,28,0,1
230000,50,0,2
120000,30,0,1
330000,34,0,0
20000,47,0,2
50000,23,0,1
50000,48,0,2
500000,45,0,0
280000,24,1,1
90000,28,0,1
320000,28,0,0
100000,39,0,2
390000,46,0,0
10000,39,1,2
350000,32,0,0
30000,24,1,1
80000,23,0,1
220000,51,0,2
220000,46,0,2
180000,42,0,2
140000,37,0,1
160000,31,1,1
200000,26,0,1
360000,40,0,0
110000,29,0,1
90000,47,0,2
360000,50,0,0
300000,41,0,0
20000,59,0,2
210000,42,0,2
20000,22,0,1
80000,27,1,1
360000,31,0,0
230000,32,0,1
30000,33,1,1
360000,34,0,0
80000,36,1,1
120000,58,1,2
10000,37,0,1
230000,28,0,1
170000,38,1,2
130000,35,0,1
320000,32,0,0
440000,47,1,0
240000,29,1,1
160000,39,1,2
160000,40,0,2
190000,48,0,2
20000,51,1,2
110000,46,0,2
110000,29,1,1
160000,51,1,2
200000,27,0,1
500000,28,0,0
60000,39,0,2
60000,23,1,1
120000,47,0,2
30000,45,1,2
200000,36,0,1
130000,25,0,1
50000,23,0,1
20000,30,1,1
130000,26,0,1
290000,25,0,0
340000,40,0,0
100000,31,1,1
200000,36,0,1
20000,25,0,1
180000,31,0,1
20000,46,1,2
50000,57,0,2
200000,27,0,1
140000,56,0,2
20000,22,1,1
170000,40,0,2
170000,38,1,2
50000,47,1,2
140000,31,0,1
470000,37,0,0
50000,44,0,2
60000,48,0,2
130000,43,1,2
230000,35,0,0
30000,39,0,2
320000,37,0,0
280000,31,0,0
50000,46,0,2
300000,31,0,0
410000,41,0,0
270000,40,0,0
500000,26,0,0
360000,46,0,0
300000,31,0,0
30000,35,0,1
80000,29,1,1
330000,32,0,0
500000,43,0,0
160000,50,0,2
320000,28,0,0
180000,44,0,2
50000,43,1,2
150000,29,0,1
240000,39,0,0
10000,23,0,1
120000,26,0,1
140000,23,0,1
230000,32,0,1
340000,40,0,0
130000,25,0,1
200000,25,0,1
50000,42,0,2
250000,39,0,0
10000,48,0,2
50000,35,0,1
70000,42,0,2
440000,52,1,0
20000,24,1,1
130000,38,0,2
200000,41,0,2
90000,25,0,1
320000,35,1,0
60000,24,0,1
130000,25,0,1
360000,28,1,0
80000,52,0,2
200000,31,0,1
160000,30,0,1
270000,30,0,0
170000,35,1,1
500000,42,1,0
280000,35,0,0
110000,32,1,1
20000,60,0,2
390000,53,0,0
360000,30,0,0
20000,36,0,1
350000,50,0,0
160000,26,1,1
180000,29,0,1
180000,45,0,2
20000,49,0,2
290000,42,0,0
40000,56,1,2
100000,27,0,1
300000,59,0,2
500000,33,0,0
120000,54,0,2
20000,22,1,1
20000,47,1,2
50000,45,0,2
210000,50,0,2
50000,35,1,1
100000,34,1,1
20000,22,1,1
300000,38,0,0
360000,40,0,0
80000,28,1,1
110000,44,0,2
380000,31,0,0
290000,40,0,0
20000,29,0,1
500000,64,1,0
150000,28,0,1
30000,38,0,2
150000,31,0,1
50000,27,1,1
150000,41,1,2
220000,35,0,0
500000,30,0,0
80000,29,0,1
80000,27,0,1
360000,33,0,0
280000,23,0,1
500000,36,0,0
280000,33,0,0
290000,30,0,0
500000,40,0,0
20000,49,0,2
70000,67,0,2
50000,45,0,2
210000,36,1,0
100000,37,1,1
360000,32,0,0
120000,42,0,2
20000,23,1,1
440000,27,0,0
400000,34,0,0
500000,28,0,0
20000,25,0,1
50000,51,1,2
160000,32,0,1
500000,42,1,0
30000,29,1,1
30000,30,0,1
440000,25,1,0
160000,29,1,1
20000,43,0,2
80000,23,0,1
150000,34,0,1
180000,52,0,2
270000,39,0,0
150000,43,0,2
110000,40,0,2
240000,42,0,0
280000,46,0,0
210000,26,0,1
20000,51,0,2
70000,25,0,1
150000,35,0,1
220000,38,0,0
240000,47,0,2
80000,44,0,2
50000,29,0,1
100000,29,0,1
80000,26,0,1
50000,29,0,1
20000,38,0,2
130000,48,1,2
170000,28,0,1
110000,27,0,1
50000,28,1,1
500000,30,0,0
10000,45,0,2
50000,46,1,2
260000,35,0,0
10000,24,1,1
190000,39,0,2
300000,40,0,0
340000,29,0,0
20000,33,0,1
230000,53,0,2
300000,41,0,0
80000,36,0,1
240000,36,0,0
120000,27,1,1
280000,49,0,2
360000,58,0,2
90000,26,0,1
170000,46,1,2
360000,26,0,0
20000,50,0,2
50000,28,0,1
60000,25,1,1
380000,33,0,0
180000,35,0,1
250000,40,0,0
400000,36,0,0
60000,28,1,1
30000,47,1,2
300000,29,0,0
50000,28,0,1
380000,30,0,0
320000,36,0,0
210000,32,0,1
50000,49,0,2
20000,27,0,1
420000,30,0,0
300000,27,0,0
270000,39,0,0
50000,32,0,1
10000,28,0,1
310000,36,0,0
10000,48,0,2
50000,59,0,2
500000,41,0,0
500000,48,0,0
200000,30,1,1
270000,37,0,0
340000,29,0,0
210000,29,0,1
360000,42,0,0
270000,37,1,0
240000,46,0,2
360000,47,0,0
280000,48,0,2
40000,26,0,1
180000,51,0,2
20000,21,0,1
110000,42,1,2
50000,55,1,2
150000,30,0,1
50000,26,0,1
70000,32,0,1
60000,25,0,1
220000,29,0,1
230000,31,0,1
310000,26,0,0
70000,41,0,2
350000,32,0,0
100000,31,0,1
180000,31,1,1
70000,26,1,1
20000,35,0,1
60000,38,0,2
320000,29,0,0
70000,25,0,1
500000,58,0,0
20000,26,0,1
210000,30,0,1
140000,31,0,1
350000,38,0,0
80000,45,1,2
50000,25,1,1
50000,28,0,1
70000,43,1,2
130000,43,0,2
30000,30,0,1
180000,37,0,1
80000,26,0,1
80000,34,1,1
50000,40,0,2
130000,29,0,1
400000,37,0,0
150000,26,0,1
270000,45,0,0
200000,42,0,2
110000,29,1,1
490000,41,0,0
70000,23,1,1
90000,27,0,1
60000,36,0,1
20000,24,1,1
320000,50,0,0
30000,34,1,1
50000,37,0,1
20000,22,1,1
50000,46,0,2
350000,27,0,0
50000,52,0,2
270000,27,0,0
210000,30,0,1
60000,34,0,1
90000,31,0,1
150000,42,0,2
170000,36,0,1
50000,45,1,2
20000,27,0,1
30000,52,1,2
20000,29,0,1
440000,40,0,0
240000,48,1,2
50000,25,0,1
50000,47,0,2
210000,29,0,1
200000,40,0,2
60000,28,0,1
50000,47,0,2
240000,44,0,2
380000,33,0,0
50000,29,0,1
300000,31,0,0
260000,33,1,0
300000,58,0,2
30000,25,0,1
110000,42,0,2
50000,42,0,2
60000,23,0,1
50000,32,0,1
60000,55,1,2
260000,40,0,0
500000,51,0,0
240000,44,0,2
80000,26,0,1
70000,24,0,1
40000,23,1,1
80000,60,1,2
140000,35,0,1
250000,32,0,0
100000,30,0,1
190000,26,0,1
100000,25,0,1
280000,32,0,0
320000,32,0,0
100000,44,0,2
20000,22,0,1
370000,52,0,0
300000,29,0,0
400000,48,0,0
230000,58,0,2
200000,40,0,2
400000,31,0,0
130000,27,0,1
170000,30,0,1
300000,51,0,2
180000,39,0,2
70000,53,0,2
80000,31,0,1
170000,36,1,1
270000,30,0,0
30000,22,0,1
20000,35,0,1
50000,31,1,1
140000,31,0,1
440000,45,1,0
360000,30,0,0
130000,23,0,1
160000,44,1,2
510000,36,0,0
20000,23,1,1
160000,27,0,1
70000,33,0,1
360000,33,0,0
90000,24,0,1
80000,40,0,2
180000,30,0,1
70000,47,0,2
200000,33,0,1
240000,30,0,1
200000,37,0,1
310000,26,0,0
500000,30,0,0
150000,29,0,1
50000,25,0,1
30000,30,0,1
260000,44,0,0
160000,27,0,1
220000,27,0,1
50000,43,0,2
50000,33,1,1
150000,49,0,2
180000,29,0,1
260000,34,0,0
470000,35,0,0
60000,30,0,1
130000,37,0,1
60000,31,0,1
50000,25,1,1
300000,55,0,2
110000,27,0,1
180000,32,1,1
50000,42,0,2
180000,32,0,1
20000,63,0,2
470000,33,0,0
10000,46,1,2
390000,45,1,0
50000,34,0,1
290000,33,0,0
150000,37,0,1
100000,52,1,2
310000,30,0,0
70000,25,1,1
30000,29,0,1
30000,53,1,2
190000,27,1,1
50000,60,0,2
50000,52,0,2
100000,39,1,2
300000,43,0,0
110000,57,0,2
20000,24,0,1
30000,30,0,1
150000,33,0,1
280000,48,0,2
210000,40,0,2
50000,27,0,1
150000,45,0,2
10000,23,1,1
50000,46,0,2
30000,47,0,2
20000,51,1,2
300000,58,1,2
360000,29,0,0
110000,27,0,1
380000,47,1,0
130000,25,0,1
320000,27,0,0
20000,23,0,1
500000,38,0,0
80000,27,1,1
80000,44,0,2
500000,44,0,0
140000,29,0,1
50000,46,0,2
330000,31,0,0
420000,40,0,0
330000,37,0,0
270000,35,0,0
250000,71,0,2
80000,28,0,1
20000,25,1,1
50000,51,0,2
60000,27,1,1
320000,41,0,0
110000,24,0,1
30000,25,0,1
130000,32,0,1
150000,25,0,1
170000,32,0,1
290000,30,0,0
50000,54,1,2
160000,33,0,1
140000,30,1,1
360000,40,1,0
10000,32,0,1
230000,48,0,2
50000,40,0,2
160000,37,0,1
500000,47,0,0
190000,34,0,1
500000,46,0,0
100000,39,0,2
200000,28,0,1
150000,27,0,1
180000,36,1,1
160000,51,0,2
340000,37,0,0
100000,31,1,1
310000,33,0,0
170000,45,0,2
180000,28,0,1
30000,29,1,1
180000,36,0,1
280000,30,0,0
500000,45,0,0
320000,30,0,0
50000,36,1,1
310000,38,0,0
50000,47,0,2
230000,39,0,0
80000,23,0,1
50000,41,1,2
50000,51,1,2
60000,29,1,1
80000,24,1,1
160000,34,0,1
180000,33,0,1
50000,36,1,1
30000,29,1,1
50000,37,1,1
50000,29,0,1
140000,27,0,1
340000,34,0,0
200000,40,0,2
200000,34,1,1
80000,54,0,2
280000,41,0,0
50000,23,0,1
140000,38,0,2
350000,38,0,0
50000,24,0,1
130000,44,0,2
100000,32,0,1
250000,35,0,0
150000,36,0,1
30000,67,1,2
30000,44,1,2
150000,25,0,1
140000,27,0,1
50000,46,0,2
140000,29,0,1
590000,41,0,0
320000,45,0,0
50000,35,1,1
70000,33,0,1
80000,36,0,1
170000,27,1,1
70000,35,0,1
200000,27,0,1
20000,25,1,1
60000,49,0,2
80000,33,0,1
50000,36,0,1
210000,39,1,2
50000,29,0,1
200000,27,0,1
200000,41,0,2
50000,23,0,1
20000,22,1,1
50000,32,1,1
200000,27,0,1
50000,29,0,1
400000,28,0,0
90000,44,0,2
210000,34,0,1
230000,34,0,0
80000,51,0,2
20000,43,1,2
30000,42,1,2
170000,36,0,1
200000,33,0,1
50000,23,0,1
270000,47,0,2
180000,30,0,1
450000,38,0,0
230000,29,0,1
30000,27,0,1
160000,28,0,1
310000,33,0,0
60000,24,0,1
30000,53,0,2
50000,24,0,1
200000,46,1,2
50000,23,0,1
210000,35,0,1
180000,29,0,1
110000,31,0,1
80000,27,0,1
180000,28,0,1
200000,35,0,1
140000,39,0,2
50000,42,0,2
120000,34,0,1
30000,35,0,1
190000,40,0,2
90000,27,1,1
90000,24,0,1
240000,30,0,1
50000,56,0,2
50000,31,1,1
130000,24,1,1
50000,41,0,2
150000,32,1,1
70000,23,1,1
210000,38,0,0
30000,47,0,2
220000,34,1,1
360000,30,0,0
680000,42,0,0
90000,53,0,2
380000,38,0,0
130000,33,0,1
240000,47,1,2
120000,41,0,2
200000,51,1,2
50000,30,0,1
50000,41,0,2
30000,26,0,1
140000,30,0,1
220000,45,0,2
50000,28,0,1
200000,26,0,1
300000,36,0,0
230000,54,0,2
230000,23,1,1
230000,28,0,1
250000,36,0,0
100000,41,0,2
20000,26,0,1
680000,30,1,0
90000,28,1,1
120000,25,0,1
230000,43,0,2
80000,29,0,1
30000,27,1,1
270000,40,0,0
310000,26,0,0
200000,31,0,1
170000,45,0,2
240000,27,0,1
100000,32,0,1
80000,26,0,1
460000,30,0,0
100000,35,0,1
80000,52,0,2
50000,23,0,1
230000,41,0,2
260000,28,0,0
390000,34,0,0
230000,32,0,1
490000,48,0,0
20000,24,0,1
180000,36,1,1
300000,28,0,0
250000,28,0,1
190000,33,0,1
240000,30,0,1
50000,51,0,2
50000,39,0,2
160000,42,0,2
150000,27,0,1
140000,45,1,2
180000,33,1,1
240000,43,0,2
90000,25,0,1
50000,23,1,1
50000,25,0,1
60000,23,0,1
280000,49,0,2
200000,43,0,2
180000,26,0,1
150000,34,0,1
200000,30,0,1
230000,28,0,1
30000,47,1,2
50000,23,1,1
20000,23,0,1
20000,27,0,1
360000,31,0,0
380000,57,0,0
80000,52,0,2
60000,25,0,1
50000,41,1,2
210000,48,0,2
230000,26,1,1
30000,23,0,1
60000,44,0,2
220000,31,0,1
190000,34,0,1
80000,44,0,2
310000,37,0,0
80000,27,0,1
20000,56,0,2
50000,43,1,2
50000,25,0,1
30000,25,1,1
270000,25,0,1
190000,44,0,2
30000,26,1,1
350000,43,0,0
150000,37,0,1
200000,37,0,1
100000,45,1,2
200000,54,0,2
230000,44,0,2
130000,26,0,1
80000,32,0,1
80000,36,0,1
30000,39,0,2
330000,44,0,0
180000,29,0,1
400000,34,0,0
280000,33,0,0
150000,39,1,2
230000,29,0,1
130000,46,0,2
500000,39,0,0
80000,25,0,1
20000,23,0,1
300000,33,0,0
160000,27,0,1
50000,27,0,1
80000,25,0,1
500000,40,0,0
310000,47,0,0
380000,37,0,0
20000,24,0,1
130000,50,0,2
20000,23,1,1
20000,25,1,1
270000,31,0,0
450000,36,0,0
250000,30,0,0
200000,29,0,1
130000,27,0,1
240000,39,1,0
230000,33,0,0
380000,54,0,0
120000,27,0,1
20000,36,1,1
60000,31,1,1
50000,26,0,1
110000,35,1,1
50000,22,0,1
150000,48,1,2
200000,34,0,1
180000,36,0,1
230000,29,0,1
200000,49,1,2
200000,41,1,2
330000,48,0,0
130000,34,1,1
330000,47,0,0
110000,27,0,1
360000,49,0,0
20000,30,1,1
180000,47,1,2
290000,36,0,0
240000,28,0,1
30000,26,1,1
20000,27,1,1
80000,48,0,2
290000,36,0,0
50000,48,0,2
200000,29,0,1
160000,33,0,1
750000,28,0,0
60000,34,1,1
60000,25,0,1
60000,36,0,1
250000,44,1,2
210000,34,0,1
250000,43,0,0
210000,32,0,1
640000,36,0,0
160000,44,0,2
210000,34,1,1
400000,41,0,0
160000,36,0,1
50000,35,0,1
150000,38,0,2
700000,34,0,0
310000,66,1,2
30000,27,0,1
80000,43,0,2
50000,36,0,1
50000,47,0,2
120000,30,0,1
50000,33,0,1
50000,50,1,2
20000,27,0,1
40000,24,1,1
200000,34,0,1
50000,34,0,1
60000,64,0,2
30000,27,0,1
120000,35,1,1
160000,53,0,2
50000,44,0,2
300000,52,0,2
80000,23,0,1
350000,34,0,0
320000,27,1,0
360000,28,0,0
50000,36,1,1
120000,33,0,1
60000,36,0,1
20000,24,0,1
60000,22,0,1
320000,27,0,0
610000,29,0,0
280000,26,0,0
60000,34,0,1
360000,33,1,0
120000,37,0,1
200000,30,1,1
360000,27,0,0
20000,26,1,1
150000,49,0,2
80000,45,0,2
40000,24,1,1
500000,23,1,0
80000,30,0,1
50000,52,0,2
130000,34,1,1
230000,32,0,1
120000,27,0,1
200000,51,1,2
240000,39,0,0
10000,39,1,2
90000,30,1,1
20000,33,0,1
70000,42,0,2
130000,47,0,2
20000,37,0,1
120000,37,1,1
260000,41,1,0
230000,33,0,0
500000,53,0,0
130000,36,0,1
80000,28,0,1
200000,28,0,1
180000,40,0,2
50000,34,0,1
60000,45,0,2
230000,28,0,1
100000,23,0,1
320000,40,0,0
250000,31,0,0
80000,48,0,2
40000,45,1,2
300000,45,0,0
430000,35,0,0
400000,44,1,0
80000,30,0,1
50000,22,0,1
20000,35,1,1
320000,41,0,0
350000,35,0,0
140000,34,0,1
500000,32,0,0
130000,27,0,1
410000,41,1,0
120000,30,0,1
50000,31,1,1
20000,52,1,2
20000,21,0,1
140000,37,0,1
220000,49,0,2
100000,28,1,1
30000,35,1,1
220000,32,0,1
210000,26,0,1
150000,40,0,2
290000,30,0,0
200000,39,0,2
20000,46,1,2
90000,26,0,1
100000,46,0,2
140000,38,0,2
180000,33,0,1
360000,39,1,0
30000,60,0,2
110000,28,1,1
150000,32,0,1
60000,42,0,2
150000,33,0,1
140000,32,0,1
390000,44,0,0
30000,24,0,1
120000,33,0,1
30000,37,1,1
110000,38,0,2
50000,29,1,1
30000,21,0,1
140000,34,0,1
270000,43,0,0
80000,26,0,1
260000,30,0,0
440000,37,0,0
30000,29,1,1
360000,37,1,0
240000,33,0,0
50000,22,0,1
200000,41,0,2
260000,36,0,0
50000,27,0,1
30000,27,1,1
180000,53,0,2
140000,50,0,2
20000,33,0,1
50000,28,1,1
100000,47,0,2
230000,29,0,1
140000,25,0,1
340000,33,1,0
80000,51,0,2
360000,38,0,0
220000,38,0,0
250000,39,0,0
500000,28,1,0
290000,30,0,0
20000,22,0,1
10000,32,1,1
30000,38,0,2
50000,28,1,1
10000,24,0,1
360000,28,0,0
240000,33,0,0
60000,22,0,1
160000,58,0,2
50000,27,0,1
360000,42,0,0
360000,52,0,0
150000,49,0,2
130000,54,0,2
20000,30,0,1
50000,29,0,1
30000,34,0,1
210000,32,0,1
20000,23,0,1
150000,30,0,1
50000,39,1,2
430000,37,0,0
200000,44,0,2
440000,35,1,0
100000,25,0,1
70000,40,0,2
20000,52,0,2
90000,50,0,2
400000,48,0,0
220000,26,0,1
30000,26,0,1
80000,23,0,1
50000,34,0,1
50000,28,0,1
20000,22,1,1
30000,29,1,1
160000,29,0,1
20000,43,0,2
130000,51,0,2
50000,25,0,1
130000,25,0,1
180000,31,0,1
260000,44,0,0
140000,31,0,1
200000,47,0,2
180000,43,0,2
150000,29,0,1
500000,37,0,0
70000,28,0,1
60000,38,0,2
20000,26,0,1
240000,34,0,0
460000,40,0,0
500000,49,1,0
430000,42,1,0
190000,28,0,1
320000,28,0,0
120000,33,1,1
250000,39,0,0
20000,24,0,1
60000,38,1,2
300000,37,0,0
50000,26,0,1
30000,23,0,1
210000,30,0,1
210000,44,1,2
140000,34,0,1
130000,28,0,1
50000,44,1,2
220000,41,1,2
160000,28,0,1
140000,42,0,2
280000,32,0,0
100000,50,0,2
340000,43,0,0
50000,32,1,1
240000,34,0,0
200000,40,0,2
10000,44,1,2
300000,35,1,0
130000,25,0,1
50000,39,0,2
140000,43,0,2
180000,28,0,1
140000,34,0,1
20000,28,0,1
50000,53,0,2
50000,45,0,2
50000,32,0,1
30000,25,0,1
280000,38,0,0
80000,23,1,1
90000,23,0,1
290000,57,1,2
180000,64,0,2
230000,29,0,1
80000,33,0,1
210000,46,0,2
210000,40,0,2
230000,37,0,0
30000,39,0,2
130000,23,0,1
200000,43,1,2
450000,44,0,0
70000,29,1,1
210000,39,0,2
140000,40,1,2
200000,39,0,2
210000,30,0,1
50000,23,0,1
50000,38,0,2
240000,47,0,2
280000,28,0,0
150000,36,0,1
200000,27,1,1
180000,28,0,1
150000,28,0,1
400000,35,0,0
30000,31,0,1
130000,33,0,1
280000,29,0,0
260000,38,0,0
150000,30,1,1
150000,27,0,1
140000,29,0,1
200000,27,0,1
30000,24,1,1
280000,41,0,0
380000,39,0,0
20000,27,1,1
80000,29,0,1
360000,27,0,0
10000,22,1,1
280000,24,0,1
10000,38,1,2
300000,44,1,0
260000,28,0,0
310000,48,0,0
220000,28,0,1
230000,29,0,1
150000,33,0,1
50000,24,0,1
150000,33,0,1
160000,35,1,1
120000,28,0,1
240000,29,1,1
220000,30,0,1
20000,45,0,2
240000,40,0,0
50000,22,0,1
140000,23,0,1
280000,40,0,0
200000,35,0,1
20000,31,0,1
220000,41,0,2
110000,40,0,2
200000,31,0,1
180000,26,1,1
270000,34,0,0
340000,30,0,0
20000,33,0,1
50000,29,0,1
200000,39,0,2
80000,38,0,2
400000,26,0,0
130000,26,1,1
130000,27,1,1
300000,34,0,0
180000,32,1,1
210000,32,0,1
100000,27,0,1
150000,37,0,1
50000,47,0,2
150000,45,1,2
180000,30,0,1
360000,36,0,0
270000,44,0,0
80000,43,0,2
60000,24,1,1
340000,26,0,0
100000,27,0,1
150000,34,0,1
20000,45,0,2
180000,44,0,2
170000,47,0,2
280000,36,0,0
200000,32,0,1
90000,25,0,1
230000,45,0,2
30000,29,0,1
80000,27,0,1
50000,35,0,1
80000,22,0,1
20000,49,0,2
120000,31,1,1
30000,27,1,1
110000,32,1,1
200000,32,0,1
290000,41,0,0
140000,40,1,2
160000,35,0,1
30000,51,0,2
30000,22,0,1
300000,33,0,0
100000,36,0,1
50000,42,0,2
450000,36,0,0
280000,42,1,0
30000,26,0,1
50000,31,0,1
200000,29,0,1
140000,32,0,1
80000,39,0,2
80000,27,1,1
30000,23,1,1
50000,33,0,1
50000,37,1,1
200000,27,1,1
50000,29,0,1
70000,28,0,1
400000,31,0,0
230000,37,1,0
200000,40,0,2
160000,27,0,1
150000,28,0,1
100000,36,0,1
70000,29,0,1
290000,41,0,0
30000,22,0,1
90000,39,1,2
200000,33,0,1
50000,53,1,2
100000,30,0,1
140000,47,0,2
50000,33,0,1
160000,28,0,1
10000,29,1,1
100000,26,0,1
170000,26,1,1
280000,38,0,0
190000,28,0,1
10000,26,0,1
180000,31,0,1
80000,36,0,1
220000,30,0,1
200000,30,0,1
100000,29,0,1
30000,23,0,1
160000,51,1,2
250000,50,0,2
250000,34,0,0
160000,38,0,2
200000,46,0,2
70000,22,0,1
50000,28,0,1
80000,36,0,1
300000,27,0,0
260000,33,1,0
330000,45,0,0
380000,37,0,0
430000,47,0,0
120000,41,0,2
260000,38,0,0
50000,31,0,1
120000,32,0,1
310000,40,0,0
20000,37,1,1
320000,33,0,0
100000,47,0,2
390000,29,0,0
50000,22,0,1
360000,33,0,0
280000,50,0,2
20000,32,0,1
130000,29,0,1
20000,24,0,1
10000,42,0,2
240000,26,0,1
230000,29,0,1
20000,26,0,1
30000,28,0,1
470000,33,0,0
90000,45,0,2
180000,43,0,2
240000,43,1,2
50000,28,0,1
60000,33,1,1
280000,27,0,0
170000,42,0,2
210000,30,0,1
20000,26,1,1
190000,54,0,2
170000,47,0,2
50000,32,0,1
210000,30,0,1
180000,37,0,1
80000,37,0,1
50000,43,1,2
80000,25,0,1
220000,30,0,1
120000,38,1,2
500000,38,0,0
50000,25,0,1
50000,49,0,2
30000,21,0,1
20000,31,0,1
120000,26,0,1
100000,30,0,1
360000,27,1,0
200000,36,0,1
200000,47,0,2
80000,22,1,1
180000,47,0,2
360000,31,0,0
170000,40,0,2
300000,56,0,2
200000,39,1,2
360000,33,1,0
360000,28,0,0
200000,26,0,1
350000,36,0,0
170000,29,0,1
40000,28,0,1
130000,29,0,1
150000,23,0,1
240000,37,0,0
170000,33,0,1
170000,56,0,2
320000,30,0,0
40000,24,1,1
150000,54,0,2
70000,30,1,1
200000,43,0,2
180000,31,1,1
310000,43,0,0
80000,37,0,1
150000,47,0,2
10000,51,1,2
30000,43,0,2
20000,42,1,2
110000,26,0,1
130000,42,0,2
280000,41,0,0
40000,48,0,2
130000,44,0,2
70000,42,0,2
60000,32,0,1
100000,39,1,2
220000,27,0,1
50000,37,0,1
360000,43,0,0
180000,35,0,1
280000,30,0,0
50000,37,0,1
50000,49,0,2
180000,30,0,1
80000,40,0,2
50000,31,0,1
50000,25,0,1
200000,38,0,2
20000,29,0,1
160000,37,0,1
180000,60,1,2
20000,24,0,1
310000,29,1,0
50000,37,1,1
390000,53,0,0
60000,45,1,2
30000,27,0,1
120000,28,0,1
360000,47,0,0
130000,38,0,2
160000,39,0,2
260000,32,0,0
200000,45,0,2
20000,31,0,1
230000,31,1,1
50000,44,0,2
50000,46,0,2
240000,29,0,1
50000,47,0,2
60000,22,1,1
350000,35,0,0
20000,47,0,2
540000,38,0,0
110000,46,0,2
260000,30,1,0
200000,27,0,1
310000,30,0,0
260000,27,1,1
150000,22,0,1
50000,27,1,1
130000,27,1,1
150000,26,0,1
100000,44,1,2
50000,50,0,2
100000,44,0,2
120000,37,0,1
20000,22,0,1
60000,36,0,1
210000,30,1,1
200000,50,0,2
280000,60,0,2
50000,25,0,1
120000,30,0,1
310000,27,0,0
50000,45,0,2
50000,22,0,1
500000,43,1,0
460000,41,1,0
200000,30,0,1
50000,38,1,2
30000,24,0,1
170000,48,0,2
180000,28,0,1
110000,43,0,2
150000,33,0,1
240000,40,1,0
180000,39,0,2
30000,22,0,1
500000,29,0,0
50000,24,1,1
80000,49,0,2
360000,27,0,0
80000,43,0,2
60000,37,0,1
327680,42,1,0
220000,28,0,1
440000,26,0,0
50000,22,1,1
60000,26,0,1
50000,24,0,1
50000,43,0,2
50000,29,1,1
30000,47,1,2
410000,41,0,0
70000,22,0,1
50000,25,1,1
50000,28,0,1
420000,37,0,0
200000,44,0,2
120000,32,1,1
30000,28,0,1
250000,32,0,0
50000,32,1,1
500000,45,0,0
130000,38,0,2
500000,35,0,0
210000,42,0,2
110000,24,0,1
110000,41,0,2
300000,39,0,0
30000,29,0,1
210000,41,1,2
20000,24,1,1
310000,31,0,0
30000,48,1,2
260000,28,0,0
350000,49,0,0
200000,33,0,1
240000,41,1,0
220000,38,1,0
10000,23,0,1
90000,31,1,1
310000,34,0,0
50000,49,0,2
210000,45,0,2
390000,34,0,0
180000,35,0,1
480000,47,0,0
360000,46,0,0
110000,37,0,1
10000,52,0,2
350000,35,0,0
20000,31,1,1
100000,33,0,1
160000,29,0,1
220000,35,0,0
430000,43,0,0
20000,24,0,1
200000,58,1,2
180000,50,0,2
190000,26,0,1
90000,24,0,1
130000,46,0,2
50000,27,1,1
500000,53,0,0
80000,28,0,1
230000,28,1,1
90000,60,0,2
30000,23,0,1
250000,36,0,0
210000,31,0,1
110000,27,1,1
280000,31,0,0
90000,32,0,1
320000,34,0,0
440000,31,0,0
40000,47,0,2
360000,47,0,0
70000,25,0,1
400000,41,0,0
200000,40,1,2
500000,35,0,0
280000,32,0,0
20000,43,1,2
150000,39,0,2
30000,29,0,1
160000,40,0,2
500000,25,0,0
70000,24,0,1
60000,37,0,1
50000,42,0,2
90000,26,0,1
170000,30,0,1
180000,33,0,1
50000,38,0,2
30000,24,0,1
80000,29,0,1
60000,38,1,2
10000,23,0,1
180000,40,0,2
140000,27,0,1
230000,26,0,1
80000,26,1,1
50000,72,1,2
200000,27,0,1
360000,44,0,0
20000,24,1,1
120000,42,0,2
30000,29,1,1
200000,28,1,1
50000,49,0,2
300000,27,0,0
30000,40,0,2
220000,31,0,1
170000,40,1,2
320000,41,0,0
320000,42,0,0
270000,36,0,0
110000,30,0,1
440000,46,0,0
230000,40,0,0
130000,25,0,1
110000,33,0,1
50000,28,1,1
500000,35,0,0
360000,38,0,0
60000,24,0,1
360000,32,0,0
280000,35,0,0
200000,43,0,2
50000,33,0,1
360000,29,0,0
50000,25,0,1
230000,53,0,2
150000,27,0,1
30000,27,0,1
200000,27,0,1
100000,26,0,1
50000,47,1,2
290000,30,0,0
300000,32,0,0
240000,34,0,0
30000,47,0,2
240000,40,0,0
150000,43,0,2
240000,30,0,1
90000,37,0,1
50000,26,1,1
210000,25,0,1
210000,27,1,1
230000,48,0,2
20000,22,1,1
80000,24,1,1
180000,44,0,2
200000,31,0,1
240000,38,0,0
50000,33,0,1
200000,29,0,1
50000,36,0,1
160000,31,0,1
130000,53,1,2
130000,56,1,2
240000,28,0,1
170000,45,0,2
220000,27,1,1
450000,28,0,0
180000,33,0,1
20000,22,0,1
160000,28,0,1
150000,37,0,1
90000,45,1,2
50000,34,0,1
330000,31,0,0
20000,22,0,1
200000,37,0,1
10000,24,0,1
360000,48,1,0
160000,23,0,1
50000,36,0,1
100000,46,0,2
180000,49,0,2
20000,23,0,1
240000,51,1,2
280000,35,0,0
260000,31,0,0
220000,24,0,1
20000,26,0,1
210000,30,0,1
20000,31,1,1
150000,40,0,2
50000,28,1,1
20000,26,1,1
80000,24,0,1
30000,48,0,2
60000,46,0,2
30000,24,1,1
120000,27,1,1
10000,21,1,1
260000,50,0,2
20000,23,0,1
30000,25,0,1
220000,41,0,2
130000,26,0,1
200000,45,0,2
80000,23,0,1
180000,28,0,1
50000,26,0,1
80000,29,0,1
210000,27,0,1
20000,36,0,1
80000,44,0,2
500000,28,0,0
360000,28,0,0
30000,22,0,1
30000,26,0,1
70000,36,1,1
50000,22,0,1
100000,29,0,1
20000,32,0,1
300000,40,0,0
370000,38,0,0
230000,32,1,1
260000,36,0,0
50000,42,0,2
80000,50,0,2
70000,48,0,2
360000,37,1,0
710000,32,0,0
200000,38,0,2
140000,33,0,1
300000,31,0,0
40000,26,1,1
260000,28,0,0
50000,25,0,1
170000,36,0,1
300000,30,0,0
50000,35,0,1
230000,35,0,0
280000,26,0,0
20000,32,1,1
160000,32,0,1
30000,42,1,2
110000,33,0,1
50000,24,0,1
20000,45,0,2
350000,41,0,0
250000,45,0,2
280000,42,0,0
240000,46,1,2
390000,41,0,0
450000,31,1,0
130000,27,0,1
20000,22,1,1
200000,28,0,1
210000,28,0,1
30000,49,0,2
390000,26,0,0
720000,40,1,0
120000,27,0,1
70000,24,0,1
20000,22,0,1
420000,53,0,0
230000,43,0,2
130000,27,0,1
30000,32,1,1
120000,26,1,1
100000,51,0,2
370000,47,0,0
30000,21,0,1
10000,24,0,1
10000,27,0,1
240000,35,0,0
160000,52,0,2
180000,45,0,2
160000,27,0,1
420000,27,0,0
70000,26,1,1
20000,24,1,1
260000,29,1,0
460000,45,0,0
300000,25,1,0
200000,29,0,1
400000,30,0,0
80000,54,0,2
20000,62,0,2
50000,38,0,2
50000,41,1,2
200000,34,0,1
200000,25,0,1
110000,30,0,1
260000,36,0,0
220000,39,0,0
10000,23,1,1
80000,38,0,2
210000,30,0,1
360000,39,0,0
410000,31,0,0
220000,40,0,2
200000,65,0,2
50000,35,0,1
50000,26,0,1
300000,24,1,0
160000,51,1,2
160000,33,1,1
30000,48,0,2
80000,30,0,1
320000,42,1,0
60000,43,1,2
100000,43,0,2
50000,25,0,1
160000,45,0,2
110000,50,0,2
50000,43,0,2
50000,32,1,1
350000,50,0,0
50000,52,1,2
110000,46,0,2
100000,31,0,1
250000,32,1,0
180000,23,0,1
70000,52,0,2
50000,25,1,1
500000,33,0,0
110000,49,0,2
290000,34,0,0
200000,41,0,2
30000,24,0,1
120000,51,1,2
50000,36,0,1
360000,35,1,0
180000,29,0,1
370000,36,0,0
180000,46,0,2
240000,55,1,2
50000,51,0,2
190000,36,0,1
20000,23,0,1
90000,32,0,1
50000,34,0,1
170000,28,1,1
340000,36,0,0
150000,26,1,1
160000,25,1,1
30000,29,0,1
30000,23,0,1
250000,50,0,2
20000,46,0,2
360000,29,0,0
220000,35,0,0
120000,24,1,1
220000,32,0,1
50000,25,0,1
250000,58,0,2
60000,23,0,1
30000,26,0,1
130000,23,0,1
230000,29,0,1
30000,38,0,2
10000,27,0,1
340000,43,0,0
310000,36,0,0
500000,30,0,0
180000,27,1,1
20000,32,1,1
20000,21,1,1
200000,27,0,1
280000,41,0,0
190000,50,1,2
110000,28,0,1
50000,42,0,2
130000,33,0,1
180000,33,0,1
180000,33,0,1
220000,35,0,0
440000,34,0,0
270000,27,0,0
40000,38,1,2
100000,38,0,2
350000,42,0,0
60000,29,0,1
80000,29,0,1
30000,24,1,1
100000,35,0,1
50000,32,0,1
200000,38,0,2
390000,29,0,0
200000,32,0,1
10000,32,0,1
200000,37,1,1
340000,31,0,0
200000,54,0,2
120000,40,0,2
500000,36,1,0
200000,28,0,1
120000,30,0,1
180000,27,0,1
100000,34,0,1
30000,29,0,1
210000,29,0,1
300000,40,0,0
70000,27,0,1
20000,34,0,1
120000,37,0,1
240000,59,0,2
200000,26,0,1
150000,44,0,2
90000,25,0,1
20000,25,0,1
280000,37,0,0
160000,24,0,1
40000,23,0,1
150000,37,0,1
140000,55,0,2
110000,30,1,1
10000,22,0,1
300000,34,0,0
20000,26,0,1
300000,46,0,0
170000,36,0,1
120000,27,0,1
40000,24,0,1
210000,26,0,1
20000,38,1,2
330000,31,0,0
70000,30,1,1
350000,44,1,0
360000,38,0,0
30000,33,0,1
400000,38,0,0
480000,37,0,0
180000,32,1,1
20000,42,0,2
50000,25,0,1
480000,37,0,0
50000,25,1,1
320000,35,0,0
30000,35,0,1
250000,31,0,0
50000,22,1,1
150000,37,0,1
70000,69,1,2
60000,35,0,1
210000,24,0,1
620000,38,0,0
280000,27,0,0
50000,45,0,2
130000,47,0,2
50000,28,0,1
160000,42,0,2
300000,34,0,0
50000,52,0,2
50000,49,1,2
240000,26,0,1
140000,28,1,1
180000,40,0,2
160000,31,0,1
50000,51,1,2
250000,40,1,0
170000,39,0,2
20000,28,0,1
140000,41,0,2
20000,55,1,2
30000,29,1,1
230000,33,0,0
500000,31,0,0
230000,30,0,1
20000,39,1,2
230000,58,0,2
340000,26,0,0
90000,31,0,1
50000,53,0,2
20000,27,0,1
210000,29,0,1
200000,36,0,1
170000,63,0,2
30000,29,0,1
130000,33,0,1
360000,42,0,0
30000,27,0,1
500000,44,0,0
180000,29,0,1
30000,56,0,2
360000,46,0,0
110000,25,1,1
50000,29,0,1
550000,49,1,0
130000,23,0,1
240000,28,0,1
240000,29,0,1
60000,30,0,1
50000,43,1,2
80000,30,1,1
140000,26,0,1
20000,23,0,1
160000,25,1,1
190000,26,0,1
160000,26,0,1
100000,49,0,2
60000,35,0,1
180000,31,0,1
200000,35,0,1
230000,38,0,0
80000,29,1,1
100000,28,0,1
190000,30,0,1
30000,52,0,2
170000,40,0,2
380000,32,0,0
110000,36,0,1
500000,46,0,0
200000,49,0,2
30000,47,0,2
180000,27,1,1
330000,36,0,0
280000,29,0,0
310000,29,0,0
20000,26,1,1
140000,27,0,1
210000,31,0,1
80000,38,0,2
320000,43,0,0
20000,32,0,1
90000,26,0,1
460000,47,1,0
40000,44,1,2
200000,44,1,2
500000,38,0,0
120000,38,1,2
120000,34,0,1
550000,47,0,0
90000,48,1,2
20000,27,0,1
200000,49,0,2
70000,34,0,1
500000,37,0,0
20000,24,0,1
510000,41,0,0
20000,24,0,1
80000,36,0,1
50000,28,1,1
170000,26,1,1
30000,24,0,1
140000,30,0,1
100000,40,0,2
60000,28,0,1
20000,22,0,1
360000,31,0,0
290000,38,0,0
50000,28,0,1
70000,24,0,1
110000,45,1,2
170000,42,0,2
80000,52,0,2
150000,28,0,1
300000,31,0,0
90000,27,0,1
160000,28,0,1
140000,42,0,2
250000,50,0,2
140000,23,1,1
30000,22,0,1
50000,36,0,1
280000,39,0,0
80000,26,1,1
20000,27,1,1
120000,37,1,1
100000,33,0,1
70000,46,1,2
230000,32,0,1
90000,33,0,1
210000,53,0,2
50000,47,0,2
50000,42,1,2
200000,50,0,2
130000,26,1,1
50000,39,0,2
210000,39,1,2
50000,32,1,1
80000,41,0,2
500000,53,0,0
390000,35,0,0
470000,30,0,0
90000,35,0,1
80000,62,0,2
80000,26,0,1
30000,22,1,1
160000,45,1,2
220000,28,1,1
100000,42,0,2
80000,28,0,1
220000,43,0,2
50000,56,0,2
30000,25,0,1
140000,30,0,1
230000,36,0,0
420000,24,0,0
150000,32,0,1
20000,35,1,1
130000,33,0,1
50000,29,0,1
50000,46,0,2
70000,37,0,1
170000,31,0,1
50000,26,1,1
300000,30,1,0
260000,32,0,0
40000,49,0,2
200000,27,0,1
570000,31,0,0
280000,63,0,2
200000,37,0,1
90000,48,1,2
500000,28,0,0
500000,39,1,0
200000,43,0,2
500000,28,1,0
120000,28,0,1
180000,34,0,1
140000,34,0,1
50000,34,0,1
360000,30,0,0
50000,23,0,1
570000,29,0,0
80000,38,0,2
150000,32,0,1
90000,33,1,1
70000,48,1,2
50000,22,0,1
150000,37,0,1
40000,25,1,1
120000,29,0,1
60000,34,0,1
240000,30,0,1
20000,23,0,1
80000,40,0,2
200000,36,0,1
20000,30,0,1
50000,43,1,2
230000,31,0,1
100000,24,0,1
30000,24,1,1
20000,40,0,2
520000,41,1,0
100000,34,1,1
50000,56,0,2
30000,25,1,1
40000,26,0,1
80000,39,1,2
50000,33,1,1
50000,35,1,1
240000,27,1,1
100000,38,0,2
130000,30,1,1
220000,27,0,1
20000,30,1,1
70000,31,0,1
60000,52,0,2
240000,33,0,0
90000,35,0,1
160000,27,1,1
150000,27,0,1
100000,37,0,1
200000,46,0,2
90000,29,0,1
20000,25,0,1
90000,25,0,1
50000,33,0,1
220000,34,0,1
140000,39,0,2
200000,33,0,1
50000,41,1,2
120000,30,1,1
130000,41,1,2
20000,43,1,2
190000,39,0,2
250000,40,0,0
20000,23,0,1
50000,23,0,1
120000,28,1,1
150000,35,0,1
340000,33,0,0
230000,60,0,2
210000,33,1,1
200000,41,0,2
120000,38,0,2
180000,32,0,1
20000,25,1,1
240000,26,0,1
200000,32,0,1
220000,40,0,2
60000,47,1,2
50000,26,1,1
210000,47,0,2
450000,33,0,0
250000,27,0,1
100000,35,0,1
10000,55,1,2
180000,35,0,1
50000,34,0,1
200000,31,0,1
110000,29,0,1
140000,33,0,1
50000,23,0,1
450000,42,0,0
450000,31,0,0
150000,35,1,1
200000,41,0,2
280000,43,0,0
200000,36,1,1
500000,29,0,0
20000,50,1,2
360000,34,0,0
230000,37,0,0
160000,31,0,1
330000,27,0,0
100000,44,0,2
420000,36,0,0
500000,33,0,0
210000,30,0,1
270000,43,0,0
50000,44,0,2
60000,41,0,2
360000,36,0,0
10000,50,0,2
60000,47,0,2
40000,56,1,2
200000,37,0,1
30000,51,0,2
180000,35,0,1
60000,48,0,2
10000,29,1,1
50000,27,1,1
200000,28,0,1
50000,42,0,2
220000,32,0,1
80000,37,0,1
310000,28,0,0
50000,49,0,2
360000,37,0,0
170000,41,0,2
220000,36,0,0
100000,35,0,1
110000,23,0,1
230000,35,0,0
70000,44,0,2
70000,32,1,1
150000,46,1,2
280000,52,0,2
120000,54,0,2
20000,32,0,1
60000,42,0,2
10000,43,1,2
310000,36,0,0
190000,50,0,2
180000,39,0,2
100000,56,0,2
50000,54,0,2
30000,42,0,2
220000,35,1,0
230000,41,1,2
150000,30,0,1
110000,36,0,1
300000,35,0,0
20000,35,0,1
180000,32,0,1
330000,38,1,0
400000,35,0,0
150000,37,0,1
390000,32,0,0
630000,41,0,0
480000,33,0,0
280000,44,0,0
150000,37,0,1
50000,24,0,1
100000,42,0,2
230000,29,0,1
500000,37,0,0
220000,36,0,0
20000,26,1,1
200000,41,0,2
360000,36,1,0
80000,22,0,1
100000,43,1,2
500000,44,0,0
180000,58,0,2
290000,24,0,0
80000,25,1,1
360000,42,0,0
280000,29,0,0
280000,44,0,0
400000,63,0,2
110000,29,0,1
50000,37,0,1
220000,36,1,0
50000,43,0,2
450000,32,0,0
170000,42,0,2
50000,44,0,2
80000,40,0,2
170000,53,0,2
150000,39,0,2
110000,42,0,2
260000,30,0,0
240000,34,0,0
320000,38,0,0
130000,48,0,2
140000,29,0,1
140000,34,1,1
120000,35,0,1
230000,25,0,1
50000,22,0,1
180000,36,0,1
90000,58,0,2
20000,25,0,1
300000,30,0,0
80000,27,0,1
130000,45,0,2
140000,73,0,2
90000,50,0,2
200000,33,0,1
20000,22,0,1
30000,33,1,1
90000,40,0,2
160000,55,0,2
80000,27,1,1
80000,24,0,1
120000,37,0,1
80000,24,0,1
150000,27,0,1
250000,29,1,1
40000,33,0,1
500000,50,0,0
360000,25,1,0
60000,32,0,1
480000,40,0,0
310000,29,0,0
350000,32,0,0
230000,29,0,1
20000,39,0,2
230000,42,1,2
130000,42,1,2
20000,23,1,1
30000,54,0,2
200000,42,0,2
220000,25,0,1
60000,27,0,1
290000,38,0,0
700000,50,0,0
30000,23,0,1
150000,26,0,1
200000,69,1,2
180000,26,0,1
130000,54,0,2
260000,55,0,2
70000,23,0,1
80000,34,0,1
260000,27,0,1
70000,34,0,1
20000,24,1,1
110000,26,1,1
80000,27,1,1
380000,50,0,0
20000,39,0,2
250000,46,0,2
30000,53,1,2
210000,36,0,0
100000,36,0,1
270000,34,0,0
50000,38,0,2
440000,28,1,0
30000,25,1,1
20000,35,0,1
50000,24,1,1
250000,56,0,2
290000,46,0,0
130000,26,1,1
100000,35,0,1
220000,36,1,0
180000,42,0,2
20000,25,0,1
20000,35,0,1
50000,27,1,1
550000,33,0,0
310000,35,0,0
200000,28,0,1
50000,45,1,2
150000,26,0,1
170000,34,0,1
50000,55,0,2
20000,42,1,2
260000,37,0,0
330000,31,0,0
50000,29,1,1
50000,43,0,2
300000,32,0,0
230000,26,0,1
50000,24,0,1
100000,43,0,2
60000,23,0,1
100000,28,0,1
60000,24,0,1
10000,42,1,2
270000,35,0,0
110000,25,0,1
60000,29,1,1
110000,28,0,1
210000,28,0,1
80000,50,0,2
220000,47,1,2
250000,62,0,2
240000,31,1,0
330000,27,0,0
200000,31,1,1
300000,31,0,0
280000,36,0,0
150000,47,0,2
380000,33,1,0
130000,23,1,1
210000,40,0,2
140000,59,0,2
200000,35,1,1
80000,44,0,2
60000,35,0,1
250000,40,0,0
280000,30,0,0
500000,54,0,0
300000,25,0,0
450000,69,1,2
120000,31,0,1
100000,27,0,1
200000,38,1,2
330000,58,1,2
100000,43,0,2
210000,50,1,2
10000,22,0,1
60000,55,0,2
80000,38,0,2
240000,34,0,0
200000,31,0,1
50000,29,0,1
470000,30,0,0
60000,35,0,1
50000,23,0,1
130000,42,0,2
20000,38,0,2
300000,41,0,0
40000,48,0,2
200000,40,0,2
20000,22,1,1
20000,22,1,1
50000,35,0,1
340000,27,0,0
390000,37,1,0
270000,27,0,0
230000,33,0,0
50000,24,0,1
210000,26,0,1
100000,23,0,1
100000,43,0,2
140000,48,0,2
20000,38,0,2
300000,29,0,0
80000,53,0,2
210000,25,0,1
330000,28,0,0
130000,28,0,1
240000,27,0,1
230000,29,0,1
70000,35,1,1
20000,46,0,2
100000,58,0,2
20000,46,0,2
50000,35,0,1
50000,31,0,1
50000,57,0,2
20000,22,0,1
420000,38,0,0
360000,57,0,2
230000,48,0,2
110000,51,0,2
80000,36,0,1
340000,31,0,0
50000,40,0,2
210000,39,1,2
20000,35,0,1
280000,56,0,2
60000,23,1,1
380000,48,0,0
230000,30,1,1
220000,39,0,0
110000,25,1,1
260000,32,0,0
20000,27,0,1
130000,34,0,1
50000,45,0,2
80000,39,1,2
250000,28,0,1
10000,26,1,1
500000,37,0,0
310000,28,0,0
80000,52,0,2
440000,35,0,0
500000,51,0,0
20000,43,0,2
240000,28,0,1
130000,26,0,1
200000,35,1,1
140000,39,0,2
100000,28,0,1
20000,22,0,1
50000,31,0,1
500000,37,0,0
30000,22,0,1
450000,54,0,0
60000,47,0,2
280000,37,0,0
200000,38,0,2
320000,42,0,0
100000,53,1,2
260000,28,0,0
180000,32,0,1
20000,46,0,2
20000,31,1,1
390000,39,0,0
200000,44,0,2
100000,27,0,1
90000,25,0,1
300000,34,1,0
110000,33,0,1
60000,26,0,1
130000,25,0,1
320000,39,0,0
70000,36,0,1
20000,38,1,2
480000,49,0,0
60000,33,0,1
250000,41,0,0
50000,29,0,1
200000,48,0,2
20000,41,0,2
280000,34,0,0
140000,25,0,1
500000,49,0,0
50000,25,0,1
360000,27,0,0
200000,32,1,1
500000,45,1,0
50000,23,0,1
300000,33,0,0
160000,25,0,1
120000,37,0,1
500000,36,0,0
300000,43,0,0
240000,35,0,0
180000,29,0,1
160000,25,0,1
80000,53,0,2
20000,43,1,2
170000,32,0,1
120000,39,0,2
160000,51,1,2
320000,32,0,0
500000,42,0,0
140000,24,0,1
220000,42,0,2
60000,53,1,2
50000,53,0,2
150000,40,0,2
50000,38,0,2
20000,24,0,1
170000,46,1,2
20000,45,0,2
140000,26,0,1
90000,28,0,1
130000,23,0,1
40000,47,1,2
50000,23,1,1
140000,41,1,2
120000,33,0,1
230000,26,0,1
20000,23,0,1
350000,36,0,0
100000,32,0,1
160000,36,0,1
60000,41,0,2
280000,36,0,0
130000,39,0,2
180000,39,1,2
100000,44,0,2
230000,52,0,2
320000,44,0,0
50000,34,1,1
50000,23,0,1
120000,40,0,2
80000,35,0,1
500000,33,0,0
200000,30,0,1
360000,38,0,0
80000,28,0,1
250000,32,0,0
50000,48,1,2
90000,36,1,1
60000,42,0,2
110000,37,0,1
310000,36,0,0
210000,38,0,0
310000,32,0,0
350000,36,0,0
140000,34,0,1
50000,38,0,2
140000,40,0,2
140000,32,0,1
60000,42,0,2
450000,36,0,0
110000,27,0,1
20000,30,1,1
340000,38,0,0
130000,49,0,2
240000,28,0,1
220000,28,0,1
180000,33,0,1
200000,35,0,1
250000,42,0,0
30000,50,1,2
90000,35,0,1
210000,32,0,1
30000,32,0,1
320000,30,0,0
60000,40,0,2
50000,23,0,1
50000,25,0,1
150000,32,0,1
290000,36,0,0
50000,23,0,1
100000,24,0,1
100000,30,0,1
410000,50,0,0
60000,23,0,1
50000,22,0,1
110000,29,0,1
240000,54,0,2
90000,30,1,1
160000,41,1,2
260000,54,0,2
280000,42,0,0
150000,49,0,2
210000,44,0,2
50000,47,1,2
280000,28,1,0
290000,45,0,0
180000,42,0,2
130000,44,1,2
130000,52,1,2
50000,38,0,2
20000,23,1,1
90000,28,0,1
120000,27,0,1
30000,41,0,2
180000,29,0,1
230000,30,0,1
280000,31,0,0
100000,38,0,2
370000,30,0,0
60000,31,1,1
70000,23,1,1
280000,32,1,0
260000,36,0,0
200000,29,0,1
200000,25,0,1
50000,27,0,1
90000,45,1,2
120000,31,1,1
100000,29,0,1
220000,30,0,1
200000,28,0,1
20000,25,0,1
230000,30,0,1
160000,30,0,1
280000,33,1,0
60000,32,0,1
230000,34,0,0
30000,53,0,2
180000,30,0,1
120000,35,0,1
120000,38,0,2
50000,33,0,1
110000,32,0,1
30000,22,1,1
80000,25,0,1
360000,25,0,0
50000,22,1,1
330000,36,0,0
550000,34,1,0
80000,25,1,1
450000,33,0,0
130000,27,0,1
500000,36,0,0
120000,24,0,1
500000,31,0,0
50000,39,0,2
300000,28,0,0
50000,50,1,2
50000,47,0,2
140000,37,0,1
140000,38,0,2
20000,33,0,1
120000,30,0,1
150000,35,0,1
30000,22,1,1
70000,30,0,1
80000,51,0,2
50000,53,1,2
200000,48,0,2
120000,38,0,2
100000,36,0,1
150000,27,0,1
50000,57,0,2
100000,26,0,1
200000,26,0,1
20000,50,0,2
30000,45,1,2
130000,30,0,1
200000,50,1,2
50000,27,0,1
310000,46,0,0
200000,37,0,1
410000,37,0,0
280000,28,0,0
50000,29,1,1
300000,30,0,0
110000,32,0,1
230000,49,1,2
50000,44,0,2
280000,55,0,2
30000,56,1,2
500000,37,0,0
230000,34,1,0
460000,50,1,0
150000,31,0,1
50000,45,1,2
200000,25,0,1
50000,27,0,1
20000,44,0,2
30000,25,0,1
210000,40,0,2
110000,30,0,1
130000,29,0,1
130000,27,0,1
500000,50,0,0
80000,32,0,1
50000,43,1,2
30000,43,0,2
200000,41,0,2
210000,40,0,2
140000,45,1,2
50000,31,0,1
100000,26,0,1
180000,26,0,1
480000,57,0,0
110000,40,0,2
100000,28,0,1
230000,23,0,1
50000,35,0,1
120000,30,0,1
360000,42,1,0
190000,46,0,2
110000,50,0,2
20000,24,0,1
50000,52,0,2
200000,32,0,1
50000,41,0,2
30000,23,1,1
30000,22,0,1
120000,39,0,2
180000,36,0,1
180000,34,0,1
180000,33,0,1
180000,41,0,2
130000,38,0,2
100000,25,0,1
500000,27,0,0
170000,33,0,1
80000,26,0,1
70000,53,0,2
50000,51,0,2
320000,32,0,0
140000,50,1,2
400000,37,0,0
390000,47,0,0
120000,28,0,1
50000,26,0,1
140000,36,0,1
20000,22,1,1
50000,30,0,1
50000,23,0,1
180000,32,0,1
100000,39,0,2
150000,29,0,1
390000,39,0,0
20000,31,1,1
460000,39,1,0
200000,64,1,2
310000,42,0,0
160000,30,0,1
20000,24,1,1
240000,30,0,1
120000,40,0,2
40000,26,1,1
90000,30,0,1
150000,30,0,1
160000,25,0,1
150000,44,1,2
50000,42,0,2
230000,40,0,0
50000,40,0,2
210000,36,0,0
50000,25,0,1
110000,57,0,2
340000,35,0,0
500000,52,0,0
240000,56,0,2
200000,26,0,1
30000,33,1,1
130000,42,1,2
80000,30,1,1
10000,35,1,1
300000,29,0,0
150000,44,1,2
70000,39,0,2
30000,56,0,2
20000,37,0,1
50000,32,0,1
30000,27,0,1
50000,34,1,1
200000,34,0,1
50000,51,0,2
240000,42,0,0
50000,28,0,1
50000,39,0,2
60000,24,0,1
30000,35,1,1
390000,33,0,0
50000,26,0,1
100000,30,0,1
50000,26,0,1
220000,29,0,1
60000,30,0,1
30000,27,0,1
50000,27,0,1
80000,33,0,1
30000,25,0,1
150000,28,0,1
160000,29,0,1
270000,43,0,0
160000,54,0,2
500000,49,0,0
110000,35,0,1
150000,38,0,2
50000,29,0,1
10000,45,1,2
130000,32,0,1
140000,29,0,1
180000,35,0,1
130000,30,0,1
490000,29,0,0
330000,65,0,2
330000,27,0,0
200000,37,0,1
180000,64,0,2
110000,28,0,1
50000,45,0,2
30000,44,1,2
160000,36,0,1
50000,36,1,1
300000,28,1,0
170000,45,0,2
220000,41,0,2
50000,27,0,1
50000,34,0,1
100000,28,1,1
120000,36,0,1
500000,37,1,0
160000,42,0,2
290000,34,0,0
200000,35,0,1
360000,32,0,0
180000,46,0,2
50000,29,0,1
370000,31,0,0
20000,28,1,1
240000,36,1,0
220000,34,0,1
230000,28,0,1
150000,26,0,1
400000,43,0,0
100000,50,0,2
80000,67,0,2
340000,35,0,0
120000,44,0,2
210000,28,0,1
150000,30,0,1
80000,33,0,1
140000,46,0,2
80000,50,1,2
150000,32,0,1
50000,52,1,2
300000,36,0,0
20000,53,0,2
290000,35,0,0
200000,25,0,1
130000,26,1,1
70000,49,1,2
320000,27,1,0
300000,31,0,0
120000,39,0,2
60000,25,1,1
340000,30,0,0
200000,24,0,1
280000,28,0,0
80000,42,0,2
180000,33,1,1
500000,59,0,0
100000,27,0,1
20000,23,0,1
160000,37,1,1
180000,30,1,1
320000,29,0,0
30000,27,0,1
120000,25,0,1
30000,45,0,2
20000,40,0,2
70000,34,0,1
10000,35,0,1
100000,30,0,1
160000,33,0,1
150000,28,0,1
10000,42,1,2
150000,35,0,1
50000,52,0,2
500000,33,0,0
30000,55,1,2
260000,60,0,2
180000,26,0,1
290000,34,0,0
30000,24,0,1
120000,28,0,1
160000,42,1,2
100000,32,0,1
70000,39,0,2
30000,35,1,1
70000,26,0,1
180000,33,0,1
180000,24,0,1
200000,35,0,1
30000,25,0,1
70000,32,1,1
80000,59,0,2
250000,37,0,0
80000,46,0,2
80000,25,0,1
90000,27,0,1
290000,50,0,2
90000,34,0,1
360000,54,1,0
30000,33,0,1
160000,41,0,2
20000,23,0,1
230000,28,0,1
140000,26,0,1
140000,25,1,1
120000,53,0,2
210000,30,0,1
170000,27,1,1
200000,26,0,1
80000,23,0,1
240000,25,0,1
50000,25,0,1
180000,26,1,1
260000,32,0,0
360000,36,0,0
30000,25,1,1
310000,48,0,0
30000,25,1,1
130000,28,0,1
400000,26,0,0
100000,24,1,1
130000,57,1,2
400000,35,0,0
140000,40,0,2
360000,36,0,0
190000,55,0,2
90000,35,1,1
240000,38,0,0
50000,29,1,1
30000,33,1,1
120000,27,0,1
80000,25,1,1
50000,53,0,2
170000,42,1,2
30000,29,0,1
110000,55,1,2
280000,50,0,2
180000,27,0,1
430000,36,0,0
60000,30,0,1
300000,40,1,0
10000,25,0,1
60000,60,0,2
260000,29,0,0
30000,32,0,1
220000,45,0,2
20000,23,1,1
30000,56,0,2
380000,44,0,0
180000,29,0,1
100000,36,0,1
280000,31,0,0
210000,38,0,0
50000,37,0,1
180000,53,1,2
500000,53,0,0
50000,39,0,2
100000,67,1,2
370000,33,0,0
190000,44,0,2
30000,40,0,2
180000,46,1,2
130000,29,1,1
50000,44,1,2
290000,36,0,0
20000,39,0,2
200000,28,0,1
70000,23,1,1
400000,32,0,0
50000,36,1,1
20000,56,0,2
50000,24,1,1
500000,55,1,0
120000,57,0,2
360000,43,1,0
50000,35,1,1
160000,38,1,2
120000,31,1,1
230000,34,1,0
230000,39,0,0
220000,41,0,2
30000,23,0,1
180000,38,0,2
200000,43,0,2
50000,41,1,2
50000,32,0,1
760000,54,0,0
140000,27,0,1
50000,31,0,1
260000,29,1,0
300000,34,0,0
50000,37,1,1
30000,24,1,1
50000,51,0,2
320000,53,0,2
90000,39,0,2
240000,41,0,0
290000,43,0,0
20000,29,1,1
120000,45,0,2
30000,46,0,2
250000,36,0,0
70000,25,0,1
150000,32,0,1
90000,49,0,2
220000,55,0,2
250000,54,0,2
100000,52,0,2
360000,33,1,0
240000,42,0,0
20000,47,1,2
50000,25,0,1
30000,22,0,1
180000,42,0,2
80000,25,1,1
210000,32,0,1
190000,51,1,2
150000,31,0,1
80000,51,1,2
300000,26,0,0
500000,36,0,0
240000,32,0,0
50000,27,0,1
390000,45,0,0
200000,28,0,1
260000,32,0,0
10000,23,0,1
240000,37,0,0
40000,30,0,1
20000,50,0,2
180000,44,0,2
140000,30,1,1
360000,26,1,0
20000,24,0,1
260000,32,1,0
330000,36,0,0
120000,49,1,2
60000,31,0,1
80000,27,1,1
250000,46,1,2
220000,37,0,0
120000,58,0,2
360000,29,0,0
80000,33,0,1
200000,40,0,2
260000,33,0,0
380000,39,1,0
400000,53,0,0
450000,32,0,0
50000,49,0,2
10000,26,0,1
180000,55,1,2
190000,37,0,1
170000,26,0,1
130000,35,0,1
20000,23,1,1
200000,34,1,1
350000,36,1,0
120000,39,0,2
460000,28,0,0
200000,31,0,1
140000,25,0,1
200000,60,0,2
250000,24,1,1
240000,28,0,1
120000,44,1,2
60000,25,1,1
400000,41,1,0
90000,53,1,2
250000,38,0,0
200000,30,1,1
20000,36,1,1
150000,27,0,1
210000,41,1,2
80000,23,0,1
130000,49,0,2
130000,28,1,1
50000,30,0,1
20000,43,0,2
30000,26,0,1
130000,29,0,1
360000,58,1,2
70000,24,0,1
310000,26,0,0
50000,25,1,1
80000,30,0,1
340000,34,0,0
40000,43,1,2
30000,22,0,1
50000,57,0,2
260000,45,0,2
240000,35,1,0
30000,48,1,2
20000,27,0,1
100000,24,0,1
300000,42,0,0
110000,43,1,2
30000,48,1,2
230000,28,1,1
270000,26,0,0
50000,23,0,1
270000,39,0,0
100000,52,0,2
200000,28,0,1
20000,47,0,2
70000,27,0,1
150000,43,0,2
240000,38,0,0
210000,42,0,2
360000,35,0,0
200000,31,0,1
180000,29,0,1
180000,33,1,1
40000,27,1,1
210000,25,0,1
290000,39,0,0
70000,34,0,1
240000,38,0,0
200000,33,1,1
90000,52,0,2
150000,34,0,1
240000,35,1,0
260000,50,0,2
360000,44,0,0
70000,45,1,2
350000,49,0,0
220000,35,0,0
250000,47,0,2
230000,38,0,0
300000,27,0,0
500000,30,0,0
130000,23,0,1
30000,33,0,1
220000,29,0,1
70000,32,1,1
20000,24,0,1
130000,37,1,1
240000,44,0,2
30000,35,0,1
130000,45,0,2
170000,35,1,1
430000,42,0,0
120000,27,0,1
70000,27,1,1
50000,31,0,1
220000,30,0,1
170000,26,0,1
100000,29,0,1
80000,29,1,1
240000,26,0,1
120000,51,0,2
50000,40,0,2
60000,24,0,1
140000,30,0,1
300000,37,0,0
370000,33,0,0
340000,44,1,0
90000,35,0,1
80000,40,0,2
90000,28,0,1
150000,36,0,1
30000,44,1,2
50000,23,1,1
200000,29,0,1
200000,30,0,1
500000,30,0,0
360000,58,0,2
130000,31,0,1
610000,39,0,0
360000,55,0,0
600000,53,0,0
20000,30,1,1
90000,32,0,1
280000,32,1,0
260000,35,0,0
80000,35,0,1
230000,54,0,2
160000,36,0,1
200000,28,0,1
80000,25,0,1
20000,49,0,2
50000,48,0,2
40000,27,1,1
180000,30,0,1
200000,42,0,2
280000,39,0,0
330000,43,0,0
140000,27,0,1
230000,24,0,1
160000,40,1,2
50000,35,0,1
200000,43,1,2
260000,30,0,0
200000,48,0,2
140000,39,0,2
160000,35,0,1
200000,48,1,2
480000,37,0,0
170000,31,0,1
20000,24,1,1
390000,39,0,0
20000,36,0,1
70000,30,0,1
270000,52,0,2
90000,46,0,2
40000,36,0,1
120000,48,0,2
210000,41,0,2
110000,28,0,1
160000,36,1,1
40000,47,0,2
120000,24,0,1
80000,29,0,1
500000,31,0,0
30000,21,0,1
150000,23,0,1
20000,31,1,1
50000,24,0,1
130000,31,0,1
50000,37,0,1
390000,47,0,0
210000,47,0,2
120000,28,1,1
140000,28,0,1
500000,38,0,0
320000,39,0,0
120000,35,1,1
70000,24,0,1
20000,41,0,2
50000,27,1,1
100000,41,0,2
800000,53,0,0
220000,36,1,0
240000,33,0,0
230000,27,0,1
180000,30,0,1
80000,41,0,2
260000,29,0,0
30000,34,0,1
360000,27,0,0
100000,29,0,1
170000,37,0,1
600000,38,0,0
130000,40,1,2
50000,38,0,2
60000,24,0,1
120000,31,1,1
360000,37,1,0
410000,32,0,0
70000,26,1,1
30000,36,0,1
30000,28,1,1
350000,39,0,0
220000,38,0,0
350000,37,0,0
130000,27,0,1
100000,34,0,1
110000,49,0,2
80000,40,0,2
50000,26,1,1
50000,28,1,1
340000,39,0,0
290000,33,1,0
120000,24,0,1
80000,29,0,1
10000,27,0,1
150000,43,0,2
180000,26,0,1
170000,30,0,1
230000,32,0,1
70000,30,0,1
60000,37,1,1
500000,47,0,0
230000,43,1,2
310000,29,0,0
200000,35,0,1
20000,40,1,2
270000,45,0,0
60000,27,0,1
30000,26,0,1
300000,31,1,0
120000,42,0,2
50000,22,0,1
100000,40,1,2
50000,28,0,1
240000,38,1,0
320000,52,0,2
140000,38,0,2
10000,23,1,1
260000,52,0,2
20000,47,0,2
260000,34,0,0
360000,39,0,0
90000,31,0,1
360000,35,0,0
250000,44,0,2
290000,46,0,0
30000,22,1,1
40000,23,1,1
400000,29,1,0
200000,35,0,1
50000,38,0,2
50000,51,1,2
20000,28,0,1
160000,30,0,1
170000,39,0,2
230000,30,0,1
150000,32,0,1
80000,33,0,1
30000,33,1,1
30000,50,0,2
210000,24,1,1
80000,42,0,2
70000,25,0,1
30000,28,1,1
210000,32,0,1
500000,35,1,0
110000,33,0,1
30000,23,0,1
160000,27,0,1
200000,33,0,1
220000,25,0,1
150000,42,0,2
210000,36,1,0
50000,23,1,1
80000,29,0,1
50000,26,1,1
180000,39,0,2
270000,29,0,0
50000,23,0,1
140000,38,0,2
50000,32,1,1
220000,42,1,2
500000,48,0,0
500000,51,0,0
30000,29,0,1
80000,25,0,1
300000,39,0,0
50000,29,1,1
80000,25,0,1
310000,44,0,0
120000,26,0,1
500000,33,0,0
180000,28,0,1
80000,42,1,2
240000,41,1,0
20000,32,1,1
120000,28,1,1
160000,31,1,1
50000,29,1,1
40000,26,1,1
260000,38,0,0
180000,47,0,2
180000,33,0,1
360000,33,0,0
220000,31,1,1
10000,24,0,1
250000,29,0,1
80000,29,0,1
170000,27,0,1
30000,22,0,1
240000,37,0,0
80000,37,0,1
20000,29,0,1
290000,41,0,0
400000,30,0,0
220000,36,0,0
150000,33,0,1
20000,40,1,2
50000,34,0,1
20000,48,1,2
130000,47,0,2
50000,42,1,2
70000,32,1,1
60000,23,0,1
20000,30,1,1
80000,27,0,1
110000,26,0,1
210000,30,0,1
200000,35,0,1
240000,32,0,0
50000,26,0,1
60000,32,0,1
300000,30,0,0
360000,52,0,0
350000,52,1,0
250000,31,0,0
240000,39,0,0
90000,32,0,1
150000,33,0,1
310000,28,1,0
240000,28,0,1
440000,34,0,0
320000,32,0,0
120000,29,0,1
40000,38,1,2
30000,41,0,2
500000,41,0,0
20000,38,0,2
240000,37,0,0
110000,25,0,1
500000,46,0,0
100000,43,0,2
50000,23,0,1
240000,27,0,1
200000,28,0,1
500000,38,0,0
160000,49,0,2
30000,48,0,2
180000,32,0,1
50000,24,0,1
300000,39,0,0
500000,40,0,0
80000,23,0,1
120000,36,0,1
500000,41,0,0
190000,37,0,1
70000,34,0,1
180000,34,0,1
260000,38,0,0
100000,24,0,1
50000,46,0,2
150000,46,0,2
180000,41,0,2
80000,41,0,2
260000,46,0,2
370000,40,0,0
310000,30,0,0
200000,67,1,2
20000,57,0,2
340000,28,0,0
230000,27,0,1
220000,30,0,1
50000,34,0,1
30000,22,1,1
70000,49,0,2
200000,35,0,1
50000,37,0,1
230000,37,1,0
400000,40,0,0
90000,29,0,1
140000,31,0,1
290000,28,0,0
160000,28,0,1
440000,54,0,0
80000,47,0,2
150000,40,0,2
160000,26,0,1
30000,33,0,1
280000,39,1,0
170000,34,0,1
120000,28,0,1
100000,25,1,1
470000,42,0,0
60000,29,1,1
10000,53,1,2
120000,47,1,2
200000,38,0,2
350000,53,0,0
400000,40,0,0
110000,31,1,1
340000,29,0,0
140000,29,0,1
100000,24,0,1
450000,25,0,0
50000,32,0,1
160000,29,0,1
50000,34,0,1
190000,31,0,1
270000,26,0,0
350000,36,0,0
280000,34,1,0
200000,69,0,2
30000,22,0,1
100000,32,0,1
10000,22,0,1
500000,40,1,0
50000,33,0,1
130000,27,0,1
140000,31,0,1
380000,36,1,0
100000,51,1,2
20000,38,0,2
180000,26,0,1
90000,30,0,1
70000,43,0,2
20000,23,1,1
340000,47,0,0
30000,22,1,1
160000,30,0,1
60000,51,0,2
70000,32,0,1
140000,59,0,2
140000,30,0,1
310000,31,0,0
210000,33,0,1
10000,23,0,1
30000,40,0,2
130000,42,1,2
360000,58,1,2
20000,43,0,2
50000,36,0,1
360000,26,0,0
80000,36,1,1
10000,22,0,1
140000,27,1,1
90000,38,0,2
380000,58,0,0
230000,46,0,2
80000,44,0,2
60000,36,0,1
140000,29,0,1
400000,35,0,0
530000,35,0,0
50000,26,0,1
30000,63,0,2
500000,41,0,0
50000,50,0,2
30000,22,1,1
160000,37,0,1
20000,27,0,1
260000,42,0,0
390000,32,0,0
300000,72,0,2
50000,31,1,1
70000,27,0,1
150000,30,0,1
200000,46,0,2
220000,48,0,2
100000,39,0,2
140000,61,0,2
50000,34,0,1
200000,42,1,2
50000,40,0,2
80000,29,1,1
50000,38,1,2
260000,46,1,2
200000,69,0,2
50000,34,0,1
210000,34,0,1
140000,31,0,1
210000,30,0,1
80000,29,0,1
300000,48,0,0
450000,53,0,0
50000,41,0,2
120000,35,0,1
30000,25,1,1
20000,23,0,1
100000,30,0,1
20000,24,1,1
70000,31,0,1
140000,49,1,2
250000,53,0,2
10000,24,1,1
160000,36,0,1
130000,29,0,1
260000,38,0,0
200000,37,0,1
150000,33,0,1
20000,29,0,1
280000,36,0,0
50000,23,0,1
30000,33,1,1
20000,61,1,2
20000,51,1,2
210000,34,0,1
370000,34,0,0
500000,42,1,0
400000,37,0,0
230000,27,0,1
180000,40,0,2
20000,23,1,1
160000,41,0,2
90000,40,0,2
400000,44,0,0
10000,50,0,2
360000,27,0,0
80000,39,0,2
200000,45,0,2
110000,23,0,1
50000,29,1,1
170000,36,0,1
50000,26,0,1
150000,39,1,2
220000,29,0,1
230000,31,0,1
60000,22,0,1
440000,36,0,0
50000,38,1,2
150000,37,0,1
10000,22,1,1
10000,31,0,1
180000,29,0,1
450000,48,0,0
490000,27,0,0
300000,31,0,0
70000,29,0,1
20000,24,0,1
90000,36,0,1
50000,26,0,1
180000,46,0,2
190000,40,0,2
90000,26,0,1
50000,38,0,2
200000,33,1,1
90000,23,0,1
400000,27,0,0
340000,32,0,0
290000,31,0,0
60000,37,0,1
10000,44,1,2
200000,38,0,2
200000,38,0,2
300000,29,1,0
430000,38,0,0
70000,32,0,1
10000,23,0,1
20000,31,1,1
180000,35,0,1
50000,54,0,2
120000,32,0,1
20000,23,0,1
580000,31,0,0
50000,51,0,2
100000,52,0,2
120000,50,0,2
130000,44,1,2
180000,70,0,2
20000,22,1,1
360000,36,0,0
240000,34,1,0
370000,38,1,0
130000,37,1,1
50000,26,0,1
140000,62,0,2
170000,30,0,1
50000,38,0,2
260000,46,0,2
80000,25,1,1
300000,38,0,0
350000,29,0,0
10000,33,0,1
50000,28,0,1
60000,29,0,1
20000,36,1,1
250000,45,0,2
140000,29,0,1
220000,25,0,1
50000,34,0,1
400000,27,0,0
110000,27,0,1
130000,33,0,1
90000,28,0,1
20000,22,1,1
200000,28,0,1
30000,25,1,1
140000,27,1,1
300000,28,0,0
170000,40,1,2
30000,36,0,1
50000,25,0,1
50000,28,0,1
200000,40,0,2
30000,23,1,1
360000,27,0,0
20000,25,0,1
20000,36,0,1
700000,28,0,0
50000,44,0,2
100000,32,1,1
20000,46,0,2
50000,25,1,1
200000,29,1,1
270000,48,1,2
290000,43,0,0
160000,28,0,1
100000,28,0,1
500000,49,0,0
310000,33,0,0
220000,43,1,2
330000,39,0,0
60000,26,0,1
400000,34,0,0
300000,28,0,0
50000,56,0,2
230000,43,1,2
160000,26,0,1
50000,41,1,2
130000,29,0,1
210000,28,0,1
360000,35,1,0
20000,27,1,1
360000,31,0,0
180000,37,0,1
240000,33,0,0
150000,25,1,1
250000,26,0,1
130000,25,0,1
320000,44,0,0
60000,49,1,2
50000,29,1,1
170000,30,0,1
280000,32,0,0
100000,27,0,1
50000,21,0,1
10000,23,0,1
50000,47,1,2
50000,37,0,1
50000,53,0,2
220000,49,0,2
360000,37,0,0
180000,28,0,1
30000,28,0,1
180000,40,0,2
250000,33,0,0
50000,33,0,1
330000,50,0,0
400000,29,0,0
20000,52,0,2
110000,52,0,2
360000,33,0,0
150000,28,0,1
70000,29,0,1
200000,41,0,2
130000,28,1,1
270000,34,0,0
210000,37,0,0
140000,30,0,1
140000,32,0,1
360000,30,0,0
130000,43,0,2
190000,46,0,2
270000,26,0,0
20000,30,0,1
370000,27,0,0
60000,51,1,2
50000,42,0,2
120000,30,0,1
30000,38,0,2
170000,40,0,2
110000,24,0,1
360000,56,0,0
200000,48,0,2
80000,28,1,1
210000,34,0,1
380000,30,0,0
60000,28,0,1
30000,24,1,1
110000,43,0,2
360000,33,0,0
260000,43,0,0
180000,28,0,1
500000,39,0,0
200000,49,0,2
80000,24,0,1
260000,27,0,1
450000,58,0,0
150000,32,0,1
440000,37,0,0
360000,44,1,0
170000,49,1,2
170000,45,0,2
320000,28,0,0
90000,29,1,1
180000,38,0,2
30000,53,0,2
150000,49,0,2
280000,34,0,0
90000,32,0,1
300000,51,1,2
670000,28,0,0
50000,29,0,1
80000,28,0,1
240000,31,0,0
190000,44,0,2
460000,36,0,0
380000,52,0,0
140000,27,0,1
20000,25,0,1
130000,25,0,1
160000,51,1,2
330000,45,0,0
120000,39,0,2
200000,34,0,1
20000,50,0,2
400000,33,0,0
50000,23,1,1
20000,24,0,1
200000,31,0,1
80000,29,0,1
140000,34,0,1
180000,43,1,2
310000,41,0,0
350000,42,0,0
10000,24,0,1
260000,50,0,2
290000,29,1,0
360000,30,0,0
150000,24,0,1
80000,28,1,1
120000,29,0,1
100000,41,0,2
50000,42,1,2
260000,28,0,0
70000,25,1,1
180000,48,0,2
130000,51,0,2
290000,35,0,0
50000,37,0,1
80000,37,1,1
220000,39,0,0
20000,32,0,1
50000,52,0,2
500000,43,0,0
70000,25,0,1
230000,45,1,2
150000,36,0,1
200000,25,0,1
100000,55,0,2
200000,38,0,2
60000,25,1,1
60000,54,0,2
300000,36,0,0
150000,30,0,1
50000,24,0,1
110000,28,1,1
80000,43,1,2
20000,45,0,2
180000,42,0,2
120000,36,0,1
100000,45,0,2
360000,32,0,0
130000,34,0,1
310000,32,0,0
200000,32,0,1
20000,26,0,1
20000,53,1,2
260000,40,0,0
380000,38,0,0
280000,30,0,0
200000,27,0,1
230000,40,0,0
50000,25,1,1
100000,32,0,1
340000,40,0,0
140000,45,0,2
170000,47,0,2
80000,29,0,1
420000,29,0,0
50000,27,0,1
20000,22,0,1
20000,23,1,1
310000,38,0,0
280000,46,1,0
470000,37,0,0
290000,60,0,2
160000,27,0,1
230000,37,0,0
130000,27,0,1
110000,29,0,1
510000,35,0,0
130000,46,1,2
20000,53,1,2
90000,27,0,1
70000,26,1,1
160000,36,1,1
50000,38,1,2
300000,53,0,2
280000,42,0,0
90000,58,0,2
70000,71,0,2
200000,36,0,1
30000,32,0,1
10000,40,1,2
50000,29,1,1
110000,51,0,2
30000,51,1,2
60000,34,1,1
60000,38,0,2
100000,29,0,1
70000,29,0,1
30000,26,0,1
360000,33,0,0
320000,48,0,0
130000,30,0,1
230000,27,0,1
50000,38,0,2
310000,34,0,0
200000,48,0,2
270000,38,0,0
150000,46,0,2
500000,36,0,0
330000,42,0,0
50000,28,1,1
360000,36,0,0
120000,29,0,1
430000,41,0,0
310000,30,0,0
130000,25,0,1
170000,48,1,2
220000,32,0,1
200000,28,0,1
200000,50,0,2
120000,32,0,1
80000,26,1,1
80000,31,0,1
160000,41,1,2
270000,29,0,0
240000,35,0,0
150000,35,0,1
100000,25,0,1
140000,29,0,1
100000,42,0,2
240000,34,0,0
210000,41,0,2
80000,27,0,1
80000,26,1,1
60000,41,0,2
170000,28,0,1
110000,26,0,1
190000,39,1,2
140000,27,0,1
220000,53,1,2
100000,28,0,1
310000,44,0,0
180000,41,0,2
70000,50,0,2
200000,32,0,1
90000,34,0,1
30000,28,0,1
360000,30,0,0
10000,49,1,2
20000,22,0,1
340000,42,0,0
310000,30,0,0
40000,36,0,1
80000,39,0,2
500000,55,1,0
500000,44,0,0
260000,30,0,0
200000,57,0,2
130000,29,0,1
210000,31,0,1
140000,27,0,1
180000,29,0,1
500000,41,0,0
180000,38,1,2
230000,28,0,1
230000,40,0,0
500000,53,0,0
420000,31,1,0
160000,26,0,1
80000,60,0,2
240000,32,0,0
260000,51,0,2
90000,45,0,2
390000,42,0,0
200000,41,0,2
500000,32,0,0
210000,37,0,0
230000,38,0,0
30000,55,1,2
170000,28,0,1
120000,59,0,2
80000,44,1,2
200000,31,0,1
100000,52,1,2
50000,43,1,2
50000,37,1,1
60000,35,0,1
360000,31,0,0
70000,31,1,1
30000,44,0,2
280000,56,1,2
20000,28,0,1
440000,42,0,0
290000,37,0,0
260000,30,0,0
20000,23,1,1
50000,41,0,2
180000,35,0,1
440000,33,0,0
170000,36,0,1
20000,41,0,2
500000,30,0,0
110000,31,0,1
210000,33,0,1
230000,44,1,2
100000,43,0,2
200000,27,0,1
230000,34,1,0
420000,34,0,0
130000,49,0,2
200000,30,0,1
50000,30,0,1
50000,28,0,1
20000,48,1,2
30000,51,0,2
200000,31,0,1
80000,42,0,2
50000,28,0,1
70000,30,0,1
300000,33,0,0
270000,31,0,0
170000,29,0,1
260000,59,0,2
500000,30,0,0
280000,37,0,0
280000,29,0,0
180000,40,0,2
50000,54,0,2
200000,37,0,1
230000,37,0,0
360000,53,0,0
360000,30,0,0
150000,45,0,2
460000,43,0,0
280000,38,1,0
200000,46,0,2
10000,27,1,1
10000,24,1,1
20000,35,1,1
150000,27,1,1
360000,28,0,0
140000,39,0,2
180000,52,0,2
80000,45,0,2
140000,28,1,1
50000,43,0,2
250000,51,0,2
130000,29,1,1
260000,33,0,0
30000,34,0,1
210000,27,1,1
50000,44,1,2
190000,55,1,2
580000,36,0,0
120000,32,0,1
110000,29,0,1
60000,57,0,2
50000,30,0,1
80000,54,0,2
50000,51,0,2
50000,26,0,1
230000,32,0,1
400000,29,0,0
100000,27,0,1
20000,26,0,1
20000,53,0,2
250000,30,0,0
360000,31,0,0
110000,40,0,2
270000,60,1,2
80000,24,0,1
170000,33,0,1
50000,27,0,1
20000,25,0,1
230000,44,0,2
420000,50,0,0
30000,41,0,2
400000,29,0,0
20000,25,0,1
70000,29,0,1
50000,26,0,1
120000,49,0,2
300000,42,0,0
50000,22,0,1
100000,27,0,1
360000,31,0,0
150000,31,0,1
320000,40,0,0
290000,28,0,0
160000,30,0,1
360000,34,0,0
20000,24,0,1
310000,34,0,0
30000,34,0,1
70000,31,0,1
10000,35,0,1
200000,31,0,1
180000,27,0,1
50000,28,0,1
140000,28,0,1
100000,49,0,2
100000,30,0,1
240000,30,0,1
180000,43,0,2
310000,29,0,0
400000,49,0,0
290000,37,0,0
130000,52,0,2
50000,33,0,1
20000,25,0,1
600000,38,0,0
120000,28,1,1
220000,51,1,2
210000,38,0,0
360000,27,0,0
50000,47,0,2
70000,30,0,1
50000,43,0,2
130000,32,0,1
130000,40,0,2
290000,40,0,0
200000,46,0,2
110000,36,0,1
570000,33,0,0
30000,46,0,2
150000,41,0,2
20000,50,1,2
50000,23,0,1
20000,25,0,1
60000,24,0,1
20000,23,1,1
520000,47,0,0
320000,34,0,0
240000,62,0,2
130000,33,0,1
210000,27,0,1
50000,22,0,1
190000,27,0,1
360000,47,0,0
150000,34,0,1
70000,39,0,2
30000,29,0,1
90000,42,1,2
140000,32,0,1
50000,34,0,1
60000,30,0,1
210000,30,0,1
400000,27,0,0
20000,38,0,2
80000,35,0,1
140000,30,1,1
50000,23,0,1
100000,27,0,1
60000,57,0,2
160000,40,0,2
160000,40,0,2
50000,33,1,1
270000,41,0,0
130000,27,0,1
20000,45,0,2
240000,36,0,0
80000,56,0,2
70000,26,0,1
480000,48,0,0
20000,32,0,1
180000,36,0,1
280000,36,0,0
110000,32,0,1
120000,28,0,1
20000,27,0,1
50000,23,0,1
300000,34,1,0
80000,26,0,1
160000,48,0,2
200000,42,1,2
210000,27,0,1
290000,36,0,0
10000,23,0,1
210000,54,0,2
80000,33,0,1
120000,51,0,2
200000,54,1,2
90000,52,0,2
400000,42,0,0
500000,47,0,0
80000,42,0,2
70000,24,1,1
210000,39,0,2
220000,48,1,2
340000,27,0,0
50000,33,1,1
70000,43,0,2
50000,28,0,1
230000,23,0,1
210000,36,0,0
50000,54,0,2
50000,49,0,2
130000,55,0,2
360000,30,0,0
200000,44,0,2
290000,36,0,0
160000,27,0,1
180000,28,0,1
230000,27,0,1
190000,29,0,1
110000,32,0,1
200000,37,0,1
50000,32,0,1
140000,35,0,1
250000,43,0,0
20000,50,0,2
10000,22,0,1
80000,54,1,2
20000,33,0,1
90000,26,0,1
100000,28,0,1
100000,29,1,1
240000,50,0,2
160000,23,1,1
500000,34,0,0
210000,26,0,1
290000,29,0,0
50000,22,0,1
10000,22,0,1
180000,38,0,2
180000,43,1,2
360000,37,1,0
10000,23,1,1
30000,36,1,1
250000,40,0,0
80000,30,0,1
30000,44,0,2
20000,37,0,1
470000,32,1,0
60000,31,1,1
80000,27,0,1
190000,27,0,1
170000,61,0,2
320000,37,0,0
230000,48,1,2
50000,32,1,1
110000,29,0,1
140000,23,0,1
100000,39,0,2
270000,45,1,0
50000,27,0,1
200000,32,0,1
20000,25,0,1
80000,29,1,1
360000,46,0,0
200000,30,0,1
280000,38,0,0
360000,29,0,0
500000,31,0,0
100000,36,0,1
50000,30,0,1
50000,53,1,2
390000,28,0,0
60000,46,0,2
120000,28,0,1
140000,44,0,2
70000,45,0,2
220000,32,0,1
140000,34,0,1
50000,46,0,2
20000,25,1,1
20000,25,0,1
140000,33,0,1
360000,35,0,0
490000,29,0,0
190000,28,1,1
100000,30,0,1
20000,52,0,2
140000,27,0,1
180000,35,0,1
60000,29,0,1
130000,54,0,2
160000,30,0,1
20000,41,0,2
50000,23,0,1
360000,48,0,0
200000,42,1,2
80000,27,0,1
20000,35,1,1
320000,35,1,0
120000,33,1,1
130000,25,0,1
60000,24,1,1
300000,31,1,0
430000,31,0,0
120000,27,0,1
180000,37,0,1
80000,34,0,1
20000,23,1,1
20000,50,1,2
80000,31,0,1
110000,49,0,2
50000,22,0,1
30000,23,0,1
30000,38,0,2
30000,22,1,1
210000,35,0,1
130000,28,0,1
70000,41,0,2
80000,32,1,1
100000,29,0,1
150000,28,0,1
30000,45,0,2
90000,28,1,1
450000,67,1,0
130000,37,0,1
130000,49,1,2
80000,32,1,1
120000,30,0,1
90000,33,0,1
420000,32,0,0
180000,42,0,2
30000,30,1,1
190000,42,1,2
180000,42,0,2
20000,24,0,1
250000,29,0,1
170000,35,0,1
100000,34,0,1
260000,42,0,0
60000,25,0,1
120000,23,0,1
340000,34,0,0
110000,55,0,2
400000,51,0,0
370000,50,0,0
500000,44,0,0
80000,41,1,2
80000,27,0,1
70000,27,1,1
50000,23,0,1
180000,26,0,1
300000,30,0,0
10000,31,0,1
80000,30,1,1
360000,28,0,0
150000,24,0,1
110000,48,0,2
200000,32,0,1
200000,49,1,2
50000,23,1,1
320000,30,0,0
80000,23,1,1
30000,29,1,1
110000,39,0,2
150000,55,0,2
200000,30,1,1
100000,45,0,2
470000,35,0,0
50000,22,1,1
360000,27,0,0
200000,35,0,1
500000,49,0,0
170000,48,0,2
20000,26,1,1
140000,26,1,1
20000,30,0,1
50000,25,0,1
50000,39,1,2
50000,28,1,1
110000,62,0,2
350000,31,0,0
50000,54,1,2
20000,29,0,1
480000,33,0,0
100000,26,0,1
180000,43,0,2
110000,51,0,2
20000,24,1,1
200000,25,0,1
100000,37,0,1
60000,31,0,1
170000,27,0,1
200000,28,0,1
50000,24,1,1
100000,28,0,1
210000,35,1,1
260000,38,0,0
150000,33,0,1
70000,48,0,2
70000,24,0,1
150000,29,0,1
60000,24,0,1
50000,48,0,2
240000,55,0,2
330000,41,0,0
50000,40,0,2
20000,26,0,1
220000,34,0,1
50000,23,0,1
10000,25,0,1
50000,42,0,2
260000,53,0,2
100000,50,0,2
200000,30,0,1
20000,37,1,1
170000,29,0,1
240000,45,0,2
20000,47,1,2
450000,39,0,0
360000,42,0,0
10000,36,0,1
260000,65,1,2
20000,54,0,2
110000,29,1,1
180000,30,1,1
350000,43,0,0
80000,24,0,1
330000,34,1,0
470000,27,0,0
20000,24,0,1
260000,34,0,0
10000,42,0,2
80000,41,0,2
170000,30,0,1
90000,42,1,2
500000,42,0,0
60000,26,0,1
360000,57,0,2
210000,44,1,2
120000,47,0,2
80000,22,0,1
410000,34,1,0
150000,41,0,2
200000,30,0,1
30000,42,1,2
50000,46,1,2
260000,33,0,0
50000,26,0,1
240000,65,0,2
120000,30,0,1
50000,46,1,2
110000,27,0,1
80000,48,0,2
360000,42,0,0
210000,33,0,1
80000,46,1,2
300000,61,0,2
80000,28,0,1
360000,38,1,0
120000,54,0,2
80000,29,0,1
30000,45,1,2
400000,46,1,0
220000,39,0,0
100000,39,0,2
210000,25,0,1
260000,36,0,0
310000,46,0,0
30000,23,1,1
30000,51,0,2
100000,47,0,2
190000,26,0,1
50000,23,0,1
210000,35,0,1
480000,39,0,0
170000,60,1,2
30000,38,0,2
80000,29,0,1
230000,26,0,1
290000,35,0,0
120000,42,0,2
370000,45,0,0
220000,25,0,1
450000,37,0,0
30000,48,0,2
500000,50,0,0
50000,31,0,1
350000,44,1,0
200000,49,0,2
160000,34,0,1
260000,43,0,0
500000,47,0,0
160000,55,0,2
20000,26,1,1
70000,47,0,2
230000,30,0,1
40000,24,1,1
500000,44,0,0
140000,29,0,1
240000,46,0,2
130000,27,0,1
420000,31,0,0
330000,33,0,0
240000,29,0,1
280000,32,0,0
130000,32,0,1
230000,32,0,1
60000,33,0,1
150000,33,0,1
180000,29,0,1
70000,29,0,1
360000,55,0,0
60000,25,1,1
240000,35,0,0
50000,23,1,1
70000,51,0,2
100000,22,0,1
20000,38,0,2
230000,32,0,1
90000,50,0,2
470000,45,0,0
190000,28,1,1
140000,33,0,1
100000,27,1,1
50000,22,0,1
120000,30,0,1
720000,38,0,0
170000,27,0,1
70000,62,0,2
50000,23,1,1
130000,29,0,1
50000,33,1,1
140000,27,0,1
490000,35,0,0
360000,54,0,0
30000,52,0,2
100000,43,0,2
100000,32,0,1
30000,58,0,2
360000,37,0,0
20000,40,0,2
110000,24,0,1
140000,38,0,2
180000,37,0,1
250000,25,0,1
30000,55,1,2
20000,25,1,1
170000,42,0,2
200000,40,1,2
130000,43,0,2
100000,29,1,1
210000,33,0,1
240000,40,0,0
70000,39,1,2
150000,28,1,1
430000,34,0,0
80000,48,0,2
280000,50,0,2
150000,27,0,1
30000,22,0,1
200000,56,0,2
200000,41,1,2
60000,28,0,1
30000,45,0,2
20000,46,0,2
240000,35,0,0
90000,30,0,1
20000,22,0,1
30000,48,0,2
220000,39,1,0
20000,24,0,1
20000,56,0,2
110000,24,1,1
60000,26,0,1
360000,29,1,0
20000,27,0,1
70000,23,0,1
250000,37,0,0
140000,31,0,1
100000,31,0,1
220000,42,0,2
500000,45,0,0
200000,28,0,1
50000,27,0,1
170000,42,0,2
80000,38,0,2
30000,23,0,1
180000,27,0,1
200000,39,0,2
30000,30,1,1
70000,24,1,1
130000,26,1,1
380000,40,0,0
210000,40,0,2
160000,38,0,2
350000,36,0,0
30000,25,1,1
300000,36,0,0
140000,27,0,1
20000,24,0,1
50000,45,0,2
150000,26,0,1
380000,43,0,0
20000,27,0,1
120000,37,0,1
200000,30,0,1
230000,28,0,1
50000,43,0,2
70000,23,0,1
240000,41,0,0
10000,25,1,1
80000,27,1,1
160000,25,0,1
100000,24,0,1
200000,29,0,1
360000,53,1,0
210000,29,0,1
420000,28,0,0
90000,36,0,1
210000,53,0,2
360000,41,0,0
80000,25,0,1
210000,29,0,1
80000,28,0,1
130000,38,0,2
280000,37,0,0
30000,39,0,2
450000,36,0,0
310000,32,0,0
210000,37,0,0
20000,25,0,1
220000,54,0,2
280000,44,0,0
80000,40,0,2
80000,43,1,2
20000,22,0,1
400000,49,0,0
90000,39,0,2
30000,33,0,1
30000,31,0,1
30000,38,0,2
500000,38,0,0
30000,46,0,2
10000,27,1,1
280000,39,0,0
20000,36,0,1
200000,29,0,1
50000,35,1,1
50000,35,0,1
240000,38,0,0
160000,31,0,1
90000,24,0,1
150000,31,0,1
190000,27,0,1
110000,33,0,1
130000,26,1,1
260000,36,0,0
200000,33,0,1
30000,26,1,1
110000,45,0,2
200000,35,0,1
460000,51,0,0
50000,25,0,1
140000,34,0,1
330000,35,0,0
60000,27,1,1
500000,40,0,0
300000,28,0,0
40000,59,0,2
150000,38,1,2
500000,56,0,0
290000,41,0,0
100000,33,0,1
150000,28,0,1
160000,31,0,1
260000,32,0,0
250000,55,0,2
180000,26,0,1
20000,23,1,1
370000,46,0,0
20000,40,0,2
20000,21,0,1
80000,60,0,2
150000,26,0,1
50000,34,0,1
170000,34,0,1
80000,26,0,1
360000,36,0,0
30000,21,0,1
460000,57,0,0
500000,29,1,0
50000,37,0,1
70000,44,0,2
290000,38,1,0
110000,26,0,1
240000,34,0,0
210000,25,0,1
200000,25,1,1
290000,29,0,0
20000,22,0,1
50000,24,0,1
120000,47,0,2
120000,31,1,1
360000,31,0,0
70000,40,1,2
150000,53,0,2
500000,47,0,0
50000,30,0,1
460000,34,0,0
150000,29,0,1
170000,27,0,1
30000,21,0,1
290000,29,0,0
50000,24,0,1
90000,24,0,1
290000,25,0,0
90000,54,0,2
80000,28,0,1
110000,30,0,1
370000,42,0,0
360000,32,0,0
210000,42,1,2
300000,36,0,0
150000,29,0,1
280000,30,1,0
50000,33,1,1
240000,26,0,1
100000,25,0,1
420000,30,0,0
70000,41,1,2
30000,36,1,1
20000,23,0,1
150000,44,0,2
120000,26,0,1
240000,28,0,1
500000,34,0,0
50000,42,0,2
80000,37,1,1
190000,47,0,2
200000,40,0,2
230000,33,0,0
50000,44,0,2
100000,27,0,1
290000,30,0,0
150000,36,0,1
270000,50,0,2
390000,29,0,0
50000,33,0,1
150000,51,0,2
30000,25,0,1
20000,23,1,1
40000,24,0,1
100000,39,0,2
120000,35,1,1
50000,60,0,2
90000,30,0,1
120000,41,0,2
50000,50,0,2
30000,38,0,2
220000,46,0,2
50000,46,1,2
60000,32,1,1
280000,36,0,0
150000,41,0,2
180000,30,1,1
90000,24,1,1
170000,30,1,1
60000,42,0,2
170000,33,0,1
280000,36,1,0
430000,38,0,0
140000,33,0,1
260000,36,1,0
380000,39,1,0
20000,23,0,1
50000,50,1,2
180000,30,0,1
470000,26,0,0
60000,52,0,2
210000,43,0,2
100000,24,0,1
60000,37,1,1
80000,28,0,1
500000,58,1,0
90000,29,0,1
110000,25,0,1
260000,29,1,0
30000,26,1,1
50000,51,1,2
60000,23,0,1
130000,38,1,2
120000,25,0,1
140000,39,1,2
20000,29,1,1
200000,58,0,2
270000,52,0,2
150000,24,0,1
310000,28,0,0
50000,38,0,2
240000,38,0,0
150000,43,0,2
100000,40,1,2
50000,24,0,1
140000,25,0,1
120000,26,0,1
500000,48,0,0
260000,28,0,0
50000,49,0,2
10000,23,0,1
240000,34,0,0
60000,41,1,2
70000,41,0,2
220000,43,1,2
430000,48,0,0
30000,49,0,2
60000,24,0,1
140000,37,1,1
20000,45,1,2
160000,29,0,1
50000,50,0,2
10000,38,1,2
20000,34,0,1
300000,36,1,0
140000,27,0,1
140000,26,0,1
230000,40,0,0
60000,29,0,1
100000,25,1,1
50000,46,0,2
360000,26,0,0
50000,58,0,2
100000,47,0,2
20000,22,0,1
80000,27,1,1
110000,27,0,1
50000,22,0,1
130000,27,0,1
80000,22,0,1
100000,27,0,1
500000,46,0,0
140000,32,1,1
50000,54,0,2
150000,33,1,1
30000,28,0,1
20000,21,0,1
40000,38,0,2
160000,41,0,2
20000,31,1,1
500000,32,0,0
50000,26,0,1
140000,32,0,1
480000,63,0,0
100000,31,0,1
390000,41,0,0
200000,31,1,1
110000,32,0,1
60000,36,1,1
200000,39,0,2
260000,29,0,0
50000,41,0,2
200000,31,0,1
80000,23,0,1
90000,40,0,2
130000,24,0,1
240000,33,0,0
200000,37,0,1
140000,42,1,2
210000,43,0,2
380000,29,0,0
210000,50,1,2
20000,47,1,2
200000,37,0,1
150000,44,0,2
160000,30,0,1
30000,23,1,1
120000,30,1,1
20000,40,1,2
210000,49,0,2
60000,24,1,1
50000,63,0,2
180000,46,0,2
180000,32,0,1
80000,35,0,1
80000,39,0,2
280000,27,0,0
120000,46,0,2
20000,23,0,1
80000,26,0,1
20000,27,0,1
230000,43,1,2
420000,30,0,0
300000,35,0,0
150000,45,0,2
120000,42,0,2
360000,40,0,0
170000,44,0,2
420000,42,0,0
30000,32,0,1
50000,28,0,1
200000,26,0,1
500000,28,0,0
200000,45,0,2
310000,36,0,0
200000,40,0,2
80000,22,1,1
330000,26,0,0
100000,29,0,1
90000,28,1,1
30000,50,1,2
50000,28,1,1
150000,31,0,1
50000,26,0,1
10000,30,1,1
230000,34,0,0
80000,41,0,2
20000,22,1,1
100000,22,0,1
30000,53,1,2
80000,28,1,1
20000,22,1,1
250000,37,0,0
50000,26,0,1
380000,44,0,0
290000,32,0,0
150000,27,0,1
120000,27,0,1
350000,31,0,0
60000,29,1,1
280000,31,0,0
210000,32,0,1
60000,27,0,1
280000,29,0,0
50000,55,0,2
60000,31,1,1
50000,47,0,2
150000,31,0,1
20000,21,0,1
60000,35,1,1
360000,46,0,0
50000,49,0,2
20000,38,1,2
320000,29,0,0
320000,27,0,0
20000,27,0,1
150000,45,0,2
180000,37,0,1
210000,38,0,0
500000,38,0,0
50000,39,0,2
320000,33,1,0
100000,38,0,2
350000,36,0,0
20000,25,0,1
40000,24,1,1
400000,46,0,0
400000,30,0,0
50000,25,1,1
300000,41,0,0
20000,53,0,2
200000,41,0,2
50000,34,0,1
450000,26,0,0
260000,29,0,0
280000,32,0,0
70000,41,0,2
120000,28,1,1
300000,37,0,0
30000,23,1,1
580000,57,0,0
110000,29,1,1
50000,23,0,1
140000,49,0,2
180000,42,0,2
160000,41,0,2
250000,41,1,0
260000,28,0,0
320000,31,0,0
230000,30,0,1
50000,25,0,1
360000,34,0,0
110000,24,0,1
320000,34,0,0
170000,44,0,2
300000,29,0,0
140000,25,1,1
70000,33,0,1
500000,38,1,0
80000,29,1,1
80000,27,0,1
30000,57,0,2
80000,25,1,1
170000,28,0,1
130000,43,0,2
170000,37,0,1
500000,39,0,0
130000,27,0,1
210000,30,0,1
30000,23,0,1
350000,33,0,0
170000,33,0,1
200000,29,0,1
100000,33,0,1
50000,32,1,1
60000,26,0,1
90000,27,0,1
80000,36,0,1
60000,48,1,2
50000,51,0,2
50000,23,0,1
50000,29,0,1
110000,28,0,1
230000,32,0,1
500000,39,0,0
80000,34,0,1
10000,37,0,1
80000,51,1,2
90000,23,0,1
30000,24,1,1
130000,27,1,1
260000,25,0,1
60000,24,0,1
260000,40,0,0
200000,32,0,1
200000,32,0,1
70000,26,0,1
50000,48,1,2
500000,34,0,0
200000,34,0,1
110000,25,0,1
200000,39,0,2
80000,45,0,2
100000,26,0,1
110000,44,0,2
60000,34,0,1
70000,25,0,1
80000,52,0,2
170000,36,0,1
100000,25,0,1
20000,28,1,1
150000,27,1,1
290000,29,0,0
60000,26,0,1
170000,27,0,1
430000,29,0,0
30000,24,0,1
50000,36,0,1
200000,44,0,2
70000,25,0,1
100000,26,0,1
200000,46,0,2
250000,26,0,1
90000,25,0,1
230000,30,0,1
200000,30,0,1
220000,40,0,2
230000,35,0,0
160000,29,1,1
80000,51,1,2
180000,32,1,1
160000,38,0,2
200000,50,0,2
50000,58,0,2
240000,41,1,0
200000,40,0,2
500000,29,0,0
30000,22,1,1
160000,33,0,1
120000,29,1,1
50000,27,0,1
30000,23,0,1
140000,60,1,2
90000,47,0,2
50000,30,1,1
60000,46,0,2
140000,28,0,1
180000,70,0,2
100000,29,1,1
110000,26,0,1
50000,41,1,2
30000,29,0,1
60000,51,0,2
250000,43,0,0
90000,41,1,2
360000,39,0,0
300000,25,0,0
150000,31,0,1
220000,39,0,0
360000,38,0,0
50000,55,0,2
150000,37,0,1
90000,34,0,1
90000,31,0,1
50000,50,0,2
30000,22,0,1
180000,56,1,2
100000,31,0,1
200000,25,1,1
200000,46,0,2
340000,52,1,0
20000,33,0,1
180000,35,0,1
300000,48,0,0
370000,30,0,0
50000,56,0,2
400000,40,0,0
90000,25,0,1
200000,26,0,1
20000,24,0,1
280000,37,0,0
80000,59,0,2
200000,27,0,1
10000,22,1,1
500000,38,0,0
150000,30,0,1
70000,24,0,1
110000,31,0,1
10000,22,1,1
20000,21,0,1
500000,41,0,0
350000,37,0,0
150000,23,0,1
60000,48,0,2
280000,63,1,2
140000,41,0,2
150000,51,0,2
50000,64,0,2
200000,23,1,1
50000,54,0,2
20000,32,0,1
200000,32,0,1
20000,44,0,2
220000,30,0,1
380000,30,1,0
250000,25,0,1
230000,29,0,1
100000,46,0,2
700000,36,0,0
30000,29,1,1
170000,27,0,1
50000,25,0,1
20000,21,0,1
200000,34,0,1
250000,27,0,1
240000,42,0,0
30000,28,0,1
30000,34,0,1
50000,46,0,2
200000,37,0,1
150000,31,0,1
30000,25,1,1
180000,30,0,1
100000,53,1,2
450000,41,0,0
350000,42,0,0
200000,37,0,1
70000,25,0,1
210000,56,0,2
70000,38,0,2
20000,26,0,1
80000,48,0,2
350000,44,0,0
50000,49,0,2
200000,44,0,2
480000,41,0,0
30000,23,0,1
60000,26,0,1
120000,22,0,1
50000,29,0,1
80000,37,0,1
130000,48,0,2
350000,28,0,0
200000,38,0,2
130000,24,0,1
380000,27,0,0
130000,48,0,2
80000,23,0,1
60000,28,1,1
200000,36,0,1
250000,26,0,1
20000,22,0,1
160000,24,0,1
60000,29,0,1
80000,26,0,1
200000,38,0,2
50000,38,0,2
70000,27,0,1
200000,34,1,1
40000,27,0,1
210000,45,0,2
230000,42,0,2
50000,23,1,1
300000,43,1,0
90000,32,1,1
50000,26,0,1
50000,38,1,2
30000,30,1,1
500000,49,0,0
50000,26,0,1
160000,54,1,2
230000,27,0,1
20000,40,0,2
60000,31,1,1
30000,39,1,2
60000,24,1,1
300000,43,0,0
200000,49,0,2
20000,40,0,2
20000,31,0,1
120000,29,0,1
80000,35,0,1
50000,26,0,1
50000,55,0,2
90000,28,1,1
270000,49,0,2
20000,22,0,1
30000,47,0,2
70000,31,0,1
360000,32,0,0
100000,56,1,2
120000,40,0,2
50000,38,0,2
240000,28,0,1
20000,57,0,2
200000,39,0,2
40000,42,0,2
230000,31,0,1
140000,55,0,2
300000,38,0,0
50000,51,0,2
180000,38,1,2
180000,31,0,1
230000,31,0,1
290000,47,0,0
300000,26,0,0
120000,30,0,1
70000,29,0,1
240000,37,1,0
100000,56,0,2
10000,23,1,1
70000,23,0,1
230000,29,0,1
230000,45,0,2
80000,50,0,2
320000,37,0,0
100000,42,0,2
150000,25,0,1
280000,40,0,0
180000,33,0,1
140000,41,0,2
170000,45,0,2
120000,48,0,2
150000,43,0,2
80000,27,0,1
50000,41,1,2
200000,32,0,1
80000,38,0,2
20000,27,0,1
50000,29,1,1
230000,38,0,0
120000,35,0,1
160000,41,0,2
100000,28,0,1
190000,37,0,1
110000,23,0,1
30000,54,1,2
120000,43,1,2
360000,42,0,0
190000,39,0,2
470000,27,0,0
10000,22,1,1
230000,36,0,0
60000,26,0,1
110000,45,0,2
50000,28,0,1
360000,30,0,0
350000,41,0,0
60000,25,1,1
150000,30,0,1
40000,38,0,2
80000,29,0,1
90000,46,1,2
280000,30,0,0
30000,22,0,1
150000,32,1,1
210000,44,1,2
110000,27,0,1
120000,28,0,1
30000,43,0,2
500000,28,0,0
230000,38,0,0
20000,30,0,1
50000,28,0,1
90000,25,0,1
170000,30,1,1
260000,25,1,1
150000,34,0,1
230000,28,0,1
250000,30,0,0
150000,23,0,1
160000,30,1,1
460000,29,0,0
80000,26,0,1
120000,33,0,1
120000,31,0,1
20000,27,1,1
370000,37,0,0
50000,46,1,2
140000,35,0,1
110000,31,1,1
130000,37,0,1
90000,41,0,2
50000,24,1,1
120000,47,1,2
20000,58,0,2
220000,32,0,1
20000,37,0,1
70000,43,0,2
270000,44,0,0
10000,37,0,1
400000,44,0,0
50000,38,0,2
270000,27,0,0
150000,40,1,2
50000,36,0,1
270000,29,0,0
100000,48,0,2
500000,32,0,0
100000,41,0,2
20000,24,0,1
160000,30,0,1
90000,31,0,1
200000,40,1,2
30000,33,0,1
20000,32,0,1
70000,44,0,2
420000,37,1,0
50000,23,1,1
500000,39,0,0
190000,31,0,1
90000,26,1,1
160000,39,0,2
290000,34,0,0
130000,22,0,1
80000,37,1,1
20000,45,0,2
110000,25,0,1
280000,32,0,0
20000,22,0,1
210000,43,0,2
500000,49,0,0
500000,52,0,0
510000,34,0,0
180000,47,0,2
180000,48,0,2
150000,48,0,2
50000,24,0,1
20000,36,1,1
340000,30,0,0
350000,32,0,0
280000,27,0,0
180000,27,1,1
10000,23,1,1
490000,36,0,0
200000,25,1,1
10000,29,1,1
370000,42,0,0
180000,29,0,1
230000,26,0,1
180000,28,1,1
500000,31,0,0
50000,51,0,2
200000,40,1,2
60000,62,0,2
50000,52,0,2
30000,28,0,1
50000,50,0,2
90000,36,1,1
150000,27,0,1
260000,34,1,0
70000,29,0,1
300000,37,0,0
200000,27,0,1
100000,46,1,2
360000,33,0,0
10000,47,1,2
240000,36,0,0
20000,46,0,2
60000,47,1,2
150000,32,0,1
80000,43,0,2
360000,37,0,0
50000,34,0,1
180000,30,0,1
220000,39,1,0
20000,41,0,2
230000,55,0,2
110000,34,0,1
120000,34,0,1
50000,39,0,2
20000,24,0,1
360000,57,0,2
30000,32,0,1
200000,30,0,1
50000,26,0,1
50000,44,0,2
50000,54,1,2
500000,47,0,0
190000,36,1,1
50000,33,0,1
10000,23,0,1
90000,25,0,1
380000,33,0,0
50000,25,0,1
50000,24,0,1
200000,30,0,1
100000,33,0,1
200000,28,0,1
230000,34,0,0
130000,39,0,2
280000,29,0,0
20000,48,0,2
100000,49,0,2
50000,31,0,1
150000,30,1,1
50000,54,0,2
450000,34,0,0
220000,32,0,1
200000,25,0,1
220000,29,0,1
80000,60,0,2
390000,35,1,0
100000,49,0,2
500000,39,0,0
16000,48,0,2
80000,24,0,1
300000,30,0,0
240000,31,0,0
150000,30,0,1
240000,32,0,0
200000,34,0,1
150000,31,0,1
480000,30,0,0
20000,41,0,2
70000,40,0,2
100000,30,1,1
380000,38,0,0
160000,41,0,2
210000,41,0,2
170000,47,0,2
350000,42,0,0
190000,39,1,2
210000,51,0,2
50000,30,0,1
60000,23,0,1
620000,42,0,0
120000,29,0,1
90000,44,0,2
400000,27,1,0
340000,43,0,0
250000,32,0,0
10000,46,0,2
320000,35,1,0
120000,30,0,1
30000,27,1,1
50000,23,0,1
240000,39,0,0
470000,40,0,0
50000,24,0,1
30000,48,0,2
200000,35,0,1
180000,27,0,1
150000,37,0,1
10000,45,0,2
270000,31,0,0
20000,43,1,2
200000,27,0,1
200000,36,1,1
100000,27,1,1
180000,40,0,2
10000,21,0,1
10000,58,1,2
100000,35,1,1
30000,44,1,2
70000,30,0,1
290000,49,0,2
240000,42,0,0
20000,25,0,1
80000,39,0,2
50000,44,0,2
50000,60,0,2
80000,24,1,1
30000,52,1,2
180000,25,0,1
70000,25,1,1
240000,28,0,1
200000,46,0,2
380000,31,0,0
250000,38,0,0
80000,25,0,1
80000,47,0,2
20000,26,0,1
350000,31,0,0
150000,41,0,2
310000,27,1,0
60000,30,0,1
270000,35,0,0
30000,29,0,1
20000,40,1,2
390000,46,0,0
20000,25,0,1
110000,29,1,1
220000,37,0,0
360000,40,0,0
50000,53,0,2
180000,34,0,1
170000,39,0,2
320000,34,0,0
400000,36,0,0
190000,43,1,2
230000,39,0,0
100000,44,1,2
280000,45,0,0
360000,30,0,0
280000,30,0,0
50000,50,1,2
50000,28,1,1
240000,30,0,1
300000,34,0,0
100000,41,1,2
350000,60,1,2
180000,30,0,1
320000,34,0,0
80000,43,1,2
130000,25,0,1
300000,28,0,0
200000,39,0,2
210000,31,0,1
110000,35,1,1
40000,23,0,1
110000,29,0,1
150000,23,0,1
70000,32,1,1
150000,34,0,1
80000,27,0,1
70000,23,0,1
30000,27,0,1
50000,36,0,1
60000,31,0,1
100000,50,1,2
150000,24,1,1
50000,32,1,1
50000,44,1,2
360000,44,0,0
200000,31,0,1
70000,30,1,1
50000,21,1,1
80000,41,1,2
400000,27,1,0
50000,55,0,2
380000,34,0,0
320000,58,0,2
160000,23,1,1
90000,29,0,1
60000,27,0,1
230000,25,0,1
500000,39,0,0
40000,31,0,1
90000,37,0,1
50000,44,1,2
290000,30,1,0
80000,24,0,1
80000,23,0,1
160000,27,0,1
260000,26,0,1
200000,46,0,2
70000,48,0,2
330000,41,0,0
240000,34,0,0
80000,25,0,1
180000,54,0,2
310000,45,0,0
50000,32,0,1
170000,39,0,2
140000,26,0,1
400000,29,1,0
50000,28,0,1
90000,27,0,1
420000,29,0,0
150000,31,0,1
80000,42,1,2
140000,31,0,1
50000,42,0,2
50000,32,1,1
360000,47,0,0
80000,29,0,1
70000,33,1,1
50000,36,0,1
200000,26,0,1
360000,41,1,0
130000,34,0,1
160000,31,0,1
150000,43,0,2
200000,41,0,2
50000,24,0,1
20000,36,0,1
40000,28,1,1
20000,24,0,1
80000,40,0,2
80000,25,1,1
50000,44,0,2
30000,24,1,1
20000,44,1,2
360000,30,0,0
210000,40,1,2
200000,27,0,1
360000,37,0,0
220000,24,1,1
50000,49,0,2
190000,32,0,1
50000,41,0,2
70000,24,0,1
260000,32,0,0
80000,35,0,1
390000,41,0,0
270000,37,0,0
50000,35,0,1
150000,27,0,1
50000,44,1,2
230000,44,0,2
250000,27,0,1
210000,31,0,1
40000,34,0,1
480000,34,1,0
380000,34,0,0
260000,51,0,2
280000,32,0,0
80000,26,0,1
180000,35,0,1
50000,25,0,1
150000,37,1,1
80000,43,0,2
70000,58,0,2
290000,41,0,0
360000,28,0,0
50000,46,0,2
150000,25,0,1
200000,52,0,2
20000,48,0,2
320000,25,0,0
50000,38,0,2
170000,36,0,1
50000,49,1,2
340000,35,0,0
340000,34,0,0
360000,51,0,0
10000,42,1,2
360000,39,0,0
170000,38,0,2
50000,47,0,2
200000,36,0,1
50000,53,1,2
20000,35,1,1
20000,22,0,1
120000,28,1,1
500000,45,0,0
180000,39,0,2
70000,38,0,2
190000,50,0,2
440000,36,0,0
290000,35,0,0
280000,36,0,0
130000,26,0,1
30000,22,0,1
100000,26,0,1
20000,27,0,1
200000,29,0,1
50000,26,0,1
180000,41,0,2
30000,43,1,2
240000,35,0,0
70000,52,0,2
160000,38,0,2
50000,21,0,1
50000,22,0,1
200000,45,1,2
200000,43,0,2
90000,30,0,1
170000,46,0,2
50000,39,0,2
260000,34,0,0
350000,45,0,0
40000,27,0,1
450000,49,0,0
60000,28,0,1
290000,51,0,2
60000,29,0,1
60000,47,1,2
170000,33,0,1
110000,27,0,1
140000,28,1,1
280000,28,0,0
80000,45,0,2
30000,25,0,1
140000,29,1,1
230000,33,0,0
130000,27,0,1
90000,52,0,2
50000,51,0,2
110000,34,0,1
50000,22,0,1
50000,28,0,1
280000,56,0,2
50000,47,0,2
120000,24,0,1
500000,59,1,0
290000,46,1,0
150000,28,0,1
50000,44,0,2
150000,27,0,1
30000,23,0,1
220000,28,0,1
500000,44,0,0
10000,24,0,1
170000,32,1,1
30000,23,1,1
100000,56,0,2
180000,23,0,1
350000,43,0,0
30000,23,1,1
20000,50,1,2
130000,33,0,1
180000,29,0,1
60000,22,0,1
150000,41,0,2
80000,55,0,2
60000,28,0,1
360000,37,0,0
80000,30,1,1
200000,25,1,1
180000,40,0,2
140000,27,0,1
210000,29,0,1
290000,34,0,0
130000,49,0,2
50000,23,0,1
10000,49,0,2
150000,27,0,1
50000,23,1,1
90000,44,0,2
30000,22,0,1
80000,54,0,2
180000,32,0,1
140000,26,0,1
260000,37,0,0
130000,42,0,2
150000,29,1,1
60000,27,1,1
90000,27,0,1
100000,26,1,1
50000,23,0,1
80000,55,0,2
30000,24,1,1
500000,36,0,0
170000,43,0,2
20000,59,0,2
440000,50,0,0
370000,28,0,0
50000,25,0,1
270000,42,0,0
20000,30,1,1
70000,27,0,1
20000,28,0,1
360000,51,0,0
220000,25,0,1
50000,26,0,1
80000,52,1,2
10000,24,0,1
360000,45,0,0
150000,34,0,1
150000,46,0,2
60000,23,0,1
220000,33,1,1
80000,43,0,2
400000,30,0,0
470000,34,0,0
60000,59,0,2
30000,35,1,1
150000,36,0,1
150000,28,0,1
160000,26,0,1
20000,38,1,2
90000,25,1,1
80000,24,0,1
50000,25,1,1
160000,41,1,2
100000,24,0,1
30000,27,0,1
50000,30,0,1
200000,26,0,1
110000,29,0,1
80000,38,0,2
280000,30,0,0
50000,24,0,1
200000,34,0,1
80000,25,0,1
160000,26,0,1
80000,28,0,1
160000,57,0,2
150000,45,0,2
80000,26,0,1
160000,57,0,2
100000,26,0,1
20000,45,0,2
110000,25,0,1
120000,34,0,1
20000,33,1,1
280000,46,0,0
30000,34,0,1
160000,33,1,1
560000,45,1,0
140000,26,1,1
10000,43,0,2
70000,37,0,1
170000,31,0,1
140000,25,0,1
320000,35,0,0
260000,39,1,0
20000,31,0,1
240000,37,0,0
360000,32,0,0
200000,30,0,1
120000,25,1,1
150000,36,0,1
110000,39,0,2
320000,43,0,0
330000,37,0,0
100000,29,1,1
140000,37,0,1
30000,49,0,2
20000,27,1,1
150000,25,0,1
80000,23,0,1
150000,37,0,1
90000,34,0,1
30000,24,0,1
80000,31,0,1
110000,28,0,1
50000,42,0,2
30000,30,0,1
360000,31,1,0
430000,34,0,0
40000,26,0,1
190000,28,0,1
150000,24,0,1
50000,35,1,1
300000,56,1,2
90000,56,0,2
250000,39,0,0
150000,23,0,1
20000,21,0,1
20000,22,1,1
30000,30,0,1
20000,28,1,1
50000,38,0,2
380000,34,0,0
220000,28,0,1
50000,24,0,1
500000,42,0,0
260000,56,0,2
200000,33,1,1
200000,29,0,1
310000,26,0,0
140000,47,0,2
200000,28,0,1
20000,46,0,2
60000,23,0,1
290000,30,0,0
60000,32,1,1
30000,46,1,2
20000,24,1,1
50000,50,1,2
80000,62,0,2
50000,43,0,2
480000,35,0,0
10000,23,0,1
300000,33,0,0
20000,29,1,1
70000,39,0,2
220000,26,0,1
90000,41,0,2
420000,39,0,0
20000,28,0,1
150000,29,0,1
430000,42,0,0
30000,60,1,2
80000,25,0,1
30000,67,0,2
240000,57,0,2
160000,48,0,2
60000,28,0,1
80000,37,0,1
20000,26,1,1
180000,30,0,1
100000,26,0,1
280000,29,0,0
40000,27,0,1
20000,38,0,2
300000,30,1,0
360000,39,0,0
90000,32,0,1
100000,36,1,1
300000,31,0,0
30000,31,0,1
150000,26,0,1
50000,45,0,2
40000,26,1,1
250000,38,0,0
140000,31,0,1
30000,28,0,1
170000,31,0,1
50000,25,1,1
170000,31,0,1
350000,38,0,0
130000,25,0,1
350000,33,1,0
20000,28,0,1
210000,33,0,1
70000,29,1,1
50000,29,0,1
360000,50,0,0
60000,27,0,1
280000,43,0,0
160000,34,1,1
50000,30,0,1
240000,35,0,0
30000,32,1,1
50000,34,0,1
280000,33,0,0
180000,28,1,1
100000,33,1,1
30000,30,1,1
330000,40,0,0
40000,23,1,1
200000,27,1,1
420000,47,0,0
230000,29,0,1
20000,54,1,2
170000,52,0,2
200000,32,0,1
20000,29,0,1
20000,43,0,2
330000,35,0,0
110000,26,0,1
280000,30,0,0
130000,46,0,2
80000,29,1,1
80000,44,0,2
400000,43,0,0
130000,36,0,1
50000,27,0,1
240000,29,0,1
140000,23,1,1
110000,26,0,1
200000,46,1,2
50000,45,0,2
150000,40,0,2
50000,27,0,1
360000,34,1,0
220000,33,0,1
100000,30,0,1
30000,31,0,1
500000,35,1,0
110000,24,1,1
250000,28,0,1
350000,31,0,0
60000,36,0,1
200000,53,0,2
20000,22,0,1
180000,51,1,2
20000,52,1,2
80000,45,1,2
140000,32,0,1
50000,57,0,2
200000,26,0,1
210000,47,1,2
60000,36,1,1
130000,25,0,1
220000,38,0,0
150000,25,0,1
20000,55,1,2
70000,42,0,2
120000,25,1,1
160000,26,0,1
110000,40,0,2
380000,31,0,0
300000,35,0,0
240000,33,0,0
160000,44,0,2
20000,52,0,2
360000,28,0,0
240000,29,0,1
210000,27,0,1
170000,34,1,1
340000,27,0,0
100000,35,0,1
310000,28,0,0
40000,48,0,2
20000,45,1,2
20000,22,1,1
370000,53,0,0
360000,33,0,0
30000,24,0,1
110000,63,0,2
50000,25,1,1
50000,36,0,1
60000,40,1,2
110000,36,0,1
20000,54,1,2
50000,38,1,2
260000,43,0,0
10000,36,1,1
130000,37,0,1
260000,33,0,0
110000,41,0,2
150000,31,0,1
20000,45,0,2
200000,29,0,1
180000,46,0,2
10000,22,0,1
20000,47,0,2
220000,48,0,2
50000,46,0,2
500000,35,1,0
500000,44,0,0
500000,32,0,0
340000,33,0,0
30000,45,0,2
440000,29,0,0
80000,55,0,2
200000,29,0,1
50000,36,0,1
50000,45,0,2
50000,43,1,2
220000,33,0,1
80000,46,1,2
20000,25,0,1
20000,32,0,1
30000,25,1,1
500000,36,0,0
330000,48,0,0
360000,30,0,0
380000,38,1,0
120000,32,0,1
270000,37,0,0
80000,44,0,2
200000,32,0,1
60000,54,0,2
80000,29,0,1
360000,31,0,0
110000,32,0,1
130000,39,0,2
110000,32,0,1
80000,42,0,2
460000,33,0,0
290000,49,0,2
300000,33,0,0
40000,39,1,2
200000,40,0,2
30000,30,1,1
230000,48,0,2
10000,24,0,1
240000,41,0,0
450000,43,0,0
40000,43,0,2
80000,33,0,1
200000,34,0,1
30000,25,0,1
30000,33,1,1
90000,26,0,1
230000,34,0,0
200000,34,0,1
240000,40,0,0
270000,26,1,0
250000,35,0,0
280000,38,0,0
50000,34,0,1
90000,40,0,2
240000,28,0,1
560000,36,0,0
500000,38,0,0
120000,27,0,1
120000,44,0,2
360000,28,0,0
90000,28,0,1
50000,26,0,1
270000,45,0,0
50000,23,0,1
230000,27,0,1
20000,56,1,2
150000,27,0,1
120000,31,0,1
230000,30,0,1
390000,28,0,0
50000,27,0,1
260000,43,0,0
50000,25,1,1
50000,29,0,1
100000,30,0,1
230000,34,0,0
160000,47,0,2
180000,29,0,1
140000,29,0,1
150000,44,0,2
100000,23,1,1
120000,28,0,1
50000,22,1,1
400000,49,0,0
270000,56,0,2
50000,47,0,2
50000,28,0,1
200000,37,0,1
130000,24,0,1
60000,51,0,2
50000,38,0,2
180000,29,0,1
200000,33,1,1
140000,35,0,1
20000,45,0,2
260000,31,0,0
500000,32,0,0
20000,36,0,1
10000,24,0,1
50000,44,1,2
270000,32,0,0
30000,22,0,1
320000,48,1,0
50000,24,0,1
20000,24,0,1
90000,27,0,1
40000,53,0,2
90000,37,1,1
230000,47,0,2
90000,30,1,1
10000,37,0,1
470000,40,0,0
30000,36,0,1
200000,30,0,1
320000,34,0,0
220000,41,1,2
280000,39,0,0
360000,35,1,0
170000,35,0,1
180000,28,1,1
360000,39,0,0
50000,39,0,2
500000,42,0,0
330000,51,0,0
50000,44,1,2
200000,44,1,2
50000,53,0,2
50000,30,0,1
60000,27,1,1
80000,22,0,1
210000,38,0,0
500000,36,0,0
120000,31,0,1
400000,44,0,0
200000,33,0,1
170000,44,0,2
190000,36,0,1
30000,57,1,2
250000,35,0,0
330000,34,0,0
550000,50,1,0
50000,47,0,2
360000,54,0,0
50000,23,0,1
50000,44,0,2
30000,27,1,1
240000,40,0,0
470000,37,0,0
150000,33,0,1
100000,50,1,2
10000,33,0,1
280000,37,0,0
50000,51,0,2
500000,37,0,0
80000,25,0,1
260000,35,0,0
210000,33,0,1
10000,37,0,1
220000,28,1,1
30000,44,0,2
100000,60,0,2
80000,44,0,2
120000,34,0,1
50000,48,1,2
10000,23,1,1
170000,38,0,2
70000,28,1,1
330000,50,0,0
290000,35,0,0
20000,55,0,2
50000,38,0,2
140000,25,0,1
150000,25,0,1
200000,31,0,1
20000,28,0,1
420000,34,1,0
300000,36,0,0
340000,36,0,0
200000,32,0,1
240000,33,0,0
80000,31,0,1
150000,55,1,2
250000,37,0,0
240000,36,0,0
140000,29,0,1
180000,31,0,1
430000,29,0,0
430000,42,1,0
20000,22,0,1
450000,42,0,0
130000,40,0,2
50000,36,0,1
180000,47,0,2
250000,34,0,0
70000,43,0,2
550000,31,0,0
200000,33,0,1
20000,44,0,2
180000,34,0,1
150000,28,1,1
20000,54,0,2
10000,24,1,1
20000,25,0,1
500000,53,1,0
450000,41,0,0
350000,38,0,0
100000,40,1,2
160000,31,0,1
20000,52,0,2
20000,22,0,1
380000,56,1,0
30000,35,0,1
60000,24,1,1
30000,27,1,1
130000,28,0,1
180000,31,0,1
70000,40,0,2
120000,35,0,1
200000,47,0,2
260000,50,0,2
50000,42,0,2
80000,44,1,2
70000,50,0,2
30000,29,0,1
20000,23,0,1
20000,24,0,1
20000,39,0,2
50000,24,0,1
110000,31,0,1
200000,25,0,1
140000,37,0,1
50000,29,0,1
50000,54,0,2
20000,25,1,1
360000,34,0,0
260000,29,1,0
130000,23,0,1
90000,35,0,1
90000,61,0,2
190000,30,1,1
280000,40,0,0
40000,29,0,1
390000,41,0,0
80000,36,0,1
50000,24,0,1
280000,50,0,2
220000,47,0,2
150000,34,0,1
140000,30,0,1
50000,26,1,1
10000,36,0,1
500000,34,0,0
370000,39,0,0
90000,38,0,2
90000,23,0,1
100000,52,0,2
290000,30,0,0
200000,29,0,1
460000,39,0,0
360000,35,1,0
100000,28,0,1
230000,50,0,2
20000,48,0,2
220000,32,1,1
140000,39,0,2
20000,23,0,1
90000,25,0,1
20000,24,0,1
90000,28,0,1
80000,27,1,1
260000,29,0,0
150000,26,0,1
20000,28,0,1
60000,49,1,2
20000,24,1,1
180000,33,0,1
360000,36,0,0
30000,23,0,1
500000,33,0,0
250000,43,0,0
50000,31,0,1
150000,43,0,2
300000,36,0,0
100000,47,0,2
30000,51,0,2
170000,30,0,1
260000,40,0,0
320000,28,0,0
130000,29,0,1
280000,50,0,2
430000,30,0,0
90000,44,1,2
100000,30,0,1
340000,34,1,0
300000,26,0,0
80000,25,0,1
50000,23,0,1
360000,36,0,0
30000,25,0,1
200000,42,0,2
20000,45,1,2
480000,44,0,0
210000,35,0,1
360000,27,1,0
230000,29,0,1
70000,28,0,1
200000,42,0,2
380000,27,0,0
50000,45,0,2
300000,34,1,0
60000,45,0,2
50000,29,0,1
20000,23,0,1
210000,39,0,2
50000,34,0,1
50000,38,0,2
350000,31,1,0
50000,39,1,2
80000,32,0,1
20000,36,1,1
180000,28,0,1
140000,37,0,1
200000,34,0,1
210000,35,0,1
260000,62,0,2
210000,42,0,2
100000,34,0,1
150000,40,0,2
30000,22,0,1
30000,41,0,2
50000,29,1,1
210000,34,0,1
60000,24,1,1
10000,21,1,1
360000,51,0,0
130000,22,0,1
320000,27,0,0
220000,36,0,0
100000,30,0,1
50000,48,0,2
120000,39,1,2
50000,23,1,1
260000,32,0,0
380000,41,0,0
120000,23,1,1
50000,35,0,1
180000,37,1,1
150000,31,0,1
500000,32,0,0
100000,37,0,1
200000,51,1,2
610000,30,0,0
210000,34,1,1
40000,36,0,1
230000,28,1,1
50000,39,1,2
390000,34,0,0
200000,36,1,1
60000,38,1,2
140000,26,0,1
60000,29,0,1
120000,27,0,1
170000,38,0,2
130000,51,0,2
50000,32,0,1
250000,52,1,2
240000,43,0,2
140000,29,1,1
20000,50,0,2
260000,33,0,0
240000,29,0,1
150000,37,0,1
230000,38,0,0
240000,36,0,0
10000,27,0,1
90000,36,1,1
160000,47,1,2
200000,30,1,1
320000,38,0,0
290000,41,0,0
160000,25,0,1
230000,33,0,0
100000,29,0,1
500000,34,0,0
60000,25,0,1
80000,32,0,1
360000,34,0,0
360000,26,0,0
30000,22,1,1
390000,28,0,0
140000,24,1,1
160000,56,0,2
30000,45,0,2
70000,26,1,1
30000,26,0,1
180000,40,0,2
280000,33,0,0
150000,26,1,1
50000,38,1,2
200000,43,0,2
20000,61,1,2
290000,37,0,0
290000,37,0,0
50000,23,0,1
110000,56,0,2
60000,25,0,1
300000,30,0,0
120000,36,0,1
230000,39,0,0
120000,27,0,1
200000,32,0,1
260000,36,0,0
190000,29,0,1
80000,43,0,2
230000,36,0,0
310000,32,0,0
90000,25,1,1
250000,40,0,0
500000,50,0,0
350000,48,0,0
70000,26,0,1
240000,37,0,0
380000,44,0,0
420000,29,0,0
30000,28,1,1
320000,32,0,0
190000,50,1,2
100000,38,0,2
250000,50,0,2
140000,42,0,2
450000,32,0,0
20000,25,0,1
30000,27,0,1
350000,33,0,0
50000,43,1,2
60000,37,0,1
210000,30,0,1
240000,30,0,1
290000,30,0,0
30000,21,1,1
50000,51,0,2
100000,32,0,1
200000,31,0,1
50000,28,0,1
180000,39,1,2
130000,30,0,1
160000,48,1,2
500000,34,0,0
50000,30,0,1
460000,39,0,0
160000,27,0,1
50000,41,0,2
360000,56,0,0
500000,40,0,0
160000,39,0,2
150000,26,0,1
280000,48,0,2
180000,30,0,1
120000,33,0,1
60000,42,0,2
80000,41,1,2
50000,23,1,1
230000,26,0,1
170000,31,0,1
110000,34,0,1
20000,25,0,1
280000,32,0,0
130000,27,0,1
90000,24,0,1
30000,39,0,2
510000,35,0,0
30000,30,1,1
360000,35,0,0
50000,24,0,1
290000,27,0,0
300000,32,0,0
90000,25,0,1
160000,52,0,2
130000,47,0,2
50000,27,1,1
250000,32,0,0
300000,34,0,0
420000,32,0,0
100000,41,0,2
170000,33,0,1
360000,52,0,0
100000,35,1,1
60000,31,0,1
130000,29,1,1
20000,33,0,1
150000,39,0,2
160000,53,0,2
500000,29,0,0
50000,26,0,1
370000,36,0,0
30000,24,0,1
50000,23,0,1
350000,32,0,0
500000,44,0,0
80000,25,0,1
20000,42,1,2
80000,26,1,1
320000,40,0,0
50000,45,0,2
500000,53,0,0
180000,28,0,1
100000,29,0,1
310000,30,0,0
210000,49,0,2
90000,34,0,1
50000,49,0,2
30000,59,0,2
130000,37,0,1
10000,23,1,1
50000,26,1,1
240000,39,0,0
70000,31,1,1
260000,37,0,0
110000,26,0,1
50000,22,0,1
310000,37,0,0
450000,34,1,0
190000,34,0,1
20000,50,1,2
140000,26,1,1
200000,32,0,1
150000,35,0,1
20000,23,1,1
110000,42,0,2
180000,32,0,1
110000,59,0,2
20000,45,0,2
390000,29,0,0
130000,29,0,1
90000,51,1,2
90000,53,0,2
190000,25,0,1
50000,35,1,1
120000,30,0,1
180000,37,0,1
330000,47,0,0
360000,45,1,0
140000,28,0,1
200000,27,0,1
180000,44,0,2
270000,28,0,0
20000,46,1,2
20000,28,1,1
90000,31,0,1
550000,32,1,0
20000,24,1,1
320000,44,0,0
50000,54,0,2
240000,47,0,2
20000,36,1,1
30000,24,1,1
50000,45,1,2
100000,32,0,1
100000,33,1,1
100000,31,0,1
80000,41,1,2
400000,57,0,0
10000,24,0,1
100000,44,0,2
350000,32,0,0
70000,33,0,1
30000,42,1,2
150000,29,0,1
440000,44,0,0
240000,49,0,2
50000,30,0,1
200000,44,0,2
180000,49,0,2
180000,43,0,2
20000,36,0,1
240000,34,1,0
30000,42,0,2
300000,31,0,0
140000,28,0,1
190000,45,0,2
320000,29,0,0
240000,28,0,1
420000,31,0,0
20000,23,0,1
280000,33,0,0
70000,29,0,1
170000,45,0,2
160000,24,0,1
220000,47,0,2
210000,40,0,2
160000,27,0,1
290000,36,0,0
330000,41,0,0
30000,30,0,1
360000,27,1,0
200000,40,0,2
110000,53,0,2
610000,38,0,0
140000,32,1,1
130000,27,0,1
390000,30,0,0
190000,30,0,1
320000,36,0,0
50000,43,0,2
100000,47,0,2
100000,27,1,1
230000,34,0,0
310000,27,0,0
180000,47,0,2
290000,39,0,0
50000,24,0,1
180000,36,0,1
360000,38,1,0
210000,34,0,1
10000,51,0,2
270000,31,0,0
50000,48,0,2
500000,50,1,0
50000,23,0,1
130000,47,0,2
50000,22,0,1
50000,33,0,1
50000,38,0,2
300000,30,0,0
150000,28,0,1
30000,25,0,1
230000,39,0,0
110000,40,0,2
260000,34,0,0
100000,33,1,1
80000,48,0,2
80000,45,0,2
80000,46,0,2
130000,27,0,1
390000,34,0,0
230000,45,0,2
210000,33,0,1
120000,32,1,1
210000,44,0,2
150000,42,1,2
20000,33,0,1
250000,35,0,0
60000,28,0,1
30000,47,1,2
190000,33,0,1
140000,28,0,1
360000,33,0,0
180000,50,0,2
60000,40,0,2
30000,35,1,1
50000,45,0,2
120000,28,0,1
20000,52,1,2
50000,57,1,2
320000,31,0,0
450000,41,0,0
580000,37,0,0
20000,29,1,1
450000,31,0,0
50000,25,1,1
180000,39,0,2
100000,24,1,1
190000,27,1,1
10000,23,0,1
240000,28,0,1
500000,37,0,0
340000,34,0,0
240000,27,0,1
260000,37,0,0
20000,23,0,1
340000,40,0,0
200000,35,1,1
160000,28,0,1
80000,30,0,1
10000,29,0,1
50000,31,0,1
170000,35,0,1
50000,34,1,1
480000,38,0,0
100000,25,0,1
150000,41,1,2
130000,25,0,1
50000,34,0,1
50000,58,0,2
20000,38,0,2
150000,36,0,1
270000,34,0,0
80000,28,0,1
180000,28,0,1
140000,28,0,1
120000,47,0,2
170000,25,0,1
250000,39,0,0
210000,26,0,1
120000,42,0,2
60000,38,0,2
20000,48,1,2
140000,28,1,1
90000,27,0,1
150000,55,0,2
480000,42,0,0
80000,39,0,2
140000,26,1,1
60000,24,1,1
120000,26,0,1
340000,52,0,0
50000,37,1,1
140000,30,1,1
20000,50,0,2
200000,44,0,2
360000,33,0,0
130000,23,0,1
180000,31,0,1
320000,37,0,0
500000,43,0,0
180000,45,0,2
50000,39,1,2
200000,29,0,1
30000,34,1,1
340000,36,0,0
260000,34,0,0
190000,27,1,1
640000,41,0,0
360000,50,0,0
280000,29,0,0
50000,44,1,2
50000,28,0,1
190000,56,0,2
30000,50,1,2
360000,35,0,0
50000,32,0,1
90000,44,1,2
200000,40,0,2
200000,26,0,1
100000,43,0,2
280000,36,0,0
10000,22,1,1
80000,25,0,1
100000,31,0,1
50000,32,0,1
220000,30,0,1
30000,22,0,1
350000,50,0,0
260000,37,0,0
50000,34,0,1
80000,32,1,1
100000,30,0,1
260000,39,0,0
230000,27,0,1
280000,49,0,2
220000,28,1,1
50000,30,1,1
140000,27,0,1
20000,27,0,1
70000,26,1,1
240000,30,0,1
20000,24,0,1
60000,25,0,1
50000,37,1,1
210000,38,0,0
270000,37,0,0
220000,39,0,0
470000,27,0,0
360000,29,0,0
240000,37,1,0
370000,34,0,0
80000,29,0,1
270000,47,0,2
80000,27,0,1
80000,28,0,1
10000,53,0,2
360000,36,1,0
50000,28,0,1
150000,33,0,1
160000,33,1,1
50000,48,0,2
220000,32,0,1
50000,47,0,2
200000,28,0,1
520000,41,0,0
90000,28,0,1
110000,23,1,1
70000,28,0,1
160000,49,1,2
30000,23,1,1
170000,40,1,2
10000,32,1,1
50000,23,0,1
110000,32,0,1
50000,37,0,1
140000,36,0,1
80000,39,0,2
50000,44,0,2
130000,26,0,1
100000,29,0,1
50000,24,0,1
30000,38,0,2
110000,31,0,1
390000,32,0,0
170000,27,0,1
450000,32,0,0
150000,40,1,2
160000,43,0,2
80000,25,0,1
100000,31,0,1
230000,46,0,2
330000,34,0,0
20000,23,0,1
110000,29,0,1
10000,26,0,1
280000,29,0,0
150000,35,0,1
70000,24,0,1
350000,57,0,2
50000,34,1,1
180000,32,0,1
160000,38,0,2
360000,46,0,0
50000,30,1,1
100000,34,0,1
20000,22,0,1
30000,27,0,1
200000,42,0,2
50000,23,1,1
50000,31,1,1
60000,23,0,1
130000,42,0,2
20000,44,0,2
120000,33,0,1
50000,23,0,1
150000,40,0,2
310000,29,0,0
160000,36,0,1
440000,64,0,0
90000,26,0,1
170000,37,0,1
30000,38,0,2
150000,33,0,1
100000,29,0,1
80000,54,1,2
10000,29,0,1
300000,37,0,0
300000,30,0,0
50000,24,1,1
220000,33,0,1
60000,34,0,1
50000,28,0,1
210000,36,1,0
90000,29,0,1
150000,25,0,1
50000,23,0,1
50000,25,0,1
390000,33,0,0
60000,39,1,2
70000,31,1,1
200000,29,0,1
240000,26,1,1
50000,49,0,2
340000,44,1,0
360000,36,1,0
290000,43,0,0
320000,50,0,0
230000,30,0,1
80000,41,0,2
100000,28,0,1
140000,39,0,2
240000,44,1,2
180000,34,0,1
50000,43,0,2
150000,50,0,2
50000,25,1,1
340000,57,0,2
60000,23,0,1
50000,42,0,2
280000,35,0,0
60000,34,0,1
30000,24,0,1
200000,44,0,2
50000,47,0,2
50000,27,0,1
130000,48,1,2
80000,32,0,1
50000,41,0,2
130000,45,0,2
160000,33,0,1
280000,36,0,0
270000,38,0,0
280000,35,0,0
80000,24,0,1
180000,40,0,2
310000,35,0,0
170000,27,0,1
50000,46,0,2
130000,25,0,1
50000,55,0,2
270000,47,0,2
270000,28,1,0
70000,58,0,2
50000,29,0,1
330000,28,0,0
200000,37,0,1
150000,37,0,1
300000,43,1,0
20000,40,0,2
300000,32,1,0
30000,29,0,1
100000,35,0,1
180000,28,0,1
280000,28,0,0
180000,25,0,1
430000,28,0,0
300000,31,0,0
150000,23,0,1
30000,28,1,1
150000,34,0,1
80000,28,0,1
300000,55,0,2
440000,30,0,0
40000,33,0,1
300000,31,0,0
350000,41,0,0
130000,27,0,1
120000,46,0,2
80000,31,0,1
500000,36,0,0
230000,46,0,2
200000,38,0,2
100000,29,0,1
170000,48,0,2
50000,24,1,1
260000,49,0,2
50000,43,0,2
100000,29,0,1
30000,25,1,1
150000,36,0,1
170000,28,0,1
50000,39,0,2
350000,55,0,0
180000,42,0,2
360000,26,0,0
60000,24,0,1
30000,23,1,1
230000,49,0,2
20000,27,0,1
100000,26,0,1
340000,34,1,0
20000,23,0,1
280000,43,0,0
50000,25,1,1
210000,54,0,2
290000,36,0,0
340000,42,0,0
360000,51,0,0
330000,33,0,0
260000,33,0,0
90000,35,0,1
130000,31,0,1
80000,35,1,1
80000,38,1,2
340000,44,0,0
280000,26,0,0
140000,51,0,2
140000,35,0,1
60000,36,1,1
310000,37,0,0
50000,37,0,1
360000,31,0,0
360000,35,0,0
440000,48,0,0
80000,38,0,2
100000,41,0,2
160000,25,0,1
230000,27,0,1
30000,27,0,1
60000,24,0,1
200000,30,0,1
150000,41,0,2
210000,44,0,2
100000,40,0,2
230000,41,1,2
20000,23,0,1
50000,47,0,2
160000,24,1,1
70000,24,0,1
350000,40,0,0
220000,45,0,2
360000,27,0,0
80000,24,0,1
80000,37,0,1
140000,34,0,1
240000,30,0,1
20000,24,1,1
20000,40,0,2
50000,47,1,2
500000,37,0,0
210000,33,0,1
80000,29,0,1
220000,26,1,1
360000,43,0,0
20000,24,0,1
170000,40,0,2
270000,29,0,0
380000,53,0,0
20000,30,0,1
80000,26,0,1
500000,35,0,0
100000,44,0,2
170000,27,0,1
180000,28,0,1
200000,30,0,1
90000,26,0,1
360000,49,0,0
50000,22,1,1
200000,46,0,2
210000,54,0,2
240000,34,0,0
240000,48,1,2
50000,40,0,2
20000,30,0,1
80000,37,0,1
300000,51,0,2
420000,32,0,0
80000,45,0,2
80000,24,0,1
80000,26,0,1
140000,27,0,1
160000,53,1,2
50000,41,0,2
230000,29,0,1
50000,23,0,1
30000,38,0,2
100000,35,0,1
50000,50,1,2
160000,33,0,1
70000,36,0,1
280000,39,0,0
270000,26,0,0
320000,42,0,0
50000,23,1,1
20000,25,1,1
160000,25,0,1
210000,45,1,2
200000,39,0,2
50000,48,0,2
30000,34,1,1
100000,33,0,1
240000,47,0,2
30000,30,1,1
120000,33,1,1
170000,41,0,2
210000,27,0,1
50000,29,1,1
50000,42,0,2
240000,40,0,0
20000,25,0,1
500000,31,0,0
500000,49,1,0
60000,42,0,2
80000,52,1,2
50000,26,1,1
80000,28,0,1
100000,29,0,1
20000,28,1,1
300000,48,0,0
50000,26,0,1
70000,47,0,2
60000,29,0,1
270000,32,0,0
490000,30,0,0
180000,41,0,2
50000,29,1,1
150000,58,0,2
10000,23,1,1
200000,47,1,2
30000,29,0,1
50000,27,0,1
20000,23,1,1
180000,27,0,1
130000,38,1,2
200000,29,0,1
130000,25,1,1
50000,25,0,1
290000,44,0,0
290000,52,0,2
500000,48,0,0
20000,22,0,1
60000,43,1,2
500000,44,0,0
60000,37,0,1
20000,41,0,2
260000,28,0,0
230000,38,0,0
160000,31,0,1
170000,29,0,1
80000,40,1,2
30000,56,1,2
250000,46,1,2
50000,24,1,1
400000,34,0,0
50000,27,0,1
130000,44,0,2
50000,40,0,2
220000,43,0,2
70000,59,1,2
100000,25,1,1
50000,22,1,1
70000,23,0,1
130000,43,0,2
80000,27,1,1
50000,36,1,1
290000,52,0,2
660000,33,0,0
160000,35,0,1
50000,55,0,2
100000,25,0,1
100000,33,0,1
50000,36,0,1
210000,36,0,0
240000,46,1,2
200000,42,0,2
120000,29,0,1
100000,37,0,1
70000,40,0,2
50000,24,1,1
80000,45,1,2
490000,36,0,0
50000,27,0,1
150000,31,1,1
180000,35,0,1
150000,42,0,2
230000,27,0,1
20000,22,0,1
500000,39,1,0
20000,33,1,1
150000,27,0,1
150000,28,0,1
130000,42,0,2
80000,25,0,1
80000,31,0,1
340000,31,1,0
60000,38,0,2
50000,36,0,1
180000,39,0,2
220000,25,1,1
80000,26,0,1
150000,28,0,1
30000,26,0,1
210000,33,0,1
470000,37,0,0
280000,34,1,0
210000,27,0,1
20000,34,0,1
160000,31,0,1
180000,26,0,1
200000,46,0,2
20000,22,1,1
200000,31,0,1
250000,38,0,0
50000,41,0,2
80000,65,0,2
80000,40,0,2
120000,42,1,2
50000,30,1,1
70000,27,1,1
160000,29,0,1
30000,51,1,2
100000,25,0,1
150000,49,0,2
50000,32,0,1
110000,25,1,1
130000,53,0,2
60000,34,0,1
280000,33,1,0
60000,60,0,2
70000,25,0,1
350000,33,0,0
50000,44,1,2
200000,42,1,2
420000,44,0,0
100000,32,0,1
20000,24,1,1
30000,42,1,2
150000,39,1,2
80000,36,0,1
490000,37,0,0
220000,41,0,2
240000,43,0,2
290000,35,1,0
30000,31,0,1
20000,33,0,1
50000,38,0,2
480000,39,1,0
280000,29,0,0
50000,38,1,2
50000,50,0,2
180000,44,0,2
20000,34,1,1
110000,29,0,1
80000,38,0,2
50000,24,0,1
500000,33,0,0
500000,45,1,0
50000,43,0,2
230000,26,0,1
300000,33,0,0
440000,31,1,0
180000,40,0,2
30000,39,0,2
60000,40,0,2
280000,48,0,2
20000,24,0,1
50000,28,0,1
120000,26,0,1
50000,38,0,2
100000,27,0,1
80000,23,1,1
230000,30,0,1
330000,28,0,0
90000,29,1,1
80000,24,1,1
130000,27,0,1
320000,33,0,0
50000,47,0,2
30000,22,1,1
160000,33,0,1
220000,27,0,1
30000,28,0,1
180000,44,1,2
60000,31,0,1
440000,40,0,0
320000,33,0,0
360000,36,0,0
180000,28,0,1
70000,27,0,1
180000,27,0,1
50000,31,1,1
200000,40,0,2
30000,24,1,1
120000,48,0,2
360000,34,0,0
240000,59,0,2
10000,37,0,1
50000,37,0,1
50000,33,0,1
500000,42,1,0
400000,46,0,0
200000,30,0,1
60000,24,1,1
20000,34,1,1
240000,38,1,0
80000,30,0,1
20000,31,0,1
180000,35,0,1
80000,27,0,1
50000,41,0,2
180000,31,1,1
360000,34,0,0
410000,33,0,0
50000,24,0,1
150000,36,0,1
20000,24,1,1
40000,32,0,1
140000,40,0,2
50000,30,0,1
150000,52,0,2
740000,35,1,0
360000,37,0,0
210000,38,0,0
180000,35,0,1
20000,27,0,1
20000,27,0,1
120000,29,0,1
500000,30,0,0
50000,22,1,1
30000,23,0,1
220000,43,1,2
210000,26,0,1
300000,31,0,0
130000,30,0,1
210000,34,0,1
20000,56,1,2
80000,28,0,1
100000,27,0,1
20000,54,0,2
170000,27,0,1
390000,33,0,0
410000,47,0,0
70000,34,0,1
30000,38,0,2
160000,23,0,1
50000,52,0,2
130000,25,0,1
60000,43,0,2
260000,32,1,0
10000,38,0,2
150000,30,0,1
20000,28,1,1
40000,37,0,1
240000,25,0,1
50000,22,1,1
50000,30,0,1
200000,44,0,2
400000,37,0,0
390000,45,1,0
120000,37,1,1
230000,36,0,0
260000,31,0,0
20000,43,0,2
310000,36,0,0
20000,61,0,2
360000,31,0,0
20000,36,1,1
200000,53,0,2
300000,38,0,0
20000,23,0,1
100000,29,0,1
50000,27,0,1
90000,55,0,2
60000,28,1,1
30000,24,0,1
300000,27,0,0
30000,41,0,2
100000,37,0,1
90000,27,1,1
260000,34,1,0
250000,49,0,2
170000,41,0,2
200000,34,0,1
100000,49,1,2
80000,46,0,2
60000,27,1,1
50000,53,1,2
340000,41,0,0
50000,43,0,2
80000,26,0,1
90000,25,0,1
500000,43,0,0
180000,26,0,1
430000,37,1,0
180000,41,0,2
50000,25,1,1
100000,51,0,2
250000,36,0,0
140000,28,0,1
150000,41,0,2
180000,49,1,2
20000,50,1,2
60000,40,1,2
80000,23,0,1
320000,26,0,0
270000,34,1,0
50000,25,0,1
20000,56,0,2
50000,49,1,2
30000,26,1,1
210000,30,0,1
80000,31,0,1
70000,42,1,2
250000,31,0,0
10000,30,1,1
210000,30,0,1
310000,40,0,0
80000,27,0,1
230000,31,1,1
200000,53,0,2
10000,25,0,1
140000,30,0,1
50000,52,0,2
20000,24,0,1
200000,50,0,2
140000,52,0,2
330000,30,1,0
120000,43,0,2
50000,49,0,2
50000,37,0,1
230000,38,0,0
80000,44,0,2
50000,31,1,1
150000,49,0,2
510000,48,0,0
380000,29,0,0
100000,39,0,2
80000,60,0,2
300000,30,0,0
170000,30,0,1
180000,39,0,2
150000,25,0,1
90000,24,1,1
30000,31,0,1
200000,25,1,1
80000,28,0,1
30000,26,0,1
170000,37,0,1
360000,34,0,0
180000,26,0,1
250000,44,0,2
80000,41,1,2
360000,43,0,0
230000,35,0,0
160000,47,0,2
50000,38,0,2
80000,26,0,1
70000,47,0,2
350000,37,0,0
100000,34,0,1
300000,32,1,0
50000,25,1,1
200000,53,0,2
280000,31,0,0
180000,27,0,1
120000,25,0,1
90000,28,1,1
390000,32,0,0
220000,33,0,1
110000,42,0,2
200000,60,1,2
350000,31,0,0
30000,30,1,1
400000,34,0,0
240000,30,0,1
50000,41,0,2
20000,47,0,2
210000,36,0,0
330000,50,1,0
360000,32,0,0
500000,40,0,0
150000,29,1,1
300000,47,0,0
20000,26,0,1
50000,23,0,1
50000,23,0,1
300000,36,0,0
30000,22,0,1
50000,29,0,1
80000,32,0,1
310000,37,1,0
390000,38,0,0
100000,38,1,2
80000,30,0,1
100000,36,1,1
80000,57,0,2
130000,37,0,1
100000,26,0,1
100000,50,0,2
220000,44,0,2
240000,40,0,0
50000,32,1,1
310000,33,0,0
20000,23,0,1
170000,29,0,1
50000,25,1,1
240000,35,0,0
230000,39,0,0
370000,68,0,2
80000,42,0,2
90000,24,0,1
30000,44,0,2
150000,37,1,1
90000,42,0,2
320000,31,0,0
200000,30,0,1
140000,27,0,1
20000,25,1,1
10000,23,0,1
120000,29,0,1
500000,39,0,0
80000,55,1,2
200000,32,0,1
490000,38,0,0
210000,32,0,1
180000,30,0,1
20000,23,0,1
230000,27,0,1
410000,48,0,0
100000,22,0,1
140000,28,0,1
20000,23,0,1
50000,41,0,2
120000,26,0,1
200000,41,0,2
460000,44,0,0
70000,32,0,1
50000,44,1,2
80000,25,0,1
500000,49,0,0
180000,45,0,2
110000,25,0,1
30000,31,0,1
450000,37,0,0
240000,37,0,0
70000,26,0,1
70000,29,0,1
300000,39,0,0
30000,34,1,1
60000,31,1,1
20000,22,0,1
50000,25,0,1
290000,41,0,0
180000,35,0,1
250000,36,0,0
50000,42,0,2
70000,47,1,2
320000,33,0,0
200000,28,0,1
360000,27,0,0
220000,27,1,1
200000,29,1,1
30000,24,0,1
360000,29,0,0
50000,22,0,1
80000,24,0,1
260000,48,0,2
10000,51,0,2
360000,26,0,0
180000,30,0,1
130000,54,0,2
30000,23,1,1
220000,33,0,1
200000,39,1,2
190000,42,0,2
50000,40,0,2
210000,31,0,1
610000,43,0,0
90000,29,0,1
60000,48,1,2
100000,30,0,1
150000,28,0,1
320000,37,1,0
400000,39,1,0
30000,27,0,1
60000,45,0,2
50000,61,0,2
50000,36,0,1
450000,38,0,0
110000,51,1,2
140000,42,0,2
290000,34,0,0
80000,26,0,1
360000,37,0,0
50000,27,1,1
140000,28,1,1
100000,31,1,1
10000,53,1,2
30000,56,1,2
50000,52,0,2
50000,24,0,1
200000,34,0,1
230000,25,0,1
260000,40,0,0
50000,24,0,1
390000,34,0,0
100000,33,0,1
30000,22,0,1
330000,35,0,0
100000,27,0,1
70000,51,1,2
170000,30,1,1
150000,39,0,2
210000,48,0,2
60000,28,0,1
360000,29,0,0
210000,27,0,1
70000,47,0,2
30000,38,0,2
100000,47,1,2
100000,28,1,1
180000,39,0,2
200000,26,0,1
250000,31,0,0
210000,34,0,1
30000,24,0,1
260000,38,0,0
50000,30,0,1
80000,38,1,2
170000,30,0,1
20000,24,0,1
40000,22,0,1
360000,58,0,2
120000,39,0,2
50000,23,0,1
230000,36,0,0
110000,38,0,2
10000,23,0,1
80000,29,0,1
360000,46,1,0
80000,29,0,1
100000,30,0,1
90000,25,0,1
20000,38,0,2
160000,36,0,1
350000,34,0,0
30000,22,1,1
50000,26,0,1
50000,41,0,2
450000,36,1,0
80000,29,0,1
50000,41,1,2
230000,43,1,2
370000,38,0,0
120000,29,0,1
100000,54,0,2
120000,24,1,1
30000,24,0,1
320000,30,0,0
210000,32,0,1
50000,27,0,1
30000,34,0,1
100000,29,0,1
20000,24,0,1
460000,34,0,0
340000,48,0,0
50000,23,0,1
100000,30,0,1
390000,28,0,0
230000,29,0,1
250000,44,0,2
150000,51,0,2
50000,25,0,1
300000,57,0,2
200000,37,0,1
50000,44,0,2
80000,26,1,1
200000,36,0,1
150000,59,0,2
150000,24,0,1
70000,33,0,1
10000,21,0,1
100000,28,0,1
230000,29,0,1
30000,36,0,1
80000,43,0,2
170000,24,0,1
50000,23,0,1
30000,41,0,2
30000,39,0,2
160000,28,0,1
450000,41,0,0
360000,39,0,0
210000,27,0,1
290000,30,0,0
340000,39,0,0
20000,43,0,2
310000,32,0,0
160000,26,0,1
50000,43,1,2
600000,36,0,0
50000,46,0,2
100000,42,0,2
510000,32,0,0
20000,26,0,1
10000,49,1,2
110000,40,0,2
50000,36,0,1
220000,37,0,0
130000,33,0,1
50000,23,1,1
100000,41,1,2
20000,30,0,1
390000,28,0,0
80000,34,0,1
80000,53,0,2
450000,37,0,0
80000,35,0,1
50000,40,0,2
210000,40,0,2
460000,61,0,0
310000,37,0,0
150000,34,0,1
200000,37,0,1
120000,38,0,2
20000,46,1,2
420000,31,0,0
60000,23,0,1
260000,30,0,0
220000,35,1,0
160000,60,1,2
30000,38,0,2
250000,35,0,0
30000,58,0,2
130000,24,0,1
500000,47,0,0
240000,31,0,0
310000,47,0,0
50000,26,0,1
50000,30,0,1
160000,24,0,1
360000,53,0,0
50000,43,0,2
360000,35,0,0
360000,31,0,0
200000,36,0,1
210000,32,0,1
30000,22,0,1
80000,44,0,2
80000,32,0,1
150000,37,0,1
150000,41,0,2
390000,28,0,0
20000,39,0,2
300000,30,0,0
70000,47,0,2
50000,23,0,1
490000,35,0,0
50000,43,0,2
180000,37,1,1
20000,26,0,1
100000,40,0,2
50000,26,1,1
80000,42,1,2
40000,26,1,1
360000,39,0,0
150000,27,0,1
220000,37,0,0
300000,30,0,0
160000,26,1,1
270000,41,0,0
200000,41,1,2
140000,48,1,2
380000,52,0,0
340000,36,1,0
320000,47,0,0
70000,25,0,1
200000,63,0,2
130000,42,0,2
160000,37,0,1
100000,36,0,1
230000,36,0,0
120000,35,1,1
160000,37,0,1
220000,29,0,1
60000,25,1,1
20000,25,0,1
100000,28,0,1
80000,31,0,1
200000,31,1,1
140000,41,0,2
320000,30,0,0
180000,44,0,2
170000,62,0,2
50000,29,0,1
270000,29,0,0
340000,29,0,0
180000,48,0,2
320000,28,0,0
290000,24,0,0
80000,37,0,1
170000,42,0,2
400000,29,0,0
20000,22,1,1
40000,28,1,1
240000,48,0,2
30000,43,0,2
360000,32,0,0
20000,26,0,1
30000,24,0,1
300000,32,0,0
230000,26,0,1
50000,24,0,1
120000,43,0,2
140000,31,0,1
20000,22,0,1
50000,49,0,2
110000,41,0,2
60000,24,0,1
30000,36,0,1
60000,29,0,1
110000,26,0,1
120000,54,1,2
50000,29,0,1
50000,61,0,2
360000,52,0,0
150000,31,1,1
150000,31,0,1
230000,42,0,2
200000,29,1,1
30000,26,0,1
180000,38,0,2
30000,23,0,1
280000,62,1,2
60000,49,1,2
280000,53,0,2
30000,39,1,2
80000,25,0,1
120000,28,0,1
180000,34,0,1
90000,25,0,1
70000,55,0,2
200000,25,0,1
20000,35,1,1
260000,55,0,2
50000,53,0,2
50000,40,1,2
170000,37,0,1
210000,27,0,1
350000,32,0,0
50000,27,0,1
110000,30,0,1
200000,29,0,1
100000,50,0,2
50000,25,0,1
400000,35,0,0
270000,33,0,0
220000,63,0,2
250000,31,0,0
280000,33,0,0
20000,38,1,2
160000,30,0,1
110000,46,0,2
230000,38,0,0
120000,29,1,1
260000,44,1,0
20000,38,0,2
240000,35,1,0
200000,42,0,2
50000,25,0,1
360000,53,0,0
200000,31,0,1
50000,27,1,1
20000,22,0,1
100000,36,0,1
340000,48,0,0
150000,41,1,2
210000,30,0,1
300000,45,0,0
70000,40,1,2
360000,34,0,0
310000,34,1,0
140000,50,1,2
50000,31,1,1
130000,29,0,1
50000,36,1,1
400000,26,0,0
310000,38,1,0
80000,28,1,1
50000,27,0,1
240000,33,0,0
180000,32,0,1
20000,25,0,1
260000,30,0,0
210000,53,0,2
160000,24,0,1
170000,34,0,1
50000,50,1,2
50000,42,0,2
390000,35,0,0
100000,33,0,1
280000,42,0,0
90000,49,1,2
500000,48,0,0
150000,44,0,2
100000,28,1,1
70000,28,0,1
160000,26,0,1
30000,25,1,1
20000,22,0,1
260000,27,0,1
230000,42,0,2
300000,26,0,0
220000,37,1,0
310000,46,0,0
230000,40,0,0
170000,45,0,2
310000,37,0,0
90000,54,1,2
150000,43,0,2
50000,45,0,2
220000,60,1,2
10000,25,0,1
10000,53,1,2
50000,37,1,1
60000,29,0,1
70000,36,1,1
50000,27,0,1
500000,56,0,0
350000,38,0,0
230000,37,1,0
200000,32,0,1
100000,24,0,1
150000,36,0,1
150000,36,0,1
200000,36,0,1
20000,48,1,2
360000,49,0,0
100000,35,0,1
140000,26,0,1
140000,31,1,1
500000,29,0,0
270000,25,0,1
210000,44,1,2
210000,43,0,2
240000,48,0,2
70000,43,0,2
200000,49,0,2
50000,46,0,2
250000,45,1,2
50000,39,0,2
170000,28,0,1
20000,25,0,1
500000,33,0,0
280000,33,0,0
230000,33,0,0
420000,25,0,0
80000,55,0,2
210000,52,0,2
20000,25,0,1
500000,38,0,0
140000,26,1,1
230000,35,0,0
280000,30,0,0
50000,36,1,1
20000,25,1,1
50000,23,1,1
240000,30,0,1
70000,38,0,2
180000,43,0,2
80000,28,1,1
200000,53,0,2
30000,45,1,2
270000,45,0,0
50000,57,0,2
320000,50,0,0
420000,43,0,0
260000,27,0,1
80000,26,0,1
180000,42,0,2
50000,24,0,1
130000,32,0,1
30000,36,1,1
20000,23,0,1
220000,30,0,1
290000,28,0,0
250000,28,0,1
130000,27,0,1
80000,54,0,2
50000,44,0,2
20000,25,1,1
240000,48,0,2
100000,37,1,1
50000,24,1,1
230000,33,1,0
60000,23,0,1
290000,28,0,0
180000,45,0,2
30000,24,0,1
310000,27,0,0
80000,24,0,1
120000,27,0,1
70000,26,1,1
100000,45,0,2
70000,24,1,1
220000,39,0,0
50000,26,0,1
20000,23,1,1
80000,32,0,1
80000,27,0,1
110000,31,0,1
120000,51,1,2
50000,55,0,2
500000,27,0,0
100000,26,1,1
320000,29,0,0
490000,38,0,0
340000,32,0,0
30000,26,0,1
30000,48,0,2
200000,50,0,2
20000,27,0,1
20000,21,0,1
200000,43,1,2
490000,29,0,0
30000,47,1,2
150000,25,0,1
100000,34,0,1
20000,40,0,2
50000,27,1,1
350000,56,0,2
180000,35,0,1
100000,26,0,1
50000,23,1,1
210000,34,0,1
190000,31,1,1
500000,36,0,0
20000,29,0,1
300000,24,0,0
30000,45,0,2
50000,34,0,1
210000,37,0,0
160000,39,0,2
560000,28,0,0
300000,29,0,0
390000,25,0,0
20000,25,0,1
120000,28,0,1
130000,56,0,2
20000,33,0,1
50000,25,0,1
250000,32,0,0
50000,36,1,1
20000,40,0,2
30000,44,0,2
230000,30,1,1
470000,30,0,0
80000,30,0,1
280000,26,0,0
250000,45,0,2
50000,24,1,1
110000,44,0,2
200000,30,0,1
60000,29,1,1
30000,39,1,2
20000,54,0,2
20000,44,1,2
220000,30,1,1
150000,38,0,2
50000,45,0,2
200000,53,0,2
90000,33,1,1
190000,34,1,1
500000,50,0,0
200000,25,0,1
20000,48,0,2
100000,54,0,2
200000,42,0,2
120000,37,0,1
50000,41,0,2
20000,28,1,1
60000,39,0,2
440000,39,0,0
500000,30,0,0
30000,37,1,1
110000,24,1,1
80000,44,0,2
60000,49,1,2
20000,45,0,2
30000,36,0,1
200000,32,0,1
420000,37,0,0
170000,26,0,1
140000,28,1,1
50000,27,0,1
500000,40,0,0
150000,48,0,2
50000,47,0,2
500000,46,0,0
50000,36,0,1
110000,39,0,2
100000,42,0,2
70000,24,1,1
250000,25,0,1
80000,31,0,1
20000,55,0,2
240000,26,0,1
80000,35,0,1
30000,42,0,2
180000,28,0,1
140000,28,0,1
150000,27,0,1
50000,23,0,1
50000,26,0,1
370000,30,0,0
90000,40,1,2
190000,35,0,1
30000,26,1,1
230000,25,0,1
140000,40,0,2
340000,30,0,0
180000,30,0,1
220000,41,0,2
70000,22,0,1
180000,36,0,1
60000,27,0,1
180000,27,0,1
440000,29,0,0
100000,41,1,2
20000,47,0,2
160000,37,0,1
360000,47,0,0
280000,28,0,0
180000,48,0,2
170000,33,0,1
290000,37,0,0
50000,22,0,1
180000,33,0,1
70000,57,0,2
500000,35,1,0
130000,42,0,2
200000,40,0,2
30000,21,0,1
50000,55,0,2
80000,57,1,2
290000,26,0,0
150000,28,0,1
280000,38,1,0
210000,53,0,2
150000,25,0,1
130000,37,1,1
130000,29,0,1
470000,46,0,0
80000,31,0,1
30000,23,1,1
260000,46,0,2
180000,40,0,2
370000,35,0,0
30000,25,0,1
20000,26,0,1
100000,42,0,2
360000,43,0,0
50000,24,0,1
100000,26,0,1
100000,49,0,2
140000,54,0,2
50000,56,0,2
80000,26,0,1
150000,33,0,1
60000,51,0,2
20000,42,1,2
420000,40,0,0
50000,26,0,1
470000,35,0,0
30000,23,0,1
100000,60,1,2
450000,36,1,0
260000,42,0,0
400000,37,0,0
290000,30,1,0
100000,36,0,1
20000,32,0,1
180000,33,0,1
50000,40,1,2
20000,32,0,1
90000,52,0,2
170000,43,0,2
280000,42,0,0
50000,43,0,2
100000,35,1,1
140000,35,0,1
160000,51,0,2
320000,53,0,2
140000,37,0,1
50000,55,1,2
40000,27,0,1
130000,35,0,1
30000,38,1,2
200000,39,0,2
350000,46,0,0
80000,48,0,2
270000,43,0,0
200000,37,0,1
20000,27,0,1
360000,38,0,0
190000,38,0,2
200000,26,1,1
50000,30,0,1
190000,39,1,2
100000,32,0,1
120000,42,1,2
190000,35,1,1
500000,39,0,0
480000,39,0,0
60000,29,0,1
50000,44,0,2
350000,29,0,0
230000,32,0,1
340000,36,0,0
150000,32,0,1
170000,33,0,1
50000,23,0,1
360000,48,0,0
100000,29,1,1
80000,27,1,1
70000,29,1,1
30000,27,0,1
50000,27,0,1
30000,36,1,1
100000,45,0,2
140000,27,0,1
500000,34,0,0
30000,48,0,2
20000,51,0,2
100000,27,0,1
20000,46,1,2
140000,59,0,2
60000,27,0,1
30000,24,0,1
100000,31,0,1
140000,33,0,1
360000,35,0,0
480000,41,0,0
420000,29,0,0
50000,31,1,1
340000,30,0,0
230000,27,0,1
290000,36,0,0
300000,35,0,0
30000,27,0,1
80000,39,0,2
200000,34,0,1
70000,34,0,1
220000,65,0,2
180000,34,1,1
90000,62,0,2
320000,35,0,0
50000,32,0,1
210000,42,0,2
290000,42,0,0
210000,36,0,0
10000,23,0,1
60000,27,1,1
50000,30,0,1
250000,25,0,1
20000,24,0,1
260000,63,0,2
220000,44,0,2
500000,43,0,0
80000,45,0,2
60000,44,0,2
110000,33,1,1
360000,30,0,0
230000,25,0,1
160000,44,0,2
130000,48,0,2
150000,64,0,2
80000,26,0,1
200000,29,0,1
90000,28,0,1
210000,39,0,2
240000,25,0,1
50000,41,1,2
180000,30,0,1
50000,27,0,1
100000,26,0,1
80000,44,1,2
60000,32,0,1
20000,24,0,1
140000,26,0,1
50000,37,0,1
150000,28,0,1
50000,39,0,2
60000,43,0,2
220000,35,0,0
220000,31,1,1
20000,41,0,2
300000,46,0,0
130000,30,1,1
60000,48,0,2
470000,33,1,0
500000,53,0,0
140000,38,0,2
50000,46,0,2
210000,30,1,1
350000,41,0,0
140000,45,0,2
240000,47,0,2
260000,49,0,2
170000,39,0,2
90000,32,0,1
200000,34,0,1
50000,43,0,2
60000,31,0,1
50000,22,1,1
80000,44,0,2
30000,33,0,1
120000,32,0,1
410000,46,1,0
360000,27,0,0
120000,46,0,2
240000,60,1,2
160000,50,0,2
140000,28,0,1
100000,29,1,1
380000,30,0,0
10000,47,0,2
110000,41,0,2
200000,29,1,1
30000,25,1,1
350000,33,0,0
150000,39,0,2
230000,33,0,0
30000,26,0,1
50000,27,0,1
70000,25,1,1
170000,44,0,2
10000,38,1,2
200000,70,0,2
30000,57,1,2
150000,34,0,1
100000,28,1,1
30000,26,0,1
50000,23,0,1
200000,38,0,2
60000,32,0,1
240000,36,0,0
320000,50,0,0
50000,26,0,1
180000,33,0,1
170000,28,0,1
230000,38,0,0
120000,24,0,1
190000,34,0,1
50000,42,0,2
370000,40,0,0
150000,34,0,1
320000,44,0,0
90000,31,1,1
360000,34,1,0
20000,39,1,2
80000,34,1,1
280000,39,0,0
180000,27,0,1
150000,27,0,1
110000,24,1,1
310000,36,0,0
100000,30,0,1
200000,30,0,1
20000,27,1,1
50000,52,1,2
240000,37,0,0
140000,50,0,2
30000,43,1,2
80000,32,0,1
300000,31,0,0
130000,28,0,1
240000,33,0,0
90000,24,0,1
120000,41,0,2
50000,39,1,2
190000,31,0,1
400000,33,0,0
140000,31,0,1
180000,30,0,1
120000,58,1,2
170000,30,0,1
50000,43,1,2
50000,23,0,1
100000,25,0,1
420000,28,0,0
100000,25,0,1
20000,21,0,1
200000,34,0,1
380000,30,0,0
20000,42,1,2
260000,36,0,0
50000,29,0,1
100000,56,0,2
150000,44,0,2
360000,36,0,0
130000,56,0,2
30000,42,1,2
320000,53,0,2
390000,48,0,0
50000,40,0,2
320000,32,0,0
60000,27,0,1
400000,25,0,0
90000,51,0,2
160000,29,1,1
60000,30,0,1
10000,51,0,2
100000,30,0,1
80000,37,1,1
200000,32,0,1
170000,26,0,1
150000,24,0,1
50000,43,0,2
180000,29,0,1
330000,31,0,0
250000,32,0,0
80000,45,0,2
180000,27,0,1
80000,41,0,2
420000,35,0,0
180000,29,1,1
220000,60,1,2
280000,49,0,2
50000,23,0,1
230000,27,1,1
80000,29,1,1
20000,50,1,2
50000,39,0,2
70000,27,1,1
260000,27,1,1
210000,37,0,0
380000,42,0,0
50000,41,0,2
140000,29,1,1
80000,29,0,1
600000,46,0,0
110000,28,0,1
30000,25,0,1
190000,39,1,2
300000,31,0,0
190000,45,0,2
500000,38,0,0
340000,46,0,0
200000,40,1,2
10000,28,1,1
150000,30,1,1
80000,23,0,1
170000,32,1,1
500000,42,0,0
390000,30,0,0
200000,35,1,1
180000,30,1,1
240000,34,1,0
130000,26,0,1
180000,39,0,2
30000,22,1,1
50000,24,0,1
260000,34,0,0
250000,29,0,1
210000,38,1,0
30000,34,0,1
270000,37,1,0
100000,31,1,1
50000,31,0,1
30000,30,0,1
500000,38,0,0
180000,42,0,2
70000,36,0,1
20000,26,0,1
80000,26,0,1
320000,27,0,0
260000,35,0,0
20000,31,0,1
20000,47,0,2
50000,51,0,2
100000,25,0,1
200000,30,0,1
130000,54,0,2
10000,42,1,2
100000,25,0,1
500000,31,0,0
150000,26,0,1
280000,38,1,0
100000,41,1,2
50000,43,0,2
80000,27,0,1
160000,25,1,1
130000,40,1,2
180000,27,0,1
80000,38,0,2
470000,36,0,0
340000,34,1,0
280000,30,0,0
230000,27,0,1
500000,41,0,0
50000,36,1,1
80000,33,0,1
120000,35,0,1
200000,38,0,2
340000,37,0,0
150000,32,1,1
50000,39,1,2
210000,26,0,1
140000,46,0,2
100000,23,0,1
180000,25,0,1
110000,40,0,2
250000,34,0,0
120000,50,0,2
380000,48,0,0
30000,33,1,1
400000,39,0,0
50000,23,0,1
80000,23,1,1
240000,26,0,1
20000,46,1,2
110000,23,0,1
10000,31,1,1
400000,31,0,0
230000,35,1,0
70000,46,0,2
20000,32,1,1
420000,27,0,0
360000,29,0,0
500000,35,0,0
280000,57,0,2
260000,45,0,2
190000,28,1,1
130000,37,1,1
360000,36,0,0
30000,52,0,2
50000,40,1,2
80000,39,1,2
110000,26,0,1
10000,21,1,1
140000,52,1,2
50000,28,0,1
50000,50,0,2
20000,39,0,2
170000,49,1,2
300000,54,0,2
50000,22,0,1
30000,27,1,1
280000,34,0,0
530000,54,0,0
110000,54,0,2
20000,25,1,1
240000,36,1,0
140000,56,0,2
120000,35,0,1
80000,32,0,1
240000,42,1,0
110000,29,1,1
50000,24,0,1
110000,38,0,2
480000,60,0,0
200000,36,0,1
470000,32,0,0
10000,52,1,2
100000,32,0,1
420000,42,0,0
340000,31,0,0
110000,28,0,1
110000,48,1,2
110000,45,0,2
320000,40,0,0
420000,35,0,0
80000,36,0,1
30000,33,0,1
360000,28,0,0
50000,43,0,2
230000,25,0,1
120000,42,0,2
260000,39,1,0
80000,54,0,2
150000,34,0,1
140000,35,0,1
50000,24,0,1
110000,24,0,1
120000,28,0,1
20000,29,0,1
260000,29,1,0
50000,37,0,1
20000,22,0,1
110000,33,1,1
280000,31,1,0
200000,37,0,1
80000,29,0,1
360000,35,0,0
130000,33,1,1
50000,41,0,2
190000,39,0,2
90000,23,0,1
60000,26,0,1
30000,36,0,1
100000,30,0,1
230000,28,0,1
80000,24,0,1
100000,59,0,2
290000,41,0,0
50000,24,0,1
290000,36,0,0
30000,40,1,2
110000,31,0,1
110000,33,1,1
250000,53,1,2
140000,33,0,1
20000,40,0,2
30000,36,1,1
60000,45,0,2
180000,25,0,1
130000,33,0,1
260000,43,0,0
170000,39,1,2
30000,43,0,2
320000,50,0,0
40000,24,0,1
70000,37,1,1
400000,45,0,0
180000,30,0,1
30000,38,1,2
120000,27,0,1
150000,42,0,2
160000,30,0,1
30000,37,1,1
30000,37,0,1
200000,40,0,2
220000,51,0,2
70000,37,0,1
310000,32,0,0
170000,35,1,1
200000,33,0,1
20000,23,0,1
350000,32,0,0
350000,38,0,0
50000,26,0,1
80000,26,1,1
180000,49,1,2
200000,29,0,1
400000,42,0,0
270000,48,0,2
60000,25,0,1
110000,32,1,1
150000,35,0,1
240000,41,0,0
50000,28,0,1
30000,31,1,1
30000,52,1,2
210000,29,0,1
70000,54,0,2
230000,35,0,0
370000,47,0,0
110000,25,1,1
260000,48,0,2
80000,29,0,1
20000,30,1,1
360000,43,1,0
50000,25,0,1
50000,24,1,1
50000,28,0,1
490000,50,1,0
120000,37,1,1
360000,37,0,0
370000,46,0,0
210000,40,0,2
10000,22,1,1
300000,42,0,0
20000,23,1,1
210000,43,0,2
240000,35,0,0
320000,47,0,0
200000,38,0,2
230000,37,1,0
60000,47,0,2
220000,49,0,2
500000,28,0,0
140000,30,0,1
280000,27,0,0
290000,29,1,0
230000,33,0,0
270000,39,0,0
360000,37,0,0
110000,44,1,2
130000,26,0,1
180000,34,0,1
100000,30,1,1
420000,26,1,0
140000,36,0,1
200000,42,0,2
50000,23,1,1
30000,35,0,1
10000,26,0,1
50000,49,0,2
200000,33,0,1
100000,42,1,2
240000,38,1,0
290000,31,1,0
280000,31,0,0
80000,25,0,1
180000,32,0,1
20000,24,1,1
30000,31,0,1
50000,27,1,1
20000,54,1,2
310000,41,0,0
70000,45,0,2
310000,41,0,0
50000,55,0,2
70000,23,0,1
60000,27,0,1
30000,23,0,1
100000,39,1,2
190000,41,0,2
50000,55,0,2
70000,30,1,1
50000,27,1,1
200000,32,0,1
150000,29,1,1
390000,31,0,0
200000,35,1,1
50000,40,0,2
420000,49,0,0
50000,27,0,1
290000,32,0,0
70000,25,0,1
50000,45,0,2
270000,30,0,0
100000,48,1,2
60000,31,1,1
280000,46,1,0
80000,23,0,1
300000,31,0,0
20000,44,1,2
160000,24,0,1
340000,36,0,0
180000,39,1,2
50000,31,1,1
200000,37,0,1
50000,28,0,1
50000,30,1,1
20000,45,1,2
240000,56,0,2
20000,25,0,1
30000,32,1,1
70000,23,0,1
190000,45,0,2
20000,48,1,2
190000,40,1,2
300000,32,0,0
200000,30,0,1
200000,34,1,1
310000,26,0,0
50000,24,0,1
290000,46,0,0
280000,34,0,0
10000,22,1,1
260000,35,1,0
240000,28,1,1
280000,30,0,0
320000,27,0,0
360000,42,0,0
50000,34,0,1
320000,30,0,0
150000,46,0,2
50000,27,1,1
100000,51,0,2
140000,30,0,1
360000,34,0,0
70000,23,0,1
380000,28,0,0
30000,45,0,2
290000,38,0,0
400000,35,0,0
310000,27,0,0
120000,40,0,2
50000,23,0,1
200000,61,0,2
120000,28,0,1
250000,33,0,0
230000,32,0,1
30000,30,0,1
220000,41,0,2
290000,27,0,0
50000,26,0,1
280000,36,0,0
130000,24,0,1
220000,45,0,2
110000,47,0,2
430000,43,0,0
30000,32,1,1
150000,27,0,1
20000,33,1,1
210000,44,1,2
20000,49,1,2
160000,27,1,1
30000,30,0,1
30000,24,1,1
90000,36,0,1
50000,55,0,2
160000,25,0,1
320000,47,0,0
30000,23,1,1
80000,40,1,2
50000,22,0,1
300000,27,0,0
10000,23,0,1
250000,28,1,1
180000,28,0,1
20000,34,1,1
100000,32,0,1
50000,42,0,2
50000,22,0,1
130000,28,1,1
200000,38,0,2
50000,27,1,1
360000,42,0,0
80000,32,0,1
360000,27,1,0
160000,32,0,1
200000,38,1,2
240000,43,1,2
50000,37,0,1
440000,47,1,0
360000,34,0,0
70000,32,0,1
60000,52,0,2
400000,37,0,0
50000,49,1,2
150000,33,0,1
260000,39,0,0
300000,27,0,0
510000,61,0,0
210000,33,1,1
20000,37,1,1
180000,33,0,1
20000,41,1,2
50000,34,0,1
50000,45,0,2
270000,44,1,0
210000,26,0,1
320000,29,0,0
90000,33,0,1
50000,38,0,2
180000,28,0,1
160000,30,0,1
160000,43,0,2
70000,48,1,2
120000,30,0,1
160000,31,0,1
350000,50,1,0
420000,44,0,0
670000,43,0,0
100000,28,1,1
50000,28,0,1
100000,51,0,2
300000,37,0,0
200000,43,0,2
400000,39,1,0
20000,31,0,1
360000,44,0,0
80000,32,0,1
30000,45,1,2
20000,39,0,2
50000,31,0,1
50000,52,0,2
160000,30,0,1
10000,22,0,1
150000,40,1,2
340000,45,0,0
30000,39,0,2
110000,28,0,1
150000,28,1,1
20000,62,0,2
210000,31,0,1
220000,32,0,1
500000,44,0,0
500000,40,0,0
150000,33,0,1
240000,39,0,0
150000,27,0,1
80000,43,0,2
90000,36,0,1
250000,45,0,2
50000,40,0,2
170000,25,0,1
20000,38,0,2
50000,33,0,1
30000,23,0,1
360000,29,0,0
140000,50,0,2
380000,50,0,0
220000,33,0,1
460000,41,0,0
180000,46,1,2
50000,27,0,1
80000,32,0,1
50000,36,0,1
50000,45,0,2
370000,41,0,0
230000,46,0,2
170000,39,0,2
80000,23,0,1
50000,48,0,2
150000,32,0,1
30000,47,1,2
20000,45,1,2
80000,26,0,1
80000,47,0,2
380000,55,0,0
50000,37,0,1
260000,44,0,0
50000,49,0,2
320000,46,0,0
240000,40,1,0
30000,26,1,1
20000,23,1,1
360000,29,0,0
200000,35,0,1
170000,27,0,1
110000,27,0,1
230000,30,0,1
350000,34,0,0
360000,35,0,0
30000,24,1,1
20000,31,0,1
240000,34,0,0
50000,41,1,2
350000,38,0,0
80000,25,0,1
30000,28,0,1
510000,40,1,0
50000,26,0,1
130000,31,1,1
150000,51,1,2
50000,31,0,1
80000,31,1,1
10000,51,1,2
20000,33,0,1
50000,43,0,2
160000,37,1,1
50000,27,1,1
490000,53,0,0
180000,28,0,1
380000,41,0,0
360000,30,0,0
90000,39,0,2
130000,31,0,1
50000,31,0,1
80000,34,0,1
140000,38,0,2
380000,35,0,0
70000,47,0,2
150000,30,0,1
50000,34,0,1
400000,29,0,0
220000,36,0,0
270000,45,0,0
60000,40,1,2
570000,39,0,0
60000,45,0,2
290000,34,0,0
20000,35,1,1
50000,55,0,2
160000,41,1,2
300000,38,0,0
110000,42,0,2
100000,40,0,2
80000,36,0,1
60000,24,0,1
80000,30,0,1
280000,44,1,0
50000,34,0,1
50000,55,1,2
170000,40,0,2
200000,37,0,1
120000,51,0,2
50000,45,0,2
20000,22,1,1
130000,27,0,1
150000,27,0,1
80000,24,0,1
230000,25,0,1
200000,32,1,1
140000,52,0,2
500000,43,0,0
180000,26,0,1
80000,51,0,2
410000,43,0,0
20000,24,0,1
120000,24,0,1
290000,35,1,0
120000,50,1,2
50000,36,1,1
260000,46,1,2
20000,52,0,2
220000,48,1,2
100000,40,0,2
70000,30,1,1
230000,43,0,2
410000,36,0,0
90000,37,0,1
30000,42,0,2
500000,39,0,0
280000,39,0,0
280000,49,0,2
80000,32,0,1
60000,31,0,1
60000,27,0,1
120000,38,1,2
230000,49,0,2
240000,36,0,0
120000,45,0,2
150000,26,0,1
100000,47,0,2
20000,42,0,2
410000,28,0,0
180000,33,0,1
30000,22,1,1
280000,31,0,0
50000,43,0,2
90000,43,0,2
60000,40,0,2
50000,25,0,1
50000,25,1,1
240000,35,0,0
50000,24,1,1
260000,36,0,0
50000,26,0,1
110000,29,0,1
320000,34,1,0
50000,24,0,1
200000,25,0,1
400000,34,0,0
20000,55,1,2
180000,28,0,1
270000,50,0,2
50000,43,1,2
360000,33,0,0
210000,47,0,2
90000,32,0,1
50000,26,0,1
360000,45,0,0
50000,58,0,2
100000,33,0,1
30000,29,0,1
330000,29,0,0
500000,38,0,0
150000,22,0,1
180000,27,0,1
290000,32,0,0
20000,41,0,2
130000,46,0,2
10000,22,0,1
180000,45,1,2
420000,40,0,0
220000,46,0,2
160000,47,0,2
210000,44,0,2
100000,28,1,1
200000,31,0,1
500000,38,0,0
70000,40,0,2
180000,43,0,2
10000,24,0,1
110000,55,1,2
150000,26,0,1
250000,35,0,0
50000,37,0,1
90000,36,1,1
50000,48,0,2
50000,41,0,2
30000,23,0,1
100000,25,1,1
360000,35,0,0
20000,30,0,1
310000,41,0,0
50000,24,1,1
30000,39,1,2
250000,31,0,0
90000,29,0,1
80000,35,0,1
350000,33,0,0
30000,21,1,1
50000,27,0,1
230000,39,0,0
330000,44,1,0
210000,34,0,1
230000,46,0,2
140000,24,0,1
500000,35,1,0
130000,47,1,2
30000,41,0,2
210000,35,0,1
180000,41,0,2
160000,33,0,1
150000,42,0,2
120000,26,0,1
210000,28,0,1
110000,46,0,2
280000,30,0,0
290000,26,0,0
480000,45,0,0
150000,37,0,1
10000,31,0,1
90000,24,0,1
360000,33,0,0
80000,25,0,1
310000,44,0,0
260000,38,1,0
80000,42,0,2
140000,32,0,1
50000,35,1,1
210000,29,0,1
390000,41,1,0
20000,38,0,2
300000,27,0,0
200000,26,0,1
290000,55,0,2
130000,24,0,1
230000,33,1,0
130000,30,1,1
170000,36,0,1
50000,54,0,2
360000,31,0,0
200000,36,0,1
290000,36,0,0
70000,27,0,1
30000,39,1,2
150000,26,0,1
300000,33,0,0
300000,40,0,0
50000,52,1,2
290000,40,0,0
150000,29,0,1
500000,32,0,0
90000,24,0,1
70000,30,1,1
200000,29,0,1
210000,34,0,1
170000,26,0,1
200000,41,0,2
400000,32,0,0
120000,32,0,1
30000,54,1,2
100000,50,0,2
400000,39,0,0
200000,30,0,1
60000,27,0,1
290000,49,1,2
180000,35,0,1
390000,36,0,0
70000,37,0,1
50000,34,0,1
340000,31,1,0
80000,33,0,1
10000,24,0,1
230000,28,0,1
500000,52,1,0
10000,37,1,1
310000,40,0,0
500000,69,0,0
50000,44,0,2
210000,30,0,1
80000,30,1,1
300000,40,0,0
20000,23,0,1
50000,24,1,1
360000,39,0,0
70000,44,1,2
80000,23,0,1
200000,46,0,2
260000,52,0,2
50000,50,0,2
140000,33,0,1
210000,30,0,1
20000,22,0,1
60000,53,0,2
260000,35,0,0
500000,33,0,0
50000,60,0,2
50000,28,1,1
450000,29,0,0
360000,43,0,0
110000,28,0,1
150000,33,0,1
330000,37,0,0
80000,45,0,2
200000,30,0,1
50000,43,1,2
30000,35,0,1
80000,27,0,1
80000,26,0,1
50000,23,1,1
340000,49,0,0
100000,50,0,2
70000,33,0,1
160000,48,0,2
160000,27,0,1
120000,27,1,1
220000,28,0,1
60000,45,1,2
130000,32,0,1
500000,31,0,0
360000,30,0,0
30000,44,0,2
100000,23,0,1
500000,37,0,0
50000,23,0,1
200000,40,0,2
180000,27,0,1
20000,43,1,2
30000,27,1,1
460000,39,0,0
200000,41,0,2
140000,25,1,1
180000,46,1,2
200000,36,0,1
80000,47,1,2
80000,23,0,1
170000,57,0,2
20000,22,0,1
20000,30,0,1
100000,38,1,2
10000,27,0,1
270000,39,0,0
170000,29,1,1
460000,41,0,0
90000,30,1,1
20000,43,1,2
50000,28,1,1
50000,23,0,1
180000,58,1,2
80000,24,0,1
80000,36,1,1
20000,25,0,1
360000,38,0,0
70000,37,0,1
160000,29,1,1
10000,27,0,1
280000,39,0,0
60000,40,0,2
230000,35,0,0
490000,43,0,0
50000,33,1,1
200000,26,0,1
280000,35,0,0
100000,24,0,1
20000,25,1,1
60000,47,1,2
170000,31,0,1
30000,33,1,1
140000,33,0,1
200000,43,0,2
180000,34,0,1
180000,38,0,2
30000,46,0,2
360000,44,0,0
230000,46,1,2
70000,37,0,1
130000,29,0,1
50000,42,0,2
160000,35,1,1
70000,34,1,1
30000,23,1,1
240000,24,0,1
90000,35,0,1
90000,47,0,2
210000,30,0,1
500000,36,0,0
50000,45,0,2
30000,21,0,1
120000,25,0,1
320000,44,0,0
50000,31,0,1
210000,29,0,1
50000,57,0,2
50000,27,0,1
170000,51,0,2
100000,44,0,2
10000,22,0,1
200000,28,1,1
140000,29,0,1
180000,29,0,1
40000,28,0,1
50000,24,0,1
160000,27,1,1
100000,36,1,1
80000,32,0,1
260000,43,1,0
80000,39,0,2
50000,23,1,1
230000,38,0,0
10000,23,0,1
80000,37,0,1
80000,40,0,2
50000,35,0,1
90000,28,1,1
190000,42,0,2
230000,42,1,2
20000,23,0,1
50000,42,0,2
210000,51,1,2
420000,54,0,0
360000,27,0,0
20000,46,0,2
230000,28,0,1
240000,29,0,1
50000,37,0,1
50000,30,0,1
500000,45,0,0
80000,31,0,1
20000,43,1,2
280000,31,0,0
150000,23,0,1
240000,38,0,0
20000,44,0,2
30000,39,0,2
80000,47,1,2
160000,31,1,1
500000,34,0,0
310000,38,0,0
220000,33,0,1
140000,33,0,1
20000,25,1,1
50000,40,1,2
50000,40,1,2
60000,24,0,1
50000,24,0,1
70000,32,0,1
60000,22,0,1
20000,45,0,2
50000,25,1,1
300000,32,0,0
50000,51,1,2
200000,46,0,2
100000,24,0,1
10000,22,1,1
250000,43,0,0
460000,43,0,0
480000,53,0,0
30000,23,1,1
200000,46,1,2
20000,23,0,1
200000,34,0,1
60000,26,1,1
360000,26,0,0
420000,46,1,0
240000,38,0,0
40000,26,0,1
20000,33,1,1
260000,32,0,0
420000,46,0,0
200000,37,0,1
150000,41,0,2
20000,39,0,2
500000,31,0,0
160000,32,1,1
50000,33,0,1
180000,37,0,1
20000,51,0,2
190000,33,0,1
80000,25,0,1
20000,29,0,1
200000,41,0,2
10000,62,0,2
370000,34,0,0
80000,27,1,1
200000,36,0,1
60000,25,0,1
50000,41,1,2
110000,56,1,2
80000,37,1,1
100000,31,0,1
110000,28,0,1
120000,24,0,1
170000,35,0,1
340000,27,0,0
170000,41,1,2
140000,28,0,1
490000,31,0,0
200000,32,0,1
210000,31,0,1
50000,46,0,2
50000,27,1,1
570000,46,0,0
310000,28,0,0
160000,35,0,1
70000,27,0,1
170000,40,0,2
30000,29,0,1
170000,45,1,2
50000,49,0,2
120000,37,0,1
60000,41,0,2
420000,36,0,0
50000,38,1,2
200000,53,0,2
230000,37,1,0
70000,43,0,2
10000,24,1,1
50000,27,1,1
260000,41,0,0
10000,21,0,1
40000,38,1,2
310000,29,1,0
80000,29,0,1
180000,30,0,1
220000,43,1,2
20000,28,1,1
240000,38,0,0
20000,23,0,1
360000,30,0,0
30000,22,0,1
80000,28,0,1
30000,27,0,1
100000,29,0,1
500000,31,0,0
20000,27,1,1
10000,37,0,1
190000,40,0,2
150000,45,0,2
300000,41,0,0
160000,31,0,1
360000,48,0,0
520000,35,0,0
360000,25,0,0
20000,50,1,2
70000,24,0,1
500000,32,0,0
280000,46,0,0
40000,23,0,1
500000,32,1,0
30000,58,0,2
340000,27,0,0
50000,24,1,1
170000,51,0,2
160000,27,0,1
200000,48,0,2
410000,29,0,0
150000,39,0,2
30000,32,0,1
20000,42,0,2
300000,66,0,2
210000,42,0,2
100000,50,0,2
50000,38,0,2
150000,36,1,1
220000,44,0,2
30000,31,0,1
20000,29,0,1
80000,26,0,1
290000,24,0,0
320000,46,0,0
300000,47,0,0
150000,38,0,2
20000,36,0,1
50000,27,0,1
300000,40,0,0
260000,41,0,0
80000,32,1,1
140000,41,0,2
320000,30,0,0
60000,23,0,1
320000,30,0,0
130000,33,0,1
50000,42,0,2
40000,48,0,2
120000,43,0,2
10000,47,1,2
510000,30,0,0
40000,25,1,1
280000,35,0,0
260000,36,0,0
50000,27,1,1
70000,24,0,1
50000,30,0,1
200000,67,0,2
340000,29,0,0
240000,53,0,2
550000,44,0,0
50000,48,1,2
190000,36,1,1
50000,28,0,1
150000,54,0,2
320000,25,0,0
80000,44,0,2
210000,37,0,0
90000,28,0,1
240000,27,0,1
150000,49,0,2
210000,29,0,1
230000,30,0,1
80000,22,0,1
110000,30,0,1
360000,35,0,0
20000,36,0,1
220000,33,0,1
320000,32,1,0
30000,25,0,1
140000,29,0,1
350000,27,0,0
180000,43,0,2
260000,37,0,0
50000,36,0,1
110000,40,1,2
70000,28,0,1
50000,28,0,1
50000,47,0,2
180000,32,0,1
200000,37,0,1
320000,46,0,0
30000,23,0,1
110000,43,0,2
120000,46,0,2
200000,33,0,1
30000,52,0,2
300000,36,0,0
150000,28,0,1
230000,39,0,0
230000,47,0,2
20000,42,0,2
30000,31,0,1
260000,46,0,2
160000,41,0,2
130000,29,0,1
10000,44,0,2
100000,47,0,2
190000,26,0,1
160000,28,0,1
280000,41,0,0
100000,40,0,2
360000,34,1,0
130000,36,0,1
500000,29,0,0
170000,44,1,2
50000,25,0,1
60000,23,0,1
50000,36,0,1
30000,38,0,2
50000,23,1,1
50000,49,0,2
280000,29,0,0
140000,31,0,1
20000,32,0,1
20000,50,0,2
150000,33,1,1
70000,26,0,1
180000,29,0,1
450000,41,0,0
150000,48,0,2
120000,33,0,1
100000,41,0,2
80000,51,1,2
150000,25,0,1
80000,23,1,1
200000,29,0,1
290000,34,0,0
500000,34,0,0
130000,46,0,2
200000,26,0,1
160000,29,0,1
230000,46,0,2
200000,26,0,1
30000,30,0,1
80000,30,0,1
90000,29,0,1
220000,40,0,2
500000,39,0,0
260000,34,0,0
250000,31,1,0
80000,57,1,2
10000,31,0,1
140000,28,1,1
220000,52,0,2
20000,23,0,1
210000,26,0,1
30000,28,1,1
330000,36,0,0
360000,28,1,0
150000,35,1,1
230000,29,0,1
20000,24,0,1
160000,33,0,1
140000,29,0,1
400000,34,0,0
100000,44,1,2
20000,24,0,1
150000,36,1,1
240000,50,0,2
120000,34,0,1
110000,31,0,1
70000,35,0,1
20000,50,0,2
20000,25,0,1
360000,39,0,0
50000,29,0,1
360000,41,0,0
80000,34,0,1
160000,60,0,2
80000,40,0,2
280000,41,0,0
80000,23,0,1
220000,33,0,1
200000,40,1,2
150000,45,0,2
20000,24,0,1
140000,30,1,1
50000,34,0,1
360000,32,0,0
150000,24,1,1
380000,27,0,0
300000,44,0,0
20000,27,0,1
160000,43,1,2
100000,29,0,1
80000,24,0,1
50000,31,0,1
100000,28,0,1
210000,37,0,0
140000,24,1,1
120000,23,0,1
440000,49,0,0
200000,33,1,1
50000,42,0,2
50000,24,1,1
260000,38,0,0
230000,44,1,2
200000,40,0,2
200000,37,1,1
280000,48,1,2
120000,43,1,2
60000,24,1,1
300000,29,0,0
60000,51,0,2
80000,23,0,1
360000,52,0,0
90000,23,1,1
240000,34,0,0
240000,39,0,0
210000,32,0,1
50000,49,0,2
150000,38,1,2
340000,49,1,0
110000,37,1,1
250000,36,0,0
70000,26,0,1
20000,48,0,2
30000,35,1,1
450000,37,0,0
180000,75,1,2
320000,29,0,0
10000,52,0,2
60000,29,1,1
500000,33,0,0
480000,41,0,0
160000,24,0,1
200000,35,0,1
100000,39,0,2
10000,42,1,2
250000,40,0,0
230000,43,0,2
180000,28,0,1
230000,26,0,1
90000,54,1,2
30000,42,0,2
360000,44,0,0
210000,28,0,1
70000,27,0,1
10000,23,0,1
390000,31,0,0
120000,45,0,2
50000,24,0,1
150000,50,1,2
360000,55,0,0
210000,29,0,1
140000,33,0,1
470000,32,0,0
100000,43,0,2
120000,36,0,1
10000,54,1,2
120000,27,0,1
220000,43,1,2
30000,56,0,2
360000,34,0,0
170000,29,0,1
200000,39,0,2
10000,34,0,1
360000,42,0,0
170000,50,0,2
120000,39,0,2
240000,46,0,2
180000,34,0,1
160000,27,0,1
190000,30,1,1
140000,35,1,1
240000,44,0,2
50000,31,0,1
20000,27,0,1
260000,36,0,0
80000,25,1,1
250000,32,0,0
350000,70,0,2
400000,46,0,0
100000,30,0,1
200000,39,1,2
50000,25,0,1
470000,35,0,0
360000,32,0,0
50000,61,1,2
50000,46,1,2
90000,36,0,1
130000,24,0,1
210000,29,0,1
100000,43,0,2
260000,37,1,0
130000,27,0,1
150000,29,0,1
360000,43,0,0
50000,59,0,2
20000,57,0,2
20000,22,1,1
230000,41,0,2
400000,26,0,0
180000,44,0,2
130000,25,0,1
50000,25,0,1
80000,30,0,1
60000,28,0,1
180000,30,0,1
30000,45,0,2
260000,30,0,0
340000,47,1,0
200000,43,0,2
600000,30,0,0
80000,30,0,1
100000,35,0,1
300000,30,0,0
110000,30,0,1
160000,26,0,1
330000,39,0,0
30000,46,1,2
400000,27,0,0
240000,37,0,0
240000,46,0,2
60000,27,0,1
200000,59,0,2
80000,52,0,2
430000,34,0,0
200000,29,1,1
20000,24,1,1
200000,34,0,1
270000,40,0,0
50000,45,0,2
210000,25,1,1
480000,38,0,0
430000,27,1,0
460000,26,0,0
200000,33,0,1
50000,34,1,1
300000,48,1,0
180000,29,0,1
100000,36,1,1
360000,27,0,0
330000,37,0,0
390000,35,0,0
340000,29,0,0
40000,44,0,2
50000,45,0,2
50000,22,0,1
230000,37,0,0
270000,31,0,0
300000,28,0,0
200000,36,1,1
50000,23,0,1
20000,44,0,2
140000,36,1,1
200000,58,0,2
380000,33,0,0
400000,29,0,0
50000,22,1,1
140000,32,0,1
20000,22,0,1
80000,28,0,1
160000,37,0,1
260000,54,0,2
300000,26,0,0
50000,40,0,2
90000,29,0,1
100000,30,0,1
110000,41,0,2
100000,48,0,2
180000,26,0,1
80000,23,0,1
80000,32,1,1
150000,35,1,1
50000,34,0,1
60000,63,0,2
70000,37,1,1
150000,30,0,1
520000,34,0,0
130000,28,1,1
230000,45,0,2
150000,57,1,2
230000,28,1,1
20000,26,0,1
50000,25,0,1
10000,45,0,2
610000,31,0,0
50000,26,0,1
20000,45,1,2
80000,25,0,1
30000,38,1,2
50000,36,0,1
70000,23,1,1
160000,31,0,1
20000,49,1,2
240000,35,0,0
60000,38,0,2
200000,28,1,1
60000,51,0,2
140000,24,1,1
50000,34,1,1
170000,39,0,2
230000,54,0,2
500000,39,0,0
30000,30,0,1
30000,53,0,2
360000,28,0,0
70000,33,0,1
210000,39,0,2
360000,28,0,0
120000,34,1,1
10000,22,0,1
20000,23,1,1
30000,24,0,1
80000,28,0,1
80000,39,1,2
50000,45,0,2
90000,25,0,1
30000,36,0,1
120000,33,0,1
20000,29,1,1
240000,32,1,0
320000,39,0,0
50000,44,0,2
320000,26,0,0
30000,22,1,1
50000,29,0,1
120000,38,0,2
50000,24,0,1
440000,35,0,0
100000,32,0,1
300000,27,0,0
120000,44,0,2
300000,28,0,0
460000,51,0,0
400000,44,0,0
300000,35,0,0
70000,36,0,1
90000,26,0,1
260000,31,0,0
210000,26,0,1
50000,46,0,2
500000,41,0,0
70000,27,0,1
70000,24,0,1
30000,47,0,2
280000,31,0,0
280000,37,0,0
230000,32,0,1
130000,41,0,2
60000,28,1,1
20000,22,0,1
140000,45,0,2
30000,43,1,2
140000,26,0,1
120000,36,1,1
340000,47,0,0
260000,42,0,0
130000,54,0,2
230000,30,1,1
270000,45,0,0
180000,31,0,1
180000,25,0,1
100000,46,0,2
230000,30,0,1
210000,33,1,1
100000,42,0,2
210000,28,1,1
60000,25,0,1
300000,43,1,0
100000,27,0,1
260000,33,0,0
500000,37,0,0
50000,37,1,1
200000,37,1,1
160000,30,0,1
50000,24,0,1
150000,37,1,1
150000,52,1,2
360000,32,0,0
350000,57,0,2
80000,39,0,2
280000,35,0,0
180000,29,0,1
50000,24,0,1
200000,33,0,1
180000,30,0,1
330000,25,0,0
360000,52,0,0
50000,41,0,2
20000,47,0,2
80000,26,0,1
230000,41,0,2
250000,33,0,0
210000,28,0,1
300000,39,0,0
50000,34,0,1
170000,32,1,1
600000,53,1,0
70000,27,0,1
90000,29,0,1
500000,37,0,0
350000,32,0,0
180000,38,0,2
140000,27,0,1
500000,37,1,0
50000,24,1,1
200000,40,0,2
130000,29,0,1
70000,33,0,1
400000,31,0,0
200000,29,0,1
50000,48,1,2
50000,24,0,1
80000,49,0,2
30000,24,0,1
30000,31,0,1
470000,35,0,0
30000,45,0,2
50000,51,0,2
500000,29,0,0
260000,31,0,0
210000,35,1,1
30000,51,0,2
60000,35,1,1
540000,34,0,0
10000,22,0,1
360000,27,0,0
500000,39,0,0
220000,27,0,1
60000,29,0,1
70000,49,1,2
280000,36,0,0
30000,57,1,2
60000,48,0,2
500000,27,0,0
50000,54,0,2
150000,55,0,2
100000,28,0,1
50000,25,1,1
220000,29,0,1
200000,29,0,1
420000,36,0,0
50000,41,0,2
50000,25,0,1
50000,39,0,2
100000,30,0,1
390000,28,0,0
100000,36,0,1
110000,43,1,2
80000,24,0,1
140000,30,0,1
50000,27,1,1
50000,22,1,1
200000,50,1,2
310000,37,0,0
120000,31,0,1
320000,29,0,0
20000,23,0,1
310000,33,0,0
280000,56,1,2
150000,24,0,1
80000,24,0,1
150000,23,0,1
310000,31,0,0
20000,22,1,1
300000,43,0,0
110000,43,0,2
200000,33,0,1
120000,25,1,1
20000,33,0,1
10000,27,0,1
400000,32,1,0
150000,44,1,2
50000,49,0,2
100000,35,0,1
20000,52,0,2
30000,27,0,1
20000,23,0,1
50000,53,0,2
500000,29,0,0
10000,24,1,1
70000,24,0,1
50000,50,0,2
240000,57,0,2
90000,51,1,2
390000,24,0,0
130000,25,0,1
20000,26,0,1
110000,32,0,1
200000,48,1,2
30000,60,0,2
250000,31,0,0
420000,36,0,0
110000,24,0,1
330000,37,0,0
130000,43,0,2
210000,27,0,1
20000,55,1,2
500000,44,0,0
230000,31,0,1
200000,27,0,1
220000,45,0,2
550000,33,0,0
50000,43,0,2
150000,31,0,1
50000,26,1,1
20000,44,0,2
110000,29,1,1
360000,26,0,0
50000,46,1,2
310000,43,0,0
160000,26,1,1
80000,41,0,2
260000,27,0,1
340000,37,0,0
260000,28,0,0
50000,34,0,1
250000,26,0,1
20000,56,1,2
280000,39,0,0
40000,27,0,1
250000,24,0,1
320000,39,0,0
500000,39,0,0
140000,24,0,1
170000,47,0,2
420000,29,0,0
90000,52,0,2
50000,25,1,1
390000,53,0,0
310000,25,0,0
130000,29,0,1
200000,40,0,2
240000,37,0,0
30000,45,0,2
140000,29,0,1
210000,66,0,2
50000,50,0,2
30000,23,0,1
230000,47,0,2
40000,36,0,1
240000,35,1,0
360000,46,1,0
450000,31,1,0
50000,43,0,2
340000,28,0,0
340000,38,0,0
240000,34,1,0
230000,39,1,0
320000,44,0,0
300000,32,0,0
50000,56,0,2
50000,27,1,1
30000,38,1,2
60000,33,0,1
260000,32,1,0
520000,32,0,0
30000,23,0,1
310000,35,0,0
50000,27,1,1
450000,34,0,0
30000,35,1,1
220000,35,0,0
50000,42,1,2
70000,33,0,1
20000,33,0,1
50000,24,0,1
220000,30,0,1
50000,42,0,2
140000,33,0,1
150000,29,0,1
160000,35,0,1
30000,25,1,1
80000,26,0,1
160000,31,0,1
110000,25,0,1
80000,29,1,1
110000,35,0,1
20000,48,1,2
80000,25,0,1
140000,24,0,1
320000,27,1,0
80000,24,0,1
360000,27,0,0
370000,45,0,0
50000,25,0,1
60000,31,1,1
50000,22,0,1
50000,42,0,2
30000,56,0,2
20000,26,0,1
260000,59,0,2
340000,35,0,0
180000,35,0,1
320000,31,0,0
80000,49,0,2
280000,30,0,0
440000,28,0,0
130000,23,0,1
50000,28,0,1
210000,34,0,1
80000,27,0,1
250000,26,0,1
20000,29,0,1
100000,28,0,1
160000,27,1,1
250000,29,0,1
390000,35,0,0
190000,29,0,1
200000,38,0,2
50000,51,0,2
200000,29,0,1
140000,48,0,2
150000,33,0,1
140000,37,1,1
150000,51,0,2
250000,40,0,0
20000,45,0,2
140000,37,0,1
260000,36,0,0
20000,42,1,2
20000,23,1,1
90000,38,0,2
100000,24,1,1
180000,33,1,1
160000,32,0,1
320000,36,0,0
250000,31,0,0
50000,48,0,2
240000,41,0,0
130000,39,0,2
100000,26,0,1
80000,41,0,2
40000,24,0,1
140000,48,0,2
380000,34,0,0
50000,31,0,1
160000,27,0,1
190000,25,0,1
620000,39,0,0
160000,35,1,1
50000,26,0,1
100000,29,0,1
240000,47,1,2
140000,45,0,2
150000,30,0,1
30000,60,0,2
150000,36,0,1
180000,39,0,2
260000,27,0,1
100000,40,1,2
80000,26,1,1
230000,46,0,2
460000,40,1,0
180000,26,0,1
290000,37,1,0
310000,48,0,0
260000,30,0,0
350000,29,0,0
220000,40,0,2
200000,34,0,1
360000,29,0,0
210000,47,0,2
40000,27,0,1
360000,38,0,0
210000,47,0,2
60000,25,0,1
50000,30,0,1
100000,35,0,1
60000,24,0,1
350000,33,0,0
110000,34,0,1
500000,54,0,0
130000,38,0,2
350000,40,0,0
30000,34,0,1
350000,33,0,0
180000,36,1,1
20000,30,0,1
240000,36,0,0
260000,35,0,0
390000,26,0,0
50000,25,0,1
210000,40,0,2
130000,26,0,1
300000,39,1,0
210000,36,0,0
80000,27,0,1
80000,40,1,2
200000,30,1,1
90000,27,0,1
90000,23,0,1
150000,28,0,1
90000,35,1,1
500000,41,0,0
20000,24,0,1
360000,51,0,0
260000,29,1,0
350000,33,1,0
80000,38,1,2
360000,27,0,0
370000,66,0,2
210000,66,0,2
50000,23,0,1
290000,40,0,0
340000,30,0,0
20000,24,0,1
360000,39,0,0
70000,29,0,1
80000,48,0,2
400000,55,0,0
120000,27,0,1
300000,37,0,0
80000,42,0,2
50000,48,0,2
50000,46,0,2
160000,29,0,1
290000,32,0,0
120000,30,0,1
170000,27,0,1
50000,30,1,1
80000,29,0,1
140000,30,0,1
300000,35,0,0
80000,22,0,1
500000,33,0,0
160000,34,0,1
200000,36,0,1
140000,26,0,1
150000,40,0,2
200000,63,1,2
20000,28,0,1
50000,35,1,1
180000,36,0,1
360000,36,0,0
20000,38,0,2
290000,50,0,2
180000,24,0,1
40000,24,1,1
160000,43,0,2
80000,37,0,1
230000,37,0,0
120000,24,0,1
140000,36,1,1
310000,27,0,0
50000,24,0,1
140000,38,0,2
110000,29,0,1
20000,25,0,1
20000,30,0,1
300000,40,0,0
470000,49,1,0
20000,47,1,2
470000,47,0,0
290000,49,1,2
630000,47,0,0
20000,26,0,1
180000,34,1,1
50000,35,0,1
380000,32,0,0
230000,42,0,2
130000,26,0,1
450000,38,0,0
100000,36,0,1
390000,37,0,0
120000,36,1,1
140000,44,1,2
170000,30,1,1
400000,34,0,0
100000,30,0,1
150000,36,1,1
80000,33,0,1
260000,53,1,2
200000,42,1,2
70000,28,0,1
160000,28,0,1
10000,24,1,1
50000,49,1,2
390000,35,0,0
200000,44,1,2
20000,24,1,1
140000,31,1,1
60000,23,0,1
70000,24,0,1
80000,39,0,2
50000,29,0,1
390000,49,0,0
50000,35,0,1
120000,65,0,2
180000,42,1,2
290000,27,0,0
200000,30,0,1
180000,43,0,2
170000,29,0,1
340000,39,0,0
370000,35,0,0
30000,31,0,1
500000,36,0,0
210000,30,0,1
150000,45,0,2
300000,46,0,0
90000,34,0,1
100000,34,0,1
70000,36,0,1
100000,45,0,2
180000,43,0,2
280000,47,0,2
160000,40,0,2
200000,34,1,1
160000,26,0,1
100000,30,0,1
50000,25,0,1
280000,38,1,0
30000,36,0,1
490000,28,0,0
30000,24,0,1
70000,30,0,1
60000,24,0,1
60000,45,0,2
280000,61,0,2
40000,48,0,2
360000,31,0,0
180000,34,1,1
200000,47,0,2
50000,35,0,1
100000,35,0,1
90000,25,1,1
240000,44,1,2
320000,27,0,0
80000,32,1,1
270000,29,0,0
190000,34,1,1
230000,43,0,2
100000,55,0,2
140000,32,1,1
150000,24,0,1
100000,42,0,2
200000,36,0,1
20000,39,0,2
20000,23,0,1
170000,34,0,1
320000,24,0,0
30000,25,0,1
120000,47,0,2
20000,43,1,2
420000,25,0,0
30000,27,1,1
270000,47,1,2
80000,37,1,1
270000,37,0,0
350000,38,0,0
20000,41,0,2
200000,42,0,2
40000,32,0,1
30000,35,0,1
160000,35,0,1
230000,36,0,0
360000,56,0,0
340000,35,0,0
230000,36,0,0
130000,30,0,1
420000,53,0,0
120000,26,0,1
100000,30,1,1
20000,38,0,2
350000,33,0,0
460000,33,0,0
420000,35,0,0
200000,41,1,2
80000,39,0,2
420000,36,0,0
110000,24,0,1
120000,44,0,2
20000,40,0,2
310000,26,0,0
100000,39,0,2
360000,39,0,0
240000,41,0,0
70000,42,0,2
600000,44,0,0
300000,40,0,0
150000,37,0,1
50000,25,0,1
50000,44,0,2
100000,29,1,1
130000,33,0,1
130000,44,0,2
80000,37,0,1
210000,36,0,0
210000,38,0,0
50000,44,1,2
230000,29,0,1
150000,44,0,2
30000,37,1,1
380000,30,0,0
150000,32,0,1
480000,44,0,0
60000,22,1,1
420000,27,0,0
30000,50,0,2
50000,25,1,1
10000,22,1,1
50000,41,0,2
200000,47,0,2
30000,30,0,1
50000,23,0,1
140000,31,1,1
50000,39,0,2
500000,33,0,0
100000,33,0,1
280000,47,0,2
200000,34,1,1
20000,37,1,1
20000,24,1,1
300000,35,0,0
290000,31,0,0
220000,34,0,1
20000,34,1,1
80000,33,0,1
450000,45,0,0
150000,40,0,2
240000,46,0,2
80000,26,1,1
20000,28,0,1
50000,24,0,1
50000,60,0,2
260000,34,0,0
340000,37,0,0
520000,54,0,0
50000,48,0,2
220000,34,0,1
320000,28,0,0
80000,43,0,2
420000,36,0,0
70000,24,0,1
340000,31,0,0
150000,39,0,2
320000,28,0,0
200000,35,0,1
300000,38,1,0
20000,35,0,1
20000,43,1,2
70000,28,0,1
100000,45,1,2
230000,40,0,0
240000,28,0,1
30000,26,0,1
300000,34,0,0
160000,25,0,1
500000,31,0,0
80000,29,1,1
90000,27,0,1
460000,61,0,0
150000,48,0,2
20000,53,1,2
160000,29,1,1
50000,33,0,1
280000,25,0,0
180000,38,0,2
120000,29,0,1
450000,37,0,0
200000,44,0,2
30000,35,0,1
220000,28,0,1
200000,31,0,1
230000,36,1,0
700000,35,0,0
140000,44,0,2
130000,40,0,2
70000,24,0,1
20000,24,1,1
100000,28,0,1
20000,31,0,1
120000,31,0,1
330000,39,0,0
20000,44,1,2
30000,34,0,1
50000,42,0,2
140000,26,0,1
280000,53,0,2
200000,37,0,1
210000,56,0,2
530000,54,0,0
240000,39,0,0
150000,23,0,1
130000,36,0,1
130000,37,0,1
80000,31,0,1
50000,56,0,2
200000,34,0,1
20000,48,1,2
20000,23,0,1
210000,31,0,1
10000,28,1,1
500000,45,0,0
50000,39,0,2
380000,42,0,0
150000,23,0,1
40000,23,1,1
50000,26,1,1
100000,45,0,2
90000,34,0,1
50000,22,0,1
30000,23,1,1
30000,26,1,1
170000,25,1,1
50000,36,0,1
10000,45,0,2
50000,45,0,2
50000,27,0,1
250000,27,0,1
90000,34,1,1
30000,43,0,2
50000,41,0,2
20000,46,1,2
110000,27,1,1
20000,22,0,1
410000,50,0,0
170000,28,0,1
150000,31,0,1
350000,42,1,0
260000,35,0,0
160000,30,0,1
280000,30,1,0
200000,46,1,2
230000,34,0,0
160000,49,0,2
170000,31,0,1
50000,41,0,2
60000,30,0,1
230000,61,0,2
80000,39,0,2
350000,32,0,0
280000,31,0,0
50000,31,1,1
120000,48,0,2
50000,31,0,1
320000,29,0,0
100000,45,1,2
90000,44,1,2
20000,25,1,1
30000,31,0,1
360000,43,1,0
110000,26,0,1
410000,34,1,0
20000,44,0,2
50000,37,0,1
50000,23,0,1
260000,31,0,0
290000,26,0,0
360000,28,0,0
60000,29,0,1
390000,39,0,0
180000,31,0,1
400000,53,0,0
50000,25,0,1
400000,30,0,0
350000,49,0,0
180000,42,1,2
150000,46,0,2
60000,26,0,1
500000,33,0,0
200000,40,0,2
310000,50,0,0
230000,39,1,0
200000,27,0,1
180000,24,0,1
150000,29,0,1
200000,47,0,2
230000,46,0,2
40000,27,1,1
50000,22,0,1
70000,29,0,1
150000,33,0,1
20000,24,0,1
410000,30,0,0
80000,43,0,2
10000,49,1,2
90000,29,0,1
130000,27,0,1
20000,25,1,1
120000,27,1,1
80000,35,0,1
360000,34,0,0
80000,39,1,2
20000,50,0,2
150000,42,0,2
70000,48,1,2
500000,33,0,0
400000,28,0,0
30000,23,1,1
30000,28,0,1
10000,51,0,2
240000,28,0,1
270000,33,0,0
160000,28,0,1
120000,29,0,1
130000,48,0,2
10000,23,0,1
10000,21,0,1
80000,45,0,2
140000,26,0,1
130000,33,0,1
50000,24,0,1
220000,30,0,1
330000,56,0,2
430000,29,0,0
20000,25,0,1
400000,31,0,0
20000,42,0,2
50000,32,1,1
50000,45,0,2
140000,31,0,1
180000,33,0,1
120000,61,1,2
320000,43,1,0
310000,34,0,0
230000,32,0,1
100000,28,1,1
210000,42,0,2
30000,22,0,1
50000,41,0,2
90000,24,0,1
50000,26,0,1
220000,48,1,2
120000,23,0,1
130000,25,0,1
290000,39,0,0
50000,32,1,1
230000,30,0,1
60000,28,0,1
130000,23,1,1
100000,35,0,1
20000,24,0,1
140000,43,0,2
90000,41,1,2
160000,52,1,2
30000,44,1,2
230000,32,0,1
310000,35,0,0
260000,30,0,0
200000,29,0,1
30000,23,0,1
20000,24,1,1
420000,39,0,0
200000,51,0,2
150000,29,0,1
160000,59,0,2
20000,26,0,1
50000,47,0,2
230000,39,0,0
380000,33,0,0
50000,41,0,2
20000,42,1,2
230000,36,0,0
30000,32,0,1
80000,30,0,1
60000,23,1,1
30000,29,0,1
220000,30,0,1
100000,34,0,1
200000,33,0,1
200000,29,0,1
500000,38,0,0
70000,40,1,2
90000,42,0,2
500000,32,0,0
70000,33,0,1
20000,29,1,1
90000,35,0,1
200000,37,0,1
20000,34,1,1
420000,41,0,0
170000,52,0,2
110000,30,0,1
300000,32,0,0
260000,40,0,0
50000,25,0,1
300000,29,0,0
50000,23,0,1
200000,34,0,1
50000,40,0,2
80000,34,0,1
200000,34,0,1
100000,41,1,2
80000,41,0,2
50000,27,1,1
20000,26,0,1
100000,30,1,1
50000,34,0,1
200000,45,0,2
390000,37,0,0
50000,33,0,1
20000,37,0,1
160000,33,0,1
30000,29,1,1
50000,24,0,1
30000,23,0,1
30000,56,1,2
70000,28,0,1
400000,32,0,0
280000,44,1,0
50000,46,0,2
50000,41,0,2
440000,39,0,0
260000,39,0,0
170000,26,0,1
30000,43,0,2
330000,46,0,0
200000,42,0,2
200000,35,0,1
100000,42,0,2
50000,33,0,1
30000,24,0,1
350000,35,0,0
70000,55,0,2
130000,27,0,1
120000,36,0,1
170000,37,0,1
50000,55,1,2
50000,27,1,1
150000,35,1,1
200000,37,1,1
20000,49,1,2
10000,23,0,1
140000,27,0,1
30000,25,1,1
100000,25,0,1
20000,49,0,2
50000,41,0,2
70000,30,1,1
70000,26,0,1
210000,46,0,2
200000,30,0,1
200000,24,0,1
100000,26,0,1
30000,48,0,2
280000,29,1,0
180000,35,0,1
80000,26,0,1
200000,36,0,1
180000,29,0,1
50000,41,0,2
160000,38,0,2
200000,30,0,1
200000,31,0,1
150000,31,0,1
30000,44,1,2
50000,23,0,1
180000,44,0,2
230000,33,0,0
50000,61,0,2
400000,30,1,0
290000,49,1,2
440000,33,0,0
240000,44,0,2
50000,46,1,2
360000,34,0,0
200000,26,0,1
140000,27,0,1
150000,35,0,1
50000,23,0,1
280000,31,0,0
90000,27,0,1
60000,41,0,2
190000,32,0,1
320000,32,0,0
60000,24,0,1
160000,31,0,1
650000,44,0,0
200000,35,0,1
80000,25,0,1
20000,28,0,1
50000,24,0,1
50000,27,0,1
60000,28,0,1
140000,25,1,1
20000,49,0,2
390000,41,0,0
130000,35,0,1
100000,53,0,2
80000,53,0,2
50000,40,0,2
50000,41,0,2
210000,49,0,2
30000,50,0,2
10000,37,0,1
210000,28,0,1
70000,35,1,1
250000,48,1,2
30000,27,0,1
100000,49,0,2
170000,41,0,2
120000,52,0,2
280000,30,0,0
70000,25,0,1
90000,32,0,1
50000,35,0,1
50000,35,0,1
150000,32,1,1
30000,28,0,1
150000,26,0,1
20000,23,0,1
230000,32,0,1
300000,29,0,0
280000,40,0,0
50000,22,1,1
260000,27,0,1
170000,27,0,1
100000,25,0,1
30000,23,0,1
280000,29,0,0
20000,48,0,2
290000,55,1,2
30000,22,1,1
20000,31,0,1
310000,45,0,0
200000,44,0,2
90000,28,0,1
50000,46,0,2
110000,29,0,1
40000,27,0,1
50000,43,1,2
220000,38,0,0
290000,29,0,0
200000,39,0,2
20000,24,1,1
360000,35,0,0
170000,29,1,1
100000,44,1,2
280000,28,0,0
60000,27,0,1
240000,34,0,0
200000,38,0,2
80000,27,0,1
530000,44,1,0
30000,27,0,1
210000,33,1,1
50000,25,0,1
360000,38,0,0
200000,40,0,2
50000,29,0,1
190000,54,0,2
140000,27,0,1
190000,34,0,1
10000,26,1,1
180000,43,0,2
180000,41,1,2
200000,47,1,2
160000,37,0,1
150000,46,0,2
120000,46,0,2
470000,38,0,0
160000,62,0,2
360000,29,0,0
100000,42,0,2
100000,46,0,2
20000,34,0,1
160000,29,0,1
120000,30,0,1
190000,49,0,2
10000,23,0,1
30000,38,0,2
100000,24,1,1
20000,22,0,1
270000,31,0,0
250000,35,0,0
290000,38,0,0
90000,27,0,1
210000,27,0,1
160000,31,0,1
400000,33,0,0
40000,25,1,1
550000,34,0,0
30000,33,1,1
70000,38,0,2
200000,42,0,2
20000,51,0,2
60000,27,1,1
10000,56,0,2
80000,40,0,2
60000,34,0,1
50000,22,0,1
20000,23,1,1
110000,31,0,1
50000,64,0,2
280000,35,0,0
50000,47,0,2
50000,26,0,1
50000,24,0,1
30000,37,0,1
290000,58,0,2
60000,23,1,1
360000,49,0,0
200000,25,0,1
260000,46,0,2
50000,44,1,2
140000,39,1,2
140000,29,1,1
30000,23,0,1
130000,39,0,2
230000,27,0,1
100000,33,0,1
150000,26,1,1
210000,27,0,1
190000,37,1,1
390000,27,0,0
300000,48,0,0
150000,42,1,2
460000,28,0,0
50000,24,0,1
50000,34,0,1
360000,34,0,0
150000,28,0,1
30000,44,0,2
60000,31,0,1
380000,29,0,0
300000,28,0,0
200000,28,0,1
60000,36,0,1
70000,34,1,1
60000,24,0,1
350000,33,0,0
90000,24,0,1
150000,28,0,1
410000,40,0,0
80000,23,0,1
380000,41,1,0
200000,49,1,2
10000,58,0,2
70000,26,0,1
420000,46,0,0
240000,57,0,2
50000,23,1,1
20000,22,0,1
210000,43,1,2
210000,31,0,1
30000,28,0,1
210000,31,0,1
500000,39,0,0
280000,30,0,0
60000,36,0,1
50000,53,0,2
150000,34,0,1
180000,37,0,1
30000,22,1,1
50000,38,1,2
240000,48,0,2
630000,46,0,0
30000,30,0,1
340000,50,0,0
160000,31,0,1
100000,37,0,1
220000,34,0,1
200000,30,0,1
40000,28,0,1
300000,30,1,0
50000,28,0,1
240000,35,0,0
720000,45,0,0
150000,35,0,1
100000,42,1,2
100000,34,0,1
500000,34,0,0
20000,24,0,1
100000,34,1,1
240000,49,0,2
250000,49,0,2
60000,27,0,1
220000,32,0,1
340000,43,0,0
230000,44,0,2
60000,31,0,1
220000,45,0,2
150000,28,0,1
200000,27,0,1
30000,39,0,2
260000,31,0,0
90000,33,0,1
20000,52,0,2
50000,35,0,1
180000,37,0,1
30000,45,1,2
20000,49,0,2
10000,26,1,1
200000,34,0,1
230000,39,0,0
50000,36,0,1
120000,32,0,1
80000,37,0,1
150000,45,0,2
500000,32,0,0
70000,36,0,1
230000,51,0,2
100000,52,1,2
220000,40,0,2
20000,33,1,1
120000,26,0,1
500000,48,0,0
400000,31,0,0
170000,26,0,1
120000,43,0,2
130000,40,0,2
230000,31,0,1
60000,26,0,1
130000,41,0,2
50000,41,1,2
120000,34,0,1
70000,32,1,1
130000,24,0,1
360000,54,0,0
100000,40,0,2
50000,32,0,1
210000,39,0,2
50000,35,0,1
410000,45,0,0
110000,33,1,1
50000,27,0,1
50000,24,0,1
180000,33,0,1
110000,40,1,2
160000,49,0,2
60000,25,0,1
500000,41,0,0
240000,29,0,1
210000,33,0,1
300000,35,0,0
300000,29,0,0
50000,36,0,1
230000,32,0,1
50000,29,0,1
270000,40,0,0
340000,44,0,0
70000,37,1,1
30000,23,0,1
230000,30,0,1
30000,39,0,2
210000,24,0,1
180000,26,0,1
50000,33,0,1
390000,29,0,0
60000,26,0,1
300000,38,0,0
20000,25,0,1
240000,53,0,2
30000,22,0,1
190000,49,1,2
50000,24,1,1
180000,27,0,1
50000,42,1,2
80000,26,0,1
80000,27,0,1
80000,27,0,1
50000,46,0,2
80000,53,0,2
320000,51,0,0
260000,37,1,0
150000,46,0,2
120000,40,0,2
50000,53,0,2
110000,34,0,1
320000,46,0,0
280000,28,0,0
280000,44,0,0
230000,34,0,0
80000,33,1,1
50000,51,0,2
140000,56,0,2
310000,43,0,0
320000,28,1,0
170000,26,0,1
140000,40,1,2
290000,33,1,0
150000,38,0,2
210000,44,0,2
210000,33,0,1
410000,32,0,0
30000,26,0,1
50000,40,0,2
40000,42,1,2
360000,46,1,0
80000,26,0,1
260000,28,0,0
100000,41,0,2
220000,33,1,1
130000,25,1,1
200000,37,0,1
290000,47,0,0
10000,28,0,1
130000,28,0,1
170000,30,0,1
80000,29,0,1
10000,22,0,1
50000,45,0,2
100000,38,0,2
30000,37,0,1
160000,33,0,1
220000,35,0,0
50000,25,0,1
140000,28,1,1
230000,32,0,1
150000,28,0,1
20000,22,1,1
70000,24,0,1
50000,39,0,2
30000,59,0,2
90000,24,0,1
220000,34,0,1
90000,27,1,1
20000,30,0,1
50000,57,0,2
220000,43,0,2
30000,45,1,2
180000,51,1,2
50000,25,0,1
230000,30,0,1
300000,29,0,0
410000,42,0,0
270000,54,0,2
200000,29,0,1
290000,45,0,0
150000,34,1,1
90000,23,0,1
710000,38,0,0
50000,47,0,2
120000,28,0,1
60000,48,1,2
320000,35,1,0
80000,42,0,2
360000,26,0,0
310000,32,0,0
20000,39,1,2
30000,23,1,1
300000,42,0,0
30000,51,0,2
120000,44,1,2
90000,47,1,2
60000,49,0,2
30000,23,0,1
140000,25,0,1
150000,32,0,1
50000,25,0,1
50000,39,0,2
200000,31,0,1
630000,31,0,0
130000,37,1,1
40000,33,0,1
560000,40,0,0
20000,61,0,2
220000,36,0,0
180000,35,0,1
500000,32,0,0
50000,47,0,2
210000,33,0,1
70000,28,1,1
80000,26,0,1
50000,33,1,1
470000,38,1,0
230000,30,0,1
180000,30,0,1
50000,37,1,1
90000,49,0,2
100000,31,1,1
300000,38,1,0
50000,28,0,1
200000,39,0,2
360000,44,0,0
20000,40,1,2
50000,56,0,2
500000,46,0,0
130000,27,0,1
180000,44,0,2
180000,30,0,1
240000,32,0,0
80000,23,0,1
20000,26,0,1
170000,44,0,2
20000,42,1,2
20000,38,0,2
130000,35,0,1
20000,35,0,1
140000,31,0,1
140000,29,1,1
90000,44,0,2
50000,22,1,1
210000,43,0,2
50000,26,0,1
70000,25,0,1
100000,39,0,2
90000,29,0,1
120000,53,1,2
250000,47,0,2
100000,38,0,2
500000,40,0,0
30000,23,0,1
230000,46,1,2
220000,49,0,2
60000,35,0,1
100000,26,0,1
20000,30,0,1
150000,27,0,1
50000,51,1,2
70000,61,0,2
80000,36,1,1
360000,30,0,0
310000,24,0,0
20000,22,0,1
360000,27,0,0
100000,38,0,2
240000,32,0,0
50000,26,0,1
170000,44,0,2
80000,31,0,1
200000,55,0,2
500000,52,0,0
150000,34,0,1
50000,39,0,2
250000,36,0,0
170000,33,0,1
150000,32,0,1
220000,39,0,0
410000,36,0,0
80000,24,0,1
300000,26,0,0
260000,28,0,0
210000,37,0,0
130000,38,1,2
320000,39,0,0
200000,36,1,1
170000,33,0,1
200000,40,0,2
80000,31,0,1
180000,28,0,1
330000,52,0,0
150000,44,0,2
240000,43,0,2
30000,37,0,1
30000,33,0,1
360000,29,1,0
290000,29,1,0
130000,36,1,1
180000,33,0,1
180000,23,0,1
50000,34,0,1
140000,37,0,1
20000,46,1,2
50000,42,0,2
50000,29,1,1
310000,28,0,0
50000,57,1,2
50000,56,0,2
30000,28,0,1
120000,32,0,1
260000,29,1,0
240000,36,0,0
250000,29,0,1
90000,53,1,2
60000,33,0,1
390000,38,1,0
240000,51,0,2
430000,35,0,0
100000,38,0,2
50000,50,0,2
50000,49,0,2
460000,37,0,0
200000,35,0,1
50000,25,0,1
110000,34,0,1
350000,64,0,2
360000,41,0,0
20000,26,0,1
30000,30,0,1
20000,45,0,2
170000,33,0,1
110000,34,1,1
10000,49,0,2
250000,50,0,2
120000,33,0,1
230000,41,0,2
220000,30,0,1
270000,32,0,0
240000,41,0,0
380000,42,1,0
200000,31,0,1
90000,48,0,2
80000,36,0,1
70000,40,0,2
20000,56,1,2
20000,26,0,1
230000,35,1,0
200000,49,0,2
360000,32,0,0
30000,28,0,1
50000,39,1,2
20000,34,0,1
500000,34,0,0
50000,37,0,1
30000,49,1,2
210000,27,0,1
340000,43,0,0
20000,59,1,2
200000,44,0,2
390000,36,1,0
200000,34,0,1
30000,25,1,1
240000,43,0,2
240000,29,0,1
20000,40,1,2
170000,37,1,1
160000,38,1,2
200000,43,0,2
10000,27,0,1
500000,37,0,0
130000,28,0,1
20000,33,0,1
170000,38,1,2
90000,33,1,1
170000,34,1,1
170000,38,0,2
100000,31,0,1
50000,46,0,2
100000,32,0,1
160000,34,0,1
300000,24,0,0
70000,25,1,1
150000,43,0,2
380000,39,0,0
30000,21,0,1
340000,34,0,0
20000,25,1,1
280000,37,0,0
80000,60,0,2
10000,22,1,1
440000,46,0,0
360000,27,0,0
30000,24,0,1
80000,33,1,1
130000,23,0,1
200000,60,0,2
20000,24,1,1
360000,32,0,0
60000,23,0,1
160000,36,0,1
80000,46,0,2
190000,26,0,1
20000,48,0,2
230000,31,0,1
260000,50,1,2
50000,27,0,1
220000,34,0,1
280000,29,1,0
20000,51,0,2
70000,29,0,1
360000,32,0,0
120000,36,0,1
50000,38,0,2
100000,30,0,1
30000,28,1,1
290000,34,0,0
240000,28,0,1
340000,37,0,0
250000,32,0,0
200000,29,0,1
360000,41,0,0
10000,40,0,2
390000,43,1,0
90000,26,0,1
500000,29,0,0
130000,29,0,1
230000,39,1,0
280000,31,0,0
80000,25,1,1
50000,39,0,2
160000,29,0,1
70000,26,0,1
50000,27,0,1
240000,49,0,2
230000,28,0,1
430000,51,0,0
200000,39,0,2
170000,24,1,1
100000,52,1,2
50000,48,0,2
170000,38,0,2
130000,40,0,2
140000,24,0,1
500000,50,0,0
50000,42,0,2
500000,37,0,0
50000,37,0,1
260000,26,0,1
240000,29,0,1
200000,27,0,1
150000,49,0,2
70000,49,0,2
50000,36,0,1
130000,35,0,1
60000,32,0,1
20000,27,0,1
50000,45,0,2
60000,27,0,1
120000,34,1,1
30000,52,1,2
150000,31,0,1
100000,30,0,1
420000,39,0,0
330000,53,0,0
50000,33,0,1
50000,24,0,1
320000,28,0,0
130000,44,1,2
200000,48,0,2
20000,45,0,2
130000,27,0,1
10000,23,1,1
200000,46,0,2
50000,25,0,1
50000,28,0,1
80000,30,0,1
20000,33,1,1
200000,28,0,1
360000,24,1,0
100000,23,0,1
50000,38,1,2
60000,23,0,1
160000,40,0,2
260000,37,0,0
90000,34,0,1
210000,37,0,0
170000,44,0,2
30000,53,1,2
320000,34,0,0
400000,35,0,0
160000,27,0,1
150000,41,0,2
230000,59,1,2
160000,25,0,1
290000,36,0,0
20000,62,1,2
190000,29,0,1
140000,23,0,1
500000,39,1,0
280000,27,0,0
500000,30,0,0
20000,22,0,1
360000,33,0,0
50000,49,0,2
50000,24,1,1
200000,46,0,2
270000,53,0,2
90000,43,0,2
110000,24,0,1
160000,24,0,1
80000,57,0,2
50000,26,0,1
10000,42,0,2
150000,51,0,2
80000,38,0,2
20000,25,0,1
50000,26,0,1
120000,28,0,1
100000,27,1,1
120000,28,0,1
210000,30,0,1
230000,30,0,1
380000,44,0,0
90000,38,1,2
500000,35,0,0
50000,28,0,1
150000,30,1,1
30000,60,0,2
360000,37,0,0
20000,42,1,2
290000,33,0,0
90000,24,0,1
20000,22,0,1
20000,22,1,1
320000,41,0,0
260000,37,0,0
50000,29,0,1
250000,40,0,0
130000,44,0,2
360000,32,0,0
130000,29,1,1
30000,24,0,1
20000,24,1,1
30000,53,0,2
70000,30,0,1
100000,32,0,1
100000,44,1,2
80000,46,1,2
220000,31,1,1
120000,39,1,2
210000,41,0,2
50000,40,0,2
150000,31,0,1
240000,56,1,2
120000,30,0,1
90000,32,0,1
500000,50,1,0
50000,29,0,1
50000,42,0,2
390000,34,0,0
90000,37,0,1
30000,51,0,2
200000,41,0,2
100000,41,1,2
360000,37,0,0
470000,29,0,0
260000,31,0,0
130000,37,1,1
260000,34,0,0
30000,40,1,2
360000,35,1,0
40000,23,0,1
240000,38,1,0
50000,50,0,2
30000,22,0,1
140000,33,0,1
290000,37,1,0
150000,40,0,2
260000,28,0,0
150000,30,0,1
160000,28,0,1
150000,28,1,1
50000,27,0,1
50000,30,0,1
120000,39,1,2
70000,22,0,1
350000,52,0,0
130000,46,0,2
370000,36,0,0
110000,46,1,2
180000,39,1,2
180000,32,0,1
360000,32,0,0
110000,27,0,1
50000,25,1,1
80000,35,0,1
190000,55,0,2
500000,30,0,0
150000,38,0,2
180000,43,0,2
110000,31,0,1
50000,34,0,1
30000,47,1,2
50000,37,0,1
16000,46,0,2
50000,37,0,1
340000,29,0,0
230000,42,0,2
200000,25,0,1
340000,38,0,0
50000,42,0,2
80000,27,0,1
20000,64,1,2
50000,35,0,1
50000,33,0,1
240000,45,0,2
20000,22,0,1
360000,32,0,0
130000,25,0,1
380000,36,0,0
30000,36,0,1
210000,42,0,2
20000,22,0,1
150000,47,0,2
230000,37,0,0
360000,29,0,0
280000,36,0,0
180000,40,1,2
190000,29,0,1
50000,32,0,1
260000,43,1,0
30000,26,0,1
180000,29,1,1
200000,31,0,1
140000,30,0,1
130000,25,0,1
70000,51,0,2
50000,40,0,2
160000,44,0,2
500000,38,0,0
200000,41,0,2
20000,40,0,2
250000,36,0,0
240000,26,1,1
300000,37,0,0
300000,35,0,0
140000,26,0,1
20000,29,0,1
420000,35,0,0
220000,50,0,2
230000,41,0,2
390000,29,0,0
180000,44,0,2
20000,26,1,1
170000,31,0,1
10000,23,0,1
70000,37,1,1
140000,53,0,2
140000,29,0,1
300000,45,0,0
50000,38,0,2
70000,28,1,1
440000,64,0,0
30000,23,0,1
110000,43,0,2
70000,41,1,2
410000,31,0,0
130000,40,0,2
100000,33,0,1
350000,27,0,0
120000,29,0,1
500000,30,0,0
110000,33,0,1
80000,46,0,2
100000,31,0,1
290000,55,1,2
110000,42,0,2
390000,35,0,0
20000,24,0,1
50000,24,1,1
50000,25,0,1
210000,45,1,2
680000,37,0,0
280000,42,0,0
20000,32,0,1
30000,28,1,1
130000,36,1,1
80000,57,0,2
260000,39,0,0
180000,30,0,1
70000,57,0,2
360000,38,0,0
360000,33,0,0
10000,45,0,2
30000,41,0,2
20000,24,1,1
30000,41,0,2
230000,37,0,0
180000,26,0,1
100000,27,0,1
20000,22,0,1
50000,41,0,2
80000,33,1,1
90000,25,1,1
180000,53,0,2
50000,46,0,2
210000,25,0,1
160000,37,1,1
480000,58,0,0
10000,41,0,2
80000,48,0,2
100000,31,0,1
180000,52,0,2
210000,44,0,2
230000,41,0,2
240000,28,0,1
100000,35,1,1
330000,44,1,0
50000,30,0,1
160000,37,0,1
140000,48,0,2
20000,37,0,1
200000,35,0,1
100000,23,0,1
60000,37,0,1
240000,29,1,1
170000,25,0,1
170000,42,0,2
160000,34,0,1
450000,40,0,0
60000,25,0,1
30000,25,0,1
100000,28,1,1
30000,37,1,1
50000,25,0,1
120000,51,0,2
290000,25,0,0
220000,36,0,0
250000,32,0,0
50000,40,0,2
90000,31,0,1
200000,40,0,2
20000,45,1,2
60000,30,1,1
50000,44,1,2
380000,40,1,0
20000,24,1,1
70000,57,0,2
370000,50,0,0
50000,44,0,2
100000,25,1,1
180000,36,0,1
50000,54,0,2
190000,25,0,1
20000,23,0,1
180000,44,0,2
120000,24,0,1
90000,23,1,1
220000,43,0,2
30000,24,0,1
140000,57,1,2
320000,28,1,0
120000,34,1,1
60000,49,1,2
320000,29,1,0
80000,45,0,2
250000,39,0,0
150000,40,0,2
80000,24,1,1
50000,41,0,2
80000,45,1,2
150000,42,0,2
90000,58,0,2
360000,38,1,0
200000,29,1,1
150000,35,0,1
200000,31,0,1
300000,28,0,0
200000,25,0,1
90000,40,0,2
200000,35,0,1
50000,37,0,1
360000,49,0,0
110000,28,0,1
360000,36,0,0
420000,45,0,0
220000,47,0,2
160000,45,0,2
80000,42,0,2
20000,21,0,1
10000,32,1,1
60000,33,0,1
90000,53,0,2
30000,32,0,1
210000,33,1,1
110000,29,0,1
80000,42,0,2
240000,29,0,1
140000,37,0,1
470000,40,1,0
170000,31,0,1
100000,36,0,1
440000,33,0,0
210000,33,0,1
150000,25,0,1
50000,32,0,1
50000,23,1,1
280000,37,0,0
20000,22,0,1
400000,36,0,0
180000,33,1,1
260000,34,0,0
20000,22,0,1
160000,26,1,1
80000,27,0,1
30000,42,0,2
200000,44,0,2
520000,29,0,0
240000,29,0,1
280000,30,0,0
90000,48,1,2
270000,50,0,2
30000,33,0,1
10000,22,0,1
380000,42,0,0
50000,23,0,1
120000,27,0,1
30000,26,0,1
220000,33,0,1
30000,21,0,1
50000,22,0,1
120000,57,0,2
410000,37,0,0
400000,30,0,0
500000,32,0,0
120000,27,1,1
230000,35,0,0
300000,38,1,0
40000,29,1,1
160000,49,0,2
380000,43,0,0
260000,42,0,0
100000,40,1,2
140000,28,0,1
360000,43,0,0
50000,33,1,1
200000,31,1,1
170000,24,0,1
20000,25,1,1
50000,44,0,2
230000,36,0,0
140000,25,0,1
50000,25,0,1
30000,35,1,1
130000,33,0,1
90000,55,1,2
120000,29,0,1
70000,35,0,1
320000,35,0,0
130000,38,0,2
60000,23,1,1
140000,33,1,1
50000,25,0,1
140000,27,0,1
150000,45,0,2
20000,24,0,1
230000,37,0,0
100000,40,0,2
20000,23,0,1
20000,44,0,2
20000,31,0,1
150000,45,0,2
500000,33,0,0
50000,30,1,1
500000,33,0,0
220000,36,0,0
80000,54,0,2
50000,26,1,1
210000,31,1,1
400000,28,0,0
170000,45,0,2
30000,25,0,1
220000,35,0,0
180000,49,0,2
150000,37,0,1
300000,29,0,0
270000,25,0,1
50000,45,0,2
210000,34,0,1
10000,40,1,2
20000,62,1,2
300000,59,0,2
290000,28,1,0
300000,37,0,0
80000,31,0,1
70000,45,0,2
280000,33,1,0
200000,34,1,1
320000,39,0,0
80000,30,0,1
300000,35,0,0
70000,38,1,2
340000,40,0,0
180000,36,0,1
200000,33,1,1
70000,29,0,1
330000,33,0,0
80000,25,0,1
120000,28,0,1
210000,42,0,2
100000,38,1,2
160000,30,0,1
80000,27,0,1
80000,46,0,2
70000,26,0,1
380000,55,0,0
60000,27,0,1
70000,42,0,2
80000,46,1,2
270000,36,0,0
150000,60,1,2
200000,41,1,2
210000,46,0,2
280000,26,0,0
20000,36,0,1
500000,43,1,0
260000,42,1,0
150000,42,1,2
260000,33,0,0
180000,42,0,2
300000,43,0,0
200000,32,0,1
500000,33,0,0
500000,44,0,0
140000,41,0,2
30000,35,0,1
150000,72,0,2
380000,53,0,0
460000,42,0,0
310000,28,0,0
70000,44,1,2
30000,41,0,2
30000,24,0,1
350000,29,0,0
80000,47,0,2
60000,26,0,1
50000,24,0,1
300000,29,0,0
80000,24,0,1
200000,36,1,1
20000,40,0,2
150000,51,0,2
20000,37,1,1
200000,34,0,1
90000,37,0,1
340000,39,0,0
50000,24,0,1
340000,26,0,0
360000,39,1,0
90000,30,0,1
150000,32,0,1
80000,36,1,1
80000,27,1,1
90000,23,0,1
360000,41,0,0
80000,28,0,1
150000,36,0,1
390000,26,1,0
10000,31,0,1
20000,30,0,1
450000,43,0,0
50000,25,1,1
230000,51,1,2
20000,34,0,1
250000,36,0,0
130000,37,0,1
300000,41,0,0
120000,45,0,2
10000,52,1,2
300000,28,0,0
110000,29,0,1
520000,39,0,0
150000,35,0,1
380000,50,1,0
20000,39,1,2
70000,37,0,1
130000,25,1,1
50000,27,1,1
270000,36,0,0
280000,39,0,0
90000,40,1,2
90000,52,0,2
180000,33,0,1
100000,24,0,1
70000,23,0,1
300000,45,0,0
230000,52,1,2
260000,53,0,2
50000,29,0,1
150000,26,0,1
300000,40,0,0
20000,32,0,1
110000,41,1,2
150000,31,0,1
50000,24,0,1
500000,35,0,0
230000,45,0,2
140000,35,0,1
200000,40,0,2
10000,43,0,2
180000,34,1,1
240000,33,0,0
100000,36,0,1
300000,36,0,0
130000,35,1,1
80000,47,0,2
60000,37,0,1
20000,33,0,1
80000,29,0,1
150000,27,0,1
90000,57,0,2
200000,29,0,1
10000,22,1,1
160000,30,0,1
120000,26,0,1
50000,28,0,1
500000,49,0,0
60000,25,0,1
80000,45,0,2
150000,49,0,2
210000,43,0,2
200000,32,0,1
140000,30,0,1
90000,24,0,1
300000,29,1,0
50000,49,0,2
310000,39,0,0
100000,33,0,1
300000,40,0,0
160000,40,0,2
200000,49,1,2
30000,41,0,2
20000,59,1,2
110000,38,1,2
140000,43,0,2
30000,25,0,1
360000,31,0,0
180000,28,1,1
200000,34,0,1
50000,38,1,2
60000,24,0,1
500000,35,0,0
320000,36,0,0
170000,34,0,1
120000,33,0,1
150000,38,0,2
80000,34,0,1
110000,57,0,2
150000,50,0,2
210000,36,1,0
280000,48,0,2
280000,28,0,0
240000,42,0,0
280000,32,1,0
50000,29,0,1
180000,29,0,1
20000,61,1,2
40000,45,0,2
70000,29,0,1
500000,40,0,0
20000,36,0,1
230000,29,0,1
30000,44,0,2
20000,24,0,1
60000,27,0,1
500000,43,0,0
50000,50,0,2
150000,38,0,2
200000,35,0,1
80000,23,0,1
80000,24,0,1
10000,35,0,1
200000,29,0,1
140000,48,0,2
180000,30,0,1
350000,58,0,2
310000,33,1,0
60000,28,0,1
50000,23,0,1
160000,52,0,2
180000,41,0,2
100000,42,1,2
20000,24,1,1
150000,26,0,1
360000,33,0,0
210000,30,1,1
160000,35,0,1
80000,25,1,1
50000,32,1,1
70000,26,0,1
340000,38,0,0
280000,30,0,0
100000,42,0,2
20000,37,1,1
10000,41,0,2
150000,33,0,1
100000,32,1,1
10000,21,0,1
330000,57,0,2
270000,33,0,0
500000,43,0,0
180000,36,0,1
80000,22,0,1
220000,35,0,0
20000,36,1,1
30000,23,1,1
200000,34,0,1
30000,24,0,1
70000,27,0,1
20000,59,1,2
240000,33,0,0
150000,40,0,2
30000,37,0,1
20000,30,0,1
50000,50,0,2
250000,34,1,0
100000,29,1,1
230000,52,0,2
10000,22,0,1
60000,23,1,1
210000,30,1,1
150000,35,0,1
100000,39,0,2
70000,32,0,1
50000,41,0,2
180000,24,0,1
280000,44,0,0
30000,22,0,1
80000,38,1,2
330000,37,0,0
500000,30,0,0
50000,35,0,1
70000,62,1,2
50000,24,0,1
20000,22,0,1
180000,24,0,1
420000,38,0,0
150000,29,1,1
90000,23,0,1
250000,48,0,2
130000,27,0,1
70000,26,1,1
50000,48,0,2
230000,38,0,0
180000,34,0,1
120000,31,0,1
230000,29,0,1
240000,39,0,0
170000,38,0,2
20000,31,1,1
500000,32,0,0
500000,62,0,0
180000,63,0,2
80000,25,0,1
160000,27,0,1
50000,37,0,1
80000,28,0,1
150000,27,0,1
130000,44,0,2
80000,46,0,2
280000,24,0,1
140000,28,1,1
210000,27,0,1
400000,50,0,0
130000,28,0,1
180000,35,0,1
150000,40,0,2
50000,52,1,2
300000,33,0,0
450000,45,0,0
90000,29,0,1
70000,25,0,1
30000,26,0,1
100000,29,0,1
100000,38,0,2
360000,35,0,0
260000,49,0,2
60000,29,1,1
210000,28,0,1
270000,31,0,0
330000,28,0,0
80000,29,0,1
200000,30,0,1
280000,33,0,0
80000,32,0,1
110000,26,0,1
30000,22,0,1
490000,44,0,0
390000,27,0,0
240000,29,0,1
50000,58,0,2
140000,31,0,1
240000,45,0,2
10000,22,0,1
30000,40,0,2
120000,38,0,2
200000,34,0,1
200000,30,1,1
150000,47,0,2
50000,31,0,1
280000,43,0,0
30000,53,1,2
180000,41,0,2
30000,25,0,1
40000,24,1,1
50000,45,0,2
20000,38,1,2
30000,29,0,1
200000,29,0,1
20000,25,0,1
90000,30,0,1
20000,27,0,1
30000,41,0,2
30000,44,0,2
80000,50,0,2
120000,30,0,1
70000,23,0,1
200000,33,0,1
120000,23,0,1
230000,31,0,1
460000,34,0,0
230000,30,0,1
280000,50,0,2
280000,41,0,0
240000,40,1,0
20000,23,1,1
150000,45,0,2
110000,40,0,2
240000,32,0,0
140000,28,0,1
160000,42,0,2
220000,38,0,0
60000,46,0,2
500000,29,0,0
140000,35,0,1
150000,36,1,1
60000,24,0,1
150000,43,0,2
170000,27,0,1
240000,38,0,0
190000,38,0,2
180000,28,0,1
30000,25,0,1
10000,54,0,2
20000,56,1,2
220000,49,1,2
500000,42,1,0
390000,48,0,0
30000,31,0,1
210000,54,0,2
110000,37,0,1
20000,41,0,2
450000,35,0,0
30000,50,1,2
20000,29,0,1
130000,29,0,1
100000,35,0,1
50000,31,0,1
280000,31,0,0
10000,23,0,1
110000,32,0,1
150000,28,0,1
240000,42,0,0
360000,30,0,0
310000,43,0,0
190000,54,0,2
50000,29,1,1
500000,30,0,0
40000,29,0,1
490000,42,0,0
120000,27,0,1
50000,26,0,1
350000,36,0,0
180000,31,0,1
260000,30,0,0
10000,41,0,2
400000,43,0,0
130000,29,0,1
20000,37,0,1
360000,41,0,0
250000,27,0,1
50000,39,0,2
240000,36,0,0
40000,25,1,1
10000,25,0,1
280000,39,0,0
320000,55,1,2
30000,31,1,1
210000,32,0,1
230000,28,0,1
210000,41,1,2
360000,34,0,0
50000,35,0,1
50000,31,0,1
210000,32,0,1
360000,36,1,0
40000,27,1,1
90000,23,0,1
80000,29,0,1
300000,33,1,0
130000,25,0,1
170000,33,0,1
100000,25,1,1
210000,48,0,2
130000,42,1,2
50000,29,0,1
320000,46,0,0
50000,25,0,1
450000,35,0,0
100000,31,1,1
340000,36,0,0
150000,39,0,2
200000,41,0,2
170000,37,0,1
10000,30,1,1
10000,54,0,2
80000,43,0,2
180000,28,0,1
270000,43,0,0
410000,38,0,0
30000,22,1,1
180000,24,0,1
50000,58,0,2
140000,41,0,2
50000,26,0,1
550000,37,1,0
250000,38,1,0
50000,25,0,1
360000,37,0,0
80000,30,0,1
360000,27,0,0
220000,26,0,1
50000,25,0,1
200000,38,0,2
30000,39,0,2
20000,23,0,1
170000,31,0,1
20000,24,0,1
290000,27,0,0
200000,29,0,1
230000,39,0,0
360000,33,0,0
70000,26,0,1
280000,43,0,0
130000,29,0,1
10000,26,0,1
500000,41,0,0
10000,33,1,1
390000,40,0,0
210000,38,0,0
210000,42,0,2
200000,32,0,1
20000,23,0,1
100000,52,1,2
80000,26,1,1
90000,27,1,1
140000,48,0,2
140000,42,1,2
90000,31,0,1
70000,35,0,1
330000,28,0,0
230000,34,0,0
410000,34,0,0
100000,28,0,1
170000,26,0,1
180000,38,1,2
130000,52,0,2
50000,45,0,2
500000,38,0,0
20000,48,0,2
150000,40,0,2
210000,36,0,0
360000,40,0,0
290000,25,0,0
230000,28,0,1
360000,32,0,0
50000,36,0,1
60000,24,0,1
20000,23,0,1
50000,23,0,1
110000,31,0,1
200000,34,0,1
20000,28,0,1
80000,23,0,1
100000,41,0,2
50000,23,0,1
180000,28,0,1
50000,48,0,2
110000,27,0,1
200000,35,0,1
50000,45,1,2
230000,31,0,1
400000,30,0,0
70000,50,1,2
50000,33,0,1
110000,25,0,1
10000,22,0,1
50000,40,0,2
330000,42,0,0
150000,50,0,2
180000,53,1,2
50000,25,0,1
110000,47,0,2
240000,27,1,1
200000,43,0,2
300000,32,0,0
220000,29,0,1
20000,49,0,2
10000,50,1,2
100000,31,0,1
230000,27,0,1
50000,24,1,1
500000,58,0,0
30000,38,0,2
260000,48,0,2
50000,26,0,1
30000,45,1,2
100000,38,0,2
80000,23,0,1
160000,41,0,2
300000,26,1,0
180000,40,0,2
150000,35,0,1
290000,54,0,2
160000,33,0,1
20000,22,1,1
240000,44,0,2
210000,34,0,1
200000,47,1,2
60000,34,0,1
490000,34,0,0
180000,26,0,1
20000,48,1,2
360000,41,0,0
260000,36,0,0
80000,32,0,1
300000,53,0,2
130000,44,0,2
210000,30,0,1
450000,34,0,0
150000,26,0,1
90000,23,1,1
80000,28,0,1
360000,29,0,0
200000,30,1,1
180000,27,0,1
30000,22,1,1
130000,27,0,1
50000,31,0,1
180000,33,0,1
460000,40,0,0
100000,35,0,1
50000,51,1,2
200000,37,0,1
80000,46,0,2
350000,30,0,0
360000,30,0,0
30000,52,0,2
220000,47,1,2
220000,37,0,0
50000,23,0,1
110000,44,1,2
450000,45,1,0
30000,22,1,1
200000,34,0,1
30000,50,1,2
80000,32,0,1
110000,27,0,1
420000,44,0,0
120000,26,0,1
90000,47,1,2
90000,28,0,1
140000,30,1,1
50000,25,0,1
20000,36,0,1
30000,41,0,2
180000,36,0,1
50000,49,0,2
50000,25,0,1
20000,24,1,1
50000,41,1,2
200000,33,0,1
50000,23,1,1
70000,33,0,1
200000,41,0,2
30000,38,1,2
210000,28,1,1
200000,39,0,2
20000,44,1,2
60000,36,0,1
360000,36,0,0
50000,31,1,1
20000,26,0,1
130000,29,0,1
360000,29,0,0
60000,55,0,2
280000,45,0,0
10000,23,0,1
20000,34,0,1
20000,29,0,1
300000,54,0,2
320000,43,1,0
20000,24,1,1
20000,46,0,2
160000,34,0,1
20000,32,0,1
240000,27,1,1
500000,28,0,0
50000,55,1,2
50000,31,1,1
100000,38,0,2
30000,24,0,1
120000,26,0,1
230000,30,0,1
350000,52,1,0
360000,58,0,2
90000,30,0,1
130000,27,1,1
60000,40,0,2
90000,42,1,2
90000,68,0,2
50000,45,0,2
370000,38,0,0
230000,30,0,1
50000,59,1,2
220000,42,0,2
40000,43,0,2
30000,24,1,1
180000,27,0,1
400000,42,0,0
50000,33,0,1
180000,26,1,1
390000,28,0,0
500000,39,0,0
80000,55,0,2
50000,26,1,1
80000,25,0,1
60000,27,0,1
60000,49,1,2
290000,38,0,0
250000,35,0,0
180000,38,1,2
100000,27,0,1
200000,48,0,2
130000,37,0,1
30000,35,0,1
200000,31,0,1
360000,41,1,0
100000,27,0,1
290000,32,0,0
240000,33,0,0
170000,24,0,1
10000,26,0,1
500000,45,0,0
40000,33,0,1
100000,37,0,1
240000,36,1,0
180000,31,0,1
80000,26,0,1
30000,46,0,2
390000,44,0,0
30000,49,0,2
140000,49,1,2
170000,40,1,2
50000,25,0,1
140000,29,0,1
170000,29,0,1
500000,30,0,0
500000,38,0,0
200000,41,0,2
50000,23,0,1
50000,55,1,2
50000,22,0,1
80000,33,0,1
150000,26,1,1
180000,23,1,1
340000,38,0,0
210000,27,0,1
100000,23,0,1
50000,24,1,1
50000,27,1,1
300000,30,0,0
360000,31,0,0
20000,27,1,1
180000,34,0,1
390000,49,0,0
50000,40,0,2
120000,27,1,1
160000,33,0,1
280000,56,0,2
170000,39,0,2
80000,30,0,1
150000,41,0,2
310000,32,0,0
50000,36,1,1
460000,28,0,0
50000,59,0,2
50000,41,1,2
190000,45,0,2
100000,48,0,2
230000,26,0,1
60000,43,0,2
50000,36,0,1
290000,47,0,0
20000,45,1,2
230000,28,0,1
120000,27,0,1
140000,35,0,1
80000,49,0,2
150000,37,0,1
50000,27,0,1
30000,28,0,1
500000,50,0,0
130000,49,1,2
70000,33,1,1
240000,48,1,2
330000,56,0,2
20000,21,0,1
150000,40,0,2
160000,51,0,2
80000,26,0,1
150000,37,0,1
200000,28,0,1
80000,38,0,2
70000,33,1,1
100000,25,0,1
410000,36,0,0
150000,26,0,1
80000,31,0,1
170000,29,0,1
80000,53,0,2
50000,33,0,1
220000,47,0,2
80000,27,0,1
50000,29,0,1
20000,26,0,1
80000,41,0,2
140000,60,1,2
200000,36,0,1
150000,31,0,1
20000,47,0,2
210000,43,0,2
330000,32,0,0
150000,28,0,1
500000,54,0,0
20000,33,1,1
230000,30,0,1
70000,25,0,1
280000,40,1,0
190000,34,0,1
350000,36,0,0
50000,63,0,2
20000,25,1,1
240000,34,0,0
20000,34,0,1
230000,42,0,2
200000,34,0,1
500000,35,0,0
140000,41,0,2
100000,39,0,2
50000,24,0,1
270000,32,0,0
340000,39,0,0
140000,40,0,2
50000,52,0,2
360000,26,0,0
200000,23,0,1
60000,53,1,2
30000,29,0,1
50000,42,0,2
20000,39,1,2
50000,38,0,2
260000,31,0,0
360000,66,0,2
20000,22,1,1
20000,34,1,1
30000,31,0,1
200000,42,0,2
300000,39,0,0
60000,27,1,1
90000,41,0,2
120000,25,1,1
20000,24,0,1
750000,41,0,0
50000,27,0,1
60000,43,0,2
50000,23,1,1
20000,31,0,1
30000,28,1,1
200000,36,0,1
150000,35,0,1
20000,24,0,1
180000,28,0,1
120000,50,1,2
500000,29,0,0
50000,32,1,1
350000,37,0,0
200000,36,0,1
160000,37,1,1
150000,62,0,2
470000,32,0,0
360000,37,0,0
240000,28,0,1
30000,46,0,2
50000,41,0,2
200000,29,0,1
320000,45,0,0
70000,40,0,2
140000,27,0,1
50000,54,1,2
360000,28,0,0
40000,41,0,2
200000,28,0,1
330000,28,0,0
30000,22,0,1
200000,59,0,2
50000,24,0,1
320000,40,0,0
280000,27,0,0
100000,29,0,1
130000,34,1,1
240000,33,0,0
260000,29,0,0
200000,28,0,1
200000,37,0,1
40000,46,1,2
20000,24,0,1
150000,25,0,1
20000,25,0,1
250000,37,0,0
20000,33,0,1
100000,22,1,1
160000,37,0,1
200000,40,1,2
290000,44,0,0
250000,41,0,0
20000,53,1,2
310000,34,0,0
110000,29,0,1
500000,32,0,0
200000,36,1,1
50000,28,0,1
30000,22,0,1
260000,24,0,1
260000,46,0,2
290000,56,0,2
200000,25,0,1
230000,46,0,2
30000,24,1,1
130000,35,0,1
210000,39,0,2
290000,43,0,0
290000,30,0,0
60000,38,0,2
50000,32,1,1
50000,39,0,2
80000,23,1,1
160000,47,0,2
280000,29,0,0
50000,30,1,1
20000,54,0,2
150000,53,0,2
50000,23,0,1
180000,30,0,1
350000,32,0,0
100000,23,0,1
30000,36,0,1
180000,29,0,1
200000,29,0,1
170000,24,0,1
340000,29,0,0
300000,30,0,0
50000,45,0,2
210000,36,0,0
500000,37,1,0
50000,47,0,2
70000,26,0,1
150000,29,1,1
210000,49,1,2
50000,45,0,2
30000,46,0,2
80000,32,0,1
100000,41,0,2
60000,25,0,1
230000,24,0,1
180000,30,1,1
360000,35,0,0
230000,37,1,0
230000,36,0,0
360000,29,0,0
300000,45,0,0
100000,28,1,1
180000,39,0,2
500000,49,0,0
20000,53,1,2
60000,39,0,2
150000,35,0,1
100000,31,1,1
330000,31,0,0
300000,45,1,0
130000,26,0,1
140000,30,0,1
50000,45,1,2
230000,37,0,0
230000,34,0,0
120000,45,0,2
200000,28,0,1
160000,52,0,2
80000,36,0,1
30000,49,0,2
50000,23,0,1
140000,36,0,1
70000,31,1,1
60000,63,0,2
260000,27,0,1
210000,30,0,1
230000,40,0,0
50000,39,1,2
50000,23,0,1
80000,46,0,2
480000,31,0,0
70000,39,0,2
350000,44,0,0
390000,29,0,0
80000,31,0,1
140000,26,0,1
40000,24,1,1
20000,35,1,1
200000,28,0,1
30000,35,0,1
160000,26,0,1
180000,49,0,2
50000,36,0,1
80000,27,0,1
90000,36,0,1
10000,21,1,1
500000,31,0,0
300000,34,0,0
50000,23,1,1
430000,30,0,0
390000,31,1,0
250000,29,0,1
10000,37,0,1
50000,62,0,2
140000,30,0,1
20000,52,0,2
50000,33,0,1
50000,28,0,1
110000,44,0,2
70000,26,0,1
30000,35,1,1
100000,29,1,1
590000,39,0,0
50000,22,0,1
280000,42,0,0
500000,32,0,0
50000,46,0,2
30000,44,0,2
60000,30,1,1
120000,31,0,1
40000,27,0,1
110000,33,0,1
130000,28,0,1
220000,28,0,1
30000,33,0,1
60000,26,1,1
70000,26,1,1
90000,31,1,1
230000,29,0,1
350000,43,0,0
20000,58,0,2
50000,37,1,1
20000,34,0,1
100000,26,1,1
190000,41,0,2
140000,32,0,1
400000,41,0,0
90000,25,0,1
50000,24,1,1
50000,27,0,1
150000,37,0,1
20000,47,0,2
150000,31,0,1
80000,45,0,2
30000,35,1,1
260000,39,0,0
300000,36,0,0
40000,55,1,2
30000,42,1,2
300000,34,0,0
80000,32,0,1
170000,30,0,1
130000,34,0,1
360000,31,0,0
160000,32,0,1
140000,27,0,1
200000,29,0,1
30000,52,1,2
150000,29,0,1
170000,41,0,2
430000,41,0,0
230000,53,0,2
30000,47,0,2
110000,28,0,1
160000,28,0,1
20000,48,1,2
20000,25,0,1
30000,29,0,1
350000,31,0,0
200000,36,1,1
260000,25,0,1
360000,44,0,0
140000,29,1,1
70000,25,0,1
20000,40,0,2
210000,52,0,2
130000,29,0,1
440000,27,0,0
50000,28,0,1
270000,58,0,2
50000,24,1,1
360000,34,1,0
260000,57,0,2
300000,39,1,0
50000,32,0,1
250000,30,0,0
140000,30,0,1
500000,39,0,0
200000,42,0,2
470000,41,0,0
50000,33,1,1
50000,49,0,2
160000,45,0,2
480000,39,0,0
260000,31,0,0
180000,33,0,1
20000,22,0,1
20000,34,0,1
80000,44,0,2
200000,46,0,2
210000,32,1,1
50000,61,0,2
20000,35,0,1
70000,30,0,1
450000,54,0,0
80000,28,0,1
20000,41,0,2
240000,40,0,0
50000,59,0,2
120000,38,0,2
500000,37,0,0
260000,31,0,0
500000,42,0,0
210000,41,1,2
50000,26,0,1
360000,29,0,0
180000,42,0,2
300000,42,0,0
170000,40,0,2
50000,26,0,1
70000,41,0,2
230000,27,1,1
80000,29,0,1
500000,41,0,0
160000,31,0,1
50000,42,0,2
170000,34,0,1
50000,28,1,1
50000,23,0,1
70000,24,0,1
360000,43,0,0
260000,28,0,0
30000,25,1,1
80000,24,0,1
360000,27,0,0
120000,30,0,1
600000,50,1,0
290000,48,1,0
30000,56,0,2
50000,46,1,2
140000,27,0,1
100000,40,0,2
360000,29,0,0
30000,49,0,2
210000,46,0,2
360000,34,0,0
180000,34,1,1
150000,31,0,1
70000,62,0,2
80000,52,0,2
200000,33,0,1
360000,32,0,0
210000,37,0,0
160000,34,0,1
190000,23,1,1
260000,30,0,0
110000,37,0,1
80000,24,1,1
220000,40,0,2
80000,29,0,1
200000,45,0,2
60000,23,0,1
10000,32,0,1
90000,35,1,1
180000,29,1,1
140000,39,0,2
70000,45,0,2
500000,48,0,0
360000,48,0,0
20000,23,1,1
30000,35,1,1
150000,36,0,1
360000,41,1,0
150000,28,0,1
80000,37,0,1
80000,26,0,1
80000,47,0,2
410000,28,0,0
10000,57,0,2
120000,32,0,1
160000,35,0,1
50000,34,0,1
170000,53,0,2
360000,40,0,0
320000,34,0,0
100000,22,0,1
210000,44,0,2
30000,42,0,2
150000,39,0,2
150000,23,0,1
180000,34,0,1
180000,29,0,1
210000,34,1,1
290000,29,0,0
230000,46,0,2
150000,23,0,1
70000,28,0,1
150000,36,0,1
280000,42,0,0
360000,54,0,0
140000,39,0,2
100000,24,0,1
40000,29,0,1
80000,33,1,1
50000,28,0,1
300000,31,0,0
300000,39,0,0
460000,32,0,0
230000,28,0,1
240000,43,0,2
30000,27,1,1
50000,24,0,1
240000,32,0,0
240000,34,0,0
80000,46,0,2
230000,25,0,1
50000,24,0,1
90000,53,0,2
200000,31,0,1
130000,27,0,1
360000,26,0,0
360000,33,0,0
430000,48,0,0
140000,41,0,2
150000,36,0,1
100000,36,0,1
220000,28,0,1
160000,31,0,1
150000,26,0,1
30000,25,0,1
210000,54,0,2
240000,39,0,0
90000,23,0,1
50000,30,1,1
80000,36,1,1
90000,27,1,1
190000,32,1,1
270000,27,0,0
140000,29,0,1
20000,43,0,2
300000,33,1,0
120000,29,1,1
500000,39,0,0
130000,26,0,1
20000,45,1,2
230000,45,0,2
420000,59,0,0
120000,24,0,1
320000,39,0,0
100000,24,0,1
260000,30,0,0
290000,38,0,0
500000,53,0,0
260000,27,0,1
450000,44,0,0
70000,38,0,2
80000,49,0,2
500000,33,0,0
260000,43,0,0
240000,39,0,0
240000,29,0,1
320000,36,0,0
200000,38,1,2
250000,38,0,0
140000,56,0,2
30000,27,0,1
100000,34,1,1
200000,28,0,1
10000,23,0,1
80000,43,0,2
150000,33,0,1
20000,39,0,2
60000,30,0,1
200000,48,0,2
240000,34,0,0
50000,43,0,2
360000,48,1,0
10000,41,0,2
100000,31,1,1
210000,36,0,0
200000,39,0,2
210000,47,0,2
100000,28,0,1
100000,40,1,2
200000,33,0,1
50000,24,0,1
80000,32,0,1
260000,32,0,0
130000,36,0,1
260000,29,0,0
400000,41,1,0
70000,38,1,2
260000,29,0,0
30000,47,1,2
190000,41,1,2
60000,26,0,1
320000,36,0,0
150000,52,1,2
230000,36,0,0
140000,30,0,1
20000,25,1,1
80000,25,0,1
230000,30,0,1
90000,29,0,1
270000,44,0,0
200000,29,0,1
400000,26,0,0
280000,35,0,0
170000,29,0,1
70000,54,0,2
100000,31,0,1
50000,28,0,1
30000,34,0,1
120000,27,0,1
130000,36,0,1
240000,47,0,2
250000,33,1,0
220000,47,0,2
180000,40,0,2
190000,37,0,1
150000,34,0,1
160000,25,0,1
230000,36,0,0
100000,36,0,1
80000,31,1,1
80000,25,0,1
80000,37,0,1
210000,40,0,2
230000,24,0,1
150000,31,1,1
220000,35,0,0
30000,25,0,1
300000,37,1,0
60000,33,1,1
50000,45,0,2
150000,29,0,1
260000,52,1,2
290000,29,0,0
130000,54,0,2
70000,36,1,1
20000,23,0,1
70000,27,1,1
50000,38,0,2
390000,30,0,0
80000,32,0,1
360000,26,0,0
180000,49,0,2
330000,31,0,0
100000,34,0,1
50000,29,1,1
120000,27,0,1
10000,34,0,1
10000,45,1,2
120000,40,0,2
60000,27,0,1
140000,30,0,1
100000,30,0,1
200000,31,0,1
100000,27,0,1
110000,30,0,1
20000,23,0,1
30000,36,1,1
380000,31,0,0
200000,52,0,2
120000,31,0,1
120000,48,1,2
150000,27,1,1
20000,47,0,2
230000,41,0,2
360000,56,1,0
180000,33,0,1
50000,35,0,1
80000,35,0,1
200000,47,0,2
100000,26,0,1
50000,27,1,1
120000,31,0,1
300000,33,1,0
120000,44,0,2
150000,25,0,1
30000,23,1,1
10000,40,1,2
260000,33,1,0
210000,66,1,2
80000,44,0,2
100000,47,0,2
200000,35,0,1
320000,42,1,0
440000,37,0,0
450000,30,1,0
120000,29,0,1
50000,47,1,2
140000,26,0,1
220000,32,0,1
280000,30,0,0
90000,25,0,1
50000,23,0,1
140000,32,0,1
130000,31,0,1
50000,39,1,2
300000,27,0,0
50000,38,0,2
20000,41,0,2
70000,45,0,2
260000,28,0,0
270000,39,0,0
50000,45,0,2
330000,31,0,0
180000,30,0,1
80000,34,1,1
540000,49,0,0
360000,44,0,0
240000,30,1,1
200000,42,0,2
390000,33,0,0
10000,53,1,2
280000,46,1,0
170000,39,1,2
20000,25,0,1
50000,30,1,1
30000,28,0,1
50000,30,1,1
50000,33,0,1
180000,31,0,1
80000,25,0,1
20000,24,1,1
20000,24,1,1
210000,27,1,1
160000,34,0,1
50000,36,0,1
110000,33,0,1
130000,33,0,1
100000,31,0,1
500000,47,0,0
350000,65,0,2
50000,44,0,2
60000,39,1,2
220000,32,0,1
160000,45,0,2
80000,33,0,1
230000,45,0,2
90000,44,0,2
20000,28,0,1
210000,33,1,1
80000,37,0,1
380000,34,0,0
50000,54,0,2
160000,31,0,1
570000,28,0,0
50000,52,0,2
60000,27,0,1
200000,50,1,2
50000,61,1,2
50000,57,0,2
180000,56,0,2
130000,44,1,2
50000,27,0,1
30000,36,1,1
320000,32,0,0
110000,33,0,1
150000,28,0,1
160000,38,1,2
30000,41,0,2
240000,47,0,2
400000,38,0,0
30000,49,0,2
30000,28,0,1
160000,31,0,1
220000,36,0,0
170000,33,0,1
180000,47,0,2
110000,35,0,1
20000,43,1,2
20000,47,0,2
110000,35,1,1
500000,40,0,0
20000,22,1,1
500000,46,0,0
50000,24,0,1
50000,24,1,1
180000,43,0,2
30000,22,0,1
70000,54,0,2
190000,33,0,1
270000,35,0,0
140000,43,0,2
20000,54,0,2
120000,24,0,1
20000,25,1,1
50000,54,0,2
80000,23,0,1
20000,23,0,1
50000,34,0,1
50000,40,0,2
80000,25,0,1
20000,43,0,2
180000,32,0,1
180000,28,0,1
200000,36,1,1
450000,42,1,0
80000,42,0,2
90000,41,1,2
320000,37,0,0
50000,25,0,1
180000,39,1,2
100000,43,0,2
100000,27,0,1
170000,41,0,2
170000,54,0,2
10000,35,0,1
230000,28,0,1
520000,46,0,0
30000,25,0,1
230000,39,1,0
500000,40,0,0
350000,44,0,0
200000,44,0,2
50000,28,0,1
100000,29,0,1
410000,31,0,0
210000,29,0,1
140000,27,0,1
70000,27,0,1
50000,50,0,2
170000,39,0,2
320000,31,0,0
230000,28,0,1
80000,35,0,1
50000,34,0,1
220000,37,0,0
70000,30,1,1
210000,33,1,1
60000,33,0,1
50000,24,0,1
150000,31,0,1
50000,39,0,2
290000,30,1,0
90000,29,0,1
100000,28,0,1
400000,27,0,0
110000,25,0,1
90000,41,0,2
50000,42,1,2
20000,30,0,1
50000,22,0,1
30000,49,0,2
460000,41,0,0
50000,51,1,2
240000,34,0,0
240000,37,0,0
610000,50,0,0
100000,40,0,2
100000,29,1,1
220000,45,0,2
470000,40,1,0
80000,25,0,1
250000,41,1,0
20000,28,1,1
30000,23,0,1
20000,22,0,1
320000,29,1,0
150000,30,1,1
60000,24,0,1
150000,57,0,2
110000,46,1,2
110000,36,0,1
250000,49,0,2
160000,28,0,1
180000,34,1,1
30000,23,0,1
230000,29,0,1
80000,32,1,1
240000,27,0,1
260000,35,0,0
130000,44,1,2
80000,38,0,2
200000,35,0,1
100000,30,0,1
260000,39,1,0
170000,42,0,2
80000,25,0,1
260000,35,0,0
180000,27,0,1
90000,46,0,2
70000,40,0,2
180000,31,0,1
350000,26,0,0
20000,22,0,1
110000,23,1,1
150000,25,0,1
300000,36,0,0
50000,29,1,1
50000,31,0,1
280000,27,0,0
30000,57,0,2
100000,30,0,1
170000,27,0,1
50000,52,1,2
20000,24,0,1
500000,42,0,0
100000,49,0,2
270000,27,0,0
60000,40,0,2
430000,46,0,0
100000,36,0,1
600000,53,1,0
210000,34,0,1
10000,26,1,1
70000,30,0,1
20000,30,1,1
30000,38,0,2
20000,31,0,1
180000,25,0,1
70000,33,1,1
200000,52,0,2
50000,27,0,1
320000,29,1,0
160000,40,0,2
200000,44,0,2
90000,26,0,1
150000,31,0,1
230000,56,0,2
60000,35,0,1
240000,40,0,0
220000,29,0,1
500000,34,0,0
200000,45,0,2
140000,24,1,1
200000,55,0,2
330000,34,0,0
110000,29,1,1
20000,42,1,2
200000,31,0,1
400000,29,0,0
90000,23,0,1
90000,25,0,1
80000,43,0,2
120000,27,0,1
60000,48,0,2
120000,26,0,1
20000,30,0,1
30000,35,0,1
160000,30,0,1
140000,44,1,2
440000,36,0,0
60000,44,1,2
100000,31,0,1
120000,28,0,1
50000,51,0,2
50000,23,0,1
260000,26,0,1
290000,50,0,2
130000,33,1,1
360000,33,0,0
390000,64,0,2
50000,22,0,1
60000,50,0,2
120000,25,1,1
50000,40,0,2
500000,33,0,0
20000,36,1,1
240000,37,1,0
20000,23,1,1
210000,34,0,1
80000,24,0,1
140000,28,1,1
100000,25,0,1
130000,45,0,2
200000,37,0,1
180000,33,1,1
50000,37,0,1
60000,51,1,2
50000,24,0,1
240000,35,0,0
500000,30,0,0
140000,41,0,2
30000,54,0,2
400000,29,0,0
220000,56,0,2
210000,34,0,1
80000,30,0,1
500000,33,0,0
20000,22,1,1
60000,39,0,2
200000,32,0,1
240000,36,0,0
180000,32,0,1
50000,26,1,1
150000,31,0,1
20000,54,1,2
290000,39,0,0
160000,45,1,2
200000,45,0,2
160000,37,1,1
30000,54,0,2
50000,30,1,1
120000,30,0,1
50000,33,0,1
420000,32,0,0
310000,32,0,0
70000,34,0,1
130000,35,1,1
200000,50,0,2
280000,38,0,0
220000,34,1,1
220000,43,0,2
50000,54,0,2
50000,26,0,1
50000,60,0,2
70000,23,0,1
200000,40,0,2
30000,29,0,1
50000,22,1,1
180000,32,0,1
170000,48,0,2
50000,39,1,2
120000,41,0,2
120000,51,0,2
20000,32,0,1
70000,48,0,2
350000,30,0,0
200000,26,0,1
200000,31,0,1
180000,25,0,1
50000,28,0,1
180000,31,1,1
50000,24,0,1
210000,39,0,2
80000,25,0,1
210000,36,0,0
300000,42,0,0
50000,36,0,1
170000,42,0,2
30000,25,0,1
30000,22,0,1
10000,41,1,2
170000,34,0,1
60000,28,0,1
280000,31,0,0
90000,28,1,1
240000,40,0,0
110000,32,1,1
240000,58,0,2
150000,42,1,2
20000,31,1,1
140000,27,0,1
50000,33,0,1
50000,28,0,1
200000,34,0,1
140000,30,0,1
50000,34,0,1
90000,27,1,1
20000,34,1,1
490000,51,1,0
150000,28,0,1
80000,25,0,1
160000,30,0,1
30000,27,1,1
50000,52,0,2
200000,65,0,2
90000,28,0,1
230000,29,0,1
500000,42,0,0
170000,41,0,2
20000,55,1,2
300000,32,0,0
120000,53,0,2
260000,31,0,0
110000,34,0,1
500000,49,0,0
70000,37,0,1
160000,28,0,1
160000,58,0,2
200000,38,0,2
150000,34,0,1
50000,49,0,2
50000,24,0,1
260000,29,0,0
110000,50,0,2
280000,47,0,2
460000,28,0,0
230000,37,0,0
260000,35,1,0
80000,25,1,1
30000,56,0,2
100000,24,1,1
310000,44,0,0
410000,38,1,0
320000,56,0,2
290000,38,0,0
110000,28,0,1
60000,26,0,1
70000,29,0,1
50000,39,0,2
360000,37,0,0
310000,46,0,0
80000,27,1,1
220000,35,1,0
150000,25,0,1
80000,25,0,1
360000,28,1,0
240000,40,0,0
360000,33,0,0
390000,31,0,0
500000,49,0,0
160000,46,0,2
140000,34,1,1
50000,37,1,1
130000,30,0,1
50000,23,0,1
300000,37,0,0
240000,31,0,0
480000,49,0,0
130000,36,0,1
30000,22,1,1
210000,27,0,1
50000,34,1,1
70000,62,1,2
340000,39,0,0
280000,29,0,0
180000,38,0,2
230000,28,1,1
500000,34,0,0
210000,27,0,1
360000,38,1,0
50000,35,0,1
160000,27,0,1
50000,24,1,1
400000,50,1,0
60000,30,0,1
110000,24,0,1
50000,46,0,2
70000,24,0,1
30000,23,0,1
50000,24,1,1
80000,41,0,2
90000,30,0,1
300000,40,0,0
90000,33,0,1
210000,55,0,2
300000,37,0,0
180000,37,0,1
170000,42,0,2
30000,38,0,2
320000,36,0,0
140000,48,0,2
90000,35,0,1
20000,56,0,2
300000,31,0,0
510000,48,0,0
170000,27,0,1
200000,40,0,2
360000,26,0,0
100000,42,0,2
240000,27,0,1
320000,45,0,0
50000,27,0,1
20000,42,1,2
150000,35,0,1
100000,26,0,1
60000,46,0,2
60000,24,1,1
180000,34,0,1
420000,41,1,0
150000,28,1,1
170000,46,0,2
250000,37,0,0
220000,30,0,1
360000,34,0,0
150000,29,0,1
300000,31,0,0
360000,25,0,0
190000,29,0,1
300000,61,1,2
210000,30,0,1
150000,29,0,1
30000,54,0,2
250000,31,0,0
70000,30,1,1
90000,44,0,2
180000,30,1,1
230000,35,1,0
210000,36,0,0
260000,29,0,0
50000,24,0,1
90000,29,0,1
210000,42,0,2
310000,29,0,0
230000,27,0,1
250000,29,0,1
160000,30,0,1
180000,45,0,2
230000,29,0,1
500000,40,0,0
440000,62,0,0
20000,27,0,1
160000,33,0,1
20000,25,0,1
100000,33,0,1
50000,41,1,2
100000,51,1,2
200000,29,0,1
30000,30,1,1
240000,30,0,1
290000,34,0,0
180000,29,0,1
450000,43,0,0
90000,25,0,1
20000,44,0,2
260000,41,0,0
80000,23,0,1
200000,32,0,1
200000,43,1,2
300000,34,1,0
130000,34,1,1
160000,26,0,1
120000,29,1,1
130000,43,0,2
170000,25,0,1
130000,36,1,1
50000,42,0,2
80000,50,0,2
250000,53,0,2
130000,43,0,2
80000,31,1,1
60000,24,1,1
470000,29,0,0
110000,33,0,1
130000,39,0,2
50000,47,0,2
60000,28,0,1
230000,28,0,1
10000,44,0,2
360000,29,0,0
210000,42,0,2
210000,30,0,1
80000,25,0,1
30000,23,0,1
230000,35,0,0
100000,29,0,1
80000,49,1,2
50000,28,0,1
420000,40,0,0
140000,29,0,1
360000,28,0,0
30000,23,1,1
120000,28,0,1
80000,25,0,1
200000,33,0,1
400000,41,0,0
280000,37,1,0
280000,34,0,0
300000,31,0,0
160000,38,0,2
50000,35,1,1
30000,47,0,2
210000,56,0,2
200000,28,0,1
270000,29,0,0
180000,34,1,1
50000,38,1,2
30000,31,0,1
170000,49,0,2
70000,46,0,2
20000,62,0,2
140000,29,0,1
420000,51,0,0
250000,41,0,0
50000,31,1,1
150000,42,0,2
360000,45,0,0
50000,43,0,2
110000,24,0,1
30000,36,1,1
440000,41,0,0
10000,47,1,2
100000,31,0,1
180000,34,0,1
50000,40,1,2
60000,61,0,2
100000,36,0,1
30000,24,0,1
70000,59,0,2
100000,50,1,2
250000,24,1,1
170000,36,0,1
500000,38,0,0
290000,36,0,0
30000,38,0,2
320000,35,0,0
150000,32,0,1
330000,43,1,0
240000,26,0,1
220000,46,0,2
160000,53,0,2
50000,22,1,1
200000,39,0,2
20000,50,1,2
210000,37,0,0
80000,23,1,1
500000,35,0,0
50000,22,0,1
240000,50,0,2
30000,24,0,1
180000,35,0,1
360000,61,1,2
360000,25,0,0
150000,37,1,1
500000,38,0,0
240000,55,0,2
30000,27,0,1
270000,42,0,0
60000,30,0,1
230000,29,0,1
80000,23,0,1
120000,32,0,1
100000,42,1,2
50000,55,1,2
50000,25,0,1
90000,39,0,2
60000,43,1,2
320000,33,0,0
490000,30,0,0
70000,57,0,2
120000,28,0,1
50000,34,0,1
110000,36,0,1
50000,37,1,1
80000,30,0,1
300000,34,1,0
70000,26,0,1
60000,24,0,1
180000,36,1,1
150000,38,0,2
130000,48,0,2
70000,33,0,1
30000,30,0,1
200000,24,0,1
100000,25,0,1
350000,51,0,0
100000,25,0,1
20000,29,0,1
120000,26,0,1
480000,49,0,0
260000,44,0,0
280000,33,0,0
30000,50,0,2
50000,22,0,1
160000,39,0,2
160000,50,0,2
180000,29,0,1
30000,42,0,2
50000,23,0,1
30000,23,0,1
200000,37,0,1
200000,31,0,1
20000,56,0,2
150000,29,0,1
10000,27,1,1
50000,29,1,1
30000,38,0,2
220000,26,0,1
50000,45,0,2
180000,48,0,2
350000,34,0,0
70000,34,0,1
280000,41,0,0
260000,65,0,2
80000,53,0,2
260000,50,0,2
10000,24,0,1
50000,48,0,2
60000,36,1,1
650000,29,0,0
200000,34,0,1
100000,55,0,2
200000,25,0,1
20000,53,0,2
450000,37,0,0
230000,28,0,1
130000,55,0,2
120000,27,0,1
50000,53,1,2
200000,33,0,1
500000,36,0,0
220000,25,1,1
150000,47,0,2
140000,53,0,2
50000,23,0,1
90000,43,1,2
360000,45,0,0
30000,22,0,1
170000,36,0,1
130000,27,0,1
20000,43,1,2
60000,35,0,1
70000,29,0,1
120000,39,0,2
150000,38,0,2
200000,52,0,2
70000,36,0,1
20000,24,0,1
90000,25,1,1
110000,38,1,2
20000,43,0,2
140000,41,0,2
90000,55,0,2
30000,23,1,1
200000,33,0,1
140000,40,1,2
240000,28,1,1
80000,24,0,1
210000,38,1,0
20000,30,1,1
180000,45,1,2
50000,27,1,1
230000,29,0,1
220000,38,0,0
10000,23,1,1
30000,22,0,1
150000,40,0,2
410000,42,0,0
320000,47,0,0
80000,24,0,1
40000,37,0,1
230000,39,0,0
60000,29,0,1
200000,34,0,1
240000,27,1,1
220000,35,0,0
500000,37,0,0
80000,23,1,1
20000,23,1,1
210000,29,0,1
100000,34,0,1
340000,35,0,0
200000,47,0,2
310000,33,0,0
70000,36,0,1
90000,39,1,2
20000,51,0,2
110000,49,0,2
180000,35,0,1
410000,42,0,0
130000,31,1,1
10000,24,0,1
260000,35,1,0
100000,28,0,1
80000,49,0,2
130000,33,0,1
160000,30,1,1
300000,39,0,0
30000,47,1,2
260000,26,0,1
150000,25,0,1
20000,36,0,1
240000,26,0,1
60000,33,0,1
60000,42,1,2
360000,38,1,0
90000,35,0,1
500000,37,1,0
360000,27,1,0
80000,32,0,1
200000,43,0,2
160000,33,1,1
50000,40,0,2
220000,43,0,2
30000,23,0,1
200000,33,1,1
220000,50,0,2
360000,28,0,0
90000,50,0,2
200000,30,0,1
50000,41,0,2
10000,37,0,1
250000,31,0,0
40000,55,0,2
380000,35,0,0
70000,26,1,1
20000,34,0,1
90000,36,0,1
30000,24,0,1
460000,27,0,0
150000,30,0,1
220000,31,0,1
140000,25,0,1
140000,38,1,2
20000,40,1,2
200000,32,0,1
20000,39,1,2
140000,40,0,2
70000,22,0,1
20000,54,0,2
60000,28,0,1
370000,30,1,0
20000,34,0,1
210000,48,0,2
390000,30,0,0
70000,28,0,1
390000,39,0,0
50000,28,1,1
50000,51,0,2
160000,28,1,1
210000,41,0,2
30000,31,0,1
170000,39,0,2
140000,38,0,2
230000,48,0,2
10000,24,1,1
150000,43,0,2
380000,30,0,0
200000,27,1,1
50000,30,1,1
390000,30,0,0
50000,42,1,2
70000,31,1,1
90000,46,0,2
500000,42,0,0
50000,31,0,1
410000,35,0,0
50000,32,1,1
100000,24,0,1
370000,39,0,0
490000,54,1,0
500000,36,0,0
500000,51,0,0
200000,54,0,2
80000,46,0,2
50000,46,0,2
20000,22,0,1
280000,35,0,0
60000,24,0,1
20000,32,1,1
80000,40,0,2
240000,33,0,0
320000,38,1,0
20000,51,1,2
50000,24,0,1
130000,29,0,1
90000,26,0,1
350000,47,1,0
20000,35,1,1
260000,32,0,0
160000,63,0,2
500000,34,0,0
210000,26,0,1
210000,38,0,0
280000,25,0,0
90000,30,0,1
290000,49,0,2
270000,50,0,2
100000,43,0,2
420000,32,0,0
80000,36,0,1
280000,32,0,0
200000,30,0,1
130000,34,0,1
40000,40,1,2
80000,37,0,1
200000,36,0,1
50000,29,0,1
350000,36,1,0
180000,26,0,1
280000,32,0,0
280000,47,0,2
100000,60,0,2
30000,23,1,1
110000,37,1,1
320000,55,0,2
170000,51,0,2
20000,23,0,1
90000,43,0,2
240000,44,0,2
180000,63,1,2
80000,26,0,1
110000,35,0,1
50000,27,0,1
280000,30,0,0
160000,27,1,1
50000,34,0,1
430000,34,0,0
100000,28,0,1
240000,26,0,1
230000,35,0,0
50000,52,1,2
100000,40,0,2
360000,40,1,0
210000,47,1,2
400000,37,0,0
230000,38,0,0
50000,52,0,2
290000,42,0,0
50000,24,0,1
80000,27,0,1
80000,22,0,1
50000,23,0,1
30000,38,0,2
420000,37,1,0
20000,35,0,1
20000,26,0,1
150000,30,0,1
130000,45,0,2
80000,35,0,1
400000,40,0,0
80000,25,0,1
20000,45,0,2
180000,33,0,1
80000,26,0,1
240000,34,0,0
30000,38,0,2
30000,27,0,1
260000,51,0,2
20000,23,1,1
280000,51,0,2
50000,23,0,1
50000,51,1,2
210000,31,0,1
80000,43,0,2
220000,42,0,2
360000,35,0,0
60000,23,0,1
300000,37,0,0
190000,33,1,1
250000,40,1,0
220000,29,0,1
20000,29,1,1
170000,37,0,1
500000,27,0,0
30000,24,1,1
150000,40,0,2
290000,46,0,0
130000,28,0,1
30000,22,0,1
50000,53,0,2
110000,49,0,2
60000,25,1,1
360000,45,1,0
200000,32,0,1
150000,36,0,1
500000,44,0,0
210000,29,0,1
30000,45,1,2
430000,32,1,0
180000,33,0,1
20000,32,1,1
90000,34,0,1
260000,36,1,0
40000,35,0,1
50000,29,1,1
200000,29,0,1
60000,40,1,2
330000,39,0,0
490000,51,0,0
310000,39,0,0
180000,30,1,1
340000,44,1,0
360000,44,1,0
200000,44,0,2
30000,46,0,2
510000,38,0,0
170000,31,0,1
360000,36,1,0
50000,47,1,2
50000,49,1,2
50000,37,0,1
240000,41,0,0
470000,32,0,0
90000,31,0,1
20000,22,0,1
280000,42,0,0
50000,36,1,1
150000,27,0,1
20000,39,1,2
10000,56,0,2
500000,36,0,0
350000,34,0,0
80000,30,0,1
140000,24,0,1
20000,23,0,1
180000,28,1,1
160000,29,0,1
50000,25,1,1
30000,55,1,2
200000,32,0,1
360000,32,0,0
150000,45,0,2
60000,26,1,1
110000,50,0,2
50000,30,0,1
100000,44,0,2
50000,26,0,1
710000,40,1,0
60000,49,0,2
80000,23,0,1
20000,47,0,2
90000,47,1,2
50000,36,0,1
50000,53,1,2
270000,30,1,0
60000,25,0,1
200000,45,0,2
30000,45,0,2
150000,50,0,2
90000,33,0,1
120000,51,0,2
390000,45,0,0
250000,36,0,0
230000,39,0,0
140000,27,0,1
350000,31,0,0
350000,56,0,2
20000,27,0,1
50000,25,1,1
500000,42,0,0
320000,58,0,2
110000,42,0,2
70000,50,1,2
110000,35,0,1
50000,52,0,2
210000,27,0,1
30000,47,1,2
420000,45,1,0
190000,31,0,1
330000,59,0,2
180000,35,1,1
120000,31,0,1
50000,55,0,2
180000,34,0,1
150000,26,0,1
390000,29,0,0
50000,39,0,2
80000,45,0,2
240000,41,0,0
20000,33,1,1
320000,35,0,0
140000,26,1,1
220000,46,0,2
100000,23,0,1
220000,32,0,1
100000,31,0,1
80000,31,1,1
20000,22,1,1
40000,24,0,1
350000,56,0,2
20000,49,0,2
500000,46,0,0
170000,32,0,1
60000,25,0,1
230000,27,0,1
230000,42,0,2
300000,27,0,0
180000,26,0,1
300000,33,0,0
200000,34,0,1
30000,39,1,2
70000,51,0,2
150000,58,0,2
140000,30,0,1
100000,48,0,2
390000,37,0,0
240000,29,0,1
430000,38,0,0
230000,45,0,2
360000,25,0,0
10000,51,0,2
140000,34,1,1
130000,26,0,1
50000,29,1,1
30000,30,0,1
500000,39,0,0
50000,28,0,1
250000,42,0,0
90000,49,0,2
300000,38,1,0
290000,29,0,0
500000,25,0,0
50000,35,0,1
280000,25,0,0
50000,28,0,1
50000,38,0,2
90000,56,0,2
210000,27,0,1
140000,42,0,2
20000,32,0,1
360000,47,0,0
170000,29,0,1
470000,39,0,0
30000,39,0,2
290000,34,0,0
100000,42,1,2
20000,43,0,2
20000,30,0,1
100000,27,0,1
350000,37,0,0
60000,29,1,1
20000,39,0,2
100000,35,1,1
180000,35,0,1
110000,32,0,1
140000,29,1,1
120000,31,1,1
400000,43,0,0
70000,32,0,1
150000,28,1,1
500000,31,0,0
210000,40,0,2
180000,38,0,2
70000,25,1,1
10000,43,0,2
220000,34,1,1
350000,44,1,0
100000,27,0,1
150000,34,1,1
360000,29,0,0
390000,38,0,0
200000,30,0,1
30000,47,0,2
250000,37,0,0
220000,31,0,1
50000,36,1,1
580000,35,0,0
200000,35,0,1
260000,33,0,0
80000,31,1,1
30000,44,1,2
50000,50,0,2
200000,46,1,2
80000,41,1,2
250000,29,1,1
150000,39,0,2
280000,29,0,0
150000,32,0,1
150000,29,0,1
300000,42,0,0
160000,28,0,1
240000,34,0,0
80000,48,0,2
360000,25,0,0
310000,26,0,0
170000,45,1,2
20000,22,0,1
130000,44,0,2
380000,37,0,0
170000,26,0,1
320000,54,0,2
380000,43,0,0
230000,31,0,1
260000,30,0,0
80000,31,0,1
30000,42,1,2
80000,46,0,2
200000,27,1,1
80000,23,0,1
170000,39,0,2
30000,25,0,1
50000,29,1,1
680000,64,0,0
20000,32,0,1
40000,37,0,1
270000,25,0,1
150000,27,0,1
240000,29,0,1
360000,26,1,0
320000,32,0,0
160000,28,0,1
100000,23,0,1
130000,24,0,1
160000,30,0,1
50000,50,0,2
220000,52,0,2
280000,47,0,2
240000,28,1,1
290000,40,0,0
160000,45,0,2
200000,28,1,1
30000,29,1,1
160000,26,0,1
230000,26,0,1
140000,26,0,1
50000,30,0,1
60000,48,0,2
220000,29,1,1
200000,43,0,2
410000,41,1,0
80000,24,1,1
140000,34,0,1
310000,36,0,0
160000,29,0,1
50000,48,0,2
30000,47,0,2
500000,27,0,0
80000,26,0,1
150000,29,0,1
20000,38,0,2
210000,23,0,1
100000,28,0,1
250000,25,0,1
130000,49,0,2
90000,31,0,1
20000,25,0,1
30000,36,1,1
130000,42,0,2
140000,26,0,1
80000,39,1,2
260000,44,0,0
470000,40,0,0
160000,24,0,1
230000,38,0,0
330000,34,0,0
90000,35,0,1
390000,43,0,0
160000,42,0,2
450000,32,0,0
240000,30,0,1
140000,33,0,1
20000,34,0,1
300000,44,0,0
20000,24,0,1
290000,26,0,0
120000,29,0,1
450000,26,0,0
80000,24,1,1
150000,43,0,2
80000,57,0,2
360000,40,0,0
220000,37,0,0
20000,43,0,2
70000,31,0,1
310000,30,0,0
220000,29,0,1
80000,23,0,1
210000,28,0,1
50000,23,0,1
20000,44,1,2
110000,32,0,1
240000,28,0,1
310000,64,0,2
500000,43,0,0
420000,26,0,0
20000,30,0,1
240000,39,0,0
180000,27,1,1
280000,37,0,0
280000,31,0,0
290000,34,0,0
500000,37,0,0
420000,31,0,0
200000,28,0,1
20000,46,0,2
160000,51,0,2
80000,35,1,1
70000,29,0,1
280000,47,0,2
50000,70,0,2
50000,38,0,2
500000,36,1,0
360000,44,0,0
300000,53,0,2
50000,33,0,1
20000,32,1,1
10000,37,1,1
130000,29,0,1
50000,25,0,1
70000,26,0,1
80000,31,0,1
20000,39,1,2
360000,38,0,0
150000,28,0,1
50000,32,0,1
340000,35,1,0
100000,29,1,1
20000,39,0,2
20000,23,0,1
90000,39,0,2
190000,36,0,1
20000,25,0,1
180000,55,0,2
100000,35,1,1
390000,32,0,0
160000,40,1,2
380000,37,0,0
160000,36,1,1
150000,35,1,1
310000,37,0,0
160000,38,0,2
500000,36,0,0
180000,39,0,2
200000,36,0,1
60000,30,1,1
270000,49,0,2
150000,30,0,1
50000,23,0,1
200000,35,0,1
390000,35,0,0
170000,35,0,1
390000,41,0,0
200000,28,0,1
100000,56,1,2
60000,42,0,2
90000,28,0,1
240000,33,0,0
80000,24,0,1
180000,27,0,1
70000,43,0,2
130000,53,0,2
80000,34,1,1
130000,48,0,2
30000,51,0,2
150000,29,0,1
20000,43,0,2
90000,40,0,2
150000,38,0,2
160000,28,0,1
50000,22,0,1
130000,22,0,1
30000,39,1,2
200000,29,0,1
20000,45,1,2
300000,27,0,0
170000,31,1,1
300000,34,0,0
20000,22,1,1
360000,35,0,0
150000,36,0,1
440000,31,0,0
60000,31,0,1
60000,24,1,1
50000,47,0,2
360000,37,0,0
180000,32,0,1
100000,39,0,2
30000,26,0,1
50000,29,0,1
50000,22,0,1
280000,49,0,2
80000,41,0,2
130000,38,1,2
200000,37,0,1
80000,38,0,2
50000,58,0,2
20000,30,0,1
50000,24,1,1
400000,29,0,0
80000,26,0,1
110000,23,0,1
110000,26,0,1
20000,43,0,2
80000,33,0,1
300000,41,0,0
500000,42,1,0
120000,40,0,2
200000,42,0,2
10000,41,0,2
80000,29,0,1
110000,46,0,2
200000,49,0,2
150000,24,0,1
50000,28,0,1
50000,34,0,1
160000,26,0,1
80000,33,0,1
120000,28,0,1
220000,42,0,2
140000,58,0,2
250000,31,0,0
60000,47,0,2
50000,22,0,1
230000,51,0,2
120000,31,1,1
200000,30,0,1
280000,34,0,0
200000,28,0,1
210000,33,0,1
300000,43,0,0
200000,30,0,1
110000,35,0,1
30000,33,1,1
90000,41,0,2
360000,35,0,0
230000,35,0,0
220000,25,0,1
490000,43,1,0
310000,30,0,0
490000,52,0,0
200000,26,0,1
50000,24,1,1
180000,38,0,2
260000,35,0,0
260000,43,0,0
210000,46,1,2
420000,31,0,0
230000,34,0,0
240000,46,0,2
150000,43,1,2
80000,42,0,2
10000,33,1,1
50000,40,1,2
250000,44,0,2
50000,55,0,2
160000,40,0,2
10000,25,1,1
150000,31,0,1
80000,28,1,1
120000,23,0,1
150000,34,0,1
350000,30,0,0
200000,36,0,1
20000,25,1,1
230000,39,0,0
60000,26,0,1
60000,59,0,2
20000,37,0,1
80000,30,0,1
230000,30,0,1
280000,37,0,0
550000,35,0,0
100000,25,0,1
190000,29,0,1
360000,50,0,0
270000,31,1,0
500000,51,0,0
70000,40,1,2
60000,25,0,1
340000,42,0,0
100000,24,1,1
30000,42,0,2
70000,23,1,1
30000,26,0,1
50000,33,0,1
180000,48,1,2
60000,57,0,2
500000,54,1,0
190000,54,0,2
270000,32,0,0
80000,30,1,1
440000,54,1,0
150000,29,0,1
180000,33,0,1
230000,27,0,1
20000,42,0,2
20000,53,0,2
500000,33,0,0
280000,36,0,0
200000,36,0,1
100000,40,1,2
120000,68,1,2
500000,46,0,0
360000,27,0,0
150000,26,0,1
50000,31,0,1
160000,40,0,2
200000,37,1,1
180000,30,0,1
50000,40,0,2
360000,35,1,0
50000,28,0,1
240000,33,0,0
230000,51,1,2
320000,30,0,0
130000,32,0,1
240000,37,1,0
400000,33,1,0
450000,33,0,0
10000,41,0,2
310000,43,0,0
500000,39,0,0
280000,47,0,2
350000,41,0,0
220000,37,0,0
60000,24,1,1
300000,45,0,0
360000,44,0,0
140000,57,1,2
160000,24,0,1
30000,37,1,1
30000,51,0,2
150000,38,0,2
260000,36,0,0
500000,38,0,0
160000,42,0,2
30000,35,1,1
150000,50,0,2
70000,28,0,1
80000,31,0,1
240000,41,0,0
90000,27,1,1
240000,30,0,1
20000,21,0,1
120000,47,1,2
140000,26,0,1
50000,53,0,2
130000,31,0,1
280000,34,0,0
30000,34,0,1
30000,54,0,2
20000,46,0,2
160000,41,1,2
90000,26,0,1
60000,48,0,2
240000,43,0,2
230000,28,0,1
350000,33,0,0
200000,33,0,1
200000,36,0,1
30000,23,1,1
50000,41,0,2
420000,39,1,0
200000,31,1,1
200000,25,0,1
200000,39,1,2
130000,27,1,1
360000,28,0,0
500000,32,1,0
70000,25,0,1
70000,45,1,2
20000,25,1,1
80000,25,0,1
160000,45,0,2
160000,25,0,1
360000,46,0,0
360000,35,0,0
50000,22,1,1
70000,43,1,2
320000,28,0,0
200000,37,0,1
30000,33,0,1
130000,28,1,1
150000,24,0,1
200000,27,0,1
290000,35,0,0
50000,53,0,2
260000,36,1,0
130000,28,0,1
70000,41,1,2
130000,27,0,1
50000,40,0,2
230000,30,1,1
150000,40,0,2
170000,37,0,1
50000,39,0,2
130000,34,1,1
80000,32,0,1
210000,24,0,1
360000,28,1,0
190000,48,1,2
40000,25,1,1
30000,24,0,1
100000,28,0,1
30000,22,1,1
140000,34,1,1
230000,42,0,2
360000,36,0,0
310000,43,0,0
170000,24,0,1
130000,43,1,2
170000,28,0,1
300000,42,0,0
130000,25,0,1
10000,29,0,1
340000,52,0,0
350000,36,0,0
50000,39,0,2
130000,38,0,2
20000,24,1,1
200000,46,0,2
210000,27,0,1
260000,28,0,0
160000,35,0,1
150000,50,0,2
500000,42,0,0
120000,26,0,1
20000,50,0,2
210000,34,1,1
110000,30,0,1
200000,29,0,1
460000,29,0,0
360000,29,0,0
80000,28,0,1
80000,28,1,1
80000,29,0,1
250000,30,0,0
240000,54,0,2
80000,38,0,2
160000,26,0,1
30000,54,1,2
70000,36,0,1
90000,29,0,1
150000,38,1,2
30000,41,0,2
30000,38,1,2
220000,32,0,1
230000,39,0,0
170000,41,0,2
50000,57,0,2
180000,40,1,2
120000,39,0,2
50000,31,0,1
360000,31,0,0
130000,55,0,2
50000,26,0,1
170000,54,0,2
180000,30,0,1
210000,30,0,1
200000,49,0,2
100000,35,0,1
70000,54,0,2
50000,26,1,1
80000,33,0,1
500000,54,0,0
140000,24,0,1
460000,50,0,0
200000,40,1,2
30000,58,1,2
30000,22,0,1
410000,32,0,0
200000,38,1,2
500000,35,0,0
240000,44,0,2
450000,30,0,0
80000,61,0,2
200000,43,1,2
620000,38,0,0
60000,41,0,2
230000,28,0,1
50000,48,0,2
300000,38,0,0
50000,41,0,2
20000,46,0,2
170000,37,0,1
230000,38,0,0
20000,29,0,1
50000,35,0,1
230000,30,0,1
300000,26,1,0
70000,26,0,1
80000,32,0,1
280000,36,1,0
50000,22,1,1
130000,26,0,1
340000,41,0,0
50000,55,0,2
20000,37,1,1
30000,53,0,2
320000,32,1,0
80000,23,0,1
430000,26,0,0
80000,24,1,1
260000,37,0,0
370000,31,0,0
240000,35,0,0
80000,40,0,2
70000,31,1,1
230000,31,0,1
280000,25,0,0
80000,40,0,2
60000,31,1,1
160000,48,1,2
30000,24,0,1
60000,32,1,1
370000,34,0,0
50000,25,0,1
160000,32,0,1
50000,48,0,2
210000,31,0,1
50000,54,0,2
500000,33,0,0
50000,24,0,1
280000,42,0,0
50000,43,0,2
20000,27,1,1
100000,27,1,1
50000,29,0,1
100000,41,0,2
210000,34,0,1
200000,27,0,1
550000,28,0,0
30000,26,1,1
100000,28,0,1
500000,28,0,0
240000,65,0,2
220000,31,0,1
500000,57,0,0
30000,29,0,1
60000,36,1,1
200000,32,0,1
80000,56,0,2
150000,31,0,1
220000,27,0,1
530000,30,0,0
70000,36,0,1
50000,32,0,1
260000,38,0,0
130000,28,0,1
20000,34,0,1
20000,24,1,1
80000,26,0,1
410000,29,0,0
180000,36,0,1
200000,32,0,1
30000,42,1,2
90000,29,0,1
360000,32,0,0
50000,31,0,1
50000,31,0,1
80000,27,1,1
30000,59,1,2
100000,29,0,1
70000,28,0,1
110000,42,0,2
110000,42,0,2
50000,53,0,2
30000,64,1,2
500000,26,0,0
90000,25,0,1
90000,28,1,1
30000,23,0,1
170000,27,0,1
200000,40,0,2
70000,35,1,1
90000,25,1,1
220000,48,0,2
170000,30,0,1
500000,43,0,0
200000,37,0,1
200000,44,0,2
120000,26,0,1
360000,34,1,0
50000,47,0,2
10000,24,1,1
90000,32,0,1
80000,24,1,1
260000,30,1,0
60000,28,0,1
310000,42,0,0
80000,29,0,1
220000,36,0,0
50000,27,1,1
60000,30,1,1
130000,26,1,1
30000,28,1,1
80000,40,0,2
50000,25,0,1
90000,36,0,1
150000,29,0,1
250000,34,0,0
90000,27,0,1
320000,28,0,0
130000,33,0,1
160000,29,0,1
110000,42,1,2
170000,50,0,2
190000,35,0,1
350000,38,0,0
390000,64,1,2
150000,43,0,2
100000,55,1,2
30000,23,1,1
250000,41,0,0
100000,37,0,1
240000,28,0,1
240000,31,0,0
50000,58,1,2
80000,35,0,1
50000,32,1,1
60000,29,0,1
560000,49,0,0
80000,53,0,2
230000,47,0,2
160000,28,1,1
140000,34,1,1
240000,29,1,1
60000,24,0,1
50000,30,1,1
420000,32,0,0
80000,43,0,2
160000,32,0,1
20000,24,0,1
50000,37,0,1
200000,24,0,1
240000,39,0,0
160000,37,0,1
170000,38,0,2
40000,24,1,1
20000,21,0,1
500000,41,0,0
110000,51,0,2
210000,36,0,0
410000,25,0,0
300000,29,1,0
500000,35,0,0
70000,35,1,1
360000,36,0,0
100000,26,0,1
200000,34,0,1
180000,41,1,2
500000,36,0,0
140000,25,0,1
500000,33,0,0
70000,56,0,2
100000,25,0,1
50000,22,0,1
360000,32,0,0
10000,24,1,1
80000,22,0,1
150000,38,0,2
30000,62,0,2
500000,51,0,0
320000,42,0,0
120000,50,1,2
140000,36,1,1
60000,22,0,1
50000,26,0,1
480000,30,0,0
150000,37,0,1
200000,27,0,1
220000,32,0,1
20000,31,0,1
210000,35,0,1
320000,35,0,0
220000,32,0,1
230000,42,1,2
480000,66,0,0
210000,28,0,1
100000,35,1,1
390000,41,0,0
250000,41,0,0
50000,23,0,1
30000,24,0,1
450000,34,0,0
260000,32,0,0
200000,30,0,1
230000,41,1,2
220000,35,0,0
50000,23,0,1
20000,35,0,1
240000,33,0,0
30000,28,0,1
50000,54,0,2
100000,35,0,1
20000,31,1,1
150000,29,1,1
20000,27,0,1
50000,46,0,2
360000,35,0,0
100000,28,0,1
150000,29,0,1
50000,25,1,1
20000,37,0,1
130000,22,0,1
80000,27,1,1
150000,27,0,1
500000,52,0,0
100000,33,0,1
200000,44,0,2
440000,53,0,0
120000,26,0,1
260000,30,0,0
430000,33,0,0
420000,40,1,0
210000,37,0,0
200000,27,0,1
80000,46,0,2
50000,23,0,1
360000,38,0,0
290000,34,0,0
30000,25,0,1
50000,30,0,1
60000,33,0,1
230000,30,0,1
400000,29,0,0
80000,25,0,1
40000,47,1,2
340000,55,0,2
200000,32,0,1
10000,46,1,2
80000,29,0,1
610000,31,0,0
80000,34,1,1
20000,43,0,2
330000,39,0,0
240000,41,0,0
50000,26,0,1
20000,23,1,1
50000,29,0,1
130000,24,1,1
160000,45,0,2
200000,40,0,2
520000,28,0,0
330000,41,1,0
360000,32,0,0
340000,29,0,0
60000,28,1,1
200000,42,0,2
210000,37,0,0
50000,40,0,2
50000,33,1,1
200000,29,0,1
220000,33,1,1
280000,31,0,0
20000,41,1,2
200000,40,1,2
50000,32,1,1
100000,28,0,1
220000,42,1,2
230000,52,0,2
200000,38,0,2
40000,26,1,1
160000,47,0,2
130000,24,1,1
80000,28,0,1
60000,48,0,2
170000,27,0,1
240000,30,0,1
20000,22,0,1
260000,35,1,0
230000,36,0,0
320000,42,0,0
280000,27,0,0
10000,46,1,2
100000,24,0,1
180000,43,0,2
30000,22,1,1
190000,41,1,2
150000,33,0,1
210000,34,0,1
190000,24,0,1
40000,39,1,2
50000,38,0,2
20000,43,1,2
220000,52,0,2
50000,23,1,1
220000,29,0,1
50000,53,0,2
230000,46,0,2
150000,34,0,1
50000,37,1,1
400000,36,0,0
310000,32,0,0
180000,35,0,1
30000,26,1,1
380000,52,0,0
30000,29,0,1
170000,28,0,1
80000,29,0,1
80000,26,0,1
140000,24,0,1
20000,23,1,1
20000,35,0,1
340000,30,0,0
60000,27,0,1
20000,38,0,2
20000,22,1,1
50000,26,0,1
90000,35,0,1
340000,36,0,0
50000,22,0,1
150000,29,0,1
550000,35,0,0
290000,29,0,0
360000,34,0,0
100000,28,0,1
60000,27,0,1
180000,37,0,1
170000,29,0,1
20000,22,0,1
50000,48,1,2
30000,25,0,1
250000,28,1,1
240000,43,0,2
40000,57,0,2
50000,40,0,2
130000,29,0,1
130000,57,0,2
50000,32,0,1
230000,35,0,0
210000,31,1,1
210000,46,0,2
50000,54,0,2
230000,47,0,2
50000,22,0,1
50000,23,0,1
50000,39,0,2
200000,40,0,2
500000,40,0,0
210000,37,0,0
280000,52,0,2
320000,36,1,0
80000,24,0,1
220000,41,1,2
140000,24,0,1
140000,27,0,1
30000,44,0,2
80000,41,1,2
80000,23,0,1
20000,23,0,1
150000,31,0,1
470000,39,0,0
30000,32,1,1
130000,23,0,1
50000,53,1,2
50000,45,0,2
20000,33,0,1
200000,33,0,1
300000,41,0,0
20000,22,0,1
280000,31,0,0
70000,22,0,1
50000,40,1,2
60000,49,0,2
260000,31,0,0
30000,30,0,1
100000,31,0,1
300000,45,0,0
130000,27,0,1
280000,35,0,0
150000,35,0,1
150000,35,0,1
180000,45,0,2
20000,30,1,1
50000,43,0,2
240000,32,1,0
60000,43,0,2
110000,31,0,1
230000,25,0,1
100000,36,1,1
360000,37,0,0
140000,41,0,2
80000,37,0,1
60000,34,0,1
30000,45,0,2
20000,27,1,1
200000,28,0,1
260000,29,0,0
200000,35,0,1
360000,37,0,0
50000,33,0,1
80000,34,0,1
230000,44,0,2
170000,27,0,1
130000,35,0,1
10000,38,0,2
60000,41,0,2
200000,32,0,1
180000,31,0,1
200000,29,0,1
130000,45,0,2
420000,32,0,0
20000,45,0,2
170000,28,0,1
130000,24,0,1
150000,31,0,1
50000,41,0,2
140000,28,0,1
240000,42,0,0
170000,50,0,2
80000,35,0,1
220000,33,0,1
130000,29,0,1
150000,41,0,2
300000,26,0,0
60000,45,0,2
80000,27,0,1
230000,53,0,2
110000,37,0,1
180000,29,0,1
220000,48,0,2
10000,23,0,1
110000,51,1,2
300000,44,0,0
150000,36,0,1
260000,44,0,0
290000,28,0,0
230000,42,1,2
260000,31,0,0
360000,39,0,0
110000,41,0,2
160000,32,0,1
360000,36,0,0
50000,44,0,2
200000,38,0,2
190000,56,0,2
270000,32,0,0
30000,22,0,1
150000,39,0,2
200000,32,0,1
50000,57,0,2
30000,30,0,1
160000,41,1,2
30000,48,1,2
110000,24,1,1
50000,47,0,2
180000,27,0,1
20000,32,0,1
320000,31,0,0
150000,25,1,1
20000,23,0,1
180000,32,0,1
150000,26,0,1
290000,30,0,0
210000,49,0,2
30000,35,1,1
180000,30,0,1
130000,32,0,1
200000,29,0,1
400000,26,0,0
250000,44,0,2
120000,26,0,1
50000,33,1,1
220000,47,1,2
110000,46,1,2
100000,26,0,1
340000,30,0,0
80000,24,0,1
60000,35,0,1
50000,23,0,1
780000,41,0,0
20000,55,0,2
130000,22,0,1
80000,24,1,1
150000,26,0,1
290000,50,0,2
30000,38,0,2
160000,33,0,1
310000,34,1,0
20000,35,0,1
380000,30,0,0
80000,61,1,2
90000,32,0,1
100000,38,0,2
50000,35,0,1
420000,27,0,0
40000,24,0,1
320000,32,0,0
290000,32,1,0
80000,28,0,1
120000,28,0,1
20000,30,1,1
230000,28,0,1
90000,32,1,1
80000,38,0,2
20000,27,0,1
320000,29,0,0
330000,34,0,0
130000,35,0,1
500000,73,1,0
150000,41,0,2
100000,30,0,1
150000,37,0,1
80000,26,1,1
240000,43,0,2
190000,45,0,2
210000,38,0,0
50000,42,0,2
50000,26,0,1
80000,30,0,1
50000,24,0,1
180000,47,0,2
160000,28,0,1
150000,30,0,1
160000,39,0,2
80000,27,1,1
320000,28,0,0
100000,33,0,1
260000,27,0,1
20000,24,1,1
30000,22,0,1
280000,49,0,2
20000,27,0,1
30000,23,0,1
230000,24,0,1
150000,39,0,2
290000,31,0,0
50000,35,0,1
50000,45,0,2
30000,39,1,2
210000,42,0,2
140000,37,0,1
360000,49,1,0
270000,28,0,0
180000,28,0,1
20000,30,1,1
50000,23,0,1
180000,24,0,1
50000,31,1,1
50000,48,0,2
30000,24,0,1
110000,40,0,2
50000,44,0,2
380000,43,0,0
40000,27,0,1
50000,28,0,1
450000,52,0,0
150000,28,0,1
100000,29,1,1
140000,35,0,1
20000,36,1,1
700000,39,0,0
210000,31,0,1
300000,32,0,0
40000,48,0,2
500000,34,0,0
170000,29,0,1
30000,29,0,1
270000,31,0,0
30000,23,0,1
60000,24,1,1
360000,43,0,0
30000,34,0,1
50000,25,0,1
90000,27,1,1
500000,44,0,0
290000,34,0,0
50000,27,0,1
500000,30,0,0
210000,28,0,1
380000,40,0,0
20000,46,1,2
310000,34,0,0
20000,28,1,1
170000,32,1,1
140000,33,0,1
250000,40,0,0
50000,27,0,1
80000,26,0,1
470000,26,0,0
210000,40,1,2
190000,26,0,1
20000,53,0,2
50000,24,0,1
60000,27,1,1
180000,34,0,1
20000,30,1,1
30000,30,0,1
70000,32,1,1
500000,33,0,0
80000,53,0,2
50000,25,0,1
400000,35,0,0
140000,40,1,2
180000,29,0,1
410000,39,0,0
230000,29,0,1
270000,32,0,0
30000,22,0,1
230000,44,0,2
300000,32,0,0
90000,27,0,1
290000,24,0,0
70000,44,0,2
60000,36,0,1
100000,30,0,1
100000,29,0,1
250000,30,0,0
50000,23,0,1
340000,35,0,0
280000,38,0,0
120000,34,0,1
230000,28,0,1
240000,31,0,0
130000,27,0,1
160000,32,0,1
230000,34,0,0
30000,39,1,2
160000,34,0,1
250000,37,0,0
130000,48,0,2
150000,38,0,2
280000,34,0,0
30000,44,0,2
180000,39,1,2
200000,25,0,1
60000,38,0,2
80000,36,0,1
120000,38,0,2
60000,44,0,2
120000,34,0,1
50000,49,0,2
170000,30,0,1
110000,40,0,2
70000,35,0,1
110000,38,0,2
130000,27,0,1
200000,46,0,2
500000,36,0,0
20000,22,0,1
440000,33,0,0
220000,35,1,0
340000,37,0,0
50000,39,0,2
20000,40,1,2
250000,43,0,0
360000,37,0,0
210000,52,0,2
360000,37,0,0
260000,45,0,2
50000,48,1,2
70000,33,0,1
30000,51,0,2
180000,43,1,2
120000,47,0,2
50000,27,0,1
270000,49,0,2
450000,31,0,0
130000,47,1,2
210000,27,0,1
320000,34,0,0
180000,25,0,1
60000,22,1,1
50000,46,0,2
260000,35,0,0
60000,28,0,1
400000,32,0,0
70000,23,0,1
50000,26,0,1
50000,22,0,1
260000,33,0,0
20000,38,1,2
80000,34,1,1
50000,44,0,2
80000,29,0,1
100000,32,1,1
210000,42,0,2
160000,24,0,1
190000,33,0,1
200000,27,0,1
360000,36,0,0
190000,40,1,2
280000,25,0,0
290000,36,0,0
200000,39,0,2
130000,29,0,1
30000,44,1,2
210000,46,1,2
130000,25,0,1
360000,31,0,0
30000,21,0,1
300000,38,0,0
50000,51,0,2
40000,53,1,2
10000,37,0,1
230000,36,0,0
80000,31,0,1
30000,61,0,2
180000,39,1,2
350000,70,0,2
50000,46,1,2
150000,36,0,1
300000,29,0,0
80000,26,0,1
230000,45,0,2
30000,23,0,1
260000,38,0,0
120000,39,0,2
250000,40,0,0
260000,32,0,0
250000,33,0,0
50000,51,1,2
220000,37,0,0
110000,53,0,2
70000,27,0,1
390000,35,0,0
200000,29,1,1
200000,33,0,1
30000,24,0,1
30000,38,0,2
30000,24,0,1
50000,36,0,1
160000,39,0,2
100000,40,0,2
110000,30,1,1
350000,53,0,0
200000,30,0,1
120000,32,0,1
270000,42,0,0
220000,54,0,2
80000,23,0,1
10000,46,1,2
180000,61,1,2
80000,24,0,1
20000,48,0,2
30000,23,0,1
320000,50,0,0
20000,23,0,1
120000,26,0,1
310000,37,0,0
290000,29,0,0
80000,24,0,1
30000,27,0,1
80000,47,0,2
220000,36,0,0
50000,47,0,2
260000,37,0,0
50000,48,0,2
260000,38,0,0
50000,29,1,1
30000,25,0,1
30000,42,0,2
10000,23,0,1
320000,28,1,0
50000,57,0,2
380000,30,0,0
360000,37,0,0
280000,26,0,0
360000,30,0,0
70000,24,1,1
50000,36,1,1
470000,34,0,0
130000,45,1,2
120000,39,0,2
50000,25,0,1
130000,29,0,1
30000,23,0,1
180000,39,0,2
80000,25,0,1
20000,50,1,2
30000,25,1,1
180000,32,0,1
150000,42,1,2
180000,27,1,1
150000,52,0,2
20000,34,0,1
70000,31,0,1
190000,53,0,2
200000,36,0,1
20000,43,0,2
50000,26,0,1
180000,30,0,1
50000,35,0,1
480000,45,1,0
80000,24,0,1
50000,23,1,1
40000,24,1,1
440000,35,0,0
140000,50,0,2
130000,45,0,2
140000,35,0,1
280000,30,0,0
420000,41,0,0
580000,33,0,0
360000,34,1,0
300000,38,0,0
50000,30,0,1
90000,26,1,1
230000,28,0,1
80000,47,1,2
30000,42,0,2
20000,53,0,2
240000,36,0,0
310000,39,0,0
140000,35,1,1
50000,49,0,2
440000,49,0,0
390000,28,0,0
240000,31,0,0
500000,46,0,0
300000,51,1,2
310000,39,0,0
110000,37,0,1
30000,38,0,2
50000,29,0,1
140000,54,1,2
80000,25,0,1
30000,23,1,1
180000,37,0,1
360000,51,0,0
50000,28,0,1
80000,49,1,2
70000,60,0,2
230000,40,0,0
50000,49,0,2
30000,23,1,1
360000,33,0,0
120000,26,0,1
170000,27,0,1
50000,41,0,2
20000,27,0,1
20000,23,0,1
30000,49,0,2
290000,51,0,2
60000,22,0,1
190000,35,0,1
420000,34,1,0
30000,24,0,1
50000,24,0,1
20000,24,1,1
180000,28,0,1
50000,41,1,2
80000,37,1,1
50000,25,0,1
80000,28,0,1
30000,46,0,2
160000,25,0,1
230000,37,0,0
20000,47,0,2
20000,46,1,2
50000,37,0,1
270000,38,0,0
50000,23,1,1
50000,23,0,1
360000,32,0,0
400000,27,0,0
30000,40,0,2
210000,30,0,1
30000,30,0,1
50000,25,0,1
80000,35,1,1
360000,38,0,0
30000,54,1,2
170000,34,0,1
140000,24,0,1
220000,43,0,2
50000,28,1,1
360000,73,1,2
170000,43,0,2
30000,24,0,1
130000,27,0,1
420000,37,0,0
180000,31,0,1
20000,26,0,1
200000,43,0,2
30000,25,0,1
220000,40,0,2
150000,24,0,1
110000,24,0,1
50000,30,1,1
500000,49,0,0
20000,23,0,1
50000,36,0,1
500000,56,0,0
160000,40,0,2
90000,32,0,1
640000,34,0,0
80000,26,0,1
50000,46,0,2
80000,41,0,2
520000,38,0,0
200000,45,0,2
10000,52,1,2
20000,22,1,1
240000,28,0,1
130000,50,0,2
10000,23,0,1
110000,28,1,1
20000,45,0,2
500000,43,0,0
100000,35,0,1
200000,30,0,1
400000,40,0,0
220000,39,0,0
20000,38,0,2
150000,35,0,1
200000,23,0,1
80000,39,1,2
50000,31,0,1
20000,44,0,2
60000,30,0,1
50000,34,0,1
50000,35,0,1
360000,29,0,0
290000,36,1,0
100000,29,0,1
20000,45,1,2
170000,42,0,2
50000,46,0,2
220000,41,0,2
50000,61,0,2
360000,33,0,0
380000,26,0,0
80000,26,1,1
180000,40,0,2
380000,40,0,0
170000,38,0,2
60000,36,0,1
20000,52,1,2
50000,38,0,2
50000,34,0,1
100000,27,0,1
120000,50,1,2
210000,43,0,2
50000,59,0,2
120000,41,0,2
50000,24,0,1
190000,28,0,1
50000,42,0,2
240000,27,0,1
100000,52,1,2
480000,37,0,0
210000,40,0,2
30000,33,0,1
130000,49,1,2
90000,39,0,2
30000,24,0,1
50000,31,0,1
50000,40,0,2
130000,43,0,2
50000,30,0,1
60000,26,0,1
90000,29,1,1
200000,29,0,1
210000,46,0,2
280000,29,0,0
150000,26,0,1
30000,42,1,2
170000,30,0,1
260000,29,1,0
30000,33,1,1
220000,32,0,1
200000,28,1,1
50000,29,0,1
300000,54,1,2
200000,26,0,1
160000,27,0,1
80000,29,0,1
500000,36,0,0
170000,30,1,1
50000,23,0,1
50000,32,1,1
30000,28,0,1
420000,32,0,0
100000,37,0,1
220000,35,0,0
210000,38,0,0
240000,44,0,2
140000,47,1,2
260000,44,0,0
260000,32,0,0
80000,33,0,1
250000,45,0,2
250000,50,0,2
80000,42,0,2
260000,29,0,0
120000,43,1,2
20000,22,0,1
10000,27,0,1
360000,36,0,0
140000,29,0,1
80000,27,0,1
100000,42,1,2
50000,24,0,1
30000,40,0,2
800000,46,0,0
200000,37,0,1
90000,33,0,1
110000,27,1,1
50000,50,1,2
130000,30,0,1
80000,40,1,2
220000,38,0,0
60000,33,0,1
50000,42,0,2
80000,24,1,1
30000,51,0,2
160000,39,0,2
20000,23,1,1
100000,24,0,1
130000,37,0,1
30000,60,0,2
110000,26,0,1
50000,25,0,1
180000,44,0,2
200000,32,0,1
230000,35,0,0
200000,42,0,2
50000,33,0,1
100000,38,0,2
80000,65,0,2
40000,28,1,1
260000,34,0,0
190000,37,0,1
20000,24,1,1
450000,37,1,0
160000,36,0,1
80000,34,1,1
40000,39,0,2
30000,52,1,2
20000,28,0,1
430000,42,0,0
300000,66,1,2
280000,50,0,2
200000,35,0,1
50000,22,0,1
220000,30,0,1
250000,29,0,1
240000,31,1,0
20000,22,1,1
80000,27,1,1
200000,30,0,1
250000,42,0,0
300000,39,1,0
330000,40,0,0
50000,22,0,1
50000,25,0,1
210000,27,0,1
200000,37,0,1
50000,22,0,1
320000,29,0,0
60000,38,1,2
30000,21,0,1
60000,26,0,1
260000,35,0,0
50000,43,1,2
200000,31,0,1
10000,22,1,1
100000,30,1,1
180000,32,0,1
30000,25,1,1
330000,42,0,0
150000,43,0,2
90000,34,0,1
80000,27,0,1
130000,30,0,1
180000,27,0,1
140000,43,0,2
20000,39,1,2
350000,47,0,0
230000,28,0,1
450000,38,0,0
50000,30,0,1
50000,41,0,2
20000,51,0,2
310000,29,0,0
180000,46,0,2
180000,43,0,2
80000,27,0,1
30000,52,0,2
10000,23,0,1
140000,35,0,1
360000,56,0,0
50000,24,0,1
420000,25,1,0
500000,29,0,0
90000,40,0,2
80000,29,0,1
50000,32,0,1
90000,25,0,1
320000,29,0,0
120000,54,0,2
360000,30,0,0
110000,29,0,1
500000,40,0,0
360000,43,0,0
20000,45,1,2
130000,47,0,2
100000,52,0,2
500000,33,0,0
100000,29,0,1
500000,29,0,0
260000,31,0,0
140000,55,0,2
300000,39,0,0
130000,29,0,1
160000,24,0,1
50000,40,0,2
120000,25,1,1
30000,28,1,1
160000,35,0,1
150000,46,0,2
280000,31,0,0
50000,31,0,1
360000,40,0,0
160000,30,0,1
50000,25,1,1
20000,40,1,2
480000,40,0,0
210000,52,0,2
230000,35,0,0
50000,50,0,2
120000,29,0,1
100000,38,0,2
400000,28,0,0
10000,22,0,1
40000,26,0,1
280000,47,1,2
50000,52,0,2
130000,46,1,2
500000,43,0,0
60000,27,0,1
360000,33,0,0
240000,41,0,0
80000,34,1,1
210000,53,1,2
70000,23,0,1
500000,31,0,0
20000,29,0,1
210000,28,0,1
100000,40,1,2
70000,23,1,1
140000,42,0,2
100000,25,0,1
240000,46,1,2
30000,30,0,1
230000,29,0,1
100000,46,0,2
190000,34,0,1
60000,22,0,1
90000,23,0,1
360000,40,0,0
150000,32,0,1
380000,44,0,0
90000,26,0,1
260000,33,0,0
230000,34,0,0
100000,29,1,1
500000,37,0,0
110000,36,0,1
180000,37,0,1
150000,38,0,2
50000,26,0,1
300000,54,0,2
170000,40,0,2
260000,37,0,0
100000,52,1,2
160000,42,0,2
20000,22,0,1
360000,30,0,0
150000,34,0,1
370000,37,1,0
70000,29,0,1
310000,32,0,0
230000,37,0,0
50000,29,0,1
80000,39,0,2
500000,31,1,0
320000,50,0,0
10000,42,1,2
130000,29,0,1
40000,35,0,1
250000,55,1,2
200000,40,0,2
60000,26,0,1
150000,29,0,1
240000,36,0,0
200000,36,0,1
50000,33,1,1
80000,45,0,2
50000,49,1,2
150000,27,0,1
160000,52,0,2
170000,42,0,2
130000,45,1,2
240000,29,0,1
210000,41,0,2
160000,42,1,2
90000,28,1,1
300000,50,1,2
20000,24,0,1
160000,45,0,2
20000,23,1,1
80000,46,0,2
50000,34,1,1
50000,29,0,1
170000,31,0,1
90000,24,1,1
210000,29,0,1
80000,26,0,1
80000,42,0,2
120000,37,0,1
210000,31,0,1
100000,39,0,2
230000,55,0,2
30000,35,0,1
100000,45,1,2
20000,24,0,1
210000,30,0,1
80000,24,0,1
280000,50,0,2
50000,28,0,1
190000,48,0,2
200000,30,0,1
110000,23,0,1
20000,40,1,2
400000,32,0,0
200000,37,0,1
410000,30,0,0
330000,38,0,0
110000,30,0,1
30000,26,1,1
50000,35,1,1
50000,23,0,1
180000,34,0,1
80000,26,0,1
50000,27,0,1
260000,40,0,0
110000,51,0,2
100000,41,0,2
150000,32,0,1
70000,62,0,2
230000,35,0,0
90000,55,0,2
20000,31,0,1
120000,27,0,1
80000,25,0,1
70000,35,0,1
280000,56,0,2
180000,31,0,1
150000,31,0,1
30000,34,1,1
110000,33,1,1
400000,27,0,0
200000,30,1,1
210000,38,1,0
160000,37,0,1
140000,35,0,1
90000,32,0,1
130000,45,0,2
30000,23,0,1
60000,41,0,2
170000,52,0,2
20000,24,0,1
630000,40,0,0
360000,37,0,0
80000,31,0,1
310000,25,0,0
210000,33,0,1
50000,22,0,1
80000,38,0,2
100000,58,1,2
10000,55,1,2
30000,26,1,1
350000,31,0,0
340000,30,0,0
360000,46,1,0
300000,37,0,0
180000,31,0,1
90000,45,0,2
330000,47,0,0
60000,33,1,1
400000,28,0,0
200000,27,0,1
30000,53,1,2
500000,49,0,0
260000,42,1,0
200000,43,0,2
160000,39,0,2
20000,23,0,1
20000,22,1,1
240000,32,0,0
220000,29,0,1
120000,53,0,2
310000,33,0,0
30000,22,0,1
20000,31,0,1
50000,36,0,1
200000,29,1,1
360000,56,0,0
90000,47,0,2
320000,40,0,0
320000,35,0,0
150000,28,0,1
200000,39,0,2
350000,30,0,0
80000,25,0,1
50000,44,0,2
50000,25,0,1
310000,41,0,0
180000,46,0,2
40000,23,0,1
60000,28,1,1
100000,43,0,2
150000,40,0,2
110000,56,0,2
210000,29,0,1
50000,44,0,2
140000,28,0,1
200000,29,1,1
50000,31,0,1
210000,35,0,1
60000,27,0,1
60000,49,0,2
30000,52,1,2
230000,28,0,1
550000,53,0,0
130000,31,1,1
20000,49,1,2
50000,27,1,1
120000,35,1,1
80000,32,0,1
90000,40,1,2
90000,24,1,1
50000,32,1,1
20000,23,0,1
120000,36,0,1
80000,27,0,1
100000,44,0,2
20000,24,0,1
50000,23,1,1
200000,28,0,1
30000,49,1,2
220000,30,0,1
250000,41,0,0
50000,29,1,1
50000,24,0,1
150000,29,0,1
220000,48,1,2
360000,32,1,0
200000,40,0,2
410000,33,0,0
50000,42,0,2
130000,25,1,1
50000,23,0,1
230000,26,0,1
310000,26,0,0
60000,27,0,1
300000,30,1,0
90000,34,0,1
250000,31,1,0
60000,46,1,2
450000,41,0,0
160000,26,1,1
490000,52,0,0
260000,40,0,0
140000,29,0,1
10000,61,1,2
50000,29,0,1
20000,26,0,1
50000,41,1,2
70000,24,0,1
280000,44,0,0
360000,28,0,0
320000,53,1,2
50000,22,0,1
30000,27,0,1
30000,46,0,2
50000,33,0,1
360000,28,0,0
160000,40,0,2
80000,47,1,2
270000,44,0,0
250000,40,0,0
170000,24,0,1
50000,39,1,2
160000,58,0,2
320000,33,0,0
220000,30,0,1
20000,25,1,1
230000,30,1,1
20000,37,0,1
140000,38,0,2
70000,51,0,2
200000,47,0,2
30000,25,1,1
50000,25,0,1
20000,62,0,2
160000,29,0,1
180000,43,0,2
510000,31,1,0
300000,40,0,0
50000,32,0,1
40000,47,0,2
170000,35,0,1
50000,33,1,1
360000,30,1,0
190000,37,1,1
20000,24,0,1
30000,25,0,1
210000,32,0,1
110000,23,0,1
160000,41,0,2
80000,45,0,2
80000,27,0,1
230000,26,0,1
40000,34,1,1
90000,53,0,2
30000,31,0,1
140000,33,0,1
120000,40,0,2
200000,42,0,2
320000,37,1,0
50000,27,1,1
60000,50,0,2
500000,35,0,0
50000,56,1,2
350000,38,0,0
240000,37,0,0
240000,38,0,0
240000,50,0,2
210000,36,0,0
140000,35,0,1
150000,48,1,2
210000,41,0,2
100000,42,1,2
320000,38,0,0
150000,40,0,2
200000,34,1,1
210000,35,0,1
70000,30,0,1
200000,33,0,1
70000,33,0,1
60000,29,0,1
150000,35,0,1
30000,34,0,1
20000,24,0,1
340000,37,0,0
50000,23,0,1
50000,49,0,2
500000,37,0,0
50000,32,0,1
30000,35,1,1
120000,32,0,1
200000,32,0,1
70000,35,1,1
150000,64,0,2
50000,26,1,1
30000,33,1,1
50000,51,0,2
20000,44,0,2
50000,35,1,1
170000,23,0,1
170000,34,0,1
250000,43,0,0
50000,35,0,1
260000,38,0,0
150000,38,0,2
50000,28,0,1
170000,49,0,2
160000,27,1,1
10000,38,0,2
590000,31,0,0
20000,61,0,2
160000,55,0,2
400000,32,0,0
80000,42,0,2
140000,38,0,2
80000,22,0,1
160000,40,0,2
100000,29,0,1
250000,39,0,0
390000,27,0,0
100000,28,0,1
290000,29,1,0
350000,36,0,0
50000,51,0,2
340000,27,0,0
300000,26,0,0
30000,33,0,1
110000,27,0,1
150000,33,0,1
120000,43,1,2
90000,45,0,2
80000,36,0,1
210000,35,0,1
440000,42,0,0
50000,37,0,1
210000,31,0,1
30000,32,0,1
90000,34,0,1
170000,31,0,1
250000,28,0,1
200000,41,0,2
500000,37,0,0
260000,63,0,2
230000,36,0,0
50000,25,0,1
330000,57,0,2
90000,23,1,1
380000,33,0,0
80000,27,0,1
50000,51,1,2
490000,34,0,0
60000,29,0,1
30000,25,0,1
50000,24,0,1
290000,39,0,0
80000,30,0,1
120000,29,0,1
100000,30,0,1
310000,28,0,0
210000,40,1,2
260000,35,0,0
50000,26,0,1
20000,22,0,1
210000,26,0,1
80000,26,0,1
30000,53,0,2
320000,54,0,2
380000,31,0,0
200000,47,0,2
70000,26,0,1
70000,27,1,1
50000,35,0,1
130000,29,0,1
310000,32,0,0
360000,29,0,0
360000,34,0,0
300000,30,0,0
210000,75,0,2
30000,46,0,2
190000,46,0,2
500000,31,0,0
390000,27,1,0
200000,29,1,1
230000,48,0,2
70000,23,0,1
120000,27,0,1
20000,23,0,1
30000,23,1,1
150000,27,0,1
270000,31,0,0
60000,31,0,1
190000,44,0,2
140000,42,0,2
140000,55,0,2
260000,30,0,0
200000,28,0,1
210000,38,0,0
20000,35,0,1
230000,30,0,1
50000,56,0,2
30000,23,1,1
50000,22,0,1
240000,29,0,1
180000,44,0,2
50000,40,1,2
70000,40,0,2
90000,39,0,2
210000,31,0,1
150000,37,0,1
180000,25,0,1
180000,23,0,1
80000,44,0,2
90000,24,0,1
50000,32,0,1
380000,27,0,0
120000,26,0,1
140000,36,0,1
200000,34,0,1
90000,40,1,2
20000,36,1,1
140000,27,0,1
170000,35,0,1
100000,29,0,1
250000,30,0,0
300000,53,0,2
30000,27,0,1
300000,45,0,0
60000,27,0,1
240000,32,0,0
30000,48,1,2
260000,40,0,0
50000,55,0,2
220000,42,0,2
200000,45,0,2
30000,24,1,1
230000,40,0,0
580000,32,0,0
110000,39,0,2
30000,41,0,2
80000,26,0,1
20000,25,0,1
60000,24,0,1
230000,28,0,1
410000,48,0,0
30000,27,1,1
80000,24,1,1
180000,27,0,1
140000,39,0,2
360000,41,1,0
240000,33,0,0
150000,25,0,1
140000,26,0,1
180000,28,0,1
30000,26,0,1
20000,49,1,2
20000,51,0,2
290000,41,0,0
390000,32,0,0
110000,24,0,1
130000,25,0,1
20000,37,1,1
140000,24,0,1
30000,31,0,1
70000,42,1,2
360000,45,0,0
80000,27,0,1
280000,30,0,0
60000,24,0,1
80000,36,1,1
500000,38,0,0
210000,41,0,2
200000,39,0,2
180000,30,0,1
230000,30,0,1
90000,40,0,2
430000,34,0,0
50000,31,0,1
210000,28,0,1
70000,42,0,2
10000,22,1,1
200000,41,0,2
50000,41,0,2
500000,28,0,0
490000,41,0,0
400000,33,0,0
200000,39,1,2
300000,50,0,2
130000,34,0,1
20000,25,1,1
220000,34,0,1
140000,32,0,1
230000,27,0,1
30000,52,1,2
230000,50,1,2
80000,31,0,1
270000,37,0,0
280000,36,0,0
20000,36,0,1
120000,55,0,2
360000,26,0,0
100000,34,1,1
60000,31,1,1
500000,31,0,0
200000,43,1,2
240000,31,0,0
80000,26,0,1
230000,28,0,1
180000,30,0,1
60000,37,0,1
100000,27,0,1
20000,40,1,2
60000,59,0,2
140000,66,0,2
380000,32,0,0
70000,32,0,1
50000,39,0,2
180000,31,0,1
60000,23,0,1
210000,39,0,2
400000,32,0,0
360000,39,0,0
120000,39,1,2
490000,35,0,0
20000,32,0,1
490000,42,0,0
70000,35,0,1
200000,40,0,2
170000,34,0,1
30000,28,1,1
360000,70,0,2
320000,29,1,0
10000,27,0,1
110000,32,0,1
100000,36,1,1
230000,28,0,1
110000,33,1,1
150000,32,0,1
50000,24,0,1
90000,37,0,1
160000,31,0,1
380000,46,0,0
150000,51,0,2
30000,54,1,2
120000,48,0,2
90000,25,1,1
50000,23,0,1
50000,38,1,2
230000,29,0,1
70000,29,0,1
100000,28,0,1
200000,28,0,1
50000,36,0,1
170000,33,0,1
150000,47,0,2
260000,36,0,0
70000,24,0,1
10000,51,1,2
80000,23,0,1
50000,25,1,1
500000,64,1,0
80000,45,1,2
50000,28,0,1
360000,30,0,0
20000,34,0,1
50000,23,0,1
70000,29,1,1
50000,23,0,1
150000,28,1,1
450000,35,0,0
150000,32,0,1
360000,46,1,0
150000,28,0,1
150000,25,0,1
180000,40,0,2
150000,26,0,1
500000,30,0,0
50000,27,1,1
60000,22,0,1
360000,35,0,0
20000,34,1,1
360000,56,0,0
240000,44,0,2
170000,31,0,1
270000,34,0,0
260000,31,0,0
440000,31,0,0
10000,29,0,1
120000,28,1,1
30000,33,1,1
20000,53,0,2
270000,30,0,0
100000,24,1,1
30000,23,0,1
60000,26,0,1
350000,37,0,0
170000,39,0,2
90000,24,0,1
70000,27,0,1
110000,39,1,2
50000,34,1,1
100000,27,0,1
90000,62,0,2
20000,23,0,1
150000,55,0,2
220000,28,1,1
240000,32,0,0
10000,31,0,1
280000,37,1,0
170000,28,0,1
210000,37,1,0
360000,26,0,0
40000,26,0,1
120000,34,0,1
50000,29,1,1
20000,24,0,1
240000,36,0,0
210000,47,1,2
150000,30,0,1
150000,27,0,1
180000,33,0,1
20000,36,1,1
100000,28,0,1
160000,38,0,2
400000,42,0,0
90000,27,0,1
130000,43,0,2
160000,40,0,2
50000,41,1,2
100000,26,1,1
350000,42,1,0
50000,42,1,2
50000,31,0,1
20000,25,0,1
300000,29,0,0
330000,30,0,0
260000,39,0,0
500000,42,0,0
290000,27,0,0
380000,40,0,0
390000,44,0,0
280000,52,1,2
160000,40,0,2
30000,24,0,1
390000,33,0,0
360000,32,0,0
50000,25,0,1
200000,23,0,1
100000,27,0,1
400000,32,0,0
360000,36,0,0
140000,27,0,1
50000,24,0,1
10000,25,0,1
70000,49,1,2
30000,37,1,1
180000,24,0,1
20000,22,0,1
50000,48,1,2
130000,29,0,1
360000,27,0,0
70000,44,1,2
150000,25,0,1
140000,44,1,2
210000,26,0,1
50000,41,0,2
70000,24,0,1
20000,48,1,2
150000,30,0,1
50000,25,0,1
220000,39,0,0
420000,35,0,0
480000,53,0,0
330000,42,0,0
200000,32,0,1
400000,49,0,0
50000,32,0,1
420000,34,1,0
220000,37,1,0
80000,35,0,1
280000,34,0,0
60000,48,0,2
130000,30,0,1
410000,50,0,0
20000,42,0,2
220000,39,1,0
150000,23,0,1
140000,44,0,2
200000,27,0,1
170000,37,0,1
10000,24,0,1
200000,52,0,2
330000,24,0,0
60000,35,0,1
320000,29,0,0
50000,30,0,1
50000,42,0,2
50000,23,0,1
50000,23,0,1
80000,35,0,1
10000,45,0,2
350000,30,1,0
10000,44,1,2
260000,53,0,2
100000,28,0,1
120000,38,0,2
150000,42,0,2
130000,34,0,1
40000,26,0,1
20000,31,0,1
360000,42,0,0
110000,46,1,2
120000,32,0,1
390000,28,0,0
10000,22,0,1
430000,46,1,0
150000,46,1,2
100000,26,0,1
30000,44,1,2
70000,34,0,1
390000,34,0,0
30000,22,0,1
140000,26,0,1
230000,32,1,1
20000,35,1,1
260000,34,0,0
180000,47,0,2
500000,53,0,0
140000,35,0,1
260000,42,0,0
100000,25,0,1
360000,36,1,0
60000,21,0,1
200000,33,0,1
20000,26,0,1
180000,46,0,2
360000,47,0,0
360000,36,0,0
170000,27,0,1
140000,26,1,1
130000,44,0,2
80000,25,0,1
40000,27,1,1
10000,30,1,1
360000,35,0,0
180000,36,0,1
200000,37,1,1
180000,28,0,1
110000,29,0,1
50000,26,1,1
90000,34,1,1
80000,34,0,1
80000,27,0,1
150000,36,0,1
160000,41,0,2
30000,42,1,2
240000,43,0,2
60000,43,0,2
20000,36,0,1
420000,33,0,0
30000,28,0,1
220000,35,0,0
380000,31,0,0
80000,33,0,1
290000,44,0,0
60000,45,0,2
200000,30,1,1
360000,47,1,0
200000,33,0,1
180000,47,0,2
150000,25,0,1
30000,26,0,1
20000,52,0,2
190000,24,0,1
340000,29,0,0
50000,42,0,2
500000,26,0,0
50000,32,1,1
150000,41,1,2
100000,35,1,1
50000,49,0,2
50000,26,0,1
50000,42,1,2
260000,29,0,0
400000,44,0,0
220000,28,0,1
100000,27,0,1
140000,26,1,1
50000,32,1,1
380000,33,0,0
150000,24,0,1
460000,35,0,0
250000,31,0,0
190000,34,0,1
80000,53,1,2
50000,44,0,2
30000,43,0,2
370000,39,0,0
200000,32,0,1
210000,34,0,1
110000,32,0,1
370000,28,0,0
200000,35,0,1
180000,31,0,1
180000,29,1,1
50000,24,1,1
30000,23,0,1
280000,27,0,0
200000,27,0,1
30000,25,0,1
140000,48,0,2
10000,24,1,1
20000,44,1,2
350000,36,0,0
180000,37,0,1
50000,51,0,2
70000,28,0,1
50000,55,1,2
130000,35,0,1
500000,36,1,0
90000,33,0,1
200000,37,0,1
340000,39,0,0
130000,25,0,1
20000,38,0,2
90000,37,0,1
230000,43,0,2
140000,23,0,1
1000000,47,0,0
260000,30,0,0
50000,30,0,1
50000,29,1,1
450000,29,0,0
100000,31,0,1
120000,27,0,1
210000,30,0,1
240000,35,0,0
300000,52,0,2
50000,23,0,1
10000,28,1,1
60000,34,1,1
150000,60,1,2
50000,23,1,1
210000,35,0,1
50000,39,0,2
140000,24,0,1
130000,33,0,1
200000,48,0,2
240000,30,1,1
290000,40,0,0
50000,31,0,1
130000,33,1,1
30000,28,0,1
50000,22,0,1
50000,29,0,1
20000,36,0,1
80000,25,1,1
170000,34,0,1
390000,49,0,0
20000,31,1,1
310000,32,0,0
50000,25,0,1
100000,31,0,1
110000,26,0,1
240000,36,0,0
50000,42,0,2
80000,36,0,1
480000,43,0,0
50000,22,0,1
210000,36,1,0
70000,29,0,1
20000,26,0,1
20000,23,1,1
20000,43,0,2
20000,38,0,2
180000,33,0,1
30000,22,0,1
80000,42,0,2
360000,45,0,0
460000,37,1,0
310000,28,0,0
50000,26,0,1
230000,29,0,1
20000,29,0,1
100000,34,0,1
150000,26,0,1
20000,34,0,1
50000,45,0,2
210000,32,0,1
150000,32,0,1
80000,28,1,1
80000,30,0,1
260000,31,0,0
50000,37,0,1
120000,30,1,1
80000,38,0,2
80000,35,1,1
50000,31,1,1
200000,26,0,1
50000,22,0,1
230000,33,0,0
210000,39,0,2
240000,30,1,1
50000,26,0,1
440000,41,0,0
400000,46,0,0
200000,32,0,1
220000,26,0,1
70000,29,0,1
50000,23,0,1
120000,37,0,1
260000,28,0,0
290000,34,1,0
50000,22,0,1
290000,38,0,0
90000,33,0,1
170000,27,0,1
180000,24,1,1
300000,31,0,0
80000,41,0,2
150000,32,0,1
50000,38,0,2
10000,22,0,1
30000,26,0,1
20000,45,0,2
50000,33,1,1
150000,24,0,1
100000,43,0,2
20000,41,0,2
180000,28,0,1
70000,25,1,1
150000,42,0,2
120000,29,0,1
390000,45,0,0
60000,27,0,1
200000,42,1,2
80000,45,0,2
310000,36,0,0
140000,48,1,2
150000,33,0,1
310000,32,1,0
250000,36,0,0
310000,31,0,0
460000,32,0,0
210000,41,1,2
260000,52,1,2
120000,29,1,1
30000,24,0,1
120000,30,0,1
260000,47,0,2
70000,51,1,2
50000,26,0,1
160000,31,1,1
20000,24,0,1
220000,28,0,1
280000,27,0,0
20000,35,0,1
500000,34,0,0
10000,36,1,1
300000,43,0,0
150000,59,0,2
360000,30,0,0
180000,28,0,1
220000,32,0,1
260000,38,0,0
30000,40,1,2
110000,35,1,1
170000,43,0,2
180000,26,1,1
60000,25,0,1
30000,29,1,1
180000,26,0,1
140000,29,0,1
220000,27,0,1
120000,31,1,1
20000,22,0,1
250000,29,0,1
30000,53,1,2
20000,36,0,1
140000,28,1,1
180000,44,0,2
130000,33,0,1
80000,53,0,2
70000,34,1,1
20000,59,0,2
90000,24,0,1
360000,30,0,0
160000,47,0,2
100000,29,1,1
390000,39,0,0
190000,35,0,1
50000,28,0,1
50000,47,1,2
80000,41,0,2
150000,43,1,2
140000,48,0,2
30000,24,0,1
120000,25,0,1
160000,37,0,1
10000,26,1,1
60000,28,0,1
50000,25,0,1
20000,27,0,1
200000,48,0,2
230000,43,0,2
370000,37,0,0
50000,23,0,1
180000,37,0,1
140000,36,0,1
80000,41,0,2
40000,24,0,1
10000,23,0,1
140000,32,1,1
90000,25,0,1
120000,40,1,2
50000,25,1,1
80000,38,0,2
150000,41,0,2
120000,31,0,1
210000,48,0,2
130000,23,0,1
200000,43,0,2
30000,27,0,1
80000,43,0,2
640000,50,0,0
360000,44,0,0
30000,42,0,2
50000,40,1,2
220000,29,0,1
230000,29,0,1
80000,25,0,1
40000,46,0,2
200000,47,1,2
50000,33,0,1
10000,26,1,1
190000,38,0,2
210000,37,1,0
420000,52,0,0
70000,25,0,1
240000,50,0,2
80000,27,0,1
200000,49,0,2
260000,46,0,2
90000,39,0,2
80000,45,0,2
240000,38,0,0
150000,50,0,2
150000,45,0,2
30000,29,0,1
80000,34,0,1
330000,37,0,0
20000,45,0,2
50000,35,0,1
50000,24,0,1
20000,39,1,2
260000,42,0,0
260000,25,1,1
30000,31,1,1
50000,39,0,2
20000,58,0,2
320000,33,0,0
210000,38,0,0
20000,27,0,1
500000,50,0,0
140000,46,0,2
150000,49,0,2
230000,33,0,0
200000,31,0,1
500000,29,0,0
30000,53,0,2
470000,27,1,0
170000,33,0,1
500000,46,0,0
210000,40,0,2
30000,27,0,1
240000,32,0,0
300000,50,0,2
210000,28,0,1
530000,50,0,0
290000,43,0,0
110000,23,0,1
20000,45,0,2
180000,27,0,1
50000,42,0,2
230000,61,1,2
50000,28,1,1
360000,27,1,0
70000,25,0,1
200000,46,0,2
30000,46,0,2
200000,33,0,1
280000,29,1,0
30000,26,1,1
160000,50,1,2
400000,30,0,0
70000,29,0,1
210000,26,0,1
280000,31,0,0
260000,52,1,2
180000,45,0,2
20000,32,1,1
110000,42,0,2
340000,53,1,0
130000,31,0,1
230000,45,0,2
350000,30,0,0
60000,25,0,1
20000,24,0,1
240000,29,0,1
500000,32,0,0
30000,34,0,1
380000,48,0,0
280000,29,0,0
60000,27,0,1
240000,50,0,2
320000,29,0,0
90000,23,1,1
370000,45,0,0
180000,32,0,1
210000,37,1,0
430000,42,0,0
110000,40,0,2
30000,35,0,1
120000,54,0,2
30000,52,0,2
450000,46,0,0
230000,39,0,0
30000,33,0,1
50000,23,0,1
100000,34,0,1
230000,35,0,0
160000,41,0,2
180000,38,1,2
90000,33,1,1
120000,34,0,1
170000,51,0,2
80000,42,1,2
30000,30,0,1
260000,33,0,0
60000,28,1,1
250000,32,0,0
200000,27,0,1
200000,66,0,2
150000,26,0,1
110000,27,0,1
20000,22,1,1
450000,42,0,0
320000,29,0,0
70000,25,0,1
50000,33,0,1
500000,41,1,0
100000,23,0,1
20000,24,0,1
420000,35,0,0
500000,45,0,0
100000,27,1,1
330000,32,0,0
220000,23,0,1
50000,29,1,1
20000,46,1,2
120000,46,1,2
230000,29,0,1
10000,40,1,2
70000,27,1,1
330000,37,0,0
60000,40,0,2
50000,40,0,2
50000,58,0,2
140000,27,0,1
80000,36,0,1
120000,34,0,1
360000,40,0,0
120000,23,0,1
260000,35,1,0
50000,28,0,1
300000,33,0,0
370000,45,0,0
130000,41,1,2
30000,59,0,2
190000,33,0,1
220000,45,0,2
130000,40,0,2
50000,22,0,1
150000,33,0,1
50000,24,0,1
160000,37,0,1
50000,28,1,1
280000,32,0,0
20000,48,1,2
400000,45,0,0
200000,30,0,1
30000,26,1,1
60000,23,0,1
80000,27,0,1
260000,30,1,0
100000,39,0,2
20000,22,0,1
80000,37,0,1
200000,31,0,1
240000,30,0,1
150000,32,0,1
180000,30,1,1
230000,32,1,1
220000,40,0,2
220000,41,0,2
50000,40,1,2
230000,40,0,0
20000,25,1,1
90000,26,0,1
170000,23,0,1
360000,48,0,0
40000,25,0,1
100000,38,0,2
100000,24,1,1
190000,28,0,1
150000,29,0,1
120000,28,0,1
20000,24,0,1
220000,38,0,0
20000,40,0,2
50000,26,0,1
150000,26,1,1
20000,28,0,1
260000,40,0,0
210000,37,0,0
10000,36,1,1
10000,23,0,1
20000,45,0,2
70000,34,0,1
20000,24,0,1
150000,30,0,1
450000,46,0,0
450000,38,0,0
60000,42,0,2
350000,33,1,0
200000,32,1,1
60000,29,1,1
50000,28,0,1
50000,53,0,2
20000,28,0,1
30000,29,0,1
420000,31,0,0
420000,37,0,0
30000,31,0,1
30000,30,1,1
290000,35,1,0
100000,46,0,2
240000,34,0,0
380000,53,0,0
80000,28,0,1
70000,34,0,1
280000,37,0,0
90000,36,0,1
150000,38,0,2
220000,35,0,0
50000,31,1,1
480000,27,0,0
50000,31,1,1
300000,55,1,2
100000,49,0,2
50000,40,0,2
210000,35,0,1
90000,56,1,2
50000,26,0,1
280000,51,0,2
240000,29,1,1
80000,27,0,1
140000,34,0,1
100000,40,0,2
210000,41,1,2
80000,23,0,1
200000,30,0,1
210000,40,0,2
210000,44,1,2
150000,31,0,1
110000,31,0,1
20000,22,1,1
80000,31,0,1
200000,31,0,1
30000,23,1,1
140000,45,0,2
100000,48,1,2
20000,44,0,2
50000,22,0,1
40000,33,0,1
50000,45,1,2
240000,33,0,0
240000,35,0,0
30000,29,0,1
150000,31,1,1
110000,51,0,2
220000,39,0,0
150000,29,0,1
80000,27,0,1
110000,33,0,1
300000,51,0,2
20000,24,0,1
80000,30,0,1
270000,34,0,0
220000,30,0,1
90000,41,0,2
270000,42,0,0
150000,47,0,2
180000,39,1,2
240000,41,0,0
30000,59,0,2
150000,43,0,2
100000,54,0,2
110000,25,0,1
170000,33,0,1
230000,28,1,1
500000,29,0,0
220000,30,0,1
80000,34,1,1
60000,24,0,1
50000,54,1,2
430000,34,0,0
70000,22,0,1
20000,31,1,1
210000,30,0,1
210000,38,0,0
260000,38,0,0
80000,28,0,1
100000,28,0,1
140000,37,1,1
210000,41,0,2
180000,48,0,2
200000,44,0,2
360000,31,0,0
290000,28,0,0
50000,48,0,2
350000,55,0,0
20000,27,0,1
260000,36,0,0
40000,39,0,2
20000,43,1,2
110000,52,0,2
180000,47,0,2
180000,25,0,1
50000,40,1,2
360000,33,1,0
10000,28,0,1
50000,36,1,1
100000,39,0,2
50000,27,1,1
150000,43,0,2
50000,26,1,1
60000,60,0,2
230000,28,0,1
150000,35,1,1
70000,25,0,1
20000,39,0,2
210000,41,0,2
20000,35,1,1
190000,38,0,2
420000,28,0,0
170000,27,1,1
90000,29,1,1
410000,45,0,0
80000,34,0,1
360000,42,0,0
180000,30,0,1
130000,27,0,1
100000,36,0,1
20000,34,0,1
60000,23,0,1
160000,40,0,2
150000,27,0,1
150000,32,0,1
120000,31,0,1
100000,46,0,2
290000,27,0,0
200000,45,0,2
20000,34,0,1
230000,33,0,0
110000,26,0,1
50000,49,1,2
450000,33,0,0
280000,27,0,0
140000,35,0,1
50000,23,1,1
360000,27,0,0
50000,51,0,2
130000,27,0,1
150000,28,1,1
260000,37,0,0
20000,24,0,1
70000,38,0,2
60000,26,0,1
220000,34,0,1
260000,48,0,2
220000,30,0,1
160000,32,0,1
30000,43,0,2
100000,29,0,1
20000,24,1,1
50000,24,0,1
80000,29,0,1
230000,26,0,1
200000,34,1,1
120000,27,0,1
300000,30,0,0
200000,36,1,1
130000,27,0,1
150000,27,0,1
30000,31,0,1
210000,28,0,1
280000,33,0,0
200000,37,0,1
360000,28,1,0
330000,42,0,0
80000,27,0,1
20000,52,0,2
20000,33,1,1
140000,27,0,1
500000,54,0,0
200000,42,0,2
170000,39,0,2
170000,61,0,2
50000,28,0,1
500000,31,1,0
500000,44,0,0
380000,46,0,0
90000,29,0,1
60000,31,1,1
60000,54,0,2
360000,29,1,0
180000,40,0,2
150000,25,0,1
110000,24,1,1
150000,30,0,1
50000,39,0,2
50000,48,0,2
50000,42,0,2
220000,39,0,0
30000,42,1,2
30000,34,1,1
250000,28,0,1
80000,35,0,1
110000,32,1,1
360000,26,0,0
50000,29,0,1
30000,50,0,2
500000,37,0,0
290000,39,1,0
500000,32,0,0
400000,39,0,0
220000,30,0,1
80000,60,1,2
50000,24,0,1
80000,33,0,1
130000,38,0,2
20000,24,1,1
200000,34,0,1
10000,26,0,1
50000,26,0,1
80000,34,0,1
240000,35,0,0
140000,54,1,2
200000,32,0,1
20000,42,0,2
320000,27,0,0
110000,49,0,2
150000,26,0,1
50000,29,1,1
380000,33,0,0
80000,26,1,1
20000,22,1,1
20000,44,0,2
150000,31,1,1
160000,42,0,2
120000,36,0,1
150000,29,0,1
110000,39,0,2
50000,33,0,1
100000,58,1,2
380000,33,0,0
500000,58,0,0
80000,23,0,1
280000,47,0,2
500000,45,0,0
420000,43,0,0
200000,33,0,1
260000,30,0,0
210000,31,0,1
500000,27,0,0
20000,26,1,1
130000,27,0,1
30000,23,0,1
50000,22,0,1
360000,32,0,0
90000,25,0,1
160000,46,1,2
260000,37,0,0
400000,29,0,0
30000,42,1,2
120000,47,0,2
120000,48,0,2
320000,29,0,0
90000,45,1,2
120000,27,0,1
210000,44,0,2
20000,23,0,1
340000,40,0,0
150000,39,0,2
160000,36,0,1
260000,30,0,0
60000,29,0,1
80000,37,1,1
170000,29,0,1
70000,23,0,1
30000,28,1,1
220000,34,0,1
50000,42,0,2
160000,27,0,1
50000,26,1,1
110000,42,0,2
220000,45,0,2
160000,27,0,1
190000,31,0,1
190000,37,0,1
200000,29,0,1
230000,31,1,1
130000,34,0,1
130000,31,1,1
90000,26,0,1
30000,24,1,1
340000,40,0,0
130000,42,0,2
200000,25,0,1
160000,74,0,2
230000,51,1,2
240000,32,0,0
20000,36,0,1
80000,31,1,1
150000,30,0,1
20000,34,0,1
320000,40,0,0
240000,43,1,2
260000,35,0,0
140000,41,0,2
90000,38,1,2
230000,41,0,2
300000,39,1,0
160000,24,0,1
90000,41,0,2
420000,33,0,0
300000,38,0,0
360000,29,0,0
90000,31,1,1
40000,31,0,1
180000,27,0,1
80000,27,1,1
150000,40,0,2
410000,31,0,0
50000,51,1,2
30000,53,0,2
90000,24,0,1
20000,46,1,2
100000,28,0,1
20000,24,1,1
50000,35,0,1
300000,37,0,0
130000,27,0,1
50000,47,0,2
50000,24,1,1
180000,34,1,1
140000,52,0,2
180000,57,0,2
100000,39,1,2
110000,56,0,2
270000,58,0,2
180000,45,0,2
50000,26,0,1
60000,43,0,2
30000,25,0,1
400000,30,0,0
20000,22,0,1
160000,34,1,1
210000,31,1,1
50000,25,0,1
360000,42,0,0
170000,28,0,1
160000,53,0,2
50000,31,1,1
230000,26,1,1
30000,34,0,1
170000,31,0,1
60000,30,1,1
180000,35,0,1
20000,31,1,1
310000,42,1,0
50000,23,0,1
80000,57,0,2
50000,29,0,1
210000,40,0,2
80000,30,1,1
600000,36,0,0
20000,23,0,1
170000,27,0,1
180000,27,1,1
10000,50,0,2
460000,29,0,0
120000,34,0,1
500000,37,0,0
240000,53,0,2
200000,51,0,2
220000,36,0,0
180000,46,0,2
450000,48,1,0
50000,36,1,1
120000,40,0,2
240000,38,0,0
20000,46,1,2
20000,40,0,2
50000,30,1,1
50000,49,1,2
440000,29,0,0
50000,31,1,1
80000,36,0,1
430000,32,0,0
270000,31,0,0
110000,28,0,1
140000,32,0,1
360000,28,0,0
60000,41,0,2
50000,27,0,1
20000,52,1,2
70000,26,0,1
120000,45,1,2
50000,46,1,2
90000,27,0,1
20000,23,0,1
160000,32,0,1
390000,28,0,0
290000,50,0,2
500000,27,0,0
390000,31,0,0
160000,35,0,1
450000,36,1,0
250000,39,0,0
150000,55,0,2
30000,43,0,2
150000,54,1,2
260000,32,0,0
340000,33,0,0
90000,27,0,1
20000,33,0,1
100000,60,1,2
120000,37,0,1
30000,34,1,1
30000,46,0,2
180000,31,0,1
410000,27,0,0
60000,27,1,1
180000,29,0,1
110000,28,0,1
50000,25,0,1
70000,32,1,1
90000,26,0,1
80000,28,0,1
140000,35,0,1
470000,31,0,0
70000,24,0,1
100000,23,1,1
60000,28,0,1
110000,48,1,2
20000,25,0,1
140000,48,0,2
80000,51,1,2
200000,26,0,1
200000,30,0,1
10000,22,0,1
30000,44,1,2
50000,54,1,2
50000,54,0,2
100000,53,0,2
200000,36,0,1
20000,27,0,1
20000,51,0,2
150000,34,0,1
340000,35,0,0
360000,29,0,0
30000,38,1,2
80000,59,0,2
30000,36,0,1
160000,28,0,1
260000,39,0,0
20000,24,0,1
150000,34,0,1
10000,26,1,1
120000,35,0,1
300000,32,0,0
140000,29,0,1
300000,28,0,0
340000,30,1,0
360000,27,0,0
20000,37,0,1
420000,29,0,0
290000,32,0,0
500000,37,0,0
300000,48,0,0
20000,35,0,1
180000,31,0,1
100000,36,0,1
110000,36,1,1
400000,55,0,0
60000,29,1,1
270000,36,0,0
200000,32,0,1
140000,28,0,1
240000,32,0,0
360000,29,0,0
10000,35,0,1
70000,29,0,1
30000,24,1,1
20000,25,0,1
290000,26,0,0
80000,29,1,1
120000,25,1,1
30000,33,0,1
160000,29,0,1
300000,28,0,0
80000,52,1,2
230000,31,0,1
300000,45,0,0
240000,36,0,0
200000,44,0,2
50000,47,0,2
100000,39,0,2
20000,27,0,1
30000,22,1,1
350000,47,1,0
170000,48,0,2
200000,30,0,1
440000,38,1,0
160000,26,0,1
250000,27,0,1
200000,54,0,2
70000,32,0,1
160000,37,0,1
30000,38,1,2
150000,28,0,1
360000,35,0,0
20000,40,1,2
360000,53,0,0
180000,41,0,2
230000,29,0,1
130000,44,0,2
60000,55,0,2
390000,37,0,0
50000,48,0,2
80000,25,0,1
220000,36,0,0
150000,54,1,2
70000,47,0,2
150000,39,1,2
200000,31,0,1
290000,38,0,0
110000,55,0,2
260000,31,0,0
150000,37,0,1
20000,25,0,1
250000,42,1,0
400000,54,0,0
10000,42,1,2
130000,45,1,2
210000,31,0,1
150000,42,0,2
80000,47,0,2
70000,43,1,2
500000,38,1,0
200000,36,0,1
200000,25,0,1
140000,26,0,1
80000,25,0,1
500000,38,0,0
50000,49,1,2
120000,34,1,1
190000,50,1,2
150000,28,0,1
10000,43,1,2
200000,28,0,1
130000,27,1,1
130000,29,0,1
100000,51,1,2
280000,30,0,0
60000,36,1,1
400000,38,1,0
110000,37,0,1
250000,35,0,0
160000,26,0,1
500000,43,0,0
150000,25,0,1
360000,38,0,0
180000,32,1,1
30000,47,0,2
50000,22,0,1
20000,49,1,2
50000,23,1,1
280000,44,0,0
140000,37,0,1
50000,43,0,2
400000,33,0,0
110000,38,0,2
50000,24,0,1
50000,31,1,1
60000,34,1,1
330000,37,0,0
180000,30,0,1
500000,26,0,0
390000,41,1,0
200000,49,0,2
150000,32,0,1
330000,34,0,0
50000,45,1,2
10000,24,1,1
200000,34,0,1
110000,33,0,1
50000,23,0,1
120000,50,0,2
50000,46,0,2
30000,24,0,1
30000,32,0,1
20000,27,0,1
140000,28,1,1
200000,30,0,1
200000,44,0,2
50000,30,0,1
260000,26,0,1
20000,34,0,1
310000,35,0,0
50000,50,0,2
200000,38,0,2
50000,41,0,2
40000,26,0,1
280000,29,0,0
60000,33,0,1
10000,23,0,1
30000,36,0,1
50000,36,0,1
130000,29,0,1
20000,26,1,1
180000,39,0,2
280000,53,0,2
240000,35,0,0
50000,43,0,2
280000,47,0,2
210000,40,0,2
60000,46,1,2
100000,33,0,1
20000,29,0,1
100000,38,0,2
700000,50,0,0
140000,39,0,2
50000,51,0,2
20000,23,0,1
100000,35,1,1
20000,47,0,2
180000,30,0,1
40000,28,0,1
300000,43,0,0
310000,26,0,0
10000,40,0,2
30000,23,1,1
160000,58,1,2
210000,28,0,1
190000,31,0,1
150000,28,0,1
70000,31,0,1
450000,40,0,0
340000,32,0,0
80000,42,0,2
230000,40,0,0
80000,27,0,1
180000,35,0,1
230000,27,0,1
120000,39,0,2
60000,38,0,2
200000,45,0,2
410000,30,0,0
50000,25,1,1
60000,46,0,2
20000,53,0,2
220000,38,0,0
450000,33,0,0
290000,27,0,0
90000,29,0,1
20000,24,0,1
290000,32,0,0
20000,45,0,2
300000,38,0,0
470000,31,0,0
50000,27,1,1
50000,26,0,1
260000,41,0,0
180000,29,0,1
150000,44,1,2
150000,26,0,1
170000,44,1,2
60000,50,0,2
70000,27,0,1
110000,25,0,1
30000,31,1,1
50000,37,0,1
160000,45,0,2
30000,22,0,1
120000,52,0,2
40000,35,0,1
70000,42,1,2
140000,51,0,2
150000,30,0,1
50000,29,1,1
190000,40,0,2
120000,47,0,2
290000,31,0,0
200000,27,0,1
100000,26,1,1
330000,33,0,0
50000,45,0,2
20000,37,0,1
50000,26,1,1
180000,41,0,2
50000,22,0,1
80000,28,0,1
180000,42,0,2
50000,46,0,2
30000,57,0,2
70000,25,0,1
50000,49,1,2
210000,27,0,1
150000,27,0,1
70000,23,0,1
50000,27,0,1
20000,26,1,1
250000,39,0,0
50000,28,0,1
70000,32,0,1
340000,29,0,0
70000,25,0,1
30000,24,0,1
240000,37,0,0
560000,47,0,0
50000,39,0,2
260000,45,0,2
20000,44,0,2
360000,27,0,0
180000,27,0,1
500000,32,1,0
180000,30,1,1
20000,24,1,1
200000,35,0,1
110000,36,1,1
190000,33,0,1
130000,35,0,1
210000,27,0,1
30000,67,1,2
40000,44,1,2
260000,43,0,0
30000,24,0,1
130000,39,0,2
50000,25,0,1
490000,28,0,0
300000,28,0,0
70000,33,0,1
180000,31,0,1
100000,38,1,2
30000,38,0,2
80000,24,0,1
100000,39,0,2
50000,24,0,1
210000,33,0,1
150000,37,0,1
50000,27,0,1
220000,34,1,1
90000,39,1,2
260000,33,1,0
200000,51,0,2
170000,29,0,1
180000,27,0,1
260000,39,0,0
200000,28,0,1
20000,22,1,1
270000,25,0,1
10000,21,0,1
30000,36,0,1
300000,45,1,0
220000,55,0,2
210000,40,0,2
360000,41,0,0
20000,52,1,2
50000,29,0,1
310000,32,0,0
130000,38,0,2
50000,44,0,2
370000,39,0,0
90000,24,1,1
50000,26,0,1
160000,35,0,1
90000,23,1,1
50000,26,1,1
220000,43,1,2
200000,39,0,2
250000,35,0,0
30000,25,0,1
70000,38,0,2
330000,28,0,0
80000,36,0,1
230000,30,1,1
360000,30,0,0
160000,27,0,1
30000,24,1,1
210000,33,0,1
110000,44,0,2
50000,29,0,1
280000,32,0,0
230000,32,0,1
130000,32,0,1
360000,36,0,0
210000,39,0,2
500000,28,0,0
50000,36,0,1
10000,56,0,2
500000,43,0,0
20000,22,0,1
200000,30,0,1
20000,24,0,1
230000,34,0,0
160000,35,0,1
110000,46,0,2
20000,42,0,2
200000,29,0,1
330000,32,0,0
120000,41,0,2
450000,46,0,0
50000,25,0,1
260000,31,1,0
120000,29,1,1
180000,30,0,1
210000,42,0,2
130000,48,0,2
150000,66,0,2
410000,48,1,0
10000,34,0,1
130000,32,1,1
300000,40,0,0
450000,35,0,0
170000,40,0,2
30000,28,0,1
160000,30,0,1
610000,36,0,0
240000,34,0,0
210000,40,1,2
150000,36,0,1
110000,39,0,2
70000,35,0,1
460000,51,1,0
50000,49,1,2
50000,23,0,1
70000,25,0,1
70000,28,1,1
20000,37,0,1
10000,50,0,2
360000,38,0,0
340000,32,0,0
280000,38,0,0
500000,33,0,0
250000,42,0,0
30000,49,0,2
140000,31,0,1
320000,30,0,0
360000,28,0,0
130000,41,1,2
340000,46,0,0
20000,28,0,1
200000,44,0,2
120000,30,0,1
180000,49,0,2
130000,44,0,2
50000,27,0,1
100000,30,0,1
20000,24,0,1
100000,32,0,1
50000,37,0,1
120000,31,0,1
20000,52,1,2
220000,54,0,2
50000,61,0,2
100000,63,0,2
20000,29,1,1
60000,25,0,1
240000,47,0,2
190000,26,0,1
340000,26,0,0
330000,55,0,2
20000,36,1,1
20000,42,1,2
130000,28,1,1
200000,27,0,1
100000,26,0,1
250000,44,0,2
80000,25,0,1
200000,32,0,1
360000,56,0,0
50000,28,1,1
200000,36,1,1
130000,27,0,1
60000,27,1,1
110000,42,0,2
50000,45,0,2
30000,58,0,2
100000,44,0,2
140000,45,1,2
70000,24,0,1
500000,26,0,0
150000,49,0,2
200000,29,0,1
80000,29,0,1
470000,29,0,0
180000,37,0,1
30000,45,0,2
320000,29,0,0
80000,32,0,1
20000,22,0,1
50000,25,1,1
50000,32,1,1
80000,40,0,2
270000,33,0,0
140000,26,0,1
140000,25,0,1
80000,26,0,1
380000,40,0,0
210000,53,0,2
140000,29,0,1
80000,34,1,1
400000,40,0,0
50000,23,0,1
20000,32,1,1
470000,54,0,0
290000,48,1,0
130000,25,0,1
170000,37,0,1
80000,27,1,1
160000,40,1,2
90000,44,0,2
50000,50,0,2
130000,27,0,1
90000,35,0,1
120000,24,0,1
20000,31,0,1
30000,22,0,1
60000,58,0,2
200000,31,0,1
100000,41,1,2
30000,35,0,1
430000,30,1,0
70000,38,0,2
320000,35,1,0
150000,38,0,2
50000,57,1,2
90000,52,0,2
120000,30,0,1
480000,46,0,0
150000,23,1,1
320000,42,0,0
360000,28,0,0
130000,39,0,2
50000,24,0,1
180000,38,0,2
300000,36,0,0
100000,58,0,2
200000,36,0,1
40000,38,0,2
120000,34,0,1
10000,55,1,2
120000,34,0,1
80000,22,0,1
160000,43,0,2
460000,32,0,0
50000,53,0,2
50000,55,0,2
180000,29,1,1
280000,28,0,0
360000,29,0,0
500000,45,0,0
30000,25,0,1
80000,50,0,2
170000,36,0,1
230000,53,0,2
260000,37,1,0
500000,45,0,0
30000,34,0,1
330000,26,1,0
30000,31,1,1
180000,28,0,1
320000,43,0,0
230000,30,0,1
380000,39,1,0
200000,38,0,2
50000,48,0,2
620000,45,1,0
300000,29,0,0
360000,30,0,0
80000,34,0,1
50000,40,0,2
280000,42,0,0
300000,32,1,0
150000,34,0,1
180000,32,0,1
80000,25,1,1
90000,31,0,1
90000,45,0,2
300000,45,0,0
80000,29,0,1
50000,31,0,1
430000,38,0,0
80000,36,0,1
110000,38,1,2
250000,42,0,0
50000,56,0,2
280000,37,0,0
230000,26,0,1
190000,33,0,1
160000,29,0,1
230000,40,0,0
110000,29,1,1
210000,37,1,0
250000,40,1,0
60000,36,0,1
20000,22,0,1
180000,56,1,2
50000,32,1,1
50000,48,0,2
80000,40,0,2
150000,36,0,1
180000,42,1,2
100000,25,0,1
50000,25,0,1
190000,31,0,1
10000,32,0,1
200000,33,0,1
30000,32,0,1
120000,26,0,1
210000,39,0,2
270000,42,0,0
160000,37,0,1
290000,33,1,0
70000,26,1,1
180000,27,1,1
150000,29,0,1
270000,33,0,0
90000,38,0,2
360000,33,0,0
10000,22,1,1
40000,24,1,1
20000,22,1,1
210000,31,0,1
300000,33,0,0
20000,25,0,1
50000,38,0,2
110000,32,0,1
210000,32,0,1
150000,26,1,1
500000,37,0,0
80000,25,0,1
480000,43,0,0
120000,45,0,2
200000,39,0,2
50000,37,1,1
80000,33,0,1
110000,48,0,2
130000,27,0,1
200000,24,0,1
300000,33,0,0
190000,36,0,1
110000,24,0,1
50000,45,1,2
300000,33,0,0
210000,29,0,1
240000,32,0,0
10000,33,0,1
90000,31,1,1
310000,29,0,0
180000,26,0,1
50000,24,0,1
90000,42,0,2
120000,39,0,2
220000,40,0,2
350000,33,0,0
220000,51,0,2
200000,27,1,1
150000,36,0,1
70000,28,0,1
250000,39,0,0
210000,53,0,2
80000,30,0,1
750000,43,0,0
150000,29,0,1
50000,59,0,2
200000,38,1,2
330000,49,0,0
30000,60,0,2
50000,47,0,2
30000,23,0,1
30000,22,0,1
30000,25,1,1
70000,49,0,2
560000,43,0,0
200000,31,1,1
50000,30,0,1
360000,33,1,0
20000,24,1,1
220000,37,1,0
130000,26,1,1
240000,35,0,0
50000,23,1,1
20000,56,0,2
50000,49,0,2
400000,50,0,0
580000,42,0,0
80000,26,1,1
360000,25,1,0
150000,35,1,1
50000,33,0,1
500000,37,0,0
400000,34,0,0
140000,25,0,1
290000,34,0,0
300000,41,0,0
60000,25,0,1
20000,56,0,2
50000,28,1,1
110000,28,1,1
310000,34,0,0
50000,39,0,2
210000,26,0,1
20000,29,0,1
260000,38,0,0
30000,25,0,1
20000,49,1,2
260000,44,1,0
400000,31,0,0
30000,55,1,2
260000,32,1,0
30000,26,1,1
20000,39,1,2
250000,36,0,0
160000,47,1,2
120000,35,1,1
230000,32,0,1
140000,40,0,2
20000,30,1,1
280000,49,0,2
20000,24,0,1
20000,33,0,1
30000,21,0,1
160000,33,1,1
50000,26,0,1
80000,34,0,1
90000,47,0,2
110000,22,0,1
180000,35,0,1
290000,30,0,0
100000,23,0,1
50000,24,0,1
150000,25,0,1
340000,41,1,0
360000,27,0,0
90000,28,0,1
100000,47,0,2
240000,44,1,2
180000,38,0,2
360000,30,1,0
140000,27,0,1
190000,58,0,2
170000,35,0,1
50000,47,0,2
60000,57,0,2
50000,25,0,1
230000,38,0,0
390000,47,0,0
300000,30,0,0
70000,28,1,1
150000,36,0,1
50000,22,0,1
130000,35,0,1
170000,29,0,1
200000,30,0,1
230000,53,1,2
340000,39,0,0
130000,39,0,2
50000,26,1,1
10000,32,1,1
10000,29,0,1
150000,29,1,1
380000,32,0,0
360000,32,0,0
20000,50,0,2
180000,28,0,1
20000,22,1,1
80000,36,1,1
250000,28,0,1
360000,38,0,0
180000,25,0,1
210000,46,1,2
50000,38,0,2
30000,31,1,1
20000,34,0,1
220000,28,0,1
60000,32,0,1
210000,27,1,1
50000,50,0,2
10000,23,1,1
10000,43,1,2
100000,55,1,2
160000,36,0,1
280000,30,1,0
340000,25,0,0
240000,50,0,2
10000,46,1,2
200000,59,0,2
210000,35,0,1
400000,39,0,0
130000,43,0,2
120000,24,0,1
500000,30,0,0
300000,30,0,0
300000,30,0,0
240000,37,0,0
50000,54,0,2
90000,24,0,1
20000,26,0,1
80000,44,0,2
260000,33,0,0
10000,23,1,1
80000,53,1,2
80000,54,0,2
360000,34,0,0
280000,35,0,0
260000,28,0,0
20000,23,0,1
360000,39,0,0
50000,44,1,2
250000,33,1,0
80000,45,0,2
90000,24,0,1
30000,43,0,2
480000,32,0,0
20000,45,1,2
430000,51,0,0
30000,34,0,1
40000,23,0,1
270000,26,0,0
130000,23,0,1
200000,29,0,1
200000,40,1,2
190000,29,0,1
180000,31,0,1
20000,38,0,2
60000,41,0,2
500000,28,0,0
50000,38,0,2
270000,34,0,0
120000,43,0,2
150000,48,0,2
120000,27,0,1
150000,28,0,1
50000,36,1,1
230000,31,0,1
170000,26,0,1
50000,26,0,1
80000,38,0,2
50000,36,0,1
230000,27,0,1
140000,36,0,1
300000,37,0,0
160000,28,0,1
20000,32,0,1
360000,31,0,0
60000,39,0,2
50000,34,0,1
80000,52,1,2
60000,26,0,1
80000,25,0,1
20000,22,1,1
80000,31,1,1
100000,46,1,2
380000,36,0,0
120000,26,0,1
50000,43,0,2
230000,24,1,1
100000,47,0,2
400000,37,0,0
70000,23,0,1
580000,67,0,0
20000,45,0,2
90000,46,0,2
10000,22,1,1
160000,30,0,1
500000,38,0,0
130000,40,0,2
30000,29,1,1
140000,36,1,1
320000,36,0,0
50000,25,0,1
50000,48,0,2
20000,23,0,1
140000,36,0,1
60000,24,1,1
30000,47,0,2
60000,31,0,1
20000,48,1,2
200000,49,0,2
140000,28,0,1
20000,56,0,2
170000,37,0,1
130000,39,0,2
100000,32,0,1
70000,45,0,2
180000,36,1,1
380000,52,0,0
30000,49,0,2
140000,29,0,1
200000,43,0,2
200000,38,0,2
50000,23,0,1
20000,26,0,1
240000,35,1,0
240000,30,0,1
200000,41,0,2
300000,30,1,0
130000,35,0,1
10000,25,0,1
50000,27,0,1
50000,25,0,1
50000,28,1,1
10000,49,1,2
100000,37,0,1
350000,33,0,0
20000,23,1,1
60000,26,1,1
440000,34,0,0
140000,29,0,1
50000,41,1,2
130000,44,1,2
290000,46,0,0
360000,49,0,0
80000,26,0,1
50000,54,0,2
30000,33,0,1
200000,34,0,1
60000,36,1,1
80000,40,0,2
50000,50,1,2
230000,62,0,2
20000,57,0,2
170000,36,0,1
160000,53,0,2
20000,26,1,1
160000,42,0,2
230000,29,0,1
30000,32,0,1
500000,30,0,0
50000,24,1,1
170000,29,0,1
50000,27,0,1
20000,23,0,1
50000,33,1,1
250000,47,0,2
80000,43,0,2
30000,25,0,1
240000,41,1,0
490000,54,0,0
120000,40,1,2
360000,30,0,0
90000,33,1,1
320000,46,0,0
110000,52,0,2
50000,52,0,2
300000,42,1,0
300000,33,0,0
410000,46,0,0
50000,44,0,2
200000,27,1,1
150000,24,0,1
50000,36,0,1
70000,31,0,1
250000,30,0,0
150000,31,0,1
30000,28,1,1
180000,35,0,1
210000,31,0,1
270000,32,0,0
30000,45,0,2
180000,30,0,1
50000,69,0,2
130000,37,0,1
50000,34,0,1
30000,56,0,2
170000,36,0,1
100000,27,1,1
120000,46,0,2
250000,51,1,2
340000,31,1,0
400000,47,0,0
410000,42,0,0
70000,22,0,1
500000,36,0,0
50000,58,1,2
70000,27,0,1
80000,53,0,2
200000,26,0,1
20000,37,0,1
340000,33,0,0
240000,32,0,0
200000,30,1,1
50000,42,0,2
200000,38,0,2
90000,47,0,2
150000,26,0,1
20000,34,1,1
50000,25,0,1
30000,23,0,1
80000,35,0,1
60000,57,1,2
20000,38,1,2
30000,23,1,1
310000,33,0,0
20000,46,1,2
150000,28,0,1
80000,25,0,1
170000,28,0,1
80000,25,0,1
50000,24,0,1
210000,30,0,1
140000,26,0,1
220000,58,0,2
240000,31,1,0
60000,24,1,1
30000,53,0,2
120000,32,1,1
50000,26,0,1
50000,22,0,1
50000,41,0,2
300000,58,1,2
70000,24,0,1
280000,39,0,0
50000,32,0,1
20000,22,0,1
360000,28,0,0
160000,29,0,1
460000,31,0,0
60000,37,0,1
80000,22,0,1
30000,32,0,1
60000,64,1,2
30000,22,0,1
50000,39,1,2
310000,35,0,0
340000,38,0,0
120000,39,0,2
240000,30,0,1
30000,29,0,1
10000,31,0,1
240000,29,0,1
200000,41,0,2
50000,54,1,2
10000,30,1,1
200000,40,0,2
240000,45,0,2
320000,35,0,0
50000,33,0,1
30000,29,1,1
40000,31,0,1
190000,54,0,2
210000,40,0,2
80000,41,0,2
200000,28,0,1
100000,31,0,1
340000,28,0,0
50000,43,0,2
170000,43,0,2
200000,40,1,2
50000,30,1,1
390000,40,0,0
270000,53,1,2
190000,43,0,2
420000,30,0,0
100000,50,0,2
300000,31,0,0
160000,55,0,2
100000,45,0,2
740000,50,0,0
30000,38,0,2
340000,27,0,0
50000,49,0,2
230000,29,0,1
130000,39,1,2
90000,48,0,2
450000,35,0,0
50000,52,0,2
60000,32,0,1
470000,57,0,0
50000,22,0,1
200000,36,1,1
140000,37,0,1
200000,30,0,1
200000,31,0,1
210000,44,0,2
240000,36,1,0
280000,38,1,0
200000,27,0,1
20000,22,0,1
50000,24,0,1
170000,28,0,1
160000,30,1,1
120000,25,1,1
50000,49,1,2
70000,27,1,1
80000,46,0,2
450000,33,0,0
120000,37,0,1
260000,27,0,1
30000,45,0,2
20000,31,0,1
200000,33,0,1
80000,53,1,2
140000,30,0,1
90000,48,0,2
180000,27,0,1
290000,53,0,2
70000,38,0,2
120000,25,0,1
360000,27,0,0
20000,35,1,1
60000,50,0,2
260000,31,0,0
360000,29,0,0
170000,50,0,2
130000,25,1,1
200000,36,1,1
30000,37,1,1
220000,33,0,1
10000,30,0,1
160000,61,0,2
110000,29,1,1
100000,32,0,1
80000,41,0,2
160000,27,1,1
50000,23,0,1
210000,31,0,1
390000,30,0,0
360000,63,1,2
30000,28,0,1
120000,26,0,1
260000,44,0,0
460000,29,0,0
160000,36,1,1
50000,27,0,1
230000,45,0,2
310000,35,1,0
310000,40,0,0
50000,22,1,1
80000,26,0,1
180000,30,0,1
280000,41,0,0
20000,33,0,1
170000,36,1,1
50000,28,1,1
410000,42,0,0
20000,49,0,2
100000,26,1,1
30000,25,1,1
470000,37,1,0
360000,28,0,0
50000,23,0,1
20000,53,1,2
150000,28,0,1
60000,28,1,1
200000,36,0,1
110000,40,0,2
230000,34,0,0
320000,31,0,0
200000,46,1,2
130000,27,0,1
90000,42,0,2
220000,36,0,0
180000,29,0,1
260000,34,0,0
360000,40,1,0
50000,47,0,2
260000,31,0,0
140000,30,1,1
80000,32,1,1
210000,32,0,1
120000,38,0,2
420000,34,0,0
70000,42,1,2
10000,32,0,1
390000,39,0,0
70000,34,0,1
160000,46,0,2
80000,26,0,1
290000,53,0,2
380000,49,1,0
20000,31,0,1
360000,42,0,0
200000,25,0,1
360000,47,1,0
90000,49,0,2
280000,32,0,0
80000,34,0,1
50000,42,1,2
100000,35,1,1
400000,37,0,0
120000,32,0,1
250000,43,0,0
180000,38,0,2
220000,37,0,0
310000,62,0,2
310000,47,0,0
180000,40,1,2
450000,36,0,0
150000,27,0,1
30000,45,0,2
500000,47,0,0
180000,26,0,1
180000,31,0,1
70000,46,1,2
530000,39,0,0
210000,28,0,1
70000,34,0,1
50000,43,1,2
130000,40,0,2
160000,27,0,1
50000,42,1,2
150000,37,1,1
50000,35,0,1
50000,24,0,1
150000,46,0,2
210000,35,0,1
190000,34,0,1
30000,24,0,1
30000,22,0,1
200000,26,0,1
160000,27,1,1
110000,35,0,1
340000,32,1,0
230000,61,0,2
210000,48,0,2
130000,48,1,2
30000,51,0,2
150000,41,1,2
230000,30,0,1
500000,35,0,0
280000,34,0,0
30000,44,0,2
50000,24,0,1
200000,33,0,1
90000,29,0,1
140000,24,1,1
60000,38,0,2
310000,41,0,0
360000,26,0,0
210000,39,0,2
160000,69,0,2
140000,32,0,1
130000,32,0,1
210000,23,1,1
90000,28,0,1
200000,45,0,2
120000,60,1,2
90000,26,1,1
80000,25,0,1
360000,37,0,0
20000,39,0,2
280000,45,1,0
200000,29,0,1
120000,25,0,1
70000,52,0,2
50000,26,0,1
30000,23,0,1
170000,33,1,1
210000,44,0,2
280000,27,0,0
20000,56,1,2
240000,25,0,1
170000,39,0,2
50000,27,0,1
70000,24,0,1
320000,31,0,0
280000,30,0,0
260000,33,0,0
130000,30,0,1
110000,37,0,1
120000,26,0,1
420000,34,0,0
230000,41,0,2
30000,45,0,2
30000,31,1,1
130000,31,1,1
150000,26,0,1
50000,26,1,1
80000,33,0,1
50000,51,1,2
60000,29,0,1
50000,26,1,1
400000,42,0,0
20000,24,0,1
100000,25,1,1
60000,36,0,1
260000,28,0,0
300000,46,0,0
90000,33,0,1
80000,42,0,2
260000,45,0,2
50000,23,0,1
220000,31,0,1
220000,27,0,1
10000,46,1,2
50000,30,1,1
20000,37,1,1
150000,36,0,1
400000,30,0,0
360000,43,0,0
50000,25,0,1
50000,23,0,1
450000,41,0,0
50000,33,0,1
130000,39,0,2
50000,39,0,2
80000,43,0,2
220000,36,1,0
360000,43,0,0
80000,28,0,1
220000,35,0,0
240000,33,0,0
220000,53,0,2
50000,42,0,2
230000,29,0,1
220000,30,0,1
50000,34,0,1
90000,41,0,2
20000,39,0,2
80000,25,0,1
140000,32,0,1
230000,55,0,2
30000,47,0,2
430000,29,1,0
200000,33,0,1
230000,42,0,2
20000,38,1,2
160000,27,0,1
160000,34,1,1
350000,41,0,0
130000,25,1,1
150000,52,1,2
390000,31,0,0
210000,32,1,1
180000,50,0,2
60000,50,1,2
230000,28,1,1
230000,30,0,1
320000,40,0,0
200000,58,0,2
360000,30,0,0
230000,37,0,0
150000,38,0,2
240000,36,0,0
50000,60,1,2
20000,27,1,1
120000,45,0,2
150000,34,0,1
70000,43,0,2
70000,38,0,2
180000,41,0,2
420000,37,0,0
70000,31,0,1
450000,51,0,0
360000,49,1,0
100000,44,1,2
300000,30,0,0
370000,44,0,0
70000,42,0,2
240000,67,0,2
230000,36,0,0
40000,51,1,2
10000,42,0,2
170000,42,0,2
160000,46,0,2
50000,53,0,2
110000,28,0,1
50000,54,0,2
210000,29,0,1
100000,36,0,1
310000,33,1,0
300000,30,0,0
280000,30,0,0
200000,33,0,1
80000,48,0,2
50000,38,0,2
20000,37,0,1
330000,40,0,0
200000,34,0,1
50000,44,0,2
240000,30,0,1
220000,32,0,1
50000,25,1,1
60000,37,1,1
80000,39,1,2
280000,37,0,0
120000,24,1,1
30000,35,1,1
110000,46,0,2
150000,37,1,1
150000,47,0,2
180000,30,0,1
50000,22,0,1
20000,24,0,1
300000,37,0,0
200000,61,1,2
290000,36,0,0
390000,28,0,0
410000,31,1,0
360000,32,0,0
130000,36,0,1
500000,39,0,0
80000,23,0,1
300000,32,0,0
500000,48,0,0
320000,26,0,0
500000,34,1,0
110000,25,0,1
350000,48,0,0
30000,22,0,1
150000,39,0,2
140000,41,0,2
210000,32,0,1
30000,24,1,1
20000,49,1,2
150000,38,0,2
340000,41,0,0
20000,44,1,2
110000,24,0,1
80000,34,0,1
320000,48,1,0
60000,38,1,2
30000,24,1,1
20000,38,1,2
120000,27,1,1
230000,32,0,1
30000,26,0,1
50000,25,0,1
90000,29,0,1
170000,37,0,1
210000,37,0,0
50000,34,0,1
400000,32,0,0
30000,43,1,2
10000,22,1,1
360000,33,0,0
130000,25,0,1
40000,46,1,2
130000,34,0,1
190000,27,0,1
220000,34,1,1
170000,41,0,2
30000,25,0,1
150000,26,0,1
100000,43,0,2
480000,31,0,0
130000,42,1,2
70000,32,1,1
80000,26,0,1
120000,27,0,1
70000,34,0,1
30000,27,1,1
400000,51,0,0
190000,45,0,2
150000,40,0,2
60000,38,1,2
100000,33,0,1
70000,44,0,2
240000,24,0,1
190000,26,1,1
300000,46,0,0
20000,37,1,1
250000,30,0,0
50000,27,0,1
100000,24,0,1
50000,26,0,1
360000,29,0,0
120000,50,0,2
200000,36,0,1
50000,25,0,1
50000,23,0,1
80000,27,0,1
190000,26,0,1
60000,36,1,1
200000,49,0,2
100000,38,0,2
300000,34,0,0
50000,51,1,2
10000,44,0,2
300000,39,0,0
300000,28,1,0
160000,30,0,1
30000,32,1,1
200000,48,0,2
280000,31,0,0
360000,27,0,0
360000,35,0,0
60000,39,0,2
20000,48,1,2
300000,34,0,0
30000,22,0,1
240000,28,0,1
500000,41,0,0
320000,32,0,0
480000,41,0,0
200000,25,0,1
500000,32,0,0
270000,34,0,0
50000,28,1,1
80000,25,0,1
120000,38,0,2
80000,42,1,2
110000,34,0,1
50000,35,0,1
200000,38,0,2
100000,48,0,2
20000,29,0,1
280000,32,0,0
50000,27,0,1
60000,26,1,1
30000,25,0,1
160000,35,0,1
70000,29,1,1
140000,37,0,1
160000,34,0,1
90000,57,0,2
80000,48,0,2
50000,26,0,1
200000,24,0,1
80000,24,0,1
200000,55,1,2
200000,26,0,1
70000,27,0,1
370000,28,0,0
100000,32,0,1
300000,27,0,0
180000,36,1,1
130000,25,0,1
30000,33,0,1
40000,26,0,1
80000,24,0,1
140000,30,0,1
230000,39,0,0
50000,22,1,1
340000,47,0,0
150000,47,0,2
80000,37,1,1
200000,38,0,2
200000,27,0,1
30000,25,0,1
30000,33,1,1
50000,29,1,1
360000,30,0,0
500000,50,0,0
80000,23,1,1
40000,25,0,1
30000,53,1,2
40000,43,0,2
150000,34,0,1
50000,23,0,1
60000,37,0,1
170000,56,0,2
140000,36,0,1
90000,27,1,1
30000,27,0,1
70000,23,1,1
50000,23,0,1
240000,32,0,0
30000,31,1,1
230000,29,0,1
120000,36,0,1
200000,51,0,2
230000,31,0,1
290000,35,0,0
120000,31,0,1
80000,25,0,1
290000,28,0,0
200000,28,0,1
60000,23,1,1
10000,25,1,1
420000,31,0,0
70000,33,0,1
200000,31,0,1
330000,36,0,0
300000,51,0,2
80000,50,0,2
50000,34,0,1
130000,26,0,1
50000,32,0,1
310000,45,0,0
180000,35,1,1
240000,38,0,0
100000,28,0,1
180000,36,0,1
100000,38,1,2
200000,36,1,1
340000,41,1,0
170000,36,0,1
110000,42,1,2
20000,40,0,2
100000,41,1,2
110000,37,0,1
340000,49,0,0
210000,32,0,1
140000,26,0,1
120000,30,0,1
20000,28,0,1
50000,36,1,1
230000,30,0,1
80000,40,1,2
450000,38,0,0
110000,38,0,2
50000,26,1,1
210000,28,0,1
100000,44,1,2
90000,23,0,1
180000,49,0,2
110000,33,1,1
300000,41,0,0
140000,47,0,2
130000,28,0,1
280000,37,0,0
80000,27,0,1
50000,31,0,1
160000,47,1,2
360000,32,0,0
340000,35,0,0
200000,44,0,2
130000,24,1,1
450000,38,0,0
360000,37,1,0
140000,42,0,2
290000,48,0,0
50000,29,0,1
240000,31,0,0
150000,35,0,1
30000,33,0,1
120000,26,0,1
130000,51,0,2
150000,27,0,1
290000,41,0,0
290000,44,0,0
50000,29,0,1
50000,56,0,2
190000,42,0,2
200000,26,0,1
90000,31,0,1
170000,30,0,1
400000,24,0,0
210000,38,0,0
200000,29,0,1
50000,49,1,2
50000,23,1,1
70000,26,0,1
60000,28,0,1
200000,27,0,1
300000,34,1,0
30000,36,1,1
120000,50,0,2
60000,24,0,1
90000,35,0,1
270000,38,1,0
50000,25,0,1
170000,24,0,1
110000,33,1,1
50000,40,0,2
100000,56,0,2
90000,23,0,1
270000,51,1,2
60000,31,1,1
50000,56,0,2
120000,57,1,2
20000,30,1,1
500000,49,0,0
300000,40,1,0
120000,45,0,2
470000,39,0,0
350000,35,0,0
200000,42,1,2
190000,31,0,1
230000,25,0,1
240000,39,0,0
430000,39,0,0
200000,45,0,2
110000,41,0,2
120000,26,0,1
230000,39,0,0
100000,28,1,1
80000,26,0,1
200000,41,1,2
120000,27,1,1
320000,33,1,0
330000,38,0,0
50000,29,0,1
30000,24,0,1
140000,41,0,2
80000,31,0,1
480000,61,0,0
50000,36,0,1
340000,32,0,0
150000,37,0,1
60000,24,0,1
350000,33,0,0
60000,33,0,1
10000,40,1,2
50000,23,0,1
120000,26,0,1
200000,39,0,2
500000,38,0,0
200000,29,0,1
30000,31,0,1
360000,40,0,0
500000,52,0,0
50000,51,0,2
30000,39,1,2
50000,31,1,1
350000,24,1,0
360000,30,0,0
180000,33,0,1
10000,29,1,1
20000,49,1,2
30000,37,1,1
300000,31,1,0
100000,32,1,1
210000,52,0,2
10000,22,0,1
60000,25,1,1
200000,29,0,1
50000,42,0,2
20000,27,1,1
240000,38,0,0
20000,38,1,2
50000,24,0,1
170000,48,0,2
220000,39,0,0
20000,27,0,1
100000,35,1,1
60000,39,0,2
30000,31,0,1
20000,24,0,1
140000,33,0,1
100000,35,1,1
400000,24,0,0
360000,45,0,0
50000,30,0,1
130000,39,0,2
90000,26,0,1
210000,30,0,1
100000,58,0,2
30000,34,1,1
20000,22,0,1
50000,24,0,1
50000,50,0,2
80000,31,0,1
360000,27,0,0
90000,55,0,2
90000,30,0,1
50000,23,0,1
20000,40,0,2
20000,23,0,1
360000,35,0,0
80000,44,0,2
140000,37,1,1
130000,33,0,1
490000,41,0,0
180000,25,0,1
200000,41,0,2
90000,26,0,1
280000,47,0,2
50000,53,0,2
490000,42,0,0
80000,46,1,2
500000,41,0,0
360000,49,1,0
510000,30,0,0
50000,25,1,1
200000,44,0,2
210000,32,0,1
210000,33,0,1
180000,26,0,1
150000,25,0,1
60000,38,0,2
70000,34,1,1
240000,29,0,1
100000,42,1,2
50000,32,0,1
360000,36,0,0
500000,29,1,0
220000,46,1,2
190000,25,0,1
200000,29,1,1
140000,28,0,1
80000,32,0,1
340000,45,0,0
20000,23,1,1
30000,31,1,1
50000,29,0,1
30000,51,0,2
500000,28,0,0
90000,26,0,1
20000,38,0,2
350000,33,0,0
140000,30,0,1
230000,33,0,0
130000,26,0,1
450000,40,1,0
160000,23,0,1
320000,32,0,0
310000,37,0,0
100000,26,0,1
50000,25,1,1
360000,49,1,0
230000,54,0,2
140000,27,0,1
320000,34,0,0
50000,24,0,1
10000,33,0,1
30000,44,1,2
160000,40,0,2
500000,47,0,0
130000,34,1,1
90000,33,0,1
220000,33,0,1
110000,36,0,1
30000,37,1,1
130000,27,0,1
140000,28,1,1
260000,28,1,0
310000,43,0,0
360000,28,1,0
50000,27,1,1
150000,23,1,1
100000,48,0,2
300000,27,0,0
270000,37,1,0
50000,24,0,1
100000,54,0,2
390000,32,0,0
150000,29,1,1
250000,36,1,0
50000,24,0,1
10000,24,0,1
250000,26,0,1
290000,27,0,0
130000,41,0,2
300000,56,0,2
50000,52,0,2
50000,24,0,1
420000,29,0,0
50000,28,0,1
260000,31,0,0
170000,26,0,1
20000,30,0,1
210000,27,0,1
200000,27,0,1
160000,38,1,2
30000,24,0,1
500000,40,0,0
60000,24,1,1
120000,40,0,2
340000,37,0,0
160000,25,0,1
50000,26,0,1
20000,23,0,1
100000,44,1,2
200000,26,0,1
140000,43,1,2
30000,25,0,1
100000,50,0,2
80000,26,0,1
200000,36,1,1
50000,25,0,1
360000,35,1,0
270000,36,0,0
200000,29,0,1
70000,22,0,1
50000,31,0,1
440000,51,0,0
180000,29,1,1
110000,28,1,1
160000,23,0,1
30000,26,0,1
200000,35,0,1
230000,37,0,0
130000,27,0,1
360000,32,0,0
280000,51,0,2
350000,35,1,0
200000,41,0,2
150000,29,0,1
120000,35,0,1
300000,43,0,0
30000,38,0,2
110000,25,1,1
50000,35,0,1
270000,37,1,0
20000,51,0,2
250000,29,0,1
20000,27,0,1
120000,32,1,1
60000,28,0,1
20000,48,1,2
20000,23,1,1
160000,30,0,1
100000,23,0,1
230000,36,0,0
20000,46,1,2
20000,26,0,1
20000,59,1,2
230000,42,0,2
360000,44,1,0
20000,34,1,1
180000,33,0,1
30000,25,0,1
80000,25,0,1
150000,30,0,1
100000,24,0,1
500000,40,0,0
170000,30,0,1
60000,32,0,1
150000,34,0,1
130000,33,1,1
200000,60,0,2
280000,35,0,0
100000,23,0,1
330000,39,1,0
30000,24,0,1
50000,33,0,1
190000,30,0,1
360000,25,0,0
150000,32,0,1
200000,35,1,1
80000,41,0,2
180000,29,1,1
160000,28,0,1
500000,55,0,0
180000,32,0,1
460000,35,0,0
620000,29,0,0
500000,29,0,0
70000,28,0,1
300000,34,0,0
210000,34,1,1
100000,50,0,2
240000,28,1,1
310000,30,0,0
430000,69,0,2
20000,25,0,1
310000,39,0,0
490000,35,1,0
140000,53,0,2
10000,36,0,1
30000,23,0,1
30000,42,1,2
240000,41,0,0
50000,30,0,1
180000,30,0,1
50000,35,0,1
120000,37,1,1
130000,27,1,1
10000,35,0,1
210000,44,0,2
300000,32,0,0
20000,30,1,1
150000,36,1,1
360000,46,0,0
270000,32,0,0
320000,40,0,0
50000,26,0,1
70000,22,0,1
90000,27,0,1
80000,23,0,1
180000,45,0,2
20000,31,0,1
80000,45,1,2
270000,33,0,0
130000,37,0,1
180000,41,0,2
20000,44,0,2
300000,26,0,0
50000,25,0,1
170000,36,0,1
150000,28,0,1
130000,52,0,2
100000,42,0,2
300000,30,0,0
50000,25,1,1
50000,31,0,1
200000,31,0,1
100000,24,1,1
150000,29,0,1
150000,66,0,2
100000,26,0,1
30000,41,0,2
110000,27,0,1
180000,38,0,2
220000,27,0,1
250000,37,0,0
50000,58,0,2
360000,54,0,0
180000,28,0,1
60000,45,0,2
20000,21,0,1
430000,33,0,0
30000,24,1,1
100000,28,1,1
50000,25,0,1
420000,59,0,0
110000,45,0,2
160000,38,0,2
130000,29,1,1
350000,50,0,0
70000,38,0,2
360000,34,0,0
200000,31,0,1
200000,45,0,2
440000,29,0,0
290000,48,0,0
110000,29,0,1
210000,40,0,2
250000,30,0,0
210000,31,1,1
260000,36,0,0
170000,26,0,1
370000,40,1,0
290000,45,0,0
300000,54,0,2
30000,32,1,1
150000,51,0,2
260000,64,1,2
390000,42,0,0
20000,50,0,2
360000,38,1,0
150000,32,1,1
170000,25,0,1
410000,28,0,0
150000,34,1,1
180000,28,0,1
20000,46,0,2
30000,49,0,2
200000,42,0,2
130000,28,0,1
70000,23,1,1
80000,30,1,1
50000,24,0,1
100000,54,1,2
80000,23,1,1
280000,35,0,0
130000,27,0,1
160000,46,0,2
20000,21,1,1
50000,42,1,2
70000,29,0,1
500000,49,1,0
100000,25,1,1
50000,48,0,2
150000,43,1,2
360000,28,0,0
120000,42,0,2
240000,36,1,0
230000,35,0,0
300000,39,0,0
20000,24,0,1
30000,51,1,2
50000,24,0,1
20000,22,1,1
20000,23,0,1
20000,24,0,1
20000,22,0,1
60000,38,0,2
10000,23,0,1
30000,27,0,1
360000,30,1,0
80000,26,0,1
280000,51,1,2
230000,37,0,0
400000,35,1,0
30000,25,1,1
20000,23,0,1
200000,36,0,1
180000,40,0,2
400000,33,1,0
90000,50,0,2
80000,38,1,2
150000,46,1,2
270000,39,0,0
350000,35,0,0
120000,49,0,2
80000,31,1,1
340000,33,1,0
50000,39,0,2
200000,51,0,2
220000,33,0,1
180000,34,1,1
340000,37,0,0
290000,32,0,0
20000,56,0,2
80000,39,1,2
110000,28,0,1
160000,42,0,2
90000,28,1,1
180000,27,0,1
200000,41,0,2
120000,55,0,2
80000,32,0,1
180000,40,0,2
30000,30,0,1
400000,30,0,0
160000,29,0,1
20000,23,0,1
390000,49,0,0
300000,35,0,0
10000,33,0,1
50000,23,1,1
80000,48,0,2
210000,37,1,0
20000,24,1,1
170000,51,0,2
360000,44,0,0
280000,30,0,0
400000,31,0,0
20000,22,0,1
140000,28,0,1
150000,32,0,1
200000,50,0,2
500000,44,0,0
100000,38,0,2
20000,24,1,1
30000,36,0,1
20000,22,1,1
80000,34,1,1
310000,29,1,0
10000,50,1,2
170000,30,0,1
290000,33,0,0
120000,25,0,1
310000,29,0,0
280000,30,0,0
150000,38,0,2
30000,24,0,1
10000,27,0,1
190000,29,1,1
260000,36,0,0
70000,39,1,2
50000,47,0,2
30000,49,0,2
20000,34,1,1
180000,29,0,1
140000,59,1,2
240000,33,0,0
40000,27,1,1
180000,46,0,2
200000,33,0,1
50000,24,1,1
50000,25,1,1
30000,47,0,2
60000,26,0,1
180000,36,0,1
200000,26,0,1
180000,43,0,2
50000,58,0,2
170000,35,0,1
80000,24,0,1
230000,28,0,1
200000,29,0,1
260000,58,1,2
60000,37,0,1
100000,32,0,1
50000,37,0,1
200000,40,1,2
200000,41,0,2
120000,36,0,1
20000,40,0,2
200000,27,0,1
100000,28,0,1
270000,34,0,0
170000,33,0,1
110000,43,0,2
80000,24,1,1
170000,45,0,2
200000,40,0,2
150000,37,0,1
190000,48,0,2
210000,33,1,1
360000,30,0,0
20000,25,1,1
110000,33,0,1
300000,51,0,2
160000,31,0,1
200000,27,1,1
100000,52,0,2
50000,23,0,1
60000,29,0,1
100000,27,1,1
110000,32,0,1
190000,30,0,1
170000,28,0,1
220000,31,0,1
50000,46,1,2
240000,38,0,0
230000,31,0,1
240000,35,0,0
120000,37,0,1
80000,31,0,1
150000,36,0,1
320000,36,0,0
400000,37,0,0
300000,26,0,0
500000,44,0,0
50000,27,1,1
50000,27,1,1
20000,22,0,1
150000,31,0,1
100000,28,0,1
20000,26,1,1
100000,33,0,1
70000,23,0,1
300000,30,0,0
90000,50,0,2
240000,38,0,0
50000,35,0,1
20000,46,1,2
360000,32,0,0
30000,23,0,1
330000,65,0,2
100000,44,0,2
210000,39,0,2
250000,26,0,1
320000,30,1,0
50000,46,0,2
50000,30,1,1
360000,45,0,0
310000,47,0,0
110000,54,1,2
20000,25,1,1
420000,47,0,0
180000,28,0,1
240000,34,1,0
180000,29,0,1
360000,48,0,0
50000,49,1,2
40000,48,0,2
120000,29,0,1
160000,31,1,1
20000,25,0,1
50000,23,0,1
70000,42,0,2
360000,30,0,0
360000,69,0,2
120000,26,0,1
140000,32,0,1
160000,41,0,2
150000,30,1,1
20000,30,0,1
60000,37,0,1
90000,24,0,1
390000,29,0,0
120000,33,1,1
210000,27,0,1
80000,44,0,2
80000,25,1,1
240000,43,0,2
50000,23,0,1
50000,23,0,1
50000,29,0,1
230000,36,0,0
30000,23,0,1
340000,57,1,2
50000,44,0,2
130000,27,0,1
360000,31,0,0
90000,30,0,1
60000,41,1,2
50000,26,0,1
400000,41,0,0
560000,32,0,0
80000,44,0,2
230000,37,0,0
160000,35,0,1
280000,37,0,0
150000,32,1,1
170000,38,0,2
250000,46,0,2
140000,28,1,1
350000,32,0,0
100000,53,0,2
200000,32,1,1
10000,44,0,2
140000,32,0,1
80000,34,0,1
210000,29,0,1
150000,26,0,1
120000,34,0,1
130000,40,0,2
50000,30,0,1
180000,34,1,1
80000,28,0,1
50000,31,0,1
210000,38,0,0
150000,30,0,1
320000,45,0,0
280000,57,0,2
230000,31,0,1
360000,35,0,0
320000,29,0,0
240000,30,0,1
100000,31,0,1
240000,27,0,1
280000,31,1,0
10000,38,1,2
400000,29,0,0
50000,42,0,2
90000,38,0,2
30000,33,0,1
200000,42,0,2
30000,28,1,1
100000,31,0,1
80000,45,0,2
170000,35,0,1
210000,43,0,2
70000,42,0,2
220000,33,0,1
160000,57,0,2
60000,24,1,1
50000,29,1,1
500000,38,0,0
470000,31,0,0
310000,35,0,0
80000,30,0,1
200000,38,0,2
50000,25,0,1
60000,44,0,2
200000,39,0,2
200000,36,0,1
210000,43,1,2
90000,26,1,1
50000,30,0,1
50000,45,0,2
350000,42,0,0
160000,35,0,1
40000,60,0,2
80000,27,0,1
310000,34,0,0
20000,39,0,2
20000,35,1,1
110000,24,0,1
70000,25,0,1
20000,25,1,1
30000,27,0,1
300000,28,1,0
50000,38,1,2
30000,56,1,2
50000,22,0,1
70000,30,0,1
180000,68,0,2
150000,24,0,1
250000,33,0,0
280000,44,1,0
70000,27,0,1
200000,37,1,1
360000,32,0,0
120000,50,0,2
500000,39,0,0
170000,37,0,1
180000,32,1,1
90000,29,0,1
290000,31,0,0
260000,33,0,0
30000,47,0,2
160000,33,1,1
420000,32,0,0
80000,23,0,1
280000,27,0,0
20000,37,0,1
50000,23,0,1
200000,40,0,2
80000,23,1,1
30000,22,1,1
160000,51,1,2
240000,31,1,0
120000,42,1,2
110000,40,0,2
80000,34,1,1
230000,58,1,2
300000,39,0,0
350000,46,0,0
120000,29,0,1
50000,30,0,1
60000,31,1,1
160000,29,0,1
270000,38,0,0
60000,25,0,1
200000,52,1,2
290000,29,1,0
20000,31,0,1
30000,46,1,2
10000,22,1,1
420000,30,0,0
30000,26,0,1
240000,37,0,0
250000,43,0,0
360000,62,0,2
110000,40,0,2
200000,39,0,2
210000,45,0,2
80000,29,1,1
50000,37,0,1
80000,32,0,1
120000,33,1,1
230000,40,0,0
100000,37,0,1
40000,26,1,1
50000,23,0,1
180000,36,0,1
30000,43,0,2
220000,31,0,1
200000,28,0,1
210000,35,0,1
160000,42,0,2
230000,39,0,0
410000,53,0,0
30000,23,1,1
80000,34,0,1
80000,28,0,1
300000,39,1,0
220000,35,0,0
100000,28,0,1
110000,31,0,1
500000,29,0,0
100000,25,0,1
200000,33,0,1
120000,29,1,1
280000,31,0,0
380000,35,0,0
20000,39,0,2
170000,40,0,2
500000,30,0,0
60000,42,1,2
170000,31,0,1
290000,35,0,0
50000,52,0,2
90000,42,0,2
220000,36,0,0
360000,31,0,0
200000,52,0,2
240000,27,0,1
90000,27,0,1
150000,35,0,1
490000,34,0,0
210000,26,0,1
200000,39,0,2
200000,69,0,2
80000,22,0,1
90000,35,0,1
130000,56,0,2
90000,40,0,2
50000,27,0,1
20000,22,0,1
50000,27,1,1
100000,30,0,1
20000,24,0,1
230000,24,0,1
80000,44,0,2
90000,24,0,1
50000,53,0,2
80000,39,1,2
20000,26,0,1
230000,44,0,2
110000,51,0,2
50000,25,1,1
150000,53,0,2
160000,30,0,1
210000,33,0,1
360000,28,0,0
240000,28,0,1
20000,41,0,2
200000,26,0,1
110000,29,0,1
80000,27,0,1
480000,44,0,0
180000,29,0,1
50000,35,0,1
20000,42,0,2
50000,25,0,1
80000,23,0,1
140000,24,0,1
210000,50,1,2
140000,46,0,2
20000,29,0,1
390000,33,0,0
460000,31,0,0
110000,29,0,1
80000,27,0,1
50000,26,1,1
300000,34,1,0
150000,28,0,1
320000,44,0,0
190000,31,0,1
210000,32,0,1
120000,27,0,1
130000,27,0,1
80000,40,1,2
80000,31,0,1
30000,22,0,1
310000,37,0,0
30000,41,0,2
300000,36,0,0
640000,39,0,0
260000,39,1,0
50000,24,0,1
260000,30,0,0
210000,45,0,2
280000,32,0,0
70000,50,1,2
200000,28,0,1
310000,45,0,0
450000,44,0,0
200000,39,1,2
310000,25,0,0
330000,38,1,0
520000,34,0,0
130000,53,0,2
180000,25,0,1
180000,28,0,1
200000,29,0,1
110000,34,0,1
50000,47,0,2
50000,58,0,2
50000,44,1,2
20000,57,0,2
100000,30,1,1
260000,31,0,0
120000,35,0,1
140000,30,0,1
240000,32,0,0
30000,55,0,2
170000,27,1,1
200000,29,0,1
50000,30,0,1
70000,30,0,1
500000,45,1,0
70000,36,0,1
20000,31,0,1
150000,40,0,2
50000,25,0,1
150000,35,0,1
90000,24,0,1
170000,36,0,1
100000,27,0,1
310000,31,1,0
100000,49,0,2
190000,32,0,1
500000,38,0,0
300000,48,0,0
50000,56,0,2
140000,39,0,2
90000,24,0,1
300000,30,0,0
120000,24,0,1
60000,53,0,2
160000,27,0,1
10000,48,0,2
200000,43,0,2
180000,35,0,1
360000,34,0,0
140000,32,0,1
80000,50,0,2
50000,27,1,1
30000,37,1,1
50000,22,1,1
50000,22,1,1
350000,44,0,0
80000,31,0,1
410000,46,1,0
50000,32,0,1
50000,54,0,2
120000,39,0,2
20000,24,0,1
200000,34,1,1
130000,53,0,2
200000,30,0,1
140000,31,0,1
210000,41,0,2
310000,32,0,0
80000,27,0,1
290000,40,0,0
30000,47,0,2
50000,22,0,1
170000,30,0,1
110000,35,0,1
310000,50,0,0
250000,36,0,0
90000,41,0,2
480000,33,0,0
520000,35,0,0
20000,43,1,2
20000,41,0,2
70000,25,1,1
230000,30,1,1
150000,34,0,1
100000,30,0,1
60000,37,1,1
20000,43,0,2
50000,36,0,1
250000,28,0,1
80000,24,0,1
110000,36,0,1
270000,29,0,0
140000,27,0,1
290000,49,0,2
70000,33,1,1
50000,40,1,2
120000,41,1,2
220000,35,0,0
200000,38,0,2
70000,30,1,1
130000,32,0,1
140000,38,0,2
500000,42,0,0
80000,36,0,1
30000,45,1,2
500000,55,0,0
180000,26,1,1
60000,24,0,1
130000,29,0,1
40000,26,0,1
50000,47,0,2
460000,46,0,0
230000,39,0,0
160000,28,0,1
50000,24,0,1
320000,46,1,0
160000,39,0,2
60000,33,0,1
220000,30,0,1
60000,29,1,1
50000,23,0,1
230000,26,0,1
490000,42,0,0
120000,35,0,1
30000,38,1,2
130000,42,0,2
310000,31,0,0
120000,36,1,1
220000,30,0,1
180000,43,0,2
50000,34,1,1
70000,45,0,2
50000,29,1,1
30000,28,1,1
100000,26,0,1
160000,45,0,2
220000,37,0,0
60000,39,0,2
230000,47,0,2
350000,39,0,0
170000,27,1,1
20000,43,0,2
50000,23,0,1
280000,37,0,0
170000,38,0,2
50000,46,1,2
130000,29,0,1
20000,31,0,1
290000,32,0,0
100000,29,0,1
120000,49,0,2
210000,29,0,1
340000,34,0,0
210000,40,1,2
450000,37,0,0
240000,38,0,0
320000,41,0,0
30000,42,1,2
100000,33,0,1
450000,31,0,0
80000,27,0,1
330000,27,1,0
30000,48,0,2
410000,44,0,0
320000,33,0,0
300000,45,0,0
240000,40,0,0
20000,32,1,1
210000,31,1,1
90000,39,0,2
440000,28,0,0
50000,29,0,1
500000,29,0,0
50000,28,0,1
200000,44,1,2
220000,36,1,0
20000,41,0,2
20000,26,0,1
180000,25,1,1
120000,26,0,1
160000,29,0,1
70000,45,0,2
350000,37,0,0
350000,39,0,0
30000,43,1,2
80000,25,0,1
360000,59,0,2
150000,35,1,1
20000,26,1,1
120000,38,0,2
50000,35,0,1
310000,27,0,0
100000,36,0,1
50000,52,0,2
80000,24,1,1
30000,33,0,1
240000,39,0,0
450000,40,1,0
370000,36,1,0
160000,32,0,1
290000,25,0,0
220000,41,0,2
210000,32,0,1
140000,33,0,1
320000,34,0,0
120000,50,1,2
10000,40,0,2
70000,25,1,1
230000,34,0,0
20000,26,0,1
80000,39,0,2
320000,36,0,0
100000,35,0,1
20000,33,1,1
30000,36,1,1
240000,35,0,0
200000,27,0,1
100000,42,0,2
240000,42,0,0
220000,44,0,2
50000,32,0,1
200000,39,0,2
230000,35,0,0
150000,45,0,2
310000,39,0,0
140000,56,1,2
50000,34,1,1
260000,38,1,0
20000,27,0,1
70000,23,0,1
360000,40,0,0
50000,36,0,1
180000,28,0,1
140000,36,0,1
20000,30,0,1
320000,44,0,0
70000,52,0,2
230000,42,0,2
250000,52,1,2
260000,34,0,0
20000,32,0,1
200000,39,0,2
180000,28,0,1
460000,40,1,0
230000,40,0,0
50000,37,0,1
20000,46,1,2
250000,30,0,0
50000,29,0,1
50000,26,0,1
180000,42,0,2
240000,44,1,2
300000,37,0,0
90000,23,0,1
170000,32,0,1
210000,28,0,1
180000,32,1,1
250000,29,0,1
50000,40,0,2
20000,38,0,2
150000,33,1,1
360000,28,0,0
60000,31,1,1
20000,32,1,1
160000,36,0,1
140000,41,0,2
300000,36,0,0
180000,43,0,2
310000,35,0,0
20000,23,0,1
90000,24,0,1
20000,30,1,1
50000,23,0,1
120000,41,0,2
450000,39,0,0
320000,43,0,0
60000,33,0,1
50000,29,0,1
280000,45,0,0
390000,34,0,0
180000,36,0,1
480000,56,0,0
160000,31,0,1
30000,47,0,2
50000,32,0,1
40000,44,1,2
320000,33,0,0
10000,46,1,2
300000,28,1,0
360000,43,0,0
360000,27,1,0
220000,37,0,0
180000,31,0,1
50000,23,0,1
50000,39,0,2
150000,25,0,1
160000,33,0,1
360000,46,0,0
50000,23,0,1
100000,26,0,1
60000,36,1,1
150000,29,0,1
240000,43,0,2
220000,35,0,0
200000,33,0,1
220000,32,0,1
200000,29,0,1
20000,45,0,2
50000,49,1,2
120000,25,0,1
190000,48,0,2
330000,29,0,0
470000,39,0,0
180000,35,0,1
30000,30,0,1
70000,24,0,1
410000,38,0,0
20000,27,0,1
330000,30,0,0
140000,27,1,1
50000,59,0,2
270000,40,1,0
260000,37,0,0
100000,26,1,1
120000,28,0,1
50000,34,0,1
20000,27,0,1
230000,43,0,2
200000,47,0,2
200000,51,1,2
180000,26,0,1
100000,29,0,1
50000,26,1,1
220000,37,0,0
10000,24,0,1
300000,28,0,0
500000,45,0,0
190000,28,0,1
200000,55,0,2
240000,27,0,1
110000,46,0,2
260000,45,0,2
20000,37,0,1
100000,26,1,1
230000,38,0,0
190000,35,0,1
210000,33,0,1
210000,30,1,1
200000,27,0,1
150000,28,0,1
380000,36,0,0
160000,34,0,1
150000,45,0,2
10000,36,0,1
160000,32,0,1
360000,49,0,0
290000,42,0,0
200000,32,0,1
50000,40,0,2
150000,29,1,1
500000,35,0,0
50000,25,1,1
500000,27,1,0
290000,47,0,0
380000,38,0,0
50000,34,0,1
190000,41,1,2
60000,39,0,2
130000,40,0,2
210000,42,0,2
200000,47,0,2
30000,24,1,1
130000,40,0,2
360000,47,0,0
360000,29,0,0
20000,27,0,1
240000,45,0,2
140000,36,1,1
40000,23,1,1
50000,39,1,2
30000,53,0,2
230000,70,1,2
190000,28,0,1
150000,35,0,1
50000,43,1,2
20000,25,0,1
40000,23,0,1
20000,22,0,1
200000,38,0,2
30000,39,1,2
50000,23,0,1
400000,40,0,0
140000,40,0,2
130000,33,0,1
70000,42,1,2
120000,34,0,1
20000,40,1,2
80000,33,0,1
20000,22,0,1
200000,33,1,1
300000,36,0,0
110000,26,0,1
150000,36,0,1
500000,37,0,0
110000,32,1,1
500000,34,0,0
20000,46,0,2
30000,26,0,1
200000,31,0,1
80000,51,0,2
80000,37,1,1
50000,33,0,1
100000,49,0,2
150000,33,1,1
180000,28,0,1
310000,26,0,0
90000,31,0,1
50000,23,1,1
360000,48,0,0
180000,31,1,1
160000,30,1,1
230000,31,0,1
230000,27,0,1
130000,27,0,1
350000,40,0,0
50000,22,0,1
20000,29,0,1
50000,43,0,2
30000,22,0,1
180000,35,0,1
290000,43,0,0
20000,24,0,1
260000,29,0,0
70000,43,0,2
50000,34,0,1
300000,36,1,0
30000,25,1,1
10000,30,1,1
220000,33,0,1
60000,31,1,1
50000,41,0,2
240000,51,0,2
180000,48,0,2
50000,30,0,1
230000,36,0,0
20000,36,0,1
90000,23,0,1
10000,42,1,2
50000,32,1,1
420000,36,0,0
50000,27,0,1
20000,38,1,2
20000,22,0,1
60000,33,0,1
360000,34,0,0
320000,35,0,0
500000,54,0,0
130000,29,0,1
80000,45,0,2
30000,27,1,1
10000,23,0,1
150000,41,1,2
110000,25,0,1
300000,34,1,0
100000,36,1,1
80000,25,1,1
30000,44,0,2
50000,31,0,1
410000,32,0,0
80000,26,1,1
70000,25,1,1
20000,24,1,1
20000,45,0,2
230000,39,0,0
50000,26,0,1
50000,27,1,1
50000,26,0,1
150000,44,0,2
450000,33,0,0
130000,33,1,1
20000,37,0,1
120000,39,0,2
170000,43,0,2
100000,44,1,2
50000,37,0,1
80000,58,0,2
500000,58,0,0
310000,39,0,0
70000,36,1,1
50000,33,0,1
50000,31,1,1
120000,33,0,1
500000,39,0,0
300000,42,0,0
80000,34,0,1
380000,39,0,0
70000,39,0,2
240000,50,0,2
50000,25,0,1
120000,26,0,1
260000,30,0,0
240000,43,0,2
120000,37,1,1
100000,31,1,1
160000,25,0,1
230000,53,0,2
50000,41,0,2
80000,32,0,1
450000,38,1,0
200000,28,0,1
390000,38,0,0
400000,42,1,0
390000,27,0,0
280000,36,0,0
200000,29,0,1
270000,50,0,2
130000,27,0,1
430000,47,0,0
70000,26,0,1
80000,34,1,1
50000,34,0,1
480000,46,0,0
130000,27,0,1
420000,32,0,0
50000,42,1,2
290000,33,0,0
50000,27,0,1
240000,41,0,0
160000,39,0,2
310000,42,0,0
240000,39,0,0
100000,26,0,1
400000,38,0,0
50000,27,1,1
70000,25,1,1
50000,27,1,1
150000,45,0,2
250000,35,0,0
150000,26,0,1
60000,58,0,2
100000,27,1,1
210000,44,0,2
160000,40,0,2
380000,31,0,0
100000,38,1,2
80000,42,0,2
330000,37,0,0
230000,27,0,1
180000,28,0,1
430000,34,0,0
110000,26,0,1
120000,32,0,1
150000,29,0,1
340000,27,0,0
180000,55,0,2
80000,27,0,1
290000,39,0,0
130000,30,0,1
360000,35,0,0
120000,31,1,1
330000,27,1,0
30000,48,0,2
50000,29,0,1
20000,51,0,2
70000,50,1,2
260000,53,0,2
50000,23,0,1
320000,34,0,0
20000,23,1,1
260000,29,0,0
380000,31,0,0
50000,38,0,2
50000,28,0,1
360000,28,0,0
220000,52,1,2
500000,46,0,0
140000,36,0,1
90000,26,1,1
20000,56,0,2
20000,34,0,1
20000,28,1,1
50000,28,0,1
80000,22,0,1
150000,44,0,2
50000,34,0,1
100000,27,1,1
40000,44,0,2
170000,37,0,1
360000,47,0,0
30000,41,0,2
20000,63,0,2
50000,23,0,1
340000,26,0,0
200000,30,0,1
150000,29,0,1
140000,31,0,1
60000,22,1,1
230000,29,0,1
30000,39,1,2
90000,24,0,1
50000,53,0,2
200000,29,0,1
20000,34,1,1
50000,24,0,1
230000,27,0,1
270000,36,0,0
50000,26,0,1
50000,34,0,1
100000,28,1,1
200000,35,0,1
240000,28,1,1
30000,47,0,2
360000,31,0,0
320000,33,0,0
380000,35,0,0
240000,25,0,1
50000,50,0,2
20000,31,1,1
100000,27,0,1
60000,42,0,2
600000,36,0,0
240000,31,0,0
340000,42,1,0
200000,39,0,2
240000,44,0,2
60000,27,1,1
200000,34,0,1
50000,35,0,1
240000,36,0,0
260000,53,0,2
180000,41,1,2
110000,46,0,2
90000,27,0,1
130000,25,0,1
30000,33,1,1
350000,34,0,0
110000,38,0,2
10000,22,0,1
30000,29,0,1
500000,42,0,0
80000,23,1,1
80000,48,0,2
150000,27,0,1
50000,24,0,1
170000,34,0,1
180000,25,0,1
300000,49,0,0
450000,29,0,0
400000,32,0,0
200000,38,0,2
300000,43,0,0
180000,32,0,1
70000,46,0,2
300000,36,0,0
480000,39,0,0
180000,37,0,1
50000,26,0,1
20000,25,1,1
80000,23,0,1
260000,35,0,0
50000,54,1,2
20000,25,1,1
280000,34,0,0
30000,36,0,1
200000,41,1,2
80000,28,0,1
190000,47,0,2
140000,26,0,1
80000,38,0,2
380000,44,1,0
140000,37,0,1
280000,35,0,0
160000,41,0,2
30000,58,0,2
50000,41,0,2
180000,26,1,1
140000,37,0,1
100000,30,1,1
160000,42,0,2
330000,33,0,0
240000,41,0,0
270000,33,0,0
60000,27,0,1
100000,56,0,2
70000,50,0,2
70000,55,0,2
160000,36,0,1
80000,35,0,1
160000,41,0,2
30000,50,1,2
260000,42,0,0
130000,38,0,2
220000,32,0,1
230000,34,1,0
150000,26,0,1
420000,47,0,0
50000,27,0,1
200000,27,0,1
200000,31,0,1
50000,24,0,1
500000,34,1,0
130000,53,0,2
50000,36,0,1
130000,29,0,1
50000,32,0,1
70000,29,0,1
220000,32,0,1
400000,37,0,0
30000,29,0,1
200000,34,1,1
100000,29,0,1
180000,36,0,1
110000,30,0,1
50000,58,0,2
100000,29,0,1
360000,39,0,0
260000,26,0,1
200000,37,0,1
230000,40,0,0
50000,41,0,2
310000,37,0,0
420000,33,0,0
110000,34,1,1
130000,28,0,1
380000,51,0,0
140000,33,0,1
50000,32,0,1
160000,32,1,1
50000,26,0,1
450000,66,0,0
90000,25,0,1
500000,46,0,0
50000,22,0,1
250000,28,1,1
150000,37,1,1
30000,32,0,1
30000,37,0,1
230000,45,0,2
50000,53,1,2
50000,23,0,1
300000,32,0,0
30000,31,0,1
140000,49,1,2
10000,41,1,2
130000,30,1,1
50000,35,0,1
350000,34,0,0
210000,38,0,0
30000,35,0,1
130000,43,0,2
200000,45,0,2
80000,26,1,1
130000,41,1,2
70000,25,0,1
200000,34,0,1
260000,36,1,0
360000,53,0,0
50000,48,1,2
440000,31,0,0
30000,38,0,2
80000,25,0,1
150000,29,0,1
90000,24,1,1
80000,26,0,1
130000,37,1,1
360000,35,0,0
500000,37,0,0
20000,44,0,2
280000,40,0,0
150000,26,0,1
300000,48,0,0
350000,31,0,0
200000,32,0,1
270000,33,0,0
200000,42,1,2
50000,56,0,2
30000,25,1,1
30000,28,0,1
20000,24,1,1
310000,35,0,0
150000,47,0,2
330000,25,0,0
20000,35,1,1
200000,28,0,1
230000,42,0,2
360000,40,0,0
100000,28,1,1
150000,41,0,2
500000,53,0,0
20000,38,0,2
400000,41,0,0
160000,41,0,2
50000,46,0,2
500000,42,1,0
220000,31,0,1
470000,30,0,0
120000,40,1,2
100000,39,1,2
20000,48,0,2
360000,51,1,0
30000,25,0,1
180000,34,0,1
170000,29,0,1
70000,35,0,1
50000,34,0,1
180000,40,1,2
280000,53,1,2
410000,41,0,0
220000,30,0,1
30000,25,0,1
130000,51,0,2
140000,37,1,1
20000,23,0,1
270000,40,1,0
90000,23,0,1
210000,32,0,1
30000,27,0,1
400000,31,0,0
140000,34,0,1
270000,31,0,0
50000,29,0,1
250000,71,0,2
50000,27,0,1
130000,40,1,2
360000,38,0,0
160000,34,0,1
50000,55,1,2
180000,38,0,2
100000,47,0,2
280000,33,0,0
30000,43,0,2
150000,40,0,2
50000,30,0,1
40000,26,0,1
150000,45,0,2
400000,35,0,0
220000,38,0,0
280000,28,0,0
80000,47,0,2
110000,28,1,1
350000,35,0,0
240000,40,1,0
90000,24,0,1
330000,29,0,0
290000,37,1,0
100000,38,1,2
210000,31,0,1
30000,24,0,1
290000,53,1,2
20000,47,1,2
80000,33,1,1
230000,35,0,0
240000,26,0,1
80000,37,0,1
30000,24,1,1
40000,49,0,2
220000,40,0,2
120000,24,0,1
170000,23,0,1
90000,39,0,2
510000,35,0,0
30000,32,0,1
50000,44,0,2
230000,39,0,0
90000,35,1,1
260000,41,0,0
500000,39,0,0
300000,30,1,0
50000,51,0,2
250000,33,1,0
20000,25,1,1
140000,35,0,1
330000,31,0,0
240000,36,0,0
360000,51,1,0
80000,39,1,2
270000,27,0,0
50000,25,1,1
280000,28,0,0
50000,47,1,2
50000,24,1,1
460000,39,0,0
50000,25,0,1
360000,33,1,0
30000,37,0,1
200000,30,0,1
150000,24,1,1
240000,44,0,2
10000,46,0,2
120000,52,0,2
450000,49,0,0
50000,22,0,1
130000,23,0,1
230000,32,1,1
70000,43,0,2
20000,22,1,1
140000,29,0,1
40000,45,0,2
210000,34,0,1
210000,29,0,1
30000,44,0,2
50000,25,1,1
90000,29,0,1
80000,29,1,1
190000,36,0,1
10000,36,0,1
50000,35,0,1
300000,29,0,0
180000,24,1,1
500000,48,0,0
30000,35,1,1
110000,40,0,2
130000,26,1,1
180000,41,0,2
50000,31,0,1
490000,41,0,0
200000,48,0,2
90000,35,0,1
260000,33,0,0
450000,42,0,0
180000,35,0,1
30000,32,0,1
250000,27,0,1
20000,23,1,1
50000,24,0,1
10000,34,1,1
460000,44,0,0
20000,21,0,1
180000,46,0,2
290000,49,0,2
60000,24,0,1
150000,36,0,1
20000,24,0,1
300000,45,0,0
50000,44,0,2
230000,24,0,1
60000,27,0,1
200000,29,1,1
110000,29,0,1
120000,42,0,2
50000,29,1,1
360000,34,0,0
50000,45,0,2
460000,28,0,0
20000,37,0,1
50000,47,1,2
20000,33,1,1
50000,22,1,1
230000,42,0,2
40000,24,1,1
210000,36,0,0
20000,22,1,1
140000,26,0,1
320000,34,0,0
100000,28,0,1
50000,22,0,1
20000,35,0,1
120000,34,0,1
290000,47,0,0
50000,43,0,2
50000,28,1,1
10000,37,1,1
360000,43,0,0
320000,30,0,0
80000,36,0,1
50000,24,0,1
360000,45,0,0
430000,36,1,0
30000,39,1,2
100000,27,0,1
220000,37,1,0
180000,26,0,1
160000,38,0,2
100000,35,1,1
30000,28,0,1
350000,43,0,0
210000,40,0,2
60000,26,0,1
160000,42,0,2
290000,52,0,2
220000,54,0,2
320000,31,0,0
340000,27,0,0
110000,27,0,1
290000,42,0,0
70000,29,0,1
260000,39,0,0
150000,33,0,1
340000,36,0,0
100000,38,0,2
420000,60,0,0
20000,26,0,1
30000,24,0,1
330000,28,0,0
500000,54,0,0
140000,41,0,2
100000,39,0,2
370000,27,0,0
30000,38,0,2
130000,30,0,1
10000,23,1,1
200000,36,0,1
170000,28,0,1
340000,44,1,0
500000,43,0,0
80000,26,0,1
500000,46,0,0
20000,48,0,2
130000,36,1,1
250000,34,1,0
210000,39,0,2
360000,29,0,0
180000,45,0,2
50000,41,1,2
50000,29,0,1
440000,29,0,0
200000,48,0,2
100000,34,0,1
20000,23,0,1
20000,23,0,1
50000,35,0,1
250000,33,0,0
780000,48,0,0
500000,51,0,0
70000,26,0,1
260000,51,0,2
110000,29,0,1
140000,39,0,2
160000,28,0,1
210000,29,0,1
80000,39,0,2
150000,44,0,2
40000,40,1,2
500000,30,0,0
80000,52,0,2
280000,30,0,0
30000,41,1,2
320000,41,1,0
320000,35,0,0
300000,55,0,2
430000,31,0,0
480000,35,0,0
200000,33,0,1
400000,44,0,0
30000,24,1,1
20000,25,0,1
500000,43,1,0
100000,29,0,1
150000,42,0,2
20000,46,1,2
170000,24,0,1
230000,41,0,2
30000,36,1,1
20000,28,1,1
180000,27,0,1
220000,29,0,1
60000,34,1,1
50000,35,0,1
360000,33,0,0
110000,31,1,1
80000,26,0,1
250000,24,1,1
180000,27,0,1
140000,36,0,1
150000,30,0,1
150000,45,0,2
240000,31,0,0
110000,29,0,1
50000,52,0,2
80000,25,0,1
50000,35,0,1
280000,37,0,0
200000,42,0,2
20000,34,0,1
10000,49,0,2
30000,42,0,2
260000,40,0,0
500000,36,1,0
60000,23,1,1
180000,34,1,1
90000,25,1,1
30000,22,0,1
200000,35,0,1
330000,41,0,0
30000,22,0,1
230000,58,0,2
150000,28,0,1
310000,35,0,0
150000,40,0,2
450000,42,1,0
360000,33,0,0
130000,31,0,1
260000,33,0,0
260000,35,0,0
100000,30,0,1
110000,24,0,1
50000,48,0,2
360000,34,0,0
250000,46,0,2
360000,34,0,0
20000,47,0,2
170000,38,0,2
80000,29,0,1
180000,31,0,1
360000,31,0,0
390000,33,0,0
500000,31,0,0
220000,35,1,0
120000,30,1,1
230000,39,0,0
50000,30,0,1
420000,29,0,0
50000,31,1,1
80000,44,1,2
240000,35,1,0
110000,50,0,2
10000,27,0,1
130000,29,0,1
500000,42,0,0
210000,26,0,1
50000,35,0,1
10000,26,1,1
200000,38,0,2
320000,46,0,0
100000,44,0,2
50000,42,0,2
420000,47,0,0
380000,51,0,0
50000,55,0,2
90000,27,0,1
50000,28,1,1
360000,31,1,0
50000,27,1,1
300000,25,0,0
140000,34,0,1
20000,21,0,1
80000,23,0,1
240000,35,1,0
30000,23,0,1
40000,33,1,1
150000,28,0,1
120000,48,0,2
500000,52,0,0
250000,34,0,0
130000,34,0,1
20000,48,1,2
210000,50,0,2
200000,31,0,1
80000,43,0,2
20000,37,0,1
200000,28,0,1
280000,35,0,0
260000,37,0,0
50000,30,1,1
500000,61,0,0
210000,37,1,0
120000,34,0,1
50000,24,0,1
200000,25,0,1
170000,30,0,1
210000,32,0,1
490000,30,0,0
100000,32,0,1
330000,45,0,0
50000,24,0,1
280000,33,0,0
90000,32,0,1
250000,37,0,0
120000,37,0,1
90000,28,0,1
260000,26,0,1
170000,57,1,2
320000,28,0,0
210000,36,0,0
50000,35,0,1
80000,27,0,1
280000,38,0,0
40000,23,0,1
170000,30,1,1
50000,23,0,1
80000,27,1,1
230000,23,0,1
480000,38,0,0
190000,25,0,1
80000,26,0,1
210000,25,0,1
500000,33,0,0
360000,39,1,0
300000,29,0,0
130000,32,0,1
50000,25,0,1
50000,30,0,1
50000,24,0,1
20000,25,1,1
170000,42,0,2
500000,27,0,0
80000,23,1,1
60000,23,0,1
80000,36,1,1
150000,31,0,1
50000,26,0,1
230000,31,0,1
200000,39,0,2
50000,23,0,1
200000,42,0,2
120000,34,1,1
200000,33,1,1
290000,29,0,0
100000,32,0,1
160000,46,0,2
340000,33,0,0
130000,27,1,1
70000,30,0,1
200000,32,0,1
60000,29,0,1
90000,36,0,1
30000,31,1,1
140000,26,0,1
20000,22,0,1
200000,33,0,1
200000,44,0,2
180000,32,0,1
10000,24,0,1
360000,54,1,0
460000,42,0,0
150000,42,0,2
440000,29,0,0
80000,45,0,2
80000,69,0,2
310000,45,0,0
360000,31,0,0
410000,31,0,0
180000,28,0,1
360000,29,0,0
130000,36,0,1
130000,42,0,2
260000,30,0,0
30000,39,0,2
90000,29,0,1
280000,43,1,0
150000,39,1,2
260000,28,1,0
50000,50,0,2
110000,43,0,2
340000,36,0,0
160000,40,0,2
260000,34,0,0
100000,42,0,2
30000,29,1,1
200000,43,0,2
50000,37,0,1
110000,26,0,1
20000,25,1,1
340000,25,0,0
360000,29,1,0
210000,27,1,1
360000,52,0,0
50000,49,0,2
290000,33,0,0
400000,32,0,0
10000,25,0,1
300000,37,0,0
30000,27,0,1
230000,32,1,1
200000,32,0,1
270000,39,0,0
40000,24,1,1
190000,52,0,2
70000,55,0,2
50000,36,0,1
20000,21,0,1
290000,40,0,0
30000,46,1,2
150000,30,1,1
140000,36,0,1
300000,38,0,0
170000,23,0,1
10000,49,1,2
200000,31,0,1
20000,51,0,2
80000,36,0,1
20000,24,0,1
200000,29,0,1
20000,23,0,1
60000,23,1,1
200000,54,0,2
90000,22,0,1
220000,28,0,1
130000,29,0,1
190000,38,0,2
80000,47,1,2
120000,45,0,2
140000,33,0,1
460000,32,0,0
100000,26,0,1
30000,30,0,1
70000,25,0,1
90000,40,0,2
410000,46,0,0
80000,52,0,2
80000,48,1,2
50000,23,0,1
10000,46,0,2
90000,28,1,1
150000,32,1,1
200000,27,0,1
170000,36,0,1
130000,31,0,1
50000,33,0,1
240000,44,0,2
220000,32,0,1
200000,29,0,1
180000,39,0,2
400000,36,0,0
260000,34,1,0
40000,27,1,1
660000,40,0,0
160000,51,0,2
180000,30,1,1
80000,33,0,1
50000,23,0,1
30000,25,1,1
100000,39,0,2
290000,50,0,2
500000,44,0,0
200000,30,0,1
10000,48,0,2
50000,23,0,1
50000,36,0,1
80000,29,1,1
500000,31,0,0
300000,45,1,0
450000,36,0,0
250000,39,0,0
20000,35,0,1
30000,24,0,1
120000,48,1,2
30000,25,0,1
50000,53,0,2
140000,25,1,1
200000,27,0,1
220000,36,0,0
120000,36,1,1
70000,27,1,1
360000,37,1,0
160000,52,1,2
160000,36,0,1
20000,22,1,1
200000,36,0,1
170000,35,0,1
240000,29,0,1
450000,34,0,0
230000,38,0,0
150000,40,0,2
50000,34,0,1
80000,40,0,2
110000,35,0,1
90000,25,1,1
310000,34,0,0
400000,42,0,0
260000,37,0,0
100000,25,0,1
200000,33,1,1
80000,27,0,1
30000,30,0,1
150000,29,1,1
50000,46,0,2
280000,29,0,0
110000,29,0,1
30000,29,0,1
620000,31,0,0
180000,33,0,1
30000,59,0,2
50000,24,0,1
310000,49,0,0
40000,34,0,1
80000,28,0,1
70000,23,0,1
300000,39,0,0
30000,43,1,2
200000,28,0,1
360000,29,0,0
70000,57,0,2
30000,22,0,1
80000,24,0,1
150000,25,0,1
260000,33,0,0
30000,28,1,1
80000,53,0,2
120000,37,0,1
260000,39,0,0
30000,45,0,2
130000,31,0,1
50000,30,0,1
150000,52,0,2
480000,49,0,0
300000,47,0,0
170000,43,0,2
80000,31,0,1
270000,29,0,0
70000,24,0,1
90000,26,0,1
80000,31,0,1
230000,23,1,1
80000,27,0,1
200000,28,0,1
80000,37,0,1
20000,26,1,1
150000,48,0,2
200000,34,0,1
90000,23,1,1
150000,34,0,1
10000,24,0,1
30000,28,0,1
210000,28,0,1
280000,60,1,2
230000,38,0,0
210000,33,0,1
210000,37,0,0
270000,38,0,0
380000,42,0,0
60000,26,1,1
50000,40,1,2
140000,33,0,1
50000,30,0,1
180000,33,0,1
230000,27,0,1
210000,33,0,1
500000,38,0,0
70000,26,0,1
10000,23,1,1
90000,31,1,1
230000,39,0,0
60000,30,1,1
110000,27,0,1
30000,56,1,2
170000,39,0,2
200000,32,1,1
50000,52,0,2
160000,31,0,1
50000,26,1,1
80000,39,0,2
390000,36,1,0
80000,65,0,2
20000,24,1,1
100000,43,0,2
200000,50,0,2
190000,37,0,1
50000,23,0,1
210000,36,0,0
100000,27,1,1
400000,35,1,0
20000,50,1,2
230000,45,1,2
30000,48,1,2
180000,53,0,2
630000,32,0,0
50000,24,0,1
50000,34,1,1
450000,29,0,0
420000,34,0,0
420000,43,0,0
360000,37,0,0
10000,21,1,1
160000,66,1,2
80000,47,0,2
130000,30,1,1
60000,26,0,1
180000,34,0,1
260000,37,0,0
280000,28,0,0
400000,47,0,0
50000,25,1,1
220000,33,0,1
20000,35,0,1
50000,37,0,1
50000,23,0,1
20000,53,1,2
150000,25,1,1
160000,33,0,1
80000,39,0,2
150000,49,1,2
150000,53,0,2
460000,32,0,0
200000,51,0,2
200000,44,1,2
10000,47,0,2
50000,40,1,2
20000,38,1,2
150000,49,1,2
160000,32,0,1
210000,26,0,1
380000,30,0,0
20000,31,0,1
360000,30,0,0
150000,34,0,1
210000,35,0,1
70000,64,0,2
310000,36,1,0
150000,41,0,2
30000,29,1,1
290000,38,0,0
260000,34,0,0
350000,31,0,0
400000,29,0,0
200000,46,0,2
200000,30,0,1
30000,38,0,2
60000,27,0,1
60000,33,0,1
50000,50,1,2
260000,45,0,2
390000,53,0,0
130000,33,0,1
50000,45,0,2
340000,57,0,2
200000,51,0,2
170000,35,0,1
430000,43,0,0
310000,41,0,0
30000,26,1,1
80000,46,0,2
50000,37,0,1
500000,41,0,0
160000,39,0,2
250000,31,0,0
160000,28,0,1
80000,26,0,1
600000,31,0,0
120000,29,0,1
120000,28,0,1
150000,23,0,1
150000,50,0,2
220000,38,0,0
30000,26,0,1
50000,34,0,1
360000,31,0,0
220000,28,0,1
20000,36,1,1
70000,31,0,1
100000,28,1,1
50000,54,0,2
140000,36,1,1
150000,39,1,2
210000,32,0,1
430000,29,0,0
110000,25,0,1
290000,39,0,0
220000,29,1,1
480000,39,0,0
50000,29,0,1
130000,29,0,1
60000,28,1,1
180000,48,0,2
270000,35,0,0
50000,23,0,1
280000,39,0,0
320000,41,0,0
30000,57,1,2
80000,28,0,1
160000,41,0,2
30000,28,0,1
40000,26,0,1
140000,32,1,1
200000,37,0,1
110000,32,0,1
150000,33,0,1
420000,45,0,0
180000,38,1,2
180000,46,0,2
50000,25,1,1
180000,39,1,2
20000,24,1,1
50000,21,0,1
30000,22,0,1
110000,32,0,1
210000,35,0,1
20000,25,0,1
310000,25,0,0
200000,32,0,1
30000,24,1,1
140000,36,1,1
400000,30,0,0
180000,33,0,1
90000,49,0,2
230000,34,0,0
50000,42,0,2
150000,39,0,2
180000,39,0,2
130000,43,0,2
70000,30,0,1
20000,28,0,1
50000,25,1,1
50000,43,0,2
400000,29,1,0
30000,25,1,1
130000,48,0,2
50000,56,1,2
50000,29,0,1
230000,28,0,1
50000,30,1,1
110000,52,0,2
80000,30,0,1
90000,23,0,1
110000,24,0,1
80000,38,0,2
20000,47,0,2
240000,29,0,1
50000,26,0,1
50000,33,0,1
50000,33,0,1
180000,34,0,1
20000,40,0,2
30000,40,1,2
390000,38,0,0
100000,22,1,1
50000,24,1,1
140000,31,0,1
180000,44,0,2
240000,33,1,0
230000,43,0,2
490000,57,0,0
230000,32,1,1
150000,25,0,1
390000,31,0,0
120000,33,1,1
30000,27,1,1
70000,30,0,1
50000,25,0,1
400000,39,0,0
180000,26,0,1
200000,26,1,1
50000,41,0,2
460000,44,1,0
310000,35,0,0
130000,24,0,1
160000,28,0,1
500000,35,0,0
20000,26,0,1
20000,40,0,2
100000,42,0,2
200000,26,0,1
50000,48,1,2
50000,29,1,1
240000,34,0,0
180000,34,0,1
90000,37,0,1
30000,42,1,2
110000,40,0,2
80000,25,1,1
210000,30,1,1
70000,34,1,1
140000,32,0,1
180000,28,0,1
120000,24,0,1
50000,25,1,1
240000,29,0,1
80000,29,1,1
450000,36,0,0
210000,48,0,2
170000,45,0,2
200000,28,0,1
300000,42,0,0
210000,35,0,1
120000,47,0,2
250000,54,0,2
180000,30,0,1
80000,22,0,1
180000,36,1,1
150000,41,0,2
80000,28,1,1
50000,42,0,2
50000,49,0,2
50000,28,0,1
270000,36,0,0
130000,31,0,1
20000,37,0,1
50000,29,0,1
80000,38,0,2
230000,24,0,1
50000,42,0,2
170000,31,1,1
210000,25,1,1
50000,28,0,1
130000,29,0,1
360000,36,0,0
80000,25,0,1
170000,29,0,1
50000,31,0,1
160000,28,0,1
500000,50,0,0
200000,67,0,2
50000,24,1,1
50000,24,0,1
230000,34,0,0
260000,41,1,0
80000,40,0,2
230000,44,1,2
350000,31,0,0
20000,21,0,1
90000,29,0,1
10000,36,1,1
70000,31,0,1
360000,45,0,0
30000,44,1,2
50000,28,0,1
200000,36,0,1
100000,41,1,2
180000,34,0,1
80000,49,1,2
250000,38,0,0
50000,30,0,1
230000,39,0,0
240000,34,0,0
50000,52,0,2
90000,26,0,1
80000,27,1,1
50000,35,0,1
200000,57,1,2
100000,46,1,2
200000,30,0,1
50000,44,0,2
210000,43,0,2
30000,26,0,1
150000,39,0,2
250000,33,0,0
200000,29,0,1
360000,26,0,0
50000,25,0,1
50000,48,0,2
300000,50,1,2
160000,38,0,2
50000,32,0,1
110000,26,0,1
50000,26,0,1
200000,35,0,1
70000,34,0,1
210000,35,0,1
200000,30,0,1
50000,36,0,1
80000,25,0,1
180000,39,0,2
200000,34,0,1
110000,55,0,2
30000,46,1,2
150000,30,0,1
70000,28,1,1
360000,29,0,0
500000,36,0,0
290000,39,1,0
240000,40,0,0
180000,25,0,1
50000,29,0,1
50000,50,0,2
250000,35,1,0
260000,26,0,1
180000,39,0,2
100000,44,0,2
230000,56,1,2
430000,42,0,0
350000,50,0,0
200000,38,0,2
200000,43,1,2
160000,38,0,2
20000,49,0,2
50000,47,0,2
170000,34,0,1
50000,30,0,1
120000,37,0,1
20000,29,0,1
50000,39,0,2
20000,25,1,1
210000,40,0,2
40000,37,0,1
130000,43,1,2
320000,34,0,0
50000,24,1,1
80000,37,0,1
200000,32,0,1
20000,26,1,1
360000,27,0,0
50000,49,0,2
80000,51,0,2
10000,36,0,1
100000,28,1,1
210000,26,0,1
90000,58,1,2
240000,36,0,0
50000,47,0,2
100000,41,1,2
210000,41,0,2
20000,57,1,2
30000,25,1,1
280000,38,0,0
10000,31,0,1
80000,31,0,1
160000,29,0,1
160000,38,0,2
50000,26,1,1
30000,25,0,1
180000,30,0,1
20000,24,0,1
200000,36,0,1
140000,30,0,1
200000,29,0,1
230000,31,0,1
360000,35,0,0
30000,22,1,1
80000,39,0,2
140000,37,0,1
140000,27,0,1
20000,63,1,2
280000,38,0,0
30000,37,0,1
200000,28,1,1
10000,29,0,1
50000,24,0,1
60000,25,0,1
120000,40,0,2
80000,31,1,1
10000,29,0,1
120000,29,0,1
170000,26,0,1
20000,27,0,1
130000,30,0,1
50000,23,0,1
360000,31,0,0
270000,57,0,2
60000,26,0,1
50000,41,0,2
30000,25,1,1
140000,27,0,1
150000,37,0,1
420000,36,0,0
130000,36,1,1
510000,35,0,0
200000,37,0,1
300000,55,0,2
120000,33,0,1
180000,31,0,1
80000,54,0,2
50000,33,1,1
90000,28,0,1
360000,30,0,0
160000,49,0,2
200000,32,0,1
140000,24,0,1
110000,52,0,2
50000,23,0,1
240000,35,0,0
150000,43,0,2
400000,32,0,0
50000,43,1,2
360000,53,0,0
210000,29,0,1
50000,28,0,1
180000,44,0,2
260000,40,0,0
250000,38,0,0
180000,42,0,2
50000,23,0,1
10000,49,0,2
180000,28,0,1
450000,34,0,0
120000,34,0,1
40000,26,1,1
180000,42,1,2
100000,29,0,1
280000,37,0,0
260000,27,0,1
60000,48,0,2
280000,26,0,0
200000,36,1,1
60000,23,0,1
170000,38,0,2
70000,42,1,2
150000,25,0,1
150000,25,0,1
20000,22,0,1
500000,36,0,0
160000,26,0,1
30000,38,0,2
120000,26,0,1
300000,29,1,0
500000,44,0,0
90000,27,0,1
420000,44,0,0
420000,47,0,0
380000,34,0,0
50000,24,1,1
20000,24,1,1
520000,37,0,0
280000,47,0,2
20000,24,0,1
230000,25,0,1
20000,36,0,1
80000,45,0,2
210000,43,0,2
250000,55,0,2
20000,35,0,1
120000,41,1,2
120000,34,1,1
80000,37,1,1
30000,29,0,1
340000,33,0,0
20000,29,1,1
330000,39,1,0
360000,35,0,0
170000,35,0,1
20000,27,1,1
90000,45,0,2
50000,22,0,1
50000,25,0,1
100000,56,0,2
260000,30,0,0
170000,36,0,1
20000,40,0,2
420000,39,0,0
50000,35,0,1
20000,44,0,2
400000,48,0,0
280000,45,0,0
20000,49,1,2
150000,49,0,2
10000,21,0,1
400000,36,1,0
160000,39,1,2
90000,30,0,1
160000,27,0,1
140000,54,1,2
80000,35,1,1
100000,32,0,1
50000,53,0,2
20000,26,0,1
270000,36,0,0
180000,44,0,2
280000,46,0,0
360000,31,1,0
160000,26,0,1
100000,26,0,1
180000,37,1,1
170000,28,1,1
430000,40,0,0
20000,34,1,1
210000,33,1,1
30000,36,1,1
500000,34,0,0
80000,29,1,1
390000,39,0,0
50000,23,0,1
160000,42,0,2
50000,59,0,2
50000,26,0,1
300000,36,0,0
100000,35,0,1
30000,48,0,2
80000,24,0,1
80000,29,1,1
30000,22,0,1
110000,40,0,2
300000,27,0,0
200000,30,0,1
50000,40,0,2
50000,48,0,2
50000,26,0,1
60000,25,1,1
270000,30,0,0
50000,30,1,1
20000,52,0,2
200000,40,1,2
30000,27,1,1
20000,38,0,2
200000,30,0,1
220000,30,1,1
360000,34,0,0
290000,34,1,0
270000,36,0,0
50000,21,0,1
30000,23,0,1
110000,54,1,2
90000,42,0,2
200000,32,1,1
100000,35,0,1
80000,28,1,1
360000,30,0,0
20000,45,0,2
160000,28,0,1
50000,46,0,2
90000,23,0,1
160000,53,0,2
50000,42,1,2
260000,53,0,2
150000,29,0,1
230000,32,0,1
30000,40,0,2
200000,34,0,1
80000,33,0,1
20000,23,1,1
120000,29,1,1
30000,48,0,2
250000,39,0,0
100000,38,0,2
160000,34,1,1
240000,55,0,2
30000,24,0,1
10000,31,0,1
220000,29,0,1
140000,23,0,1
470000,39,0,0
310000,37,0,0
50000,42,1,2
500000,36,0,0
50000,44,0,2
50000,49,0,2
50000,23,0,1
80000,27,0,1
220000,44,0,2
160000,28,0,1
50000,31,0,1
460000,35,0,0
10000,22,0,1
50000,50,1,2
500000,35,1,0
80000,55,0,2
200000,25,1,1
350000,31,0,0
50000,23,0,1
210000,30,0,1
160000,57,1,2
260000,35,1,0
200000,32,0,1
110000,35,1,1
210000,31,0,1
270000,32,0,0
30000,25,0,1
60000,42,1,2
170000,41,0,2
150000,36,1,1
20000,25,0,1
30000,25,0,1
200000,42,0,2
360000,40,0,0
150000,58,0,2
200000,34,0,1
250000,30,0,0
200000,34,0,1
350000,55,0,0
550000,44,0,0
140000,24,0,1
420000,28,0,0
150000,36,1,1
200000,26,0,1
20000,40,0,2
270000,39,0,0
20000,26,0,1
180000,26,0,1
80000,56,1,2
260000,47,0,2
150000,34,0,1
90000,36,0,1
20000,29,0,1
240000,46,0,2
50000,46,0,2
80000,25,0,1
160000,43,1,2
30000,45,0,2
30000,36,1,1
110000,25,0,1
260000,37,0,0
340000,42,0,0
130000,38,0,2
320000,40,0,0
280000,33,0,0
200000,64,0,2
310000,47,0,0
180000,36,0,1
360000,39,0,0
20000,32,0,1
80000,56,1,2
400000,30,0,0
250000,42,0,0
270000,37,1,0
30000,24,0,1
350000,33,0,0
10000,36,1,1
80000,32,0,1
20000,24,1,1
30000,28,0,1
400000,35,0,0
50000,26,0,1
20000,24,1,1
30000,25,0,1
30000,52,0,2
500000,37,0,0
710000,33,0,0
30000,30,0,1
300000,27,0,0
150000,29,0,1
130000,29,1,1
140000,30,1,1
20000,24,0,1
80000,54,1,2
50000,52,0,2
230000,30,0,1
100000,46,0,2
220000,28,0,1
200000,42,0,2
500000,48,0,0
100000,42,0,2
210000,24,1,1
280000,42,0,0
230000,43,1,2
330000,47,0,0
160000,38,0,2
240000,38,0,0
130000,29,0,1
50000,24,0,1
180000,36,0,1
210000,33,0,1
30000,33,0,1
90000,42,0,2
80000,30,0,1
130000,36,0,1
300000,32,0,0
50000,49,0,2
270000,33,1,0
50000,49,0,2
210000,42,1,2
80000,25,0,1
230000,29,1,1
100000,30,0,1
100000,45,0,2
590000,33,0,0
80000,27,0,1
180000,30,0,1
260000,32,0,0
100000,33,0,1
170000,36,0,1
380000,33,0,0
660000,55,0,0
80000,23,0,1
500000,44,0,0
380000,37,0,0
50000,39,0,2
420000,34,0,0
30000,47,0,2
420000,33,0,0
110000,29,0,1
290000,32,1,0
150000,37,0,1
500000,45,0,0
420000,39,0,0
140000,51,0,2
310000,32,0,0
60000,43,1,2
150000,26,0,1
360000,29,0,0
50000,27,0,1
60000,45,1,2
80000,45,0,2
320000,35,0,0
450000,35,0,0
200000,38,0,2
90000,31,0,1
260000,51,0,2
150000,28,0,1
240000,28,0,1
20000,56,0,2
50000,56,0,2
80000,38,0,2
250000,25,0,1
80000,35,0,1
110000,28,0,1
110000,48,0,2
50000,53,0,2
30000,25,0,1
170000,31,0,1
120000,37,0,1
200000,50,0,2
50000,26,0,1
260000,26,0,1
290000,38,0,0
310000,27,1,0
30000,22,1,1
240000,49,0,2
150000,29,1,1
60000,33,0,1
100000,22,0,1
20000,25,0,1
50000,39,0,2
300000,31,0,0
500000,31,0,0
230000,42,0,2
50000,25,1,1
20000,23,1,1
90000,27,1,1
200000,33,0,1
140000,32,0,1
130000,53,0,2
50000,46,0,2
110000,55,1,2
140000,50,1,2
500000,30,0,0
360000,41,1,0
80000,45,0,2
140000,28,0,1
230000,32,0,1
40000,24,1,1
70000,35,0,1
380000,51,1,0
210000,45,0,2
50000,23,0,1
10000,40,0,2
180000,43,0,2
50000,33,0,1
240000,34,0,0
150000,23,0,1
160000,41,0,2
400000,36,0,0
60000,50,1,2
500000,41,0,0
20000,29,0,1
120000,40,0,2
80000,34,0,1
110000,39,1,2
360000,33,0,0
330000,40,0,0
180000,35,1,1
20000,28,0,1
70000,28,0,1
120000,26,1,1
150000,36,0,1
250000,35,0,0
80000,24,0,1
400000,34,0,0
200000,30,0,1
60000,49,0,2
590000,29,1,0
330000,39,0,0
50000,48,0,2
90000,39,0,2
150000,40,0,2
360000,31,0,0
30000,25,0,1
110000,31,1,1
140000,29,0,1
20000,45,1,2
150000,31,0,1
170000,64,0,2
180000,28,1,1
280000,39,0,0
70000,34,0,1
200000,38,0,2
30000,43,0,2
50000,28,0,1
340000,42,0,0
360000,46,0,0
20000,24,0,1
160000,25,0,1
10000,25,1,1
200000,27,0,1
300000,42,0,0
20000,51,0,2
270000,32,0,0
80000,25,0,1
150000,27,0,1
180000,36,0,1
190000,47,0,2
150000,32,0,1
180000,41,0,2
50000,32,0,1
170000,25,1,1
50000,27,0,1
250000,29,0,1
30000,59,1,2
50000,44,0,2
60000,38,0,2
220000,44,1,2
290000,34,0,0
90000,24,1,1
220000,37,0,0
50000,24,0,1
30000,49,0,2
80000,24,0,1
500000,39,1,0
90000,27,0,1
150000,39,0,2
50000,47,0,2
100000,27,1,1
80000,48,0,2
370000,28,0,0
160000,31,1,1
250000,27,0,1
40000,23,0,1
240000,25,0,1
30000,59,0,2
450000,61,1,0
70000,55,0,2
20000,31,0,1
120000,26,0,1
170000,37,0,1
80000,56,1,2
150000,46,1,2
50000,23,0,1
120000,36,1,1
30000,50,1,2
180000,38,1,2
120000,43,0,2
120000,30,0,1
50000,44,0,2
100000,25,1,1
270000,42,0,0
210000,49,1,2
140000,62,0,2
50000,37,1,1
330000,45,1,0
200000,26,1,1
70000,31,1,1
290000,47,1,0
140000,29,0,1
200000,29,0,1
330000,36,0,0
180000,37,0,1
200000,51,0,2
210000,34,1,1
90000,46,0,2
410000,34,1,0
160000,62,0,2
390000,35,1,0
110000,27,0,1
20000,33,0,1
200000,22,1,1
20000,51,0,2
50000,23,0,1
150000,32,0,1
50000,39,1,2
210000,42,0,2
80000,32,0,1
290000,47,0,0
150000,28,0,1
20000,25,0,1
220000,28,0,1
150000,25,0,1
60000,26,0,1
400000,42,0,0
90000,25,0,1
240000,38,0,0
140000,48,0,2
80000,25,0,1
20000,55,0,2
80000,27,0,1
120000,34,0,1
20000,32,1,1
20000,31,1,1
40000,50,1,2
80000,25,0,1
260000,36,0,0
500000,41,0,0
210000,27,1,1
210000,32,0,1
60000,25,0,1
230000,27,1,1
30000,36,0,1
50000,29,0,1
170000,33,0,1
100000,35,0,1
50000,28,0,1
260000,30,0,0
100000,26,0,1
140000,25,0,1
370000,29,1,0
200000,28,0,1
20000,22,0,1
50000,22,0,1
60000,31,0,1
570000,32,0,0
150000,29,0,1
100000,32,0,1
10000,23,0,1
150000,38,1,2
210000,26,0,1
200000,29,0,1
250000,47,0,2
230000,30,0,1
80000,35,0,1
80000,45,0,2
150000,32,0,1
70000,26,0,1
130000,28,1,1
30000,26,0,1
60000,30,0,1
300000,33,0,0
260000,51,0,2
80000,37,1,1
20000,43,1,2
500000,54,1,0
150000,44,0,2
230000,33,1,0
160000,46,0,2
300000,39,0,0
300000,38,0,0
210000,43,0,2
120000,25,0,1
200000,32,1,1
210000,34,0,1
320000,39,0,0
180000,26,1,1
240000,37,0,0
50000,39,0,2
20000,21,0,1
20000,49,1,2
20000,25,0,1
80000,38,0,2
10000,24,1,1
170000,26,0,1
50000,23,1,1
190000,29,1,1
50000,31,0,1
500000,50,0,0
260000,29,0,0
360000,29,0,0
220000,25,0,1
500000,57,0,0
360000,32,0,0
160000,37,0,1
20000,40,1,2
100000,40,0,2
80000,27,0,1
20000,31,0,1
90000,55,1,2
360000,29,0,0
120000,25,0,1
90000,26,0,1
180000,35,0,1
500000,31,0,0
230000,36,0,0
200000,40,0,2
360000,32,1,0
50000,48,0,2
440000,28,0,0
10000,21,0,1
80000,37,0,1
20000,30,1,1
260000,54,0,2
300000,31,0,0
50000,26,0,1
110000,29,1,1
430000,27,0,0
50000,26,0,1
230000,27,0,1
200000,48,0,2
160000,27,0,1
50000,31,0,1
500000,33,0,0
110000,33,0,1
80000,26,0,1
50000,37,1,1
230000,35,0,0
300000,62,0,2
150000,27,0,1
70000,46,1,2
340000,32,0,0
310000,36,0,0
20000,43,0,2
240000,29,0,1
10000,24,1,1
120000,25,0,1
200000,25,0,1
100000,29,0,1
150000,23,1,1
210000,28,0,1
370000,35,0,0
180000,35,0,1
80000,43,0,2
50000,23,0,1
120000,37,0,1
80000,40,1,2
420000,29,0,0
120000,30,1,1
80000,41,0,2
150000,33,0,1
100000,58,0,2
30000,27,0,1
50000,24,0,1
80000,25,0,1
230000,30,1,1
290000,31,0,0
100000,27,1,1
500000,46,0,0
150000,34,0,1
270000,36,0,0
20000,46,0,2
150000,35,0,1
150000,28,0,1
360000,30,0,0
200000,49,0,2
20000,24,1,1
140000,23,1,1
50000,49,0,2
120000,30,0,1
120000,41,1,2
50000,31,0,1
70000,26,0,1
10000,25,0,1
50000,26,1,1
50000,22,0,1
120000,32,0,1
200000,28,0,1
150000,30,0,1
390000,39,0,0
260000,30,0,0
60000,27,0,1
100000,46,1,2
180000,26,0,1
200000,26,1,1
360000,39,0,0
270000,35,0,0
230000,61,1,2
100000,35,0,1
120000,28,1,1
80000,24,1,1
350000,36,0,0
360000,44,0,0
100000,30,0,1
90000,44,1,2
180000,46,0,2
130000,27,1,1
50000,25,0,1
160000,44,0,2
50000,43,0,2
50000,31,0,1
110000,51,0,2
200000,34,0,1
80000,46,0,2
50000,49,0,2
230000,38,0,0
160000,38,0,2
50000,37,0,1
370000,31,0,0
20000,24,1,1
500000,51,0,0
30000,24,0,1
20000,51,0,2
20000,28,0,1
350000,59,0,2
200000,50,0,2
200000,45,1,2
250000,29,1,1
130000,28,0,1
350000,32,1,0
120000,31,0,1
200000,32,1,1
200000,31,0,1
80000,25,0,1
180000,36,0,1
160000,29,1,1
160000,29,0,1
500000,41,1,0
410000,37,0,0
10000,33,0,1
240000,28,0,1
210000,41,0,2
20000,21,1,1
50000,44,0,2
80000,50,0,2
150000,37,1,1
190000,40,1,2
60000,40,0,2
150000,33,0,1
300000,29,0,0
290000,48,0,0
50000,50,0,2
50000,34,0,1
50000,50,0,2
110000,41,0,2
20000,44,1,2
30000,34,1,1
320000,27,0,0
480000,36,0,0
250000,36,1,0
250000,44,0,2
20000,27,0,1
200000,36,0,1
20000,56,1,2
140000,36,0,1
200000,37,0,1
500000,36,0,0
420000,33,0,0
100000,37,0,1
210000,29,0,1
350000,33,0,0
360000,39,0,0
110000,36,0,1
300000,38,0,0
50000,34,0,1
210000,49,0,2
130000,31,0,1
20000,46,0,2
450000,39,0,0
320000,30,0,0
250000,42,0,0
300000,42,0,0
80000,25,0,1
340000,36,0,0
300000,25,1,0
90000,31,1,1
80000,41,1,2
150000,25,1,1
280000,47,1,2
160000,32,0,1
60000,27,0,1
60000,32,0,1
280000,28,0,0
80000,27,1,1
200000,26,0,1
150000,27,0,1
20000,37,0,1
200000,35,0,1
140000,48,0,2
140000,26,0,1
50000,24,1,1
80000,52,1,2
30000,49,0,2
360000,28,0,0
220000,29,0,1
90000,31,0,1
150000,33,0,1
500000,28,0,0
500000,46,0,0
290000,45,0,0
320000,52,0,2
50000,27,1,1
120000,40,0,2
70000,44,0,2
30000,22,0,1
220000,38,1,0
80000,33,0,1
90000,33,0,1
200000,52,0,2
110000,39,0,2
20000,23,1,1
180000,48,0,2
20000,31,0,1
210000,41,1,2
130000,28,0,1
90000,44,0,2
210000,25,0,1
20000,23,0,1
180000,43,0,2
70000,38,0,2
80000,22,0,1
20000,26,1,1
180000,36,0,1
470000,36,0,0
100000,55,0,2
180000,27,0,1
360000,26,0,0
50000,31,1,1
210000,43,1,2
50000,50,1,2
230000,41,0,2
220000,48,0,2
40000,30,0,1
80000,23,0,1
160000,23,0,1
450000,40,0,0
10000,24,0,1
110000,52,0,2
500000,39,0,0
60000,45,0,2
180000,28,0,1
50000,33,0,1
120000,24,0,1
30000,44,0,2
20000,37,0,1
240000,31,1,0
30000,25,1,1
80000,28,0,1
200000,34,0,1
100000,54,0,2
90000,48,0,2
290000,47,0,0
70000,30,0,1
30000,28,1,1
100000,32,0,1
160000,42,1,2
50000,24,0,1
80000,29,0,1
500000,35,0,0
30000,24,0,1
180000,47,0,2
20000,29,0,1
340000,43,1,0
170000,44,0,2
360000,26,0,0
50000,29,0,1
390000,37,0,0
120000,32,0,1
80000,24,0,1
400000,38,0,0
80000,37,0,1
120000,27,1,1
20000,40,0,2
50000,35,0,1
50000,36,1,1
220000,54,0,2
30000,27,0,1
170000,38,0,2
110000,52,0,2
50000,30,1,1
80000,34,1,1
20000,24,0,1
40000,23,1,1
500000,44,0,0
280000,43,0,0
130000,25,1,1
130000,29,0,1
10000,29,0,1
350000,33,0,0
160000,48,0,2
80000,41,0,2
90000,37,0,1
50000,32,0,1
50000,36,0,1
140000,28,0,1
20000,23,1,1
70000,34,0,1
500000,28,0,0
70000,31,0,1
360000,38,0,0
500000,42,0,0
500000,43,0,0
330000,36,0,0
190000,58,0,2
160000,42,0,2
500000,32,0,0
60000,52,0,2
30000,26,0,1
180000,38,0,2
20000,41,0,2
80000,40,0,2
180000,27,0,1
90000,24,0,1
50000,26,1,1
360000,41,0,0
60000,54,0,2
260000,27,0,1
230000,30,0,1
250000,40,0,0
180000,44,0,2
110000,31,0,1
120000,27,1,1
30000,53,0,2
180000,31,0,1
180000,33,0,1
180000,39,0,2
70000,30,0,1
50000,36,0,1
320000,30,0,0
150000,42,0,2
280000,35,0,0
210000,31,0,1
160000,42,0,2
50000,26,0,1
180000,34,0,1
310000,39,0,0
230000,23,0,1
150000,32,0,1
400000,36,0,0
200000,41,0,2
50000,52,0,2
420000,31,0,0
240000,35,0,0
200000,29,1,1
180000,53,0,2
50000,23,0,1
430000,30,0,0
20000,38,1,2
110000,26,0,1
70000,24,0,1
10000,35,1,1
40000,37,1,1
290000,29,0,0
190000,37,0,1
300000,31,0,0
40000,37,0,1
270000,42,0,0
360000,29,0,0
50000,26,0,1
50000,43,0,2
50000,27,1,1
180000,30,0,1
100000,29,0,1
330000,49,0,0
90000,25,0,1
140000,30,0,1
230000,30,0,1
250000,40,0,0
50000,41,1,2
230000,46,0,2
20000,27,1,1
280000,33,0,0
360000,38,0,0
340000,30,0,0
320000,35,0,0
150000,52,0,2
350000,32,0,0
90000,38,1,2
310000,31,0,0
290000,39,1,0
20000,24,0,1
280000,51,0,2
90000,39,1,2
230000,27,0,1
80000,28,0,1
200000,41,0,2
20000,40,0,2
30000,41,0,2
20000,26,0,1
70000,33,1,1
10000,23,0,1
180000,39,0,2
50000,33,0,1
280000,43,0,0
20000,34,0,1
80000,40,0,2
50000,49,1,2
130000,26,1,1
50000,22,1,1
50000,32,0,1
70000,27,0,1
300000,42,0,0
340000,36,0,0
160000,40,0,2
50000,24,1,1
30000,25,0,1
200000,34,1,1
50000,36,0,1
170000,31,0,1
20000,39,0,2
270000,28,0,0
70000,24,0,1
100000,33,0,1
120000,41,0,2
70000,26,1,1
250000,44,0,2
60000,36,0,1
120000,42,1,2
80000,26,0,1
270000,30,0,0
250000,44,0,2
150000,31,0,1
490000,37,0,0
500000,36,0,0
50000,51,1,2
500000,51,0,0
200000,39,1,2
110000,39,0,2
50000,31,0,1
420000,29,0,0
140000,33,0,1
50000,38,1,2
80000,26,0,1
180000,48,0,2
100000,24,0,1
10000,38,0,2
60000,24,0,1
70000,27,1,1
140000,32,1,1
180000,44,0,2
